game_pk,game_date,game_year,pitcher,strikeouts,pred_mean,pred_linear
745675,2024-04-01,2024,666205,6,4.586969364503334,4.436574080446828
745109,2024-04-01,2024,606965,0,4.586969364503334,1.0383167722139517
745109,2024-04-01,2024,641540,7,4.586969364503334,4.328468036541293
745109,2024-04-01,2024,686752,3,4.586969364503334,5.108466036316192
744875,2024-04-01,2024,669022,6,4.586969364503334,5.805834335211688
745600,2024-04-01,2024,650911,8,4.586969364503334,5.377379530445275
745600,2024-04-01,2024,671096,4,4.586969364503334,5.906074200192426
747218,2024-04-01,2024,669194,2,4.586969364503334,5.466065765237135
747218,2024-04-01,2024,661563,6,4.586969364503334,5.024514172985497
747218,2024-04-01,2024,596133,0,4.586969364503334,2.4067115785433817
746409,2024-04-01,2024,669854,7,4.586969364503334,5.587360680707589
746409,2024-04-01,2024,670102,7,4.586969364503334,4.865063862396426
746085,2024-04-01,2024,681217,5,4.586969364503334,3.85484035604708
746085,2024-04-01,2024,676974,4,4.586969364503334,4.2463423020435656
747058,2024-04-01,2024,665152,5,4.586969364503334,4.7886870364536565
746170,2024-04-01,2024,676775,6,4.586969364503334,6.290886262044298
746170,2024-04-01,2024,572020,5,4.586969364503334,5.109524238257149
745675,2024-04-01,2024,671212,4,4.586969364503334,5.793995844731062
745675,2024-04-01,2024,502624,3,4.586969364503334,2.340726945690656
745675,2024-04-01,2024,656557,10,4.586969364503334,5.201510260090484
747058,2024-04-01,2024,608379,5,4.586969364503334,3.3332709475824815
746817,2024-04-01,2024,450203,6,4.586969364503334,5.193378647618289
746899,2024-04-01,2024,641712,2,4.586969364503334,3.535429465363422
745437,2024-04-01,2024,663362,7,4.586969364503334,5.50748653038909
745277,2024-04-01,2024,663474,2,4.586969364503334,4.764300535205097
745277,2024-04-01,2024,676106,1,4.586969364503334,4.39538655460814
744875,2024-04-01,2024,594835,2,4.586969364503334,3.646944148202011
744875,2024-04-01,2024,663432,1,4.586969364503334,2.79754927751676
745842,2024-04-01,2024,640455,8,4.586969364503334,4.291166889762865
746899,2024-04-01,2024,663567,2,4.586969364503334,3.009942073997288
746899,2024-04-01,2024,684007,9,4.586969364503334,5.737985349892036
745842,2024-04-01,2024,681857,3,4.586969364503334,5.566732477523809
745437,2024-04-01,2024,502043,4,4.586969364503334,5.263419041106565
746817,2024-04-01,2024,623167,1,4.586969364503334,3.631332413698976
746814,2024-04-02,2024,625643,5,4.586969364503334,4.450261028358267
745680,2024-04-02,2024,622072,7,4.586969364503334,5.324805423373948
746898,2024-04-02,2024,607536,2,4.586969364503334,2.7480242678832734
746169,2024-04-02,2024,694738,4,4.586969364503334,2.214090873454669
746898,2024-04-02,2024,665871,5,4.586969364503334,5.355035446555015
746086,2024-04-02,2024,666200,5,4.586969364503334,6.279188094634695
746898,2024-04-02,2024,683627,1,4.586969364503334,2.492015297483556
746086,2024-04-02,2024,663773,1,4.586969364503334,2.7402475947716853
746169,2024-04-02,2024,657277,5,4.586969364503334,5.179471348398198
746411,2024-04-02,2024,621244,2,4.586969364503334,4.525241166409866
746411,2024-04-02,2024,664285,5,4.586969364503334,4.993985591504335
746169,2024-04-02,2024,642232,1,4.586969364503334,3.392635199807212
745680,2024-04-02,2024,678394,6,4.586969364503334,4.605772103308465
746814,2024-04-02,2024,676979,8,4.586969364503334,5.979519018400302
746086,2024-04-02,2024,542881,5,4.586969364503334,4.399573777123075
747057,2024-04-02,2024,608344,3,4.586969364503334,4.664469698632755
746009,2024-04-02,2024,686973,4,4.586969364503334,5.3232242890267765
746009,2024-04-02,2024,660896,2,4.586969364503334,3.316841997374177
747220,2024-04-02,2024,668678,6,4.586969364503334,5.720078651119837
745598,2024-04-02,2024,668933,5,4.586969364503334,4.6444614442843
745598,2024-04-02,2024,620982,4,4.586969364503334,4.0405528048225285
745598,2024-04-02,2024,605513,7,4.586969364503334,6.044585594623728
747220,2024-04-02,2024,664776,4,4.586969364503334,2.9205512288964277
747220,2024-04-02,2024,641482,2,4.586969364503334,4.405034593863495
747057,2024-04-02,2024,679525,5,4.586969364503334,4.558115195964352
745273,2024-04-02,2024,622491,7,4.586969364503334,6.0811592777913095
745111,2024-04-02,2024,621107,5,4.586969364503334,4.619167755336369
745111,2024-04-02,2024,571760,7,4.586969364503334,5.246487884929237
745273,2024-04-02,2024,669456,9,4.586969364503334,4.12585581462986
746009,2024-04-02,2024,596001,4,4.586969364503334,1.7033380181541302
745439,2024-04-02,2024,571945,4,4.586969364503334,4.744188914351763
745439,2024-04-02,2024,506433,6,4.586969364503334,5.441733353067087
745603,2024-04-03,2024,593423,5,4.586969364503334,6.029325507501258
745603,2024-04-03,2024,554430,10,4.586969364503334,5.4858032103987995
746163,2024-04-03,2024,607192,7,4.586969364503334,6.563147625489646
745275,2024-04-03,2024,671106,6,4.586969364503334,5.358629420807323
745275,2024-04-03,2024,669923,2,4.586969364503334,4.828987758439088
745114,2024-04-03,2024,650644,8,4.586969364503334,4.639699426612884
747059,2024-04-03,2024,666142,7,4.586969364503334,5.75987740336473
747059,2024-04-03,2024,669203,3,4.586969364503334,6.733110706100002
746900,2024-04-03,2024,676962,5,4.586969364503334,2.7740136284284445
745440,2024-04-03,2024,605397,7,4.586969364503334,4.802938763822727
745440,2024-04-03,2024,668868,5,4.586969364503334,5.789492832864685
745114,2024-04-03,2024,543135,8,4.586969364503334,7.4086720524256195
746900,2024-04-03,2024,615698,3,4.586969364503334,4.7616101712179635
746163,2024-04-03,2024,690986,4,4.586969364503334,4.960892837744107
746407,2024-04-03,2024,605135,3,4.586969364503334,4.328313585045436
746008,2024-04-03,2024,605452,3,4.586969364503334,3.392412718452352
746407,2024-04-03,2024,664299,3,4.586969364503334,5.378027842374228
744869,2024-04-03,2024,592866,5,4.586969364503334,4.471888552324111
746008,2024-04-03,2024,663978,2,4.586969364503334,4.887045006252807
746083,2024-04-03,2024,592288,2,4.586969364503334,2.577650460567649
746083,2024-04-03,2024,640462,5,4.586969364503334,5.0359847011825005
746083,2024-04-03,2024,663776,7,4.586969364503334,5.465764363927946
747219,2024-04-03,2024,518876,4,4.586969364503334,5.424607515845599
747219,2024-04-03,2024,607074,3,4.586969364503334,5.571187444534284
745678,2024-04-03,2024,548389,3,4.586969364503334,4.30531445008847
745678,2024-04-03,2024,601713,3,4.586969364503334,5.220727535806592
744869,2024-04-03,2024,656605,5,4.586969364503334,4.876529539964866
744870,2024-04-04,2024,680686,3,4.586969364503334,5.500714512861758
745200,2024-04-04,2024,458681,7,4.586969364503334,4.66431681244546
744870,2024-04-04,2024,527048,6,4.586969364503334,4.539975384837806
745200,2024-04-04,2024,677960,6,4.586969364503334,5.282131730852782
746327,2024-04-04,2024,607625,3,4.586969364503334,5.1275694291669565
746327,2024-04-04,2024,647336,2,4.586969364503334,5.85744874941757
745843,2024-04-04,2024,657585,4,4.586969364503334,2.130542434148891
745843,2024-04-04,2024,666159,3,4.586969364503334,4.791362318285977
745928,2024-04-04,2024,676440,9,4.586969364503334,5.510592262917395
745928,2024-04-04,2024,641154,2,4.586969364503334,6.1586174665755085
745843,2024-04-04,2024,676130,6,4.586969364503334,3.8481010710857273
745844,2024-04-04,2024,605288,3,4.586969364503334,2.5394806706437407
745844,2024-04-04,2024,663554,4,4.586969364503334,5.984236846079075
746897,2024-04-05,2024,675627,1,4.586969364503334,2.9605216619945436
746897,2024-04-05,2024,543294,4,4.586969364503334,3.5360390437509706
746897,2024-04-05,2024,592767,5,4.586969364503334,3.3527532851256887
746576,2024-04-05,2024,596295,7,4.586969364503334,5.524260402033271
744874,2024-04-05,2024,605400,4,4.586969364503334,5.3350921776238085
746576,2024-04-05,2024,621097,3,4.586969364503334,1.3013716319110413
746576,2024-04-05,2024,641793,5,4.586969364503334,3.948122998866796
746328,2024-04-05,2024,607200,4,4.586969364503334,4.882082674454639
746328,2024-04-05,2024,663903,4,4.586969364503334,3.8681603590799742
745361,2024-04-05,2024,656302,7,4.586969364503334,6.671162520450737
745361,2024-04-05,2024,663855,5,4.586969364503334,5.139640895212698
744874,2024-04-05,2024,571578,6,4.586969364503334,5.373534723392031
746897,2024-04-05,2024,676272,3,4.586969364503334,3.1077967203573333
746249,2024-04-05,2024,656288,4,4.586969364503334,4.514850679348021
745033,2024-04-05,2024,674003,4,4.586969364503334,5.7569451612157
745764,2024-04-05,2024,579328,7,4.586969364503334,6.115222883699183
745764,2024-04-05,2024,573186,6,4.586969364503334,5.603720787065284
746733,2024-04-05,2024,668881,6,4.586969364503334,6.823064399314418
746733,2024-04-05,2024,500779,4,4.586969364503334,4.924720267881643
747143,2024-04-05,2024,674072,5,4.586969364503334,6.26450330988519
747143,2024-04-05,2024,675911,4,4.586969364503334,5.882882135802699
745033,2024-04-05,2024,656232,1,4.586969364503334,2.4323945688356368
745033,2024-04-05,2024,686613,3,4.586969364503334,4.209634050771592
745524,2024-04-05,2024,680570,7,4.586969364503334,5.674800327226294
746007,2024-04-05,2024,642547,7,4.586969364503334,5.106722730747384
746497,2024-04-05,2024,676664,1,4.586969364503334,6.030699129576024
746497,2024-04-05,2024,669373,9,4.586969364503334,5.037393646221131
745524,2024-04-05,2024,683003,7,4.586969364503334,5.43841240165728
746249,2024-04-05,2024,667755,1,4.586969364503334,1.5202149452411904
746249,2024-04-05,2024,676710,5,4.586969364503334,5.023096738554082
746007,2024-04-05,2024,669302,7,4.586969364503334,5.345242021143528
744873,2024-04-06,2024,624133,4,4.586969364503334,3.965692967227236
745766,2024-04-06,2024,657376,4,4.586969364503334,5.5452440003686725
745766,2024-04-06,2024,669952,2,4.586969364503334,3.6482565730189274
744873,2024-04-06,2024,663623,5,4.586969364503334,5.368088839936587
746498,2024-04-06,2024,628317,3,4.586969364503334,4.825181713411413
746329,2024-04-06,2024,608379,8,4.586969364503334,5.248901878000672
745197,2024-04-06,2024,571927,3,4.586969364503334,4.823098615358615
745197,2024-04-06,2024,669432,3,4.586969364503334,4.360147528529136
747140,2024-04-06,2024,608331,5,4.586969364503334,5.910658743666278
747140,2024-04-06,2024,669276,0,4.586969364503334,2.4857194593776635
747140,2024-04-06,2024,694297,7,4.586969364503334,5.0124718401502095
746006,2024-04-06,2024,682243,7,4.586969364503334,4.285676048315776
746006,2024-04-06,2024,669084,5,4.586969364503334,4.9599173045246046
746498,2024-04-06,2024,666214,3,4.586969364503334,4.04911190659834
746248,2024-04-06,2024,672282,12,4.586969364503334,5.658978315778148
745926,2024-04-06,2024,657746,7,4.586969364503334,6.4970957630307025
745926,2024-04-06,2024,471911,6,4.586969364503334,3.835321009376921
745766,2024-04-06,2024,596133,1,4.586969364503334,2.131045945419226
746896,2024-04-06,2024,808967,8,4.586969364503334,5.821524114574543
746896,2024-04-06,2024,696136,7,4.586969364503334,6.028699944541914
745359,2024-04-06,2024,650633,4,4.586969364503334,5.600050941184908
745359,2024-04-06,2024,676775,1,4.586969364503334,4.956316953720019
746248,2024-04-06,2024,676477,4,4.586969364503334,6.288652481876395
745766,2024-04-06,2024,592332,0,4.586969364503334,4.522760901173245
746329,2024-04-06,2024,623167,4,4.586969364503334,3.374475370726701
746575,2024-04-06,2024,663372,10,4.586969364503334,5.627862653017736
746731,2024-04-06,2024,607259,6,4.586969364503334,4.789826482816925
745031,2024-04-06,2024,641585,4,4.586969364503334,4.929730737014554
745031,2024-04-06,2024,592351,3,4.586969364503334,5.0196600223375265
746731,2024-04-06,2024,622663,7,4.586969364503334,5.606721911617162
745522,2024-04-06,2024,663559,1,4.586969364503334,3.6730987735037193
746498,2024-04-06,2024,621112,4,4.586969364503334,4.810407516630561
746731,2024-04-06,2024,670990,3,4.586969364503334,2.607950785754827
745522,2024-04-06,2024,669330,3,4.586969364503334,4.596359324369153
746575,2024-04-06,2024,641302,4,4.586969364503334,5.583002225345265
746575,2024-04-06,2024,606965,2,4.586969364503334,2.4634915314778882
746574,2024-04-07,2024,641712,4,4.586969364503334,4.802048750169721
745523,2024-04-07,2024,594835,4,4.586969364503334,3.205712225545635
746493,2024-04-07,2024,671212,6,4.586969364503334,4.364963564137466
746003,2024-04-07,2024,676106,6,4.586969364503334,4.779930921561009
746003,2024-04-07,2024,642048,4,4.586969364503334,1.6687231055841485
746003,2024-04-07,2024,607067,3,4.586969364503334,3.9364662201727674
746895,2024-04-07,2024,694813,5,4.586969364503334,3.7445577530794782
746574,2024-04-07,2024,686752,11,4.586969364503334,6.36159054145279
746003,2024-04-07,2024,600986,5,4.586969364503334,3.385548469974494
746895,2024-04-07,2024,694037,2,4.586969364503334,1.4415503295039729
745362,2024-04-07,2024,657277,3,4.586969364503334,3.577072200838531
746493,2024-04-07,2024,656427,5,4.586969364503334,6.076383090983712
746895,2024-04-07,2024,684007,3,4.586969364503334,1.7575255198668058
746251,2024-04-07,2024,656557,7,4.586969364503334,5.853827650066186
746251,2024-04-07,2024,660761,3,4.586969364503334,3.1044192752583806
746251,2024-04-07,2024,681217,7,4.586969364503334,5.528073534688919
746895,2024-04-07,2024,642232,3,4.586969364503334,3.006254217395501
745362,2024-04-07,2024,663362,5,4.586969364503334,4.551762329328574
746251,2024-04-07,2024,502624,1,4.586969364503334,3.513413649975951
745523,2024-04-07,2024,665152,6,4.586969364503334,5.417752877588345
744871,2024-04-07,2024,669022,6,4.586969364503334,5.637074201363458
744871,2024-04-07,2024,650911,1,4.586969364503334,4.677960302113441
745198,2024-04-07,2024,676974,3,4.586969364503334,5.317704467678615
746330,2024-04-07,2024,679525,3,4.586969364503334,3.981678658153812
746330,2024-04-07,2024,676979,5,4.586969364503334,5.126650763581632
747141,2024-04-07,2024,519242,6,4.586969364503334,6.661870649770856
745198,2024-04-07,2024,502043,5,4.586969364503334,4.315057049942173
745198,2024-04-07,2024,681676,1,4.586969364503334,1.9155471389015442
746734,2024-04-07,2024,640455,6,4.586969364503334,5.1599182926954485
746734,2024-04-07,2024,671096,4,4.586969364503334,5.7337878708431
745765,2024-04-07,2024,670102,5,4.586969364503334,5.1770111454719405
745032,2024-04-07,2024,641540,7,4.586969364503334,5.232601826189181
745032,2024-04-07,2024,669854,4,4.586969364503334,4.076367879585048
745765,2024-04-07,2024,661563,8,4.586969364503334,5.260841855138512
747141,2024-04-07,2024,669194,7,4.586969364503334,6.493136020202225
745194,2024-04-08,2024,605513,6,4.586969364503334,5.474717366773781
745925,2024-04-08,2024,641927,7,4.586969364503334,3.446363118591282
745925,2024-04-08,2024,572020,4,4.586969364503334,4.966731340492111
746252,2024-04-08,2024,621107,5,4.586969364503334,4.7736284280039225
746735,2024-04-08,2024,668933,6,4.586969364503334,6.01950022571785
746252,2024-04-08,2024,542881,3,4.586969364503334,4.459781733722042
745034,2024-04-08,2024,668874,0,4.586969364503334,0.3003895111902857
746569,2024-04-08,2024,668678,10,4.586969364503334,7.119258399446939
744956,2024-04-08,2024,622491,6,4.586969364503334,6.1276614469905075
744956,2024-04-08,2024,621244,6,4.586969364503334,6.649211117465604
747142,2024-04-08,2024,450203,4,4.586969364503334,7.02653064698549
747142,2024-04-08,2024,527054,3,4.586969364503334,2.452002432882744
745034,2024-04-08,2024,570632,4,4.586969364503334,2.198463245564499
746569,2024-04-08,2024,607536,2,4.586969364503334,5.385707885357331
745034,2024-04-08,2024,571760,2,4.586969364503334,5.417315222867441
746252,2024-04-08,2024,621097,2,4.586969364503334,3.9915875988509404
746735,2024-04-08,2024,676879,2,4.586969364503334,4.312435398710918
745194,2024-04-08,2024,571945,3,4.586969364503334,5.561946213947455
745761,2024-04-08,2024,666200,4,4.586969364503334,5.351791103748061
745520,2024-04-08,2024,656605,9,4.586969364503334,5.909661686272957
745520,2024-04-08,2024,681857,3,4.586969364503334,5.00007030754624
745432,2024-04-08,2024,665871,7,4.586969364503334,5.683219009686722
745432,2024-04-08,2024,658648,4,4.586969364503334,3.2900456252436463
745432,2024-04-08,2024,506433,4,4.586969364503334,3.779647215974605
745363,2024-04-08,2024,678906,2,4.586969364503334,3.682068840259606
745363,2024-04-08,2024,605483,5,4.586969364503334,4.319920877901774
745363,2024-04-08,2024,592866,2,4.586969364503334,4.66325251746594
746654,2024-04-08,2024,694363,2,4.586969364503334,1.9618220351863531
745761,2024-04-08,2024,641482,6,4.586969364503334,5.2922199706394935
746654,2024-04-08,2024,621383,5,4.586969364503334,3.3122787969939127
746654,2024-04-08,2024,663474,2,4.586969364503334,3.9402156684749796
745762,2024-04-09,2024,607074,6,4.586969364503334,4.825052720599719
744957,2024-04-09,2024,669923,3,4.586969364503334,5.143447715482394
746326,2024-04-09,2024,664299,4,4.586969364503334,4.958081640978085
744957,2024-04-09,2024,605135,8,4.586969364503334,5.902262622824354
746326,2024-04-09,2024,666142,5,4.586969364503334,6.052661205691115
745433,2024-04-09,2024,605397,5,4.586969364503334,5.820375032190575
745030,2024-04-09,2024,622072,2,4.586969364503334,3.064668227346636
745030,2024-04-09,2024,543135,8,4.586969364503334,6.162718786887763
745433,2024-04-09,2024,663568,4,4.586969364503334,3.132919541950792
746571,2024-04-09,2024,518876,4,4.586969364503334,5.267679519300636
745433,2024-04-09,2024,676962,5,4.586969364503334,5.16199074454008
747138,2024-04-09,2024,625643,6,4.586969364503334,5.844083366108403
745517,2024-04-09,2024,527048,7,4.586969364503334,5.090451364948918
746732,2024-04-09,2024,593423,4,4.586969364503334,6.012356641288629
746732,2024-04-09,2024,605452,7,4.586969364503334,5.16361384629865
745195,2024-04-09,2024,554430,5,4.586969364503334,6.362800836547903
745195,2024-04-09,2024,543243,5,4.586969364503334,3.648423668481943
746732,2024-04-09,2024,686730,1,4.586969364503334,3.761050307278551
747138,2024-04-09,2024,605288,1,4.586969364503334,4.7975657626783565
745517,2024-04-09,2024,663554,2,4.586969364503334,5.991159404544885
746571,2024-04-09,2024,615698,6,4.586969364503334,5.0036933576121445
745924,2024-04-09,2024,607192,14,4.586969364503334,5.784079174776843
746981,2024-04-09,2024,670174,4,4.586969364503334,2.6053609146652343
745762,2024-04-09,2024,640462,2,4.586969364503334,5.390882565670268
746250,2024-04-09,2024,650644,4,4.586969364503334,4.196668520933909
746250,2024-04-09,2024,663776,6,4.586969364503334,5.60881709638333
745924,2024-04-09,2024,686973,6,4.586969364503334,6.2031778253971
746653,2024-04-09,2024,671106,4,4.586969364503334,4.220140321931419
746653,2024-04-09,2024,647336,4,4.586969364503334,3.9192334164368576
746981,2024-04-09,2024,669203,6,4.586969364503334,5.470026130420309
745357,2024-04-09,2024,690986,8,4.586969364503334,5.363743151015762
746981,2024-04-09,2024,678394,3,4.586969364503334,4.837172296776008
745357,2024-04-09,2024,672851,2,4.586969364503334,3.4322520907742193
746980,2024-04-10,2024,676710,6,4.586969364503334,5.032302522817485
746980,2024-04-10,2024,608344,4,4.586969364503334,3.1628015562838394
746323,2024-04-10,2024,656786,0,4.586969364503334,3.0581688420407542
746323,2024-04-10,2024,681293,3,4.586969364503334,4.514801038192064
745763,2024-04-10,2024,677960,1,4.586969364503334,5.5598304869580515
746573,2024-04-10,2024,674072,6,4.586969364503334,5.281708336695817
745024,2024-04-10,2024,548389,5,4.586969364503334,4.675760073287814
745196,2024-04-10,2024,668868,6,4.586969364503334,3.2621118473314095
745196,2024-04-10,2024,605400,3,4.586969364503334,4.573137818373955
745196,2024-04-10,2024,458681,6,4.586969364503334,4.535595018034182
745355,2024-04-10,2024,571578,2,4.586969364503334,4.191856107770258
745763,2024-04-10,2024,573186,7,4.586969364503334,5.959057072649637
745355,2024-04-10,2024,663855,2,4.586969364503334,4.465294158353319
745024,2024-04-10,2024,674003,7,4.586969364503334,5.061806296662381
746323,2024-04-10,2024,656232,2,4.586969364503334,3.1669902260105056
746323,2024-04-10,2024,607625,2,4.586969364503334,5.6734598009180175
746573,2024-04-10,2024,596295,4,4.586969364503334,5.55541046834004
746247,2024-04-10,2024,667755,6,4.586969364503334,5.275145835652963
746247,2024-04-10,2024,641793,4,4.586969364503334,6.82844903524287
745923,2024-04-10,2024,676272,4,4.586969364503334,4.799233645245959
746655,2024-04-10,2024,607200,3,4.586969364503334,4.164005452534689
746655,2024-04-10,2024,676440,2,4.586969364503334,5.5240072907294016
745923,2024-04-10,2024,663978,5,4.586969364503334,5.731685257407151
746728,2024-04-10,2024,489119,0,4.586969364503334,1.8894181255508
746573,2024-04-10,2024,686826,3,4.586969364503334,2.9486920986016294
744950,2024-04-10,2024,669302,8,4.586969364503334,5.304513564949101
746728,2024-04-10,2024,668881,9,4.586969364503334,7.135615699443881
746728,2024-04-10,2024,669060,1,4.586969364503334,1.1869571221331467
745429,2024-04-10,2024,543294,2,4.586969364503334,4.170368992548654
745429,2024-04-10,2024,656302,7,4.586969364503334,6.698047631594499
745429,2024-04-10,2024,694037,3,4.586969364503334,2.9164664127939135
744950,2024-04-10,2024,579328,9,4.586969364503334,5.855996576205793
746977,2024-04-11,2024,676477,4,4.586969364503334,4.161512683359091
745601,2024-04-11,2024,683003,8,4.586969364503334,5.69246199719869
746322,2024-04-11,2024,663903,4,4.586969364503334,4.626742656955192
745601,2024-04-11,2024,624133,8,4.586969364503334,5.65973440151526
746977,2024-04-11,2024,680570,5,4.586969364503334,5.59586831190985
747137,2024-04-11,2024,500779,4,4.586969364503334,5.284081466680806
746322,2024-04-11,2024,686613,0,4.586969364503334,0.5828057195936123
746322,2024-04-11,2024,669422,2,4.586969364503334,3.0182966641642226
747137,2024-04-11,2024,642216,1,4.586969364503334,3.2799782780603555
745029,2024-04-11,2024,592351,9,4.586969364503334,5.915168473158104
745029,2024-04-11,2024,676664,5,4.586969364503334,5.091588940532196
745112,2024-04-12,2024,676775,6,4.586969364503334,5.772971608340745
746408,2024-04-12,2024,641540,3,4.586969364503334,3.476537798089031
746408,2024-04-12,2024,641585,3,4.586969364503334,5.023509788056085
745112,2024-04-12,2024,621097,4,4.586969364503334,3.4200192434534555
746084,2024-04-12,2024,669432,5,4.586969364503334,4.59275425042195
746408,2024-04-12,2024,669270,1,4.586969364503334,2.620410384570267
746162,2024-04-12,2024,650633,4,4.586969364503334,5.822232411426182
746162,2024-04-12,2024,808967,6,4.586969364503334,6.150085247609086
745679,2024-04-12,2024,663623,5,4.586969364503334,3.327438781970054
747055,2024-04-12,2024,669330,3,4.586969364503334,5.113438357996734
747055,2024-04-12,2024,642547,11,4.586969364503334,5.68349863316348
747217,2024-04-12,2024,571927,2,4.586969364503334,3.1675842970672585
745679,2024-04-12,2024,621112,4,4.586969364503334,4.106615211380931
746812,2024-04-12,2024,694363,2,4.586969364503334,3.451485905955929
746812,2024-04-12,2024,671096,3,4.586969364503334,5.820723615319366
746812,2024-04-12,2024,623167,2,4.586969364503334,3.9307985007577013
745596,2024-04-12,2024,650911,6,4.586969364503334,4.543559928758294
745596,2024-04-12,2024,663559,3,4.586969364503334,3.154416884791442
746084,2024-04-12,2024,608331,4,4.586969364503334,4.411198367966652
744954,2024-04-12,2024,592332,4,4.586969364503334,5.556305964083051
747055,2024-04-12,2024,669169,2,4.586969364503334,2.29589126804264
747217,2024-04-12,2024,694297,4,4.586969364503334,6.315921722045474
744954,2024-04-12,2024,502179,2,4.586969364503334,1.525637258867241
744954,2024-04-12,2024,669952,2,4.586969364503334,3.5278175781461822
746978,2024-04-12,2024,656557,2,4.586969364503334,6.079350355526445
745274,2024-04-12,2024,682243,4,4.586969364503334,5.856895284323017
746978,2024-04-12,2024,672282,7,4.586969364503334,5.999235189372263
745274,2024-04-12,2024,696136,6,4.586969364503334,5.756563658338224
745838,2024-04-12,2024,608379,4,4.586969364503334,4.153221226859626
744954,2024-04-12,2024,663372,4,4.586969364503334,5.816402286139757
746491,2024-04-12,2024,543859,5,4.586969364503334,2.3858513379499655
745838,2024-04-12,2024,622663,4,4.586969364503334,4.798350737191705
746491,2024-04-12,2024,641154,7,4.586969364503334,5.595544936192149
746491,2024-04-12,2024,669373,5,4.586969364503334,6.085770571566366
745676,2024-04-13,2024,669022,11,4.586969364503334,5.970857700551247
747054,2024-04-13,2024,669084,4,4.586969364503334,4.0814297417569465
746490,2024-04-13,2024,666159,7,4.586969364503334,6.147197003438799
747054,2024-04-13,2024,665152,3,4.586969364503334,4.299393936177923
746489,2024-04-13,2024,657746,12,4.586969364503334,6.519972175262022
745676,2024-04-13,2024,671212,5,4.586969364503334,5.562509827271491
745676,2024-04-13,2024,666205,5,4.586969364503334,2.6278082172303185
745839,2024-04-13,2024,642121,2,4.586969364503334,1.5794330684467628
746490,2024-04-13,2024,680573,5,4.586969364503334,4.348145503403656
746489,2024-04-13,2024,628317,5,4.586969364503334,5.806986149025954
746811,2024-04-13,2024,676979,10,4.586969364503334,4.959453393280721
746811,2024-04-13,2024,666157,10,4.586969364503334,5.732993360764316
746979,2024-04-13,2024,656288,6,4.586969364503334,3.3870833213266955
744953,2024-04-13,2024,670102,3,4.586969364503334,2.5516849100249708
744953,2024-04-13,2024,684320,6,4.586969364503334,4.492391299626149
746811,2024-04-13,2024,608718,2,4.586969364503334,2.115569508092595
746979,2024-04-13,2024,608334,5,4.586969364503334,3.0745120910335553
746490,2024-04-13,2024,666214,4,4.586969364503334,1.9203742374648192
746979,2024-04-13,2024,681867,4,4.586969364503334,4.489190167070557
746405,2024-04-13,2024,571760,1,4.586969364503334,4.2314646963964675
746082,2024-04-13,2024,676974,7,4.586969364503334,4.506357785010498
745839,2024-04-13,2024,679525,2,4.586969364503334,5.02663872313959
744953,2024-04-13,2024,641712,5,4.586969364503334,5.117034127496594
745272,2024-04-13,2024,684007,4,4.586969364503334,5.315630328910214
745272,2024-04-13,2024,676106,4,4.586969364503334,3.157327658311707
745110,2024-04-13,2024,606965,2,4.586969364503334,2.7507466192388543
745110,2024-04-13,2024,657277,4,4.586969364503334,4.887458440784013
746656,2024-04-13,2024,471911,2,4.586969364503334,4.780222087155255
746656,2024-04-13,2024,657376,7,4.586969364503334,4.635052551905088
746658,2024-04-13,2024,547001,4,4.586969364503334,3.409560357446316
746658,2024-04-13,2024,663474,1,4.586969364503334,4.174075317017974
745110,2024-04-13,2024,686752,6,4.586969364503334,5.035536611970266
747215,2024-04-13,2024,669194,4,4.586969364503334,4.520386813180452
747215,2024-04-13,2024,502043,2,4.586969364503334,4.39962320226139
745594,2024-04-13,2024,594835,5,4.586969364503334,4.774396043701091
745594,2024-04-13,2024,605513,3,4.586969364503334,5.440006791076574
746405,2024-04-13,2024,669854,5,4.586969364503334,4.428337338445907
746161,2024-04-13,2024,663362,4,4.586969364503334,4.652929514771734
746161,2024-04-13,2024,694813,4,4.586969364503334,4.1712301869847
746082,2024-04-13,2024,519242,7,4.586969364503334,6.504692759615271
745839,2024-04-13,2024,640455,4,4.586969364503334,4.124086066346195
746404,2024-04-14,2024,664299,5,4.586969364503334,5.6560378499656805
746079,2024-04-14,2024,450203,8,4.586969364503334,5.305805143180907
746079,2024-04-14,2024,666200,4,4.586969364503334,5.998792783566828
746404,2024-04-14,2024,543135,3,4.586969364503334,5.163459337828285
746810,2024-04-14,2024,621383,2,4.586969364503334,2.691929793991653
746810,2024-04-14,2024,668933,8,4.586969364503334,5.462663371887286
745681,2024-04-14,2024,592866,7,4.586969364503334,3.997004235399549
745681,2024-04-14,2024,622072,4,4.586969364503334,5.077894935060465
745841,2024-04-14,2024,666142,8,4.586969364503334,6.118804889242096
747216,2024-04-14,2024,571945,3,4.586969364503334,3.4825149957797956
745113,2024-04-14,2024,641302,4,4.586969364503334,3.9225626341552164
745113,2024-04-14,2024,605483,4,4.586969364503334,5.038372998231296
747216,2024-04-14,2024,668678,7,4.586969364503334,5.722966126313641
747216,2024-04-14,2024,681676,2,4.586969364503334,2.710864389276864
745271,2024-04-14,2024,665871,6,4.586969364503334,4.3101843117906204
745271,2024-04-14,2024,622491,9,4.586969364503334,6.4052073218201935
746975,2024-04-14,2024,542881,4,4.586969364503334,4.784585298878899
746975,2024-04-14,2024,660761,3,4.586969364503334,2.2715766048042125
746810,2024-04-14,2024,647336,4,4.586969364503334,4.435017299401296
745841,2024-04-14,2024,676130,9,4.586969364503334,4.836658191802038
746975,2024-04-14,2024,678394,8,4.586969364503334,6.939165399839131
745595,2024-04-14,2024,656605,4,4.586969364503334,5.22805314461317
744952,2024-04-14,2024,607536,3,4.586969364503334,4.723096732333888
746164,2024-04-14,2024,572020,1,4.586969364503334,4.965985507723027
745595,2024-04-14,2024,620982,1,4.586969364503334,2.083403409391406
747056,2024-04-14,2024,607067,6,4.586969364503334,4.6784042591844734
747056,2024-04-14,2024,669203,5,4.586969364503334,6.112472030663361
746164,2024-04-14,2024,506433,2,4.586969364503334,5.308832469638741
744952,2024-04-14,2024,621244,7,4.586969364503334,6.149283551230865
745595,2024-04-14,2024,554430,10,4.586969364503334,6.025698687812235
746648,2024-04-14,2024,641482,6,4.586969364503334,5.074793377186565
746648,2024-04-14,2024,671106,4,4.586969364503334,4.428117112105284
746492,2024-04-14,2024,656427,8,4.586969364503334,6.755993427359993
746492,2024-04-14,2024,641927,3,4.586969364503334,5.056582202598764
746813,2024-04-15,2024,680897,5,4.586969364503334,3.839583473294848
744951,2024-04-15,2024,661563,6,4.586969364503334,4.835455657479271
747053,2024-04-15,2024,608344,4,4.586969364503334,4.554005570851912
747053,2024-04-15,2024,621199,2,4.586969364503334,1.308762161262742
745677,2024-04-15,2024,543243,6,4.586969364503334,4.230053574600372
746406,2024-04-15,2024,670241,4,4.586969364503334,4.089607530031357
746158,2024-04-15,2024,607192,5,4.586969364503334,6.400488001248499
746002,2024-04-15,2024,605397,3,4.586969364503334,5.188751003426632
745106,2024-04-15,2024,663776,3,4.586969364503334,5.017232728914297
745106,2024-04-15,2024,621107,5,4.586969364503334,4.134218879922233
746813,2024-04-15,2024,607625,4,4.586969364503334,5.288472691692184
746002,2024-04-15,2024,605452,4,4.586969364503334,3.9617741587427444
745840,2024-04-15,2024,605288,5,4.586969364503334,5.428884823468093
745840,2024-04-15,2024,527048,1,4.586969364503334,3.2634597969982755
746158,2024-04-15,2024,680730,4,4.586969364503334,4.438237521346414
747053,2024-04-15,2024,686973,6,4.586969364503334,5.661599105815603
745677,2024-04-15,2024,548389,4,4.586969364503334,5.670435697800101
746406,2024-04-15,2024,681293,5,4.586969364503334,5.859444299888336
747213,2024-04-15,2024,518876,5,4.586969364503334,5.439569090034539
746488,2024-04-15,2024,681857,8,4.586969364503334,5.63005987373261
746488,2024-04-15,2024,547179,4,4.586969364503334,4.493830017061273
746974,2024-04-15,2024,676710,6,4.586969364503334,5.363445167288427
746080,2024-04-15,2024,665795,10,4.586969364503334,5.642794471551579
746080,2024-04-15,2024,690986,2,4.586969364503334,4.840782020394694
746974,2024-04-15,2024,675540,3,4.586969364503334,4.964794058481814
747213,2024-04-15,2024,686826,2,4.586969364503334,2.01476818201924
747213,2024-04-15,2024,676962,4,4.586969364503334,5.176541903463959
744951,2024-04-15,2024,605135,5,4.586969364503334,5.1107101557423995
746002,2024-04-15,2024,600986,2,4.586969364503334,1.4601652033014156
745597,2024-04-15,2024,615698,1,4.586969364503334,4.637188545245233
745268,2024-04-15,2024,571656,3,4.586969364503334,0.05532374223431091
745268,2024-04-15,2024,593423,1,4.586969364503334,3.5803134070568428
745268,2024-04-15,2024,607259,3,4.586969364503334,2.8655047686961734
745268,2024-04-15,2024,669923,6,4.586969364503334,5.452315285716287
745597,2024-04-15,2024,605400,9,4.586969364503334,6.0485991741942025
746976,2024-04-16,2024,676477,1,4.586969364503334,2.2757560495790017
744944,2024-04-16,2024,579328,9,4.586969364503334,6.372615884130218
744944,2024-04-16,2024,607074,5,4.586969364503334,6.068666425472996
746004,2024-04-16,2024,656302,7,4.586969364503334,7.260536328133039
746486,2024-04-16,2024,663554,6,4.586969364503334,5.911749450797095
746486,2024-04-16,2024,592351,7,4.586969364503334,6.136441344842304
745270,2024-04-16,2024,668881,8,4.586969364503334,6.089283583374118
745837,2024-04-16,2024,500779,4,4.586969364503334,4.2747305689044035
745837,2024-04-16,2024,683003,7,4.586969364503334,4.416205885184159
746004,2024-04-16,2024,489119,2,4.586969364503334,3.5170059497942248
745270,2024-04-16,2024,669302,6,4.586969364503334,5.5000173327044575
746157,2024-04-16,2024,642232,3,4.586969364503334,1.2199683342684589
745108,2024-04-16,2024,667755,6,4.586969364503334,5.4540662400173945
745108,2024-04-16,2024,650644,8,4.586969364503334,5.81391259365738
746081,2024-04-16,2024,663855,5,4.586969364503334,4.7984190749277635
747214,2024-04-16,2024,543294,3,4.586969364503334,3.766715913108299
747051,2024-04-16,2024,663978,2,4.586969364503334,5.207336441042463
747214,2024-04-16,2024,674072,3,4.586969364503334,3.3481224761593595
746081,2024-04-16,2024,677960,10,4.586969364503334,6.1782135160108345
746400,2024-04-16,2024,625643,7,4.586969364503334,5.585525580746711
746400,2024-04-16,2024,681869,2,4.586969364503334,1.13903112390761
747051,2024-04-16,2024,680570,6,4.586969364503334,5.097431745725224
745674,2024-04-16,2024,458681,1,4.586969364503334,5.769541303065479
745674,2024-04-16,2024,676664,2,4.586969364503334,3.934988449024444
745593,2024-04-16,2024,624133,8,4.586969364503334,6.302577472754417
746157,2024-04-16,2024,571578,5,4.586969364503334,5.6512382547829505
745593,2024-04-16,2024,596295,4,4.586969364503334,4.740283312714076
746976,2024-04-16,2024,676440,3,4.586969364503334,6.284171207817894
746400,2024-04-16,2024,686613,3,4.586969364503334,4.786554104048947
746076,2024-04-17,2024,676775,4,4.586969364503334,4.628131655355893
746487,2024-04-17,2024,669373,6,4.586969364503334,4.995724275563549
746973,2024-04-17,2024,656557,9,4.586969364503334,5.846327904394265
746973,2024-04-17,2024,594902,7,4.586969364503334,3.892503201940187
745836,2024-04-17,2024,622663,4,4.586969364503334,5.859947676017806
746401,2024-04-17,2024,641585,4,4.586969364503334,4.440168005886021
745836,2024-04-17,2024,663559,4,4.586969364503334,2.5353243892687223
747212,2024-04-17,2024,696136,5,4.586969364503334,4.119774402150651
745267,2024-04-17,2024,671096,6,4.586969364503334,5.957350123634673
746807,2024-04-17,2024,663903,5,4.586969364503334,5.475588124973208
745591,2024-04-17,2024,650911,10,4.586969364503334,6.324377835629859
745591,2024-04-17,2024,663372,8,4.586969364503334,5.818467267560167
745671,2024-04-17,2024,621112,7,4.586969364503334,5.256000126421176
745671,2024-04-17,2024,571927,4,4.586969364503334,5.235716107974677
746005,2024-04-17,2024,650633,10,4.586969364503334,6.642965030269187
746005,2024-04-17,2024,669060,2,4.586969364503334,3.0634787740329243
747212,2024-04-17,2024,694297,6,4.586969364503334,5.567324569527701
744948,2024-04-17,2024,592332,6,4.586969364503334,6.932238598138194
747212,2024-04-17,2024,669713,2,4.586969364503334,2.917386518362852
746809,2024-04-17,2024,608379,4,4.586969364503334,5.486086322858078
746809,2024-04-17,2024,607200,5,4.586969364503334,4.40484364068116
746807,2024-04-17,2024,686563,3,4.586969364503334,4.856342965981249
745267,2024-04-17,2024,682243,7,4.586969364503334,5.609973222743118
744948,2024-04-17,2024,573186,2,4.586969364503334,5.626036156933357
746076,2024-04-17,2024,669432,6,4.586969364503334,5.066063302918923
746401,2024-04-17,2024,608331,2,4.586969364503334,4.653773815492675
746487,2024-04-17,2024,641540,5,4.586969364503334,5.1780580632039985
746159,2024-04-17,2024,689017,4,4.586969364503334,3.4789544267757226
747049,2024-04-17,2024,641154,7,4.586969364503334,5.356905951462397
747049,2024-04-17,2024,544150,4,4.586969364503334,4.369964740428153
745105,2024-04-17,2024,641793,7,4.586969364503334,6.417670181154546
745105,2024-04-17,2024,672282,4,4.586969364503334,5.524816779503106
746159,2024-04-17,2024,663623,6,4.586969364503334,4.119516338415155
745356,2024-04-18,2024,657277,5,4.586969364503334,5.777454981447135
745104,2024-04-18,2024,656288,4,4.586969364503334,5.090772179071028
745104,2024-04-18,2024,686752,7,4.586969364503334,5.499596400500427
746485,2024-04-18,2024,570632,1,4.586969364503334,0.9293955227885471
746970,2024-04-18,2024,471911,5,4.586969364503334,4.445608081640197
746485,2024-04-18,2024,683004,3,4.586969364503334,5.000886777374039
746485,2024-04-18,2024,628317,2,4.586969364503334,3.104671302092221
745356,2024-04-18,2024,663531,3,4.586969364503334,2.670846903265258
746970,2024-04-18,2024,681867,0,4.586969364503334,1.4962999152846503
746650,2024-04-19,2024,671212,3,4.586969364503334,4.454831704331187
745758,2024-04-19,2024,641302,4,4.586969364503334,3.798664544826793
746325,2024-04-19,2024,679525,6,4.586969364503334,5.253816547409592
745922,2024-04-19,2024,657746,6,4.586969364503334,4.999009174961529
745922,2024-04-19,2024,656427,10,4.586969364503334,5.265607872887499
744872,2024-04-19,2024,669022,4,4.586969364503334,6.236557290093674
744872,2024-04-19,2024,434378,4,4.586969364503334,4.051170587355859
747136,2024-04-19,2024,519242,7,4.586969364503334,6.132295171509083
745518,2024-04-19,2024,682990,2,4.586969364503334,4.7161920249956735
746650,2024-04-19,2024,663474,6,4.586969364503334,4.572705472993563
745189,2024-04-19,2024,502043,3,4.586969364503334,3.4489151724645657
745189,2024-04-19,2024,642547,7,4.586969364503334,6.3327567723387554
746729,2024-04-19,2024,542881,2,4.586969364503334,4.756966138943585
747136,2024-04-19,2024,571760,5,4.586969364503334,5.933776105447332
746729,2024-04-19,2024,666157,6,4.586969364503334,4.860272627559638
745518,2024-04-19,2024,678394,7,4.586969364503334,4.985201588114624
746325,2024-04-19,2024,665152,3,4.586969364503334,4.952104562012396
745352,2024-04-19,2024,605483,3,4.586969364503334,4.656928581849572
745592,2024-04-19,2024,605513,6,4.586969364503334,5.849302401619716
745352,2024-04-19,2024,656756,3,4.586969364503334,4.570110411698772
745430,2024-04-19,2024,684320,7,4.586969364503334,5.910236200108716
745430,2024-04-19,2024,663362,2,4.586969364503334,4.592763303695581
746160,2024-04-19,2024,808967,9,4.586969364503334,6.6579580009146975
746160,2024-04-19,2024,640455,3,4.586969364503334,4.261211223955933
745592,2024-04-19,2024,623167,4,4.586969364503334,2.3828577380275404
746892,2024-04-19,2024,640462,4,4.586969364503334,4.277231744138852
746892,2024-04-19,2024,592791,4,4.586969364503334,4.874295102235242
745758,2024-04-19,2024,657376,7,4.586969364503334,7.561020795135204
745592,2024-04-19,2024,676979,3,4.586969364503334,4.20646461175614
746893,2024-04-20,2024,665871,3,4.586969364503334,4.2370026921621875
746570,2024-04-20,2024,622491,9,4.586969364503334,5.13708783823186
746570,2024-04-20,2024,641712,1,4.586969364503334,3.0157312149691373
744865,2024-04-20,2024,669854,6,4.586969364503334,5.539464292984678
746891,2024-04-20,2024,684007,5,4.586969364503334,5.827340598097453
746893,2024-04-20,2024,666200,6,4.586969364503334,6.3125542869496645
746156,2024-04-20,2024,676130,6,4.586969364503334,4.623706637693134
746570,2024-04-20,2024,683627,2,4.586969364503334,0.3040993078379062
745190,2024-04-20,2024,669084,3,4.586969364503334,5.098160750358842
745190,2024-04-20,2024,669467,0,4.586969364503334,2.357026835506959
745921,2024-04-20,2024,641927,6,4.586969364503334,5.3644400160287775
746156,2024-04-20,2024,694813,1,4.586969364503334,3.7164727722879993
745760,2024-04-20,2024,621107,6,4.586969364503334,3.2527888683432087
745760,2024-04-20,2024,641482,9,4.586969364503334,5.351691734704617
745921,2024-04-20,2024,681857,4,4.586969364503334,6.530037414689257
745590,2024-04-20,2024,554430,8,4.586969364503334,6.909071932525191
745590,2024-04-20,2024,647336,2,4.586969364503334,5.678528181030987
745190,2024-04-20,2024,571945,5,4.586969364503334,4.622159539563614
744865,2024-04-20,2024,592866,4,4.586969364503334,4.13718374943892
746891,2024-04-20,2024,682610,7,4.586969364503334,3.740659337536389
746324,2024-04-20,2024,666142,4,4.586969364503334,4.7191659803936075
746726,2024-04-20,2024,607259,2,4.586969364503334,1.1988139135626041
746726,2024-04-20,2024,663776,6,4.586969364503334,4.2339461335578905
746726,2024-04-20,2024,668933,4,4.586969364503334,4.601874456768326
745515,2024-04-20,2024,682847,2,4.586969364503334,1.4418776434190397
745431,2024-04-20,2024,681190,3,4.586969364503334,5.390469758038798
745354,2024-04-20,2024,668678,6,4.586969364503334,5.637270618771784
745515,2024-04-20,2024,676710,6,4.586969364503334,6.235907664521253
746651,2024-04-20,2024,671106,4,4.586969364503334,4.669109504742327
747135,2024-04-20,2024,543135,6,4.586969364503334,6.906375460837627
745431,2024-04-20,2024,621244,6,4.586969364503334,5.457693106751144
747135,2024-04-20,2024,450203,4,4.586969364503334,5.348030096437836
746324,2024-04-20,2024,669203,4,4.586969364503334,6.4259327376696
746651,2024-04-20,2024,622072,4,4.586969364503334,3.9646984754659425
745354,2024-04-20,2024,690986,5,4.586969364503334,3.9283058944775764
745515,2024-04-20,2024,656605,4,4.586969364503334,4.51036342184099
746727,2024-04-21,2024,608718,2,4.586969364503334,1.654938486909864
745192,2024-04-21,2024,607067,3,4.586969364503334,4.015786030914119
745434,2024-04-21,2024,605397,3,4.586969364503334,6.465394884855155
745434,2024-04-21,2024,605135,4,4.586969364503334,4.501673728285891
745514,2024-04-21,2024,670174,1,4.586969364503334,1.0350732723969802
745514,2024-04-21,2024,527048,7,4.586969364503334,4.765071560948944
745514,2024-04-21,2024,656924,2,4.586969364503334,1.8010639295581656
745353,2024-04-21,2024,677944,3,4.586969364503334,3.0909854691050964
746154,2024-04-21,2024,701643,1,4.586969364503334,0.5451920835968487
745353,2024-04-21,2024,663855,0,4.586969364503334,5.957763526264288
746572,2024-04-21,2024,676106,4,4.586969364503334,5.291480977455924
746572,2024-04-21,2024,663567,5,4.586969364503334,3.6065015996739245
746568,2024-04-21,2024,615698,4,4.586969364503334,5.646425848997476
746572,2024-04-21,2024,663562,2,4.586969364503334,0.10756512090700543
746568,2024-04-21,2024,669923,7,4.586969364503334,5.348191698703453
745759,2024-04-21,2024,661563,9,4.586969364503334,5.833290176001282
746894,2024-04-21,2024,665795,7,4.586969364503334,5.056864591987282
746894,2024-04-21,2024,543294,5,4.586969364503334,2.5007188952983825
745759,2024-04-21,2024,650644,5,4.586969364503334,6.415979036128419
746154,2024-04-21,2024,607192,10,4.586969364503334,6.638315571796392
745192,2024-04-21,2024,543243,12,4.586969364503334,5.568086991171417
744866,2024-04-21,2024,686613,6,4.586969364503334,4.88498799166971
746316,2024-04-21,2024,608344,2,4.586969364503334,4.708786533601338
746316,2024-04-21,2024,607625,1,4.586969364503334,5.527480750463167
746727,2024-04-21,2024,667755,7,4.586969364503334,6.111123692242741
747133,2024-04-21,2024,670241,2,4.586969364503334,4.092278743807793
745588,2024-04-21,2024,680897,3,4.586969364503334,5.197639051815985
745588,2024-04-21,2024,605400,7,4.586969364503334,5.162503567094982
747133,2024-04-21,2024,547179,7,4.586969364503334,5.091133050280484
746154,2024-04-21,2024,605288,3,4.586969364503334,3.615354501932016
746652,2024-04-21,2024,676440,8,4.586969364503334,5.49892335082722
745920,2024-04-21,2024,663554,4,4.586969364503334,5.2638271682652915
744866,2024-04-21,2024,680730,8,4.586969364503334,4.296143361006575
746652,2024-04-21,2024,548389,4,4.586969364503334,4.959437818406939
745920,2024-04-21,2024,686973,2,4.586969364503334,4.105241727624627
747134,2024-04-22,2024,677960,1,4.586969364503334,5.555000283279023
747134,2024-04-22,2024,693821,4,4.586969364503334,4.380279611947413
745757,2024-04-22,2024,676664,7,4.586969364503334,5.408014966092183
746723,2024-04-22,2024,624133,5,4.586969364503334,4.3845840961742795
745916,2024-04-22,2024,663978,10,4.586969364503334,5.293732660009835
745351,2024-04-22,2024,676775,6,4.586969364503334,5.102380077248228
746319,2024-04-22,2024,579328,4,4.586969364503334,4.770460612051085
746319,2024-04-22,2024,663903,5,4.586969364503334,6.361795233427769
745351,2024-04-22,2024,500779,4,4.586969364503334,3.9102631807962105
746565,2024-04-22,2024,656302,8,4.586969364503334,6.61967062559436
746565,2024-04-22,2024,596295,2,4.586969364503334,5.258804149976824
745107,2024-04-22,2024,669373,9,4.586969364503334,4.842448576989621
745916,2024-04-22,2024,678692,2,4.586969364503334,1.915670766215718
745191,2024-04-22,2024,694297,4,4.586969364503334,4.045198007653897
746242,2024-04-22,2024,672282,4,4.586969364503334,5.636240094665694
746242,2024-04-22,2024,544150,5,4.586969364503334,4.67453820736739
745519,2024-04-22,2024,605452,4,4.586969364503334,4.7005563298634305
745757,2024-04-22,2024,607074,4,4.586969364503334,5.5218493382072324
745191,2024-04-22,2024,458681,7,4.586969364503334,4.736015955894958
745916,2024-04-22,2024,686563,5,4.586969364503334,4.55171178010942
746723,2024-04-22,2024,668881,6,4.586969364503334,6.341176072162365
745107,2024-04-22,2024,641793,7,4.586969364503334,5.3083468375360425
745519,2024-04-22,2024,683003,7,4.586969364503334,5.829468850642696
745348,2024-04-23,2024,622663,5,4.586969364503334,5.952303993554129
745348,2024-04-23,2024,657277,4,4.586969364503334,5.359941739755287
745754,2024-04-23,2024,621112,5,4.586969364503334,5.749234240549667
745917,2024-04-23,2024,607200,11,4.586969364503334,4.415261096689368
745917,2024-04-23,2024,543351,4,4.586969364503334,2.2805697555173134
746888,2024-04-23,2024,641585,6,4.586969364503334,5.567638765856027
746647,2024-04-23,2024,594902,7,4.586969364503334,4.686083989429827
745193,2024-04-23,2024,571927,4,4.586969364503334,4.612416912145741
745193,2024-04-23,2024,674072,6,4.586969364503334,5.1178761679086096
745193,2024-04-23,2024,668868,5,4.586969364503334,4.133058432802648
746647,2024-04-23,2024,656557,4,4.586969364503334,5.657175166481013
746888,2024-04-23,2024,696136,4,4.586969364503334,5.023988382225368
746888,2024-04-23,2024,661527,3,4.586969364503334,2.735480073440233
745917,2024-04-23,2024,641154,6,4.586969364503334,4.708060651194023
746566,2024-04-23,2024,663372,4,4.586969364503334,5.107065843368054
745516,2024-04-23,2024,668964,4,4.586969364503334,5.127319516604218
745102,2024-04-23,2024,686752,4,4.586969364503334,4.749420487588389
746321,2024-04-23,2024,608379,4,4.586969364503334,5.023722274927579
746246,2024-04-23,2024,656288,4,4.586969364503334,4.798745150985329
746321,2024-04-23,2024,592332,2,4.586969364503334,7.147199689494222
745026,2024-04-23,2024,641540,7,4.586969364503334,5.018122601091981
747130,2024-04-23,2024,608331,6,4.586969364503334,5.347085742556017
745102,2024-04-23,2024,628317,5,4.586969364503334,5.473053115843624
746566,2024-04-23,2024,650633,5,4.586969364503334,4.518009507597376
745516,2024-04-23,2024,663559,8,4.586969364503334,3.9005062478002976
745754,2024-04-23,2024,573186,9,4.586969364503334,5.891355298284833
745026,2024-04-23,2024,669302,6,4.586969364503334,5.7776491939498476
744863,2024-04-23,2024,572020,1,4.586969364503334,4.976650010226372
746246,2024-04-23,2024,680570,7,4.586969364503334,5.015900286425263
744863,2024-04-23,2024,571578,3,4.586969364503334,3.6606396846201656
746722,2024-04-23,2024,671096,3,4.586969364503334,3.7874419383555313
746722,2024-04-23,2024,650911,3,4.586969364503334,4.823062925719424
747130,2024-04-23,2024,669432,4,4.586969364503334,4.369684368317976
745188,2024-04-24,2024,502043,6,4.586969364503334,4.082909802716091
745919,2024-04-24,2024,657746,8,4.586969364503334,5.5663619323330655
745919,2024-04-24,2024,676979,6,4.586969364503334,5.580092536968116
744864,2024-04-24,2024,663623,3,4.586969364503334,6.017916140731949
745188,2024-04-24,2024,656756,4,4.586969364503334,5.019707003599978
745753,2024-04-24,2024,671212,6,4.586969364503334,5.761962269954569
746649,2024-04-24,2024,681867,3,4.586969364503334,3.1500602661514874
746649,2024-04-24,2024,471911,4,4.586969364503334,4.919797386984742
746649,2024-04-24,2024,658648,2,4.586969364503334,2.1081033545383696
745028,2024-04-24,2024,592351,7,4.586969364503334,6.191236563883608
746317,2024-04-24,2024,684320,2,4.586969364503334,4.150111783527017
746317,2024-04-24,2024,679525,1,4.586969364503334,3.713169632773732
746317,2024-04-24,2024,672582,3,4.586969364503334,0.8598911482207532
746244,2024-04-24,2024,542881,7,4.586969364503334,5.159825902745416
746725,2024-04-24,2024,666157,4,4.586969364503334,5.858406307738636
746725,2024-04-24,2024,605513,8,4.586969364503334,4.916304428990692
745513,2024-04-24,2024,682847,4,4.586969364503334,2.654676040706147
745513,2024-04-24,2024,669060,3,4.586969364503334,3.459392537894559
746244,2024-04-24,2024,665152,10,4.586969364503334,5.473017602535083
744864,2024-04-24,2024,689017,5,4.586969364503334,5.79439798843116
745028,2024-04-24,2024,682243,5,4.586969364503334,4.482205232608763
745346,2024-04-24,2024,640455,6,4.586969364503334,5.035070827761526
747132,2024-04-24,2024,664350,3,4.586969364503334,4.273292574477979
745753,2024-04-24,2024,657376,6,4.586969364503334,5.403543662128923
746889,2024-04-24,2024,592791,4,4.586969364503334,5.376128657549173
745099,2024-04-24,2024,641302,4,4.586969364503334,2.4128385334328346
745099,2024-04-24,2024,656427,6,4.586969364503334,6.461930638390446
746567,2024-04-24,2024,663362,5,4.586969364503334,4.841136225537162
746889,2024-04-24,2024,681293,7,4.586969364503334,5.098473272322902
747132,2024-04-24,2024,625643,6,4.586969364503334,5.092273083967005
746567,2024-04-24,2024,621389,0,4.586969364503334,3.7599959246592345
746567,2024-04-24,2024,683627,0,4.586969364503334,2.2852586989750256
746887,2024-04-25,2024,434378,7,4.586969364503334,6.041817363272268
744867,2024-04-25,2024,808967,7,4.586969364503334,6.715005555191291
746320,2024-04-25,2024,666142,4,4.586969364503334,4.3297516358650645
744867,2024-04-25,2024,669022,4,4.586969364503334,6.465894096342267
746724,2024-04-25,2024,607259,3,4.586969364503334,4.766154481355164
746320,2024-04-25,2024,621244,1,4.586969364503334,3.567088288762231
746564,2024-04-25,2024,641712,4,4.586969364503334,3.4296109630029914
745918,2024-04-25,2024,647336,1,4.586969364503334,2.5162445660666224
746887,2024-04-25,2024,665871,5,4.586969364503334,4.060313249258305
746724,2024-04-25,2024,554430,8,4.586969364503334,6.18543426321029
745512,2024-04-25,2024,656605,7,4.586969364503334,5.5494822355936035
745512,2024-04-25,2024,642547,5,4.586969364503334,5.628275944635118
746646,2024-04-25,2024,663474,7,4.586969364503334,4.6066664103849755
746646,2024-04-25,2024,502624,0,4.586969364503334,2.381181884348731
745027,2024-04-25,2024,622491,6,4.586969364503334,6.405317112284792
745755,2024-04-25,2024,622072,5,4.586969364503334,5.242909073096862
745755,2024-04-25,2024,641482,4,4.586969364503334,5.342596309304171
745027,2024-04-25,2024,571760,7,4.586969364503334,5.0343046077779245
746564,2024-04-25,2024,681190,2,4.586969364503334,5.1436017348600265
745918,2024-04-25,2024,680573,6,4.586969364503334,6.186054157771138
745347,2024-04-26,2024,690986,7,4.586969364503334,5.68623396322434
746243,2024-04-26,2024,663776,4,4.586969364503334,5.405517723811758
746078,2024-04-26,2024,592866,1,4.586969364503334,4.469321085010121
745835,2024-04-26,2024,571945,5,4.586969364503334,5.506333267218486
745835,2024-04-26,2024,676130,4,4.586969364503334,5.268342631362461
746972,2024-04-26,2024,684007,7,4.586969364503334,5.706674230054835
746972,2024-04-26,2024,676710,4,4.586969364503334,5.1601022532979055
745347,2024-04-26,2024,682990,6,4.586969364503334,4.628341950033728
746243,2024-04-26,2024,641927,8,4.586969364503334,5.304515626726214
746482,2024-04-26,2024,607625,9,4.586969364503334,6.494001581115136
744949,2024-04-26,2024,694813,2,4.586969364503334,5.3721198974363995
745424,2024-04-26,2024,605400,10,4.586969364503334,6.0265348992198
745424,2024-04-26,2024,605397,4,4.586969364503334,5.8675897069640675
745269,2024-04-26,2024,668678,3,4.586969364503334,2.958856730347863
745269,2024-04-26,2024,676106,4,4.586969364503334,4.927132275057416
747050,2024-04-26,2024,548389,3,4.586969364503334,5.830151069046118
747129,2024-04-26,2024,671106,5,4.586969364503334,4.755544731764969
747129,2024-04-26,2024,519242,6,4.586969364503334,6.590738080485302
746000,2024-04-26,2024,607067,4,4.586969364503334,4.013347474751587
744949,2024-04-26,2024,605135,4,4.586969364503334,3.3352711671390765
745025,2024-04-26,2024,668933,3,4.586969364503334,4.984237701683969
746808,2024-04-26,2024,623167,2,4.586969364503334,3.6077856178850602
747050,2024-04-26,2024,669203,6,4.586969364503334,5.884378839858507
746808,2024-04-26,2024,541640,3,4.586969364503334,1.9759663517833919
746000,2024-04-26,2024,661563,6,4.586969364503334,5.3086549005385475
747050,2024-04-26,2024,687765,2,4.586969364503334,1.940437189801571
745025,2024-04-26,2024,543135,8,4.586969364503334,6.062620444944956
746808,2024-04-26,2024,621107,4,4.586969364503334,4.737619226919971
746482,2024-04-26,2024,681857,8,4.586969364503334,6.179114008918572
746075,2024-04-27,2024,680730,2,4.586969364503334,4.5656204589964915
745020,2024-04-27,2024,547179,3,4.586969364503334,6.271509128629826
745020,2024-04-27,2024,570632,3,4.586969364503334,2.3656870791858298
745425,2024-04-27,2024,670970,5,4.586969364503334,2.910560702541023
747052,2024-04-27,2024,676664,8,4.586969364503334,6.2859415198385085
745020,2024-04-27,2024,668881,6,4.586969364503334,5.901990467352941
745350,2024-04-27,2024,663855,9,4.586969364503334,4.994243161781687
745425,2024-04-27,2024,656302,5,4.586969364503334,5.966609770443831
747052,2024-04-27,2024,608344,5,4.586969364503334,5.032105256791814
745350,2024-04-27,2024,527048,4,4.586969364503334,4.100602108276701
745425,2024-04-27,2024,624133,8,4.586969364503334,5.063567269903451
746245,2024-04-27,2024,667755,1,4.586969364503334,2.174234452224173
746484,2024-04-27,2024,663903,6,4.586969364503334,5.313444729641396
746560,2024-04-27,2024,669854,8,4.586969364503334,5.472786607046639
746560,2024-04-27,2024,615698,2,4.586969364503334,5.673576560880977
746971,2024-04-27,2024,605155,1,4.586969364503334,1.4284892814782642
746971,2024-04-27,2024,670174,1,4.586969364503334,1.3321271814034121
746484,2024-04-27,2024,663554,2,4.586969364503334,5.477868538751095
746971,2024-04-27,2024,676962,4,4.586969364503334,2.5337077557901297
746803,2024-04-27,2024,686563,5,4.586969364503334,5.794430123691977
747131,2024-04-27,2024,450203,6,4.586969364503334,5.696416706311466
746803,2024-04-27,2024,650644,3,4.586969364503334,4.016415573078228
745998,2024-04-27,2024,607074,8,4.586969364503334,5.224918690717662
745833,2024-04-27,2024,605288,2,4.586969364503334,3.9642617387154804
745998,2024-04-27,2024,600986,1,4.586969364503334,2.383538619883679
745998,2024-04-27,2024,605452,5,4.586969364503334,4.842855729262463
746075,2024-04-27,2024,665795,4,4.586969364503334,3.263618470372587
747131,2024-04-27,2024,676440,9,4.586969364503334,6.520849937277173
746245,2024-04-27,2024,608334,2,4.586969364503334,2.451956203240334
746245,2024-04-27,2024,660761,1,4.586969364503334,3.1145714867906777
745266,2024-04-27,2024,669923,12,4.586969364503334,6.042116980058187
744946,2024-04-27,2024,607192,9,4.586969364503334,6.545735084615738
744946,2024-04-27,2024,579328,3,4.586969364503334,5.344104981299911
745266,2024-04-27,2024,677944,8,4.586969364503334,5.04989487222922
746245,2024-04-27,2024,663978,2,4.586969364503334,5.366338451104048
746075,2024-04-27,2024,592288,2,4.586969364503334,1.4360692160953894
745833,2024-04-27,2024,543243,9,4.586969364503334,5.701829728799827
746483,2024-04-28,2024,608379,3,4.586969364503334,4.226646845796627
744947,2024-04-28,2024,642232,2,4.586969364503334,2.130593000825548
747125,2024-04-28,2024,693821,2,4.586969364503334,4.195808347452421
746561,2024-04-28,2024,664285,6,4.586969364503334,4.35578007763925
747045,2024-04-28,2024,666205,2,4.586969364503334,3.3819817591856878
747045,2024-04-28,2024,621112,5,4.586969364503334,4.285261722248311
746483,2024-04-28,2024,669373,6,4.586969364503334,5.02936606177457
747125,2024-04-28,2024,594902,5,4.586969364503334,4.21148692769091
744947,2024-04-28,2024,592332,5,4.586969364503334,5.930030585874745
746237,2024-04-28,2024,672282,3,4.586969364503334,5.245774931559357
746237,2024-04-28,2024,641154,8,4.586969364503334,6.038276969962733
745265,2024-04-28,2024,669302,9,4.586969364503334,6.075640695029025
746561,2024-04-28,2024,596295,2,4.586969364503334,4.003055508380033
746001,2024-04-28,2024,676083,0,4.586969364503334,3.272565844511549
745834,2024-04-28,2024,669461,0,4.586969364503334,2.3019163514445506
746001,2024-04-28,2024,573186,4,4.586969364503334,4.299848770632912
745428,2024-04-28,2024,592836,4,4.586969364503334,4.133381065511915
746077,2024-04-28,2024,571578,4,4.586969364503334,5.645379506653572
746077,2024-04-28,2024,677960,3,4.586969364503334,6.001155361550345
745349,2024-04-28,2024,676775,5,4.586969364503334,4.973962070938801
745349,2024-04-28,2024,683003,3,4.586969364503334,5.488044881903151
745428,2024-04-28,2024,650633,6,4.586969364503334,6.054684943968478
747045,2024-04-28,2024,544150,6,4.586969364503334,4.919934755127932
745022,2024-04-28,2024,641540,10,4.586969364503334,3.7229476981572995
746001,2024-04-28,2024,668964,5,4.586969364503334,3.0392212196940767
746805,2024-04-28,2024,607200,9,4.586969364503334,6.195450784696409
745022,2024-04-28,2024,671096,7,4.586969364503334,4.931883075633335
746967,2024-04-28,2024,669713,3,4.586969364503334,4.176167235866842
746967,2024-04-28,2024,656557,9,4.586969364503334,6.34456913416041
745834,2024-04-28,2024,458681,3,4.586969364503334,4.78152813674724
745834,2024-04-28,2024,500779,3,4.586969364503334,5.842938942823191
746805,2024-04-28,2024,641793,6,4.586969364503334,5.976582761775238
745265,2024-04-28,2024,694297,11,4.586969364503334,5.908883912046887
747211,2024-04-29,2024,663531,0,4.586969364503334,1.208430927847306
745832,2024-04-29,2024,592791,1,4.586969364503334,4.668392190294832
745832,2024-04-29,2024,622663,5,4.586969364503334,5.965093810212735
747211,2024-04-29,2024,674072,0,4.586969364503334,3.483216615707176
745263,2024-04-29,2024,608331,7,4.586969364503334,5.717866764846787
747211,2024-04-29,2024,572020,4,4.586969364503334,5.348298089464032
745263,2024-04-29,2024,682243,10,4.586969364503334,5.7297996425997235
744945,2024-04-29,2024,680742,3,4.586969364503334,3.9485723789950242
744945,2024-04-29,2024,684320,1,4.586969364503334,5.507485511399196
745427,2024-04-29,2024,663362,4,4.586969364503334,5.150687939301954
746236,2024-04-29,2024,650911,1,4.586969364503334,3.4957767489313385
746804,2024-04-29,2024,676979,7,4.586969364503334,4.606961740413731
746236,2024-04-29,2024,656288,1,4.586969364503334,3.6488008301206127
746804,2024-04-29,2024,657746,3,4.586969364503334,6.551319458110929
745999,2024-04-29,2024,669060,6,4.586969364503334,4.643287888738488
745672,2024-04-29,2024,663559,5,4.586969364503334,2.446268596332506
746074,2024-04-29,2024,669432,3,4.586969364503334,4.977521651206136
746074,2024-04-29,2024,663623,3,4.586969364503334,5.177445999033152
745999,2024-04-29,2024,686752,7,4.586969364503334,5.62262391096777
745672,2024-04-29,2024,672710,3,4.586969364503334,2.947797293354994
745427,2024-04-29,2024,666157,11,4.586969364503334,6.3927963678737045
747046,2024-04-29,2024,657376,5,4.586969364503334,5.236476502297136
747046,2024-04-29,2024,680570,3,4.586969364503334,5.65640813230919
745672,2024-04-29,2024,671212,4,4.586969364503334,4.809903374407011
745997,2024-04-30,2024,682052,1,4.586969364503334,3.2213352100858366
745426,2024-04-30,2024,506433,3,4.586969364503334,4.403955840804913
745018,2024-04-30,2024,669022,7,4.586969364503334,5.531005303413938
745997,2024-04-30,2024,642547,7,4.586969364503334,4.160841490061885
746481,2024-04-30,2024,571927,1,4.586969364503334,3.7531494324534442
746073,2024-04-30,2024,663372,3,4.586969364503334,4.553655568002079
746477,2024-04-30,2024,502043,9,4.586969364503334,5.389276439789809
746477,2024-04-30,2024,656427,14,4.586969364503334,6.666415810628302
746481,2024-04-30,2024,656412,3,4.586969364503334,3.657259486058634
745018,2024-04-30,2024,592351,3,4.586969364503334,6.072208341254546
744942,2024-04-30,2024,621244,3,4.586969364503334,4.638579885958058
744942,2024-04-30,2024,666142,9,4.586969364503334,6.460739598212221
746481,2024-04-30,2024,666159,7,4.586969364503334,6.456546854864054
745426,2024-04-30,2024,607259,3,4.586969364503334,3.8940111390923695
746073,2024-04-30,2024,664350,3,4.586969364503334,4.518292341101019
747210,2024-04-30,2024,686826,4,4.586969364503334,1.3583532387517296
746239,2024-04-30,2024,605513,6,4.586969364503334,6.456681046065741
747210,2024-04-30,2024,689017,2,4.586969364503334,2.87457429856159
747047,2024-04-30,2024,665152,4,4.586969364503334,4.933887497434917
746398,2024-04-30,2024,471911,3,4.586969364503334,4.349858420303581
747047,2024-04-30,2024,641482,5,4.586969364503334,4.632800498895239
745260,2024-04-30,2024,625643,7,4.586969364503334,5.323555626627064
745260,2024-04-30,2024,622491,7,4.586969364503334,6.451636166734523
746239,2024-04-30,2024,542881,6,4.586969364503334,4.90605359575011
746968,2024-04-30,2024,657277,4,4.586969364503334,4.095771600996467
746968,2024-04-30,2024,681867,4,4.586969364503334,3.5783103120459314
746968,2024-04-30,2024,694738,4,4.586969364503334,2.6355067809702284
745673,2024-04-30,2024,622072,4,4.586969364503334,5.3706407061868076
745673,2024-04-30,2024,656605,7,4.586969364503334,5.533168745921951
745831,2024-04-30,2024,640455,3,4.586969364503334,4.180659596283666
745831,2024-04-30,2024,665871,1,4.586969364503334,3.306204320050459
746806,2024-04-30,2024,647336,3,4.586969364503334,3.66766973529717
746806,2024-04-30,2024,680573,2,4.586969364503334,4.842998608794633
746398,2024-04-30,2024,686613,7,4.586969364503334,5.103426029283755
745997,2024-04-30,2024,641302,3,4.586969364503334,4.339040761798311
745261,2024-05-01,2024,519242,9,4.586969364503334,6.5300015473803
746238,2024-05-01,2024,554430,6,4.586969364503334,6.793486721434344
746238,2024-05-01,2024,663776,10,4.586969364503334,5.989305576937233
745829,2024-05-01,2024,676130,6,4.586969364503334,5.216643948868996
746399,2024-05-01,2024,663474,6,4.586969364503334,5.214142869140675
745423,2024-05-01,2024,668933,4,4.586969364503334,4.521022436742197
745423,2024-05-01,2024,605397,9,4.586969364503334,5.160066702524273
745670,2024-05-01,2024,682990,3,4.586969364503334,4.8166691112537485
746800,2024-05-01,2024,623167,4,4.586969364503334,4.844095680520154
746800,2024-05-01,2024,641927,3,4.586969364503334,4.935843794135997
746966,2024-05-01,2024,676710,6,4.586969364503334,4.745623702657061
746399,2024-05-01,2024,434378,2,4.586969364503334,5.612520360676837
747207,2024-05-01,2024,656756,1,4.586969364503334,2.490354914867292
745670,2024-05-01,2024,548389,2,4.586969364503334,4.355848355617798
747207,2024-05-01,2024,808967,5,4.586969364503334,5.857153931497626
745829,2024-05-01,2024,684007,7,4.586969364503334,5.8090444830176295
746072,2024-05-01,2024,682610,7,4.586969364503334,4.883564908885153
744939,2024-05-01,2024,607625,8,4.586969364503334,5.409755978003967
744939,2024-05-01,2024,605135,4,4.586969364503334,5.050055907642206
746072,2024-05-01,2024,641712,2,4.586969364503334,3.8505005149819533
745023,2024-05-01,2024,571760,4,4.586969364503334,4.833419103083899
747207,2024-05-01,2024,686796,5,4.586969364503334,4.02715513106241
747048,2024-05-01,2024,669203,6,4.586969364503334,6.10345832721704
745996,2024-05-01,2024,541640,1,4.586969364503334,0.56585095862255
745023,2024-05-01,2024,592866,3,4.586969364503334,3.8545460344451428
745996,2024-05-01,2024,621107,6,4.586969364503334,5.190568687790862
747048,2024-05-01,2024,661563,5,4.586969364503334,5.2362824284514025
746478,2024-05-01,2024,571945,4,4.586969364503334,5.547828495487738
746478,2024-05-01,2024,628317,5,4.586969364503334,5.051743497544303
745261,2024-05-01,2024,676106,4,4.586969364503334,3.9406567223371978
745996,2024-05-01,2024,607067,5,4.586969364503334,5.922510590442436
746966,2024-05-01,2024,641726,3,4.586969364503334,1.076875011457104
746070,2024-05-02,2024,663567,3,4.586969364503334,3.789940901968415
746070,2024-05-02,2024,665795,9,4.586969364503334,5.919289508998237
746070,2024-05-02,2024,621389,2,4.586969364503334,1.9423862548355615
747044,2024-05-02,2024,680694,5,4.586969364503334,4.564698334300187
745830,2024-05-02,2024,676962,5,4.586969364503334,5.8792955657405
746969,2024-05-02,2024,670174,0,4.586969364503334,1.0420611816772651
745830,2024-05-02,2024,605288,2,4.586969364503334,4.034036237986675
746969,2024-05-02,2024,690986,7,4.586969364503334,5.203892782944782
746403,2024-05-02,2024,681293,6,4.586969364503334,5.243854809479594
745021,2024-05-02,2024,680730,5,4.586969364503334,4.675964133158567
745021,2024-05-02,2024,543135,8,4.586969364503334,5.656232981837102
747044,2024-05-02,2024,607074,6,4.586969364503334,5.544299864343217
746403,2024-05-02,2024,671106,5,4.586969364503334,5.089410645308604
746152,2024-05-03,2024,450203,5,4.586969364503334,6.402981815742484
745510,2024-05-03,2024,527048,4,4.586969364503334,4.315790236264823
745510,2024-05-03,2024,615698,9,4.586969364503334,5.803924283513949
744868,2024-05-03,2024,579328,7,4.586969364503334,7.03255650991166
745187,2024-05-03,2024,694363,2,4.586969364503334,2.79726019304766
745665,2024-05-03,2024,676664,6,4.586969364503334,5.913836524907792
746152,2024-05-03,2024,694813,5,4.586969364503334,4.929161785351855
745665,2024-05-03,2024,677960,5,4.586969364503334,6.4451584666685795
746645,2024-05-03,2024,660761,3,4.586969364503334,2.2947769457018516
746645,2024-05-03,2024,667755,3,4.586969364503334,5.256213444583787
746645,2024-05-03,2024,676440,4,4.586969364503334,6.738875958842879
745101,2024-05-03,2024,500779,2,4.586969364503334,2.82636012658578
746318,2024-05-03,2024,663903,8,4.586969364503334,6.297430966586867
745187,2024-05-03,2024,641745,5,4.586969364503334,6.071322208057256
745101,2024-05-03,2024,650644,5,4.586969364503334,5.346547691238924
746318,2024-05-03,2024,547179,3,4.586969364503334,5.650185699779104
746721,2024-05-03,2024,608344,4,4.586969364503334,3.3372971864978838
746721,2024-05-03,2024,668881,5,4.586969364503334,6.830359683481885
745589,2024-05-03,2024,605400,4,4.586969364503334,5.796030547466518
745756,2024-05-03,2024,573186,3,4.586969364503334,5.120441471819467
745187,2024-05-03,2024,543243,6,4.586969364503334,5.934310903824284
745589,2024-05-03,2024,663855,3,4.586969364503334,4.758571509734861
745914,2024-05-03,2024,683822,2,4.586969364503334,1.5866664796146672
745914,2024-05-03,2024,663978,6,4.586969364503334,5.078032993295813
745914,2024-05-03,2024,656557,5,4.586969364503334,5.869412476588347
746402,2024-05-03,2024,669854,6,4.586969364503334,5.039120531322674
746890,2024-05-03,2024,669713,8,4.586969364503334,5.831558438664997
746402,2024-05-03,2024,669923,3,4.586969364503334,4.488458465137503
745756,2024-05-03,2024,681857,5,4.586969364503334,5.580988769199402
747208,2024-05-03,2024,679885,4,4.586969364503334,2.743775720075811
744868,2024-05-03,2024,571578,3,4.586969364503334,5.010925496835996
747208,2024-05-03,2024,677944,4,4.586969364503334,5.052848339174058
746890,2024-05-03,2024,605452,4,4.586969364503334,4.545571847659142
747208,2024-05-03,2024,656302,8,4.586969364503334,6.8377750108753546
746311,2024-05-04,2024,681882,0,4.586969364503334,1.2097126555384565
744862,2024-05-04,2024,592332,8,4.586969364503334,7.615940333305342
746311,2024-05-04,2024,608379,3,4.586969364503334,3.7155326351474214
744862,2024-05-04,2024,663623,4,4.586969364503334,6.117443291514797
745750,2024-05-04,2024,663554,6,4.586969364503334,6.1084918427050665
745750,2024-05-04,2024,657376,7,4.586969364503334,5.508091984167414
746644,2024-05-04,2024,672282,7,4.586969364503334,4.83225259754819
746644,2024-05-04,2024,594902,5,4.586969364503334,3.685332259127711
746884,2024-05-04,2024,668964,2,4.586969364503334,2.973686699022292
746311,2024-05-04,2024,641540,4,4.586969364503334,2.9121850273595236
745100,2024-05-04,2024,681035,6,4.586969364503334,6.307680248442175
746884,2024-05-04,2024,592791,7,4.586969364503334,6.869361187291048
745100,2024-05-04,2024,641793,7,4.586969364503334,5.534608104667751
745511,2024-05-04,2024,683003,10,4.586969364503334,7.006098437613474
745183,2024-05-04,2024,607200,2,4.586969364503334,4.521634971923291
745911,2024-05-04,2024,641154,8,4.586969364503334,6.616567976065497
745183,2024-05-04,2024,458681,4,4.586969364503334,4.894285895761916
746720,2024-05-04,2024,671096,8,4.586969364503334,5.415579234977945
746394,2024-05-04,2024,669302,6,4.586969364503334,6.047834302667493
745511,2024-05-04,2024,596295,3,4.586969364503334,4.289899787573595
746394,2024-05-04,2024,664285,3,4.586969364503334,5.456950963811686
746720,2024-05-04,2024,607644,8,4.586969364503334,4.9713021654592575
745583,2024-05-04,2024,669952,0,4.586969364503334,3.418378229815074
746155,2024-05-04,2024,607192,10,4.586969364503334,5.913523868530235
747209,2024-05-04,2024,650633,3,4.586969364503334,4.951881507373094
745666,2024-05-04,2024,621112,3,4.586969364503334,6.128252354467789
745666,2024-05-04,2024,669432,1,4.586969364503334,4.329755637680835
745666,2024-05-04,2024,670766,2,4.586969364503334,3.494413785610435
746155,2024-05-04,2024,693821,4,4.586969364503334,1.9995658916624155
747209,2024-05-04,2024,694297,4,4.586969364503334,5.258753410426934
745583,2024-05-04,2024,678495,2,4.586969364503334,2.429391375346043
745583,2024-05-04,2024,624133,6,4.586969364503334,5.005207414119342
745913,2024-05-05,2024,681892,2,4.586969364503334,2.402668408011877
744861,2024-05-05,2024,666201,6,4.586969364503334,5.034416593810221
745504,2024-05-05,2024,663372,3,4.586969364503334,4.9949723339758165
747206,2024-05-05,2024,669194,3,4.586969364503334,6.545359053774338
745587,2024-05-05,2024,657277,6,4.586969364503334,5.557580975562545
745504,2024-05-05,2024,663559,3,4.586969364503334,3.6792056047696144
746153,2024-05-05,2024,608331,7,4.586969364503334,6.235427536256681
745913,2024-05-05,2024,657746,5,4.586969364503334,6.4631192778961575
746153,2024-05-05,2024,572020,3,4.586969364503334,5.098159016346893
746314,2024-05-05,2024,592351,7,4.586969364503334,5.707670108504761
747206,2024-05-05,2024,666745,0,4.586969364503334,0.15749973864805167
745751,2024-05-05,2024,669373,12,4.586969364503334,5.589707654554391
745751,2024-05-05,2024,641482,9,4.586969364503334,6.003182850048931
746719,2024-05-05,2024,666157,6,4.586969364503334,5.7603369585224735
746719,2024-05-05,2024,665152,6,4.586969364503334,4.934134291084422
744861,2024-05-05,2024,669022,4,4.586969364503334,4.819844213818654
747206,2024-05-05,2024,663362,2,4.586969364503334,2.278820463105053
745913,2024-05-05,2024,681867,5,4.586969364503334,4.748688907918688
746883,2024-05-05,2024,665871,4,4.586969364503334,4.929318190594842
745587,2024-05-05,2024,592836,7,4.586969364503334,4.543345464079276
746883,2024-05-05,2024,642547,5,4.586969364503334,4.873249484722316
745185,2024-05-05,2024,676979,6,4.586969364503334,5.863840069186507
745667,2024-05-05,2024,687765,5,4.586969364503334,4.43967877462837
745667,2024-05-05,2024,664350,2,4.586969364503334,1.5964820767604686
746643,2024-05-05,2024,656288,5,4.586969364503334,5.438141965781434
746643,2024-05-05,2024,471911,3,4.586969364503334,4.201259114263123
746395,2024-05-05,2024,686613,5,4.586969364503334,6.138040917313331
746314,2024-05-05,2024,663738,6,4.586969364503334,4.413000443296299
745103,2024-05-05,2024,686752,3,4.586969364503334,0.8418039587170867
746395,2024-05-05,2024,682243,3,4.586969364503334,4.972907878588078
745185,2024-05-05,2024,669461,5,4.586969364503334,1.512263550533964
745103,2024-05-05,2024,622663,6,4.586969364503334,5.583456795660364
745912,2024-05-06,2024,680573,8,4.586969364503334,4.762255537153746
745912,2024-05-06,2024,622491,7,4.586969364503334,6.321360431007783
745585,2024-05-06,2024,696131,4,4.586969364503334,4.8659377860684785
746639,2024-05-06,2024,663474,6,4.586969364503334,4.882149583169867
745182,2024-05-06,2024,640455,1,4.586969364503334,3.638523352665686
746313,2024-05-06,2024,669060,6,4.586969364503334,5.020863290836393
746639,2024-05-06,2024,656427,6,4.586969364503334,6.695024513976106
745509,2024-05-06,2024,656605,5,4.586969364503334,6.574425145357106
745182,2024-05-06,2024,502043,4,4.586969364503334,4.291729963335501
745098,2024-05-06,2024,694363,0,4.586969364503334,1.6568353176694912
745585,2024-05-06,2024,554430,11,4.586969364503334,6.54324346140337
745509,2024-05-06,2024,542881,5,4.586969364503334,4.565368001894979
746149,2024-05-06,2024,682610,5,4.586969364503334,6.331228311715433
746149,2024-05-06,2024,621111,4,4.586969364503334,4.256467155727919
745669,2024-05-06,2024,622072,3,4.586969364503334,3.71811492493567
746313,2024-05-06,2024,666142,8,4.586969364503334,6.524226561302974
745669,2024-05-06,2024,571760,5,4.586969364503334,6.308212360975883
745098,2024-05-06,2024,605182,0,4.586969364503334,2.421446380372833
746886,2024-05-06,2024,506433,5,4.586969364503334,5.576952417081947
746886,2024-05-06,2024,657006,2,4.586969364503334,3.5386361538833784
745098,2024-05-06,2024,641302,7,4.586969364503334,4.162612536987685
746147,2024-05-07,2024,665795,1,4.586969364503334,4.1452560221370645
746559,2024-05-07,2024,690986,2,4.586969364503334,4.279346027345395
746559,2024-05-07,2024,621389,2,4.586969364503334,1.040285859729488
745095,2024-05-07,2024,647336,4,4.586969364503334,6.343895845946162
746315,2024-05-07,2024,607067,2,4.586969364503334,3.0759300302307206
746559,2024-05-07,2024,641712,2,4.586969364503334,5.831024030390914
746638,2024-05-07,2024,671106,2,4.586969364503334,3.9375654422977115
745095,2024-05-07,2024,621107,3,4.586969364503334,4.402427165001577
745668,2024-05-07,2024,570632,2,4.586969364503334,5.386636710678981
745668,2024-05-07,2024,548389,2,4.586969364503334,1.7794383478566802
745915,2024-05-07,2024,676106,0,4.586969364503334,3.318354613647534
745508,2024-05-07,2024,682990,1,4.586969364503334,2.9975691688732633
745586,2024-05-07,2024,621244,7,4.586969364503334,5.619742080888119
745586,2024-05-07,2024,650911,5,4.586969364503334,4.68464236249885
745186,2024-05-07,2024,571945,3,4.586969364503334,3.690339682158756
745915,2024-05-07,2024,660896,1,4.586969364503334,2.3064627733058476
744859,2024-05-07,2024,669203,6,4.586969364503334,5.541064631164211
744859,2024-05-07,2024,592866,8,4.586969364503334,4.084127948340067
745508,2024-05-07,2024,672710,3,4.586969364503334,2.659610620860831
745508,2024-05-07,2024,663776,7,4.586969364503334,5.937266122675405
746718,2024-05-07,2024,668678,6,4.586969364503334,3.997542693871651
746718,2024-05-07,2024,593423,7,4.586969364503334,5.481987515223437
745915,2024-05-07,2024,641927,7,4.586969364503334,5.36509386574681
745095,2024-05-07,2024,641745,0,4.586969364503334,3.721702736676286
745186,2024-05-07,2024,676130,3,4.586969364503334,4.46243207458488
745668,2024-05-07,2024,642546,1,4.586969364503334,2.267213197580408
745752,2024-05-07,2024,434378,2,4.586969364503334,6.41846153906608
745752,2024-05-07,2024,661563,5,4.586969364503334,6.406364701497571
746147,2024-05-07,2024,666277,3,4.586969364503334,1.0781662372104828
746147,2024-05-07,2024,808967,5,4.586969364503334,6.027407983141039
745668,2024-05-07,2024,621053,3,4.586969364503334,3.4484607780649585
746885,2024-05-07,2024,681190,6,4.586969364503334,5.870670396411627
746885,2024-05-07,2024,684007,8,4.586969364503334,6.382916443261288
747126,2024-05-07,2024,625643,5,4.586969364503334,5.244780471067613
745668,2024-05-07,2024,666720,3,4.586969364503334,4.186179516599874
746638,2024-05-07,2024,628317,1,4.586969364503334,3.015429128213767
746638,2024-05-07,2024,658648,4,4.586969364503334,3.1295598659548087
745668,2024-05-07,2024,663687,5,4.586969364503334,6.11552253293474
747126,2024-05-07,2024,676710,6,4.586969364503334,5.781101079982752
746315,2024-05-07,2024,607625,5,4.586969364503334,4.452861395402437
746312,2024-05-08,2024,605452,2,4.586969364503334,2.8184635050855196
746312,2024-05-08,2024,663903,4,4.586969364503334,4.8926779298866405
746717,2024-05-08,2024,656756,2,4.586969364503334,5.2061123464879655
746879,2024-05-08,2024,656302,12,4.586969364503334,7.168782403744153
745906,2024-05-08,2024,669923,4,4.586969364503334,3.46826999130022
745906,2024-05-08,2024,663978,10,4.586969364503334,5.675943520220661
744858,2024-05-08,2024,680694,9,4.586969364503334,5.122477441777569
744858,2024-05-08,2024,680730,3,4.586969364503334,4.298761411669793
745584,2024-05-08,2024,605400,7,4.586969364503334,5.27172077833345
745584,2024-05-08,2024,605135,6,4.586969364503334,5.729667236237245
745659,2024-05-08,2024,666205,2,4.586969364503334,3.123149823924735
745659,2024-05-08,2024,674370,4,4.586969364503334,2.181132140071704
745659,2024-05-08,2024,683004,3,4.586969364503334,3.1988504707639747
745664,2024-05-08,2024,547179,6,4.586969364503334,5.894196024233335
745664,2024-05-08,2024,676664,3,4.586969364503334,4.706766092160399
745507,2024-05-08,2024,667755,6,4.586969364503334,4.771974515296851
746640,2024-05-08,2024,681857,4,4.586969364503334,6.037545170460864
746640,2024-05-08,2024,676440,5,4.586969364503334,5.407571497180941
746717,2024-05-08,2024,668933,2,4.586969364503334,4.798684154277235
745507,2024-05-08,2024,527048,5,4.586969364503334,3.1314030055412383
746879,2024-05-08,2024,669713,3,4.586969364503334,5.853955715337193
745097,2024-05-08,2024,650644,4,4.586969364503334,4.730659558940878
745097,2024-05-08,2024,623167,8,4.586969364503334,5.647184722324638
746562,2024-05-08,2024,663567,2,4.586969364503334,3.434228449532754
746562,2024-05-08,2024,663855,5,4.586969364503334,6.011255564552725
746562,2024-05-08,2024,683627,3,4.586969364503334,3.170198863623164
745749,2024-05-08,2024,681293,4,4.586969364503334,5.273535942367832
745749,2024-05-08,2024,607074,7,4.586969364503334,6.754153740006123
747127,2024-05-08,2024,519242,10,4.586969364503334,6.522496985952567
746151,2024-05-08,2024,677960,3,4.586969364503334,5.577238105718143
746151,2024-05-08,2024,694813,4,4.586969364503334,4.93467024235865
747127,2024-05-08,2024,601713,1,4.586969364503334,3.0866606763548323
746241,2024-05-09,2024,608379,6,4.586969364503334,6.042672545960146
745748,2024-05-09,2024,669854,5,4.586969364503334,5.909987623376206
746241,2024-05-09,2024,660761,6,4.586969364503334,3.510301910235361
746241,2024-05-09,2024,672282,5,4.586969364503334,4.82916784149257
745748,2024-05-09,2024,573186,5,4.586969364503334,5.442035665878152
746563,2024-05-09,2024,676775,1,4.586969364503334,2.7991558835791492
746802,2024-05-09,2024,607200,3,4.586969364503334,4.43927945683988
746715,2024-05-09,2024,607259,2,4.586969364503334,3.7436566776372127
746715,2024-05-09,2024,668881,6,4.586969364503334,4.80934461474408
746715,2024-05-09,2024,677944,2,4.586969364503334,4.516550850475883
745910,2024-05-09,2024,641154,10,4.586969364503334,5.815104455742552
745910,2024-05-09,2024,669302,4,4.586969364503334,5.526738542129274
745995,2024-05-09,2024,668964,6,4.586969364503334,4.576733028856268
745995,2024-05-09,2024,543243,6,4.586969364503334,5.135824434852439
746563,2024-05-09,2024,615698,5,4.586969364503334,4.711045837353695
746563,2024-05-09,2024,678495,4,4.586969364503334,3.453998107326223
746802,2024-05-09,2024,594902,2,4.586969364503334,4.816471338101873
745094,2024-05-10,2024,671737,7,4.586969364503334,5.523522918873233
745264,2024-05-10,2024,621112,5,4.586969364503334,4.633447327827241
746479,2024-05-10,2024,663554,2,4.586969364503334,5.489254048223832
746553,2024-05-10,2024,596295,5,4.586969364503334,4.819042931841087
746553,2024-05-10,2024,592351,7,4.586969364503334,5.588093781568021
745993,2024-05-10,2024,643361,0,4.586969364503334,2.205964137999696
745993,2024-05-10,2024,458681,5,4.586969364503334,4.464907186089506
746479,2024-05-10,2024,664285,4,4.586969364503334,5.998766773266787
745094,2024-05-10,2024,657376,6,4.586969364503334,5.793341811110175
745506,2024-05-10,2024,665871,4,4.586969364503334,5.330227917263707
745993,2024-05-10,2024,688107,4,4.586969364503334,4.764570876720733
746964,2024-05-10,2024,571578,4,4.586969364503334,4.492066987927472
746071,2024-05-10,2024,624133,9,4.586969364503334,4.945657620098527
746071,2024-05-10,2024,669432,3,4.586969364503334,4.794296279455726
746801,2024-05-10,2024,676979,11,4.586969364503334,6.449906857803847
745506,2024-05-10,2024,683003,4,4.586969364503334,5.561356451342134
745340,2024-05-10,2024,657277,6,4.586969364503334,4.791472092840333
745340,2024-05-10,2024,671096,2,4.586969364503334,4.838114007310177
746801,2024-05-10,2024,471911,5,4.586969364503334,4.380140075933727
745421,2024-05-10,2024,650633,11,4.586969364503334,6.357883082219479
745421,2024-05-10,2024,607192,10,4.586969364503334,7.058712906592033
745993,2024-05-10,2024,681517,2,4.586969364503334,1.894565560605355
746964,2024-05-10,2024,656557,4,4.586969364503334,5.781045536653198
745264,2024-05-10,2024,693433,3,4.586969364503334,3.5268046315686705
746240,2024-05-10,2024,679525,7,4.586969364503334,4.613208410191986
744940,2024-05-10,2024,657746,7,4.586969364503334,7.006731508723152
744940,2024-05-10,2024,579328,3,4.586969364503334,6.573849198962024
747043,2024-05-10,2024,608344,6,4.586969364503334,5.6620184606498185
745827,2024-05-10,2024,500779,3,4.586969364503334,4.324521827392476
747043,2024-05-10,2024,694297,0,4.586969364503334,4.782901629100203
746240,2024-05-10,2024,656288,3,4.586969364503334,4.906771575154084
745827,2024-05-10,2024,450203,7,4.586969364503334,6.474119690613278
745994,2024-05-11,2024,642547,8,4.586969364503334,6.2615396934846554
746554,2024-05-11,2024,663372,4,4.586969364503334,4.860025457675212
746232,2024-05-11,2024,666142,3,4.586969364503334,6.800902841131159
746232,2024-05-11,2024,542881,4,4.586969364503334,4.363028728465381
745344,2024-05-11,2024,666157,6,4.586969364503334,5.846755684166708
745262,2024-05-11,2024,682243,9,4.586969364503334,4.853736202956101
746480,2024-05-11,2024,686613,7,4.586969364503334,4.613491847567994
746480,2024-05-11,2024,669373,7,4.586969364503334,6.134858877329406
746480,2024-05-11,2024,664299,0,4.586969364503334,1.672585776639265
747041,2024-05-11,2024,669194,3,4.586969364503334,5.2912668023428715
747041,2024-05-11,2024,607644,3,4.586969364503334,5.40451503599415
745262,2024-05-11,2024,683155,5,4.586969364503334,3.2813546101743443
745096,2024-05-11,2024,641793,3,4.586969364503334,4.218033372988582
745096,2024-05-11,2024,641482,5,4.586969364503334,3.8838552567344653
746554,2024-05-11,2024,571760,8,4.586969364503334,4.462981225529137
745422,2024-05-11,2024,572020,4,4.586969364503334,6.099265714877298
745828,2024-05-11,2024,608331,5,4.586969364503334,6.6553226765622036
745422,2024-05-11,2024,663362,6,4.586969364503334,4.064483215033473
745422,2024-05-11,2024,666745,2,4.586969364503334,1.3529238984965306
746069,2024-05-11,2024,666200,8,4.586969364503334,5.337948056903027
745994,2024-05-11,2024,502043,7,4.586969364503334,5.973344945818086
746069,2024-05-11,2024,592836,4,4.586969364503334,4.109599911371727
745828,2024-05-11,2024,681035,8,4.586969364503334,5.727062915852014
745344,2024-05-11,2024,696131,2,4.586969364503334,4.400536303159681
745505,2024-05-11,2024,657006,3,4.586969364503334,4.380529126646104
746963,2024-05-11,2024,663623,6,4.586969364503334,6.627908587186642
744943,2024-05-11,2024,592332,6,4.586969364503334,5.474688894601621
744943,2024-05-11,2024,680573,2,4.586969364503334,5.6498636263926985
746797,2024-05-11,2024,605182,5,4.586969364503334,4.574356350025451
745505,2024-05-11,2024,694973,7,4.586969364503334,6.355076393125015
746963,2024-05-11,2024,681867,9,4.586969364503334,3.8096092023447845
746797,2024-05-11,2024,663474,5,4.586969364503334,6.010521809174077
745499,2024-05-12,2024,543294,5,4.586969364503334,4.2561488248704515
746234,2024-05-12,2024,663776,3,4.586969364503334,5.101061215930238
746476,2024-05-12,2024,661527,2,4.586969364503334,3.270453666116654
746798,2024-05-12,2024,647336,4,4.586969364503334,4.230656754285897
746476,2024-05-12,2024,656427,7,4.586969364503334,6.230003076229633
746476,2024-05-12,2024,434378,8,4.586969364503334,5.800096064783317
746798,2024-05-12,2024,671106,3,4.586969364503334,4.209069737798507
745825,2024-05-12,2024,693821,6,4.586969364503334,3.936879515595213
745990,2024-05-12,2024,669060,1,4.586969364503334,3.747039246101213
745092,2024-05-12,2024,641302,3,4.586969364503334,4.344262244089335
745825,2024-05-12,2024,622663,4,4.586969364503334,5.280680030072127
747042,2024-05-12,2024,665152,10,4.586969364503334,5.394947284902277
747042,2024-05-12,2024,544150,3,4.586969364503334,1.7729339569453622
746068,2024-05-12,2024,666129,8,4.586969364503334,3.8523498222116404
746068,2024-05-12,2024,554430,2,4.586969364503334,4.301257478807443
746965,2024-05-12,2024,669022,9,4.586969364503334,6.671116993915533
745092,2024-05-12,2024,661563,3,4.586969364503334,4.8655659560081705
745499,2024-05-12,2024,663559,1,4.586969364503334,2.8259277781711
746965,2024-05-12,2024,678394,1,4.586969364503334,2.7210947962617302
747042,2024-05-12,2024,668678,4,4.586969364503334,4.92903653702254
745255,2024-05-12,2024,666205,5,4.586969364503334,1.863189818419369
746798,2024-05-12,2024,641745,3,4.586969364503334,2.3036891927279655
745419,2024-05-12,2024,506433,7,4.586969364503334,6.574612189981974
745419,2024-05-12,2024,621111,2,4.586969364503334,4.526070671684753
745255,2024-05-12,2024,622491,8,4.586969364503334,5.533775952250541
746555,2024-05-12,2024,570632,3,4.586969364503334,5.543928644088958
744941,2024-05-12,2024,641927,10,4.586969364503334,6.243900917429451
745345,2024-05-12,2024,593423,3,4.586969364503334,4.207387934727792
745345,2024-05-12,2024,690986,5,4.586969364503334,5.2946584577914555
745255,2024-05-12,2024,622072,1,4.586969364503334,2.2522379205051806
744941,2024-05-12,2024,666201,6,4.586969364503334,3.6625405515921843
746234,2024-05-12,2024,607625,12,4.586969364503334,6.912284183958883
745990,2024-05-12,2024,571945,3,4.586969364503334,5.652716245074585
746555,2024-05-12,2024,621389,2,4.586969364503334,2.6943187791898495
746961,2024-05-13,2024,621107,2,4.586969364503334,5.571093399814221
746393,2024-05-13,2024,548389,1,4.586969364503334,0.979318879556494
745343,2024-05-13,2024,663855,4,4.586969364503334,6.070406489317402
746961,2024-05-13,2024,676710,6,4.586969364503334,6.116914886285854
745343,2024-05-13,2024,808967,6,4.586969364503334,5.572051756580991
745826,2024-05-13,2024,650911,5,4.586969364503334,6.94276209717263
745826,2024-05-13,2024,640455,6,4.586969364503334,5.140084630910978
745019,2024-05-13,2024,547179,4,4.586969364503334,5.123760840876732
747040,2024-05-13,2024,669203,2,4.586969364503334,5.655720361779595
746961,2024-05-13,2024,669711,2,4.586969364503334,2.2534789746780692
747040,2024-05-13,2024,621244,4,4.586969364503334,5.132993215698076
746233,2024-05-13,2024,667755,6,4.586969364503334,4.617919468747093
747128,2024-05-13,2024,625643,4,4.586969364503334,5.335356042624206
746233,2024-05-13,2024,660761,2,4.586969364503334,3.1878742621799034
745256,2024-05-13,2024,663903,6,4.586969364503334,6.555887610395755
745256,2024-05-13,2024,669923,6,4.586969364503334,6.02764179804307
745420,2024-05-13,2024,641712,3,4.586969364503334,3.8434479833075343
745420,2024-05-13,2024,670970,3,4.586969364503334,2.189716230918253
746233,2024-05-13,2024,669461,1,4.586969364503334,2.342471492535977
747204,2024-05-13,2024,668933,3,4.586969364503334,5.496287000225173
745019,2024-05-13,2024,676440,4,4.586969364503334,5.688709570312793
746393,2024-05-13,2024,681293,5,4.586969364503334,5.099478798919449
745991,2024-05-13,2024,656605,7,4.586969364503334,6.308675165131857
747128,2024-05-13,2024,669713,2,4.586969364503334,2.778129447371925
745420,2024-05-13,2024,681190,0,4.586969364503334,4.202973985951952
747128,2024-05-13,2024,684007,8,4.586969364503334,5.792232670976166
747204,2024-05-13,2024,656756,7,4.586969364503334,5.356152322386426
746471,2024-05-13,2024,666159,5,4.586969364503334,5.139349626568379
746471,2024-05-13,2024,664350,2,4.586969364503334,4.3996772341789425
745991,2024-05-13,2024,607067,5,4.586969364503334,5.771800855759065
745991,2024-05-13,2024,676596,1,4.586969364503334,-0.024668730329304722
745418,2024-05-14,2024,656302,8,4.586969364503334,7.329370885853234
746796,2024-05-14,2024,623167,5,4.586969364503334,4.594908811306033
746396,2024-05-14,2024,669854,4,4.586969364503334,2.449062342849243
745909,2024-05-14,2024,663978,4,4.586969364503334,5.721062079014217
745821,2024-05-14,2024,605400,8,4.586969364503334,7.339087632797878
746796,2024-05-14,2024,592866,2,4.586969364503334,4.191119108913959
745909,2024-05-14,2024,607074,6,4.586969364503334,6.137336007140083
746799,2024-05-14,2024,680730,3,4.586969364503334,4.472873236699237
745418,2024-05-14,2024,615698,5,4.586969364503334,4.8370727449693005
746799,2024-05-14,2024,607200,6,4.586969364503334,5.147936816892895
746396,2024-05-14,2024,676664,2,4.586969364503334,6.138426226438502
745821,2024-05-14,2024,676130,4,4.586969364503334,5.594016935080563
745014,2024-05-14,2024,594902,5,4.586969364503334,4.306418058159862
745342,2024-05-14,2024,678495,5,4.586969364503334,2.675026907335883
746962,2024-05-14,2024,650644,6,4.586969364503334,3.963654707385918
746962,2024-05-14,2024,601713,8,4.586969364503334,6.215678763630176
746235,2024-05-14,2024,672282,7,4.586969364503334,5.898485080230002
746235,2024-05-14,2024,543243,9,4.586969364503334,5.577730793639254
747205,2024-05-14,2024,663531,2,4.586969364503334,1.270979743816147
747205,2024-05-14,2024,668881,5,4.586969364503334,6.33263236937352
747205,2024-05-14,2024,677944,3,4.586969364503334,5.479970422766363
745989,2024-05-14,2024,682990,5,4.586969364503334,5.04042043125291
745989,2024-05-14,2024,605452,6,4.586969364503334,5.728493709078907
745257,2024-05-14,2024,608379,7,4.586969364503334,4.731567081716604
745342,2024-05-14,2024,694813,2,4.586969364503334,4.858247143065353
746473,2024-05-14,2024,681857,6,4.586969364503334,5.980772712477211
746473,2024-05-14,2024,677960,4,4.586969364503334,6.056826218709744
745257,2024-05-14,2024,669302,7,4.586969364503334,7.077190321644911
745014,2024-05-14,2024,666720,0,4.586969364503334,1.5564801067922156
745014,2024-05-14,2024,683004,1,4.586969364503334,3.726539096415098
745342,2024-05-14,2024,676775,4,4.586969364503334,4.546806067781564
747124,2024-05-14,2024,519242,9,4.586969364503334,5.911860050283678
747124,2024-05-14,2024,592791,2,4.586969364503334,5.0690168623992475
746231,2024-05-15,2024,656288,5,4.586969364503334,5.31748435214789
746960,2024-05-15,2024,671737,6,4.586969364503334,5.0300017336524006
746960,2024-05-15,2024,656557,7,4.586969364503334,7.695066624246505
745908,2024-05-15,2024,641154,3,4.586969364503334,6.447242659559472
746397,2024-05-15,2024,605156,5,4.586969364503334,4.9333876192486
745341,2024-05-15,2024,674285,3,4.586969364503334,2.331169039049917
745341,2024-05-15,2024,657277,5,4.586969364503334,5.788721293338257
745341,2024-05-15,2024,622694,3,4.586969364503334,5.394785126703803
746795,2024-05-15,2024,571578,0,4.586969364503334,3.6188365396058835
747038,2024-05-15,2024,680694,3,4.586969364503334,5.246625021852023
746231,2024-05-15,2024,458681,5,4.586969364503334,6.186651106610627
745992,2024-05-15,2024,527048,4,4.586969364503334,4.0489978292954465
745992,2024-05-15,2024,682847,5,4.586969364503334,2.623991548388677
745992,2024-05-15,2024,688107,2,4.586969364503334,4.542346162494757
747038,2024-05-15,2024,579328,9,4.586969364503334,5.180648008879312
745015,2024-05-15,2024,592351,3,4.586969364503334,5.671078183465125
745015,2024-05-15,2024,471911,3,4.586969364503334,3.0222147141015894
745259,2024-05-15,2024,679525,7,4.586969364503334,6.948423649318553
745259,2024-05-15,2024,693433,5,4.586969364503334,4.145517637857463
746795,2024-05-15,2024,676979,6,4.586969364503334,6.387840231543412
745908,2024-05-15,2024,573186,2,4.586969364503334,5.1503305714620895
746397,2024-05-15,2024,664285,8,4.586969364503334,5.934935175426294
745417,2024-05-15,2024,596295,5,4.586969364503334,5.057270627097897
745417,2024-05-15,2024,650633,7,4.586969364503334,4.506047106937967
747203,2024-05-15,2024,694297,9,4.586969364503334,6.129068033800779
747203,2024-05-15,2024,671096,4,4.586969364503334,5.340817242545297
747123,2024-05-15,2024,450203,4,4.586969364503334,4.720551871301912
746472,2024-05-15,2024,663554,6,4.586969364503334,6.714762130044822
746472,2024-05-15,2024,669432,6,4.586969364503334,5.125339133527125
745582,2024-05-15,2024,605288,1,4.586969364503334,0.6519467199682962
745582,2024-05-15,2024,605513,0,4.586969364503334,3.6356561387502433
745582,2024-05-15,2024,624133,3,4.586969364503334,3.9051100337741245
745582,2024-05-15,2024,664192,2,4.586969364503334,2.4881895653710755
747123,2024-05-15,2024,665871,7,4.586969364503334,4.656538706240701
745580,2024-05-16,2024,500779,4,4.586969364503334,3.775955876109955
746391,2024-05-16,2024,683155,4,4.586969364503334,4.8738699697547085
746391,2024-05-16,2024,664299,8,4.586969364503334,4.643059452407763
746150,2024-05-16,2024,607259,4,4.586969364503334,3.56949967587036
746150,2024-05-16,2024,607192,8,4.586969364503334,6.124748781496764
746150,2024-05-16,2024,598286,1,4.586969364503334,1.096332982686124
746881,2024-05-16,2024,657006,7,4.586969364503334,5.294141118867407
745580,2024-05-16,2024,592836,1,4.586969364503334,2.827326067174714
746391,2024-05-16,2024,663687,3,4.586969364503334,3.1888267271491033
746881,2024-05-16,2024,683003,7,4.586969364503334,6.1905854703592835
745907,2024-05-16,2024,657746,5,4.586969364503334,6.241187104500855
746959,2024-05-16,2024,641793,3,4.586969364503334,4.832697468574527
746959,2024-05-16,2024,681867,3,4.586969364503334,5.689924945235604
745907,2024-05-16,2024,657376,8,4.586969364503334,5.561748710251309
746388,2024-05-17,2024,686613,5,4.586969364503334,5.210230162870831
747201,2024-05-17,2024,669373,6,4.586969364503334,3.9037655460746192
745579,2024-05-17,2024,554430,6,4.586969364503334,6.758403197446565
745579,2024-05-17,2024,663623,2,4.586969364503334,5.465784672866202
747201,2024-05-17,2024,669194,4,4.586969364503334,4.492398734370729
745178,2024-05-17,2024,502624,1,4.586969364503334,3.1281372805064227
747201,2024-05-17,2024,621199,3,4.586969364503334,1.0468368833036301
745747,2024-05-17,2024,605182,5,4.586969364503334,3.727467746658321
745747,2024-05-17,2024,641482,6,4.586969364503334,5.2983017038753415
747037,2024-05-17,2024,607644,4,4.586969364503334,4.936159992859765
747037,2024-05-17,2024,682243,1,4.586969364503334,5.220048274896919
745178,2024-05-17,2024,678394,4,4.586969364503334,5.973574086076261
746388,2024-05-17,2024,642547,6,4.586969364503334,5.702524752330114
746065,2024-05-17,2024,681035,3,4.586969364503334,4.912318039801307
746065,2024-05-17,2024,677020,2,4.586969364503334,2.510690670942687
746310,2024-05-17,2024,666142,7,4.586969364503334,6.090422072725746
744934,2024-05-17,2024,605135,5,4.586969364503334,6.219997456893888
744934,2024-05-17,2024,641302,4,4.586969364503334,6.166085575776257
746148,2024-05-17,2024,572020,2,4.586969364503334,5.360602497330915
746148,2024-05-17,2024,593423,1,4.586969364503334,6.785873728833985
745016,2024-05-17,2024,542881,4,4.586969364503334,4.495768248158429
745016,2024-05-17,2024,571760,5,4.586969364503334,5.0634380829972985
746065,2024-05-17,2024,666200,7,4.586969364503334,5.981742226402788
746310,2024-05-17,2024,687765,4,4.586969364503334,4.731069276695393
746878,2024-05-17,2024,694973,11,4.586969364503334,7.427973358160011
746878,2024-05-17,2024,669387,1,4.586969364503334,3.257636019134246
746878,2024-05-17,2024,543294,4,4.586969364503334,4.275219694630881
746641,2024-05-17,2024,663474,5,4.586969364503334,4.944079003051894
745335,2024-05-17,2024,663372,2,4.586969364503334,3.6672391168944545
745335,2024-05-17,2024,696131,2,4.586969364503334,1.3780079901623008
746641,2024-05-17,2024,680573,2,4.586969364503334,4.9304380747605565
746310,2024-05-17,2024,656232,1,4.586969364503334,1.3792840498435561
745016,2024-05-17,2024,641312,3,4.586969364503334,2.465675124039885
745178,2024-05-17,2024,502043,3,4.586969364503334,3.933375446303975
747122,2024-05-17,2024,608331,2,4.586969364503334,4.6912474115489475
747122,2024-05-17,2024,663362,10,4.586969364503334,5.133848208021795
745744,2024-05-18,2024,661563,14,4.586969364503334,6.206676220293899
745744,2024-05-18,2024,647336,7,4.586969364503334,5.128855002911933
745744,2024-05-18,2024,641745,4,4.586969364503334,4.867268214114391
747202,2024-05-18,2024,656427,9,4.586969364503334,6.135792324619447
744938,2024-05-18,2024,592332,6,4.586969364503334,7.441952533798763
744938,2024-05-18,2024,621107,3,4.586969364503334,3.377555518664895
745339,2024-05-18,2024,621389,3,4.586969364503334,3.629820837866978
745339,2024-05-18,2024,683232,1,4.586969364503334,2.2826382177344127
745339,2024-05-18,2024,690986,4,4.586969364503334,3.6257799480002646
746642,2024-05-18,2024,641927,4,4.586969364503334,5.767312376247875
745177,2024-05-18,2024,676710,5,4.586969364503334,5.7394397240118025
746642,2024-05-18,2024,658648,2,4.586969364503334,1.908263407192094
746642,2024-05-18,2024,671106,7,4.586969364503334,4.291465667723457
746389,2024-05-18,2024,669060,3,4.586969364503334,2.158957225483743
746389,2024-05-18,2024,434378,3,4.586969364503334,6.002518623411739
747036,2024-05-18,2024,680570,7,4.586969364503334,4.602767346752743
747036,2024-05-18,2024,622491,2,4.586969364503334,4.470282810158946
746142,2024-05-18,2024,668933,5,4.586969364503334,6.417980844896264
746142,2024-05-18,2024,621111,7,4.586969364503334,4.544181212422174
747202,2024-05-18,2024,668678,10,4.586969364503334,5.968546833583493
745177,2024-05-18,2024,571945,4,4.586969364503334,4.365021009306132
745013,2024-05-18,2024,570632,3,4.586969364503334,5.6897060337843905
746308,2024-05-18,2024,548389,2,4.586969364503334,4.882799397452424
745581,2024-05-18,2024,650911,8,4.586969364503334,5.592607091495897
745013,2024-05-18,2024,663776,5,4.586969364503334,5.604332783998852
746067,2024-05-18,2024,622663,3,4.586969364503334,5.136092811445354
746067,2024-05-18,2024,666129,5,4.586969364503334,5.072531487879345
745581,2024-05-18,2024,669022,3,4.586969364503334,5.380332005555327
746882,2024-05-18,2024,684007,7,4.586969364503334,5.225917330188065
746308,2024-05-18,2024,607625,10,4.586969364503334,6.062410646038681
746882,2024-05-18,2024,663559,2,4.586969364503334,3.6242326296498133
745336,2024-05-19,2024,663855,1,4.586969364503334,2.952694635818631
746636,2024-05-19,2024,663978,6,4.586969364503334,6.08253010263183
746636,2024-05-19,2024,676440,8,4.586969364503334,5.379625744787264
746880,2024-05-19,2024,676962,3,4.586969364503334,1.9770006376812983
746880,2024-05-19,2024,656605,3,4.586969364503334,4.466539760149631
746880,2024-05-19,2024,592791,4,4.586969364503334,5.590299012119411
746144,2024-05-19,2024,668881,8,4.586969364503334,6.605211270886486
746306,2024-05-19,2024,663903,9,4.586969364503334,5.1475208225495654
746064,2024-05-19,2024,664350,2,4.586969364503334,5.131174813209435
747120,2024-05-19,2024,693821,3,4.586969364503334,4.801121858156416
746064,2024-05-19,2024,640455,4,4.586969364503334,4.958811554489165
745012,2024-05-19,2024,667755,5,4.586969364503334,5.3989333309268215
747198,2024-05-19,2024,666159,1,4.586969364503334,5.566779770265432
744937,2024-05-19,2024,666201,7,4.586969364503334,6.314214828772527
744937,2024-05-19,2024,650644,3,4.586969364503334,5.128054790055206
745336,2024-05-19,2024,641712,3,4.586969364503334,4.278019427427833
746306,2024-05-19,2024,676664,4,4.586969364503334,3.6220919758585373
746144,2024-05-19,2024,689017,5,4.586969364503334,3.0945764433380214
747198,2024-05-19,2024,656756,3,4.586969364503334,5.723000664754281
745012,2024-05-19,2024,547179,6,4.586969364503334,6.110769622562288
747120,2024-05-19,2024,506433,9,4.586969364503334,6.645689894312239
745745,2024-05-19,2024,543859,2,4.586969364503334,4.032503672751692
745577,2024-05-19,2024,605400,5,4.586969364503334,6.141958145023588
745577,2024-05-19,2024,592866,3,4.586969364503334,5.791154990154753
745745,2024-05-19,2024,607074,6,4.586969364503334,6.309814075267578
746392,2024-05-19,2024,681293,6,4.586969364503334,5.871611032259389
746392,2024-05-19,2024,669952,2,4.586969364503334,1.9101435272419591
746392,2024-05-19,2024,607067,5,4.586969364503334,5.94416642334281
745179,2024-05-19,2024,687798,3,4.586969364503334,2.6792414135205984
747120,2024-05-19,2024,678061,4,4.586969364503334,4.688955646249615
745179,2024-05-19,2024,669461,3,4.586969364503334,3.770247243523607
747035,2024-05-19,2024,669923,3,4.586969364503334,5.027653040356149
747035,2024-05-19,2024,669203,11,4.586969364503334,6.236620125571386
745179,2024-05-19,2024,601713,8,4.586969364503334,4.547183465047168
745745,2024-05-19,2024,623167,4,4.586969364503334,4.295742562962636
745746,2024-05-20,2024,573186,6,4.586969364503334,5.628365787208566
744857,2024-05-20,2024,641154,5,4.586969364503334,5.040786559974502
747121,2024-05-20,2024,519242,9,4.586969364503334,6.623977870482418
746307,2024-05-20,2024,608379,3,4.586969364503334,4.545505711270694
746307,2024-05-20,2024,681857,2,4.586969364503334,3.915907256497989
746066,2024-05-20,2024,657649,0,4.586969364503334,2.6542279446880093
747119,2024-05-20,2024,656302,5,4.586969364503334,5.780069914667615
747119,2024-05-20,2024,670810,2,4.586969364503334,2.8068674439941637
744935,2024-05-20,2024,621244,6,4.586969364503334,6.171849272357412
744935,2024-05-20,2024,607200,2,4.586969364503334,4.171246001936056
746146,2024-05-20,2024,808967,8,4.586969364503334,5.804546783383013
747119,2024-05-20,2024,625643,4,4.586969364503334,4.801894901606041
746637,2024-05-20,2024,594902,7,4.586969364503334,4.1140189746378075
746066,2024-05-20,2024,677960,8,4.586969364503334,5.545348779370918
746390,2024-05-20,2024,664285,3,4.586969364503334,4.6630624459634324
746390,2024-05-20,2024,672282,3,4.586969364503334,3.9319095161385995
746146,2024-05-20,2024,677944,2,4.586969364503334,3.921070629141168
746637,2024-05-20,2024,656731,7,4.586969364503334,4.763848400757163
744857,2024-05-20,2024,680730,7,4.586969364503334,5.383763437799155
745181,2024-05-20,2024,543243,6,4.586969364503334,5.418843571539372
745746,2024-05-20,2024,669302,1,4.586969364503334,4.229012901392086
745093,2024-05-20,2024,656557,5,4.586969364503334,6.08770405482571
745093,2024-05-20,2024,671737,10,4.586969364503334,5.631350317659709
747121,2024-05-20,2024,681190,2,4.586969364503334,6.011325201421478
745181,2024-05-20,2024,665152,2,4.586969364503334,4.9938866903038654
746145,2024-05-21,2024,694297,7,4.586969364503334,6.117889273190185
746145,2024-05-21,2024,694813,5,4.586969364503334,5.019388678500147
746385,2024-05-21,2024,664299,1,4.586969364503334,3.669305101908079
746633,2024-05-21,2024,675540,2,4.586969364503334,3.6030444922169416
745503,2024-05-21,2024,527048,4,4.586969364503334,5.155639957435149
745503,2024-05-21,2024,657277,6,4.586969364503334,6.207565728993198
745503,2024-05-21,2024,682847,0,4.586969364503334,2.189204216980939
745180,2024-05-21,2024,680694,6,4.586969364503334,4.857911019997743
745180,2024-05-21,2024,458681,5,4.586969364503334,4.318421794480942
744860,2024-05-21,2024,657746,6,4.586969364503334,6.335429347593972
745090,2024-05-21,2024,681867,6,4.586969364503334,4.936666600106618
745090,2024-05-21,2024,641793,7,4.586969364503334,4.143203184475317
746633,2024-05-21,2024,605288,4,4.586969364503334,3.226079336103516
746875,2024-05-21,2024,665871,4,4.586969364503334,5.014592792711879
746309,2024-05-21,2024,663554,2,4.586969364503334,3.170677602490056
744860,2024-05-21,2024,571578,3,4.586969364503334,5.125377394717332
745742,2024-05-21,2024,693433,7,4.586969364503334,4.912105687698925
745578,2024-05-21,2024,592351,4,4.586969364503334,3.843798127267817
745578,2024-05-21,2024,624133,10,4.586969364503334,6.5238557696004476
746875,2024-05-21,2024,450203,8,4.586969364503334,5.78043514893641
744936,2024-05-21,2024,676979,4,4.586969364503334,4.948418462880939
744936,2024-05-21,2024,579328,6,4.586969364503334,6.2424380914928275
745742,2024-05-21,2024,657376,6,4.586969364503334,7.094629304841047
746058,2024-05-21,2024,688107,0,4.586969364503334,3.891394376146631
745662,2024-05-21,2024,615698,8,4.586969364503334,5.709688717951509
746716,2024-05-21,2024,671096,2,4.586969364503334,4.928074392884009
746716,2024-05-21,2024,605397,3,4.586969364503334,4.536250594771834
746385,2024-05-21,2024,656288,2,4.586969364503334,5.139828664651632
746309,2024-05-21,2024,679525,5,4.586969364503334,4.764249168202867
746058,2024-05-21,2024,669432,4,4.586969364503334,5.115454110111057
745662,2024-05-21,2024,605156,3,4.586969364503334,4.050078903332952
746712,2024-05-22,2024,650633,6,4.586969364503334,5.0437079511832925
746712,2024-05-22,2024,607259,2,4.586969364503334,3.058714848574196
744933,2024-05-22,2024,647336,3,4.586969364503334,2.9313871656755746
744933,2024-05-22,2024,605135,4,4.586969364503334,6.05044710709534
745173,2024-05-22,2024,608344,2,4.586969364503334,2.661665239064585
746143,2024-05-22,2024,607192,6,4.586969364503334,6.551814952323204
745173,2024-05-22,2024,607644,1,4.586969364503334,2.618909222203982
744933,2024-05-22,2024,680897,0,4.586969364503334,4.620209358273354
746143,2024-05-22,2024,669194,5,4.586969364503334,4.417283473787778
746063,2024-05-22,2024,666200,4,4.586969364503334,6.083740675686931
745743,2024-05-22,2024,682243,4,4.586969364503334,4.066948430847661
746634,2024-05-22,2024,663474,5,4.586969364503334,5.494931727540169
746634,2024-05-22,2024,500779,4,4.586969364503334,3.103326084186735
745173,2024-05-22,2024,502043,3,4.586969364503334,3.8001929841885023
746304,2024-05-22,2024,666142,12,4.586969364503334,6.673014459557931
746304,2024-05-22,2024,669373,6,4.586969364503334,5.725361228693387
745502,2024-05-22,2024,683003,5,4.586969364503334,6.221315756660859
745502,2024-05-22,2024,605483,5,4.586969364503334,4.80606256927864
746063,2024-05-22,2024,642547,7,4.586969364503334,5.500852128353885
745743,2024-05-22,2024,641482,6,4.586969364503334,5.59072141296457
745089,2024-05-22,2024,686752,3,4.586969364503334,4.250619927676168
745576,2024-05-22,2024,592836,5,4.586969364503334,3.9381598013699657
744856,2024-05-22,2024,680573,1,4.586969364503334,4.161508995366837
746876,2024-05-22,2024,657006,5,4.586969364503334,5.478597842828691
746876,2024-05-22,2024,621016,2,4.586969364503334,1.8923080163747175
746876,2024-05-22,2024,608331,9,4.586969364503334,6.640587505321331
744856,2024-05-22,2024,663623,6,4.586969364503334,4.94944052826554
745576,2024-05-22,2024,666720,2,4.586969364503334,3.1853404975177018
745661,2024-05-22,2024,687765,4,4.586969364503334,3.6793082499111787
745661,2024-05-22,2024,596295,6,4.586969364503334,4.984347323283087
746386,2024-05-22,2024,686613,3,4.586969364503334,4.895622588331128
746386,2024-05-22,2024,542881,4,4.586969364503334,4.783834476036946
745576,2024-05-22,2024,642546,4,4.586969364503334,3.427064649211707
745089,2024-05-22,2024,678394,6,4.586969364503334,4.995709760379793
745576,2024-05-22,2024,641540,4,4.586969364503334,3.3124592802260215
745741,2024-05-23,2024,661563,8,4.586969364503334,5.802905347387621
745660,2024-05-23,2024,663372,6,4.586969364503334,5.356612926657773
745660,2024-05-23,2024,683155,6,4.586969364503334,5.890623748390641
746792,2024-05-23,2024,605182,5,4.586969364503334,5.545623946066587
745500,2024-05-23,2024,694973,3,4.586969364503334,6.515940330292595
745500,2024-05-23,2024,696131,2,4.586969364503334,1.9817214864581967
746874,2024-05-23,2024,700363,4,4.586969364503334,6.211143778517948
745573,2024-05-23,2024,554430,5,4.586969364503334,5.072427493556247
745573,2024-05-23,2024,571760,1,4.586969364503334,4.521645739614779
745741,2024-05-23,2024,622491,3,4.586969364503334,4.990303504093704
746792,2024-05-23,2024,680570,7,4.586969364503334,6.0819846335447325
746874,2024-05-23,2024,676962,6,4.586969364503334,4.186719941400329
746474,2024-05-23,2024,656427,9,4.586969364503334,6.878891345164793
746474,2024-05-23,2024,592332,10,4.586969364503334,5.7813394814445855
746792,2024-05-23,2024,694363,1,4.586969364503334,1.0405708833732543
746714,2024-05-23,2024,663362,7,4.586969364503334,4.37934968756698
746714,2024-05-23,2024,593423,3,4.586969364503334,5.68487822092369
746558,2024-05-24,2024,621389,2,4.586969364503334,3.3609004375554568
746956,2024-05-24,2024,676710,4,4.586969364503334,5.727725254618144
746956,2024-05-24,2024,669060,7,4.586969364503334,4.149842989699334
746956,2024-05-24,2024,502624,2,4.586969364503334,3.2548911701823915
745822,2024-05-24,2024,681035,4,4.586969364503334,5.360666036739058
747200,2024-05-24,2024,668678,5,4.586969364503334,5.518258169109802
746713,2024-05-24,2024,668933,3,4.586969364503334,4.342854724249382
745087,2024-05-24,2024,641302,4,4.586969364503334,4.6022588012809225
747200,2024-05-24,2024,666129,6,4.586969364503334,5.479136706795287
746793,2024-05-24,2024,623167,2,4.586969364503334,4.640870595303484
745415,2024-05-24,2024,506433,5,4.586969364503334,4.210461803456016
745087,2024-05-24,2024,607625,3,4.586969364503334,6.356239180126857
744853,2024-05-24,2024,669022,8,4.586969364503334,6.162585031093869
744853,2024-05-24,2024,669923,3,4.586969364503334,4.33818854044613
746793,2024-05-24,2024,669203,6,4.586969364503334,6.078872839754619
746558,2024-05-24,2024,650911,2,4.586969364503334,4.705667571823543
745663,2024-05-24,2024,666205,1,4.586969364503334,2.0433654892596538
745905,2024-05-24,2024,641927,5,4.586969364503334,5.360411656758552
745822,2024-05-24,2024,690986,6,4.586969364503334,6.167287581555592
745501,2024-05-24,2024,663559,4,4.586969364503334,5.802803515025418
746227,2024-05-24,2024,663776,4,4.586969364503334,4.303982227093903
746475,2024-05-24,2024,628317,1,4.586969364503334,3.7849753637858674
746475,2024-05-24,2024,666201,4,4.586969364503334,5.824407531186522
745501,2024-05-24,2024,670241,2,4.586969364503334,4.412377719273866
745501,2024-05-24,2024,678061,6,4.586969364503334,3.622395002523497
746475,2024-05-24,2024,689225,2,4.586969364503334,1.6953602639342176
746227,2024-05-24,2024,660761,2,4.586969364503334,3.066370098141035
746713,2024-05-24,2024,572020,4,4.586969364503334,5.566005451857567
745663,2024-05-24,2024,434378,9,4.586969364503334,6.094618457450721
745415,2024-05-24,2024,607074,2,4.586969364503334,6.5606982674100385
746227,2024-05-24,2024,671106,7,4.586969364503334,5.231833651048073
745663,2024-05-24,2024,548389,3,4.586969364503334,2.3154232412641607
745905,2024-05-24,2024,570632,6,4.586969364503334,4.985336879988995
745411,2024-05-25,2024,656302,9,4.586969364503334,7.633560205060699
745658,2024-05-25,2024,681293,7,4.586969364503334,5.681566913053496
745823,2024-05-25,2024,622663,6,4.586969364503334,5.848198431932411
747199,2024-05-25,2024,664350,2,4.586969364503334,4.575986493129901
747199,2024-05-25,2024,656756,4,4.586969364503334,4.399404739375824
746470,2024-05-25,2024,621244,5,4.586969364503334,4.329418144007861
745823,2024-05-25,2024,663855,8,4.586969364503334,5.4896360283071175
746794,2024-05-25,2024,669211,2,4.586969364503334,2.4791240028735393
746794,2024-05-25,2024,607200,6,4.586969364503334,5.2898848649657575
745176,2024-05-25,2024,592791,3,4.586969364503334,6.263516386990663
746794,2024-05-25,2024,544150,3,4.586969364503334,4.720204332562628
745176,2024-05-25,2024,571945,6,4.586969364503334,5.36561397478577
745658,2024-05-25,2024,676664,1,4.586969364503334,3.7003498924828033
746470,2024-05-25,2024,681857,4,4.586969364503334,5.283377035647416
745086,2024-05-25,2024,663903,3,4.586969364503334,5.273862858076911
746958,2024-05-25,2024,607067,2,4.586969364503334,3.2182535601932574
745411,2024-05-25,2024,573186,5,4.586969364503334,4.807209052325891
744851,2024-05-25,2024,592866,8,4.586969364503334,4.644265884145451
745901,2024-05-25,2024,547179,4,4.586969364503334,4.344599294652105
746556,2024-05-25,2024,641712,2,4.586969364503334,3.9181827450303697
746556,2024-05-25,2024,605400,5,4.586969364503334,6.866635143252776
746710,2024-05-25,2024,668881,5,4.586969364503334,7.395018210729244
745493,2024-05-25,2024,625643,3,4.586969364503334,4.088476287457156
746710,2024-05-25,2024,621111,4,4.586969364503334,5.210765624417893
745493,2024-05-25,2024,656605,4,4.586969364503334,5.1556036888532155
746958,2024-05-25,2024,677161,2,4.586969364503334,3.283650263271595
744851,2024-05-25,2024,669302,4,4.586969364503334,4.830510222178405
745086,2024-05-25,2024,650644,5,4.586969364503334,4.306186489342432
746958,2024-05-25,2024,601713,3,4.586969364503334,4.836999437929944
745411,2024-05-25,2024,596133,1,4.586969364503334,1.9839068187523088
746226,2024-05-25,2024,676440,6,4.586969364503334,5.782244624057646
746226,2024-05-25,2024,667755,8,4.586969364503334,5.75335657812918
745901,2024-05-25,2024,663978,3,4.586969364503334,3.7139069908657545
744855,2024-05-26,2024,693433,1,4.586969364503334,3.875230585386606
746789,2024-05-26,2024,647336,5,4.586969364503334,3.6777823518279806
745498,2024-05-26,2024,519242,8,4.586969364503334,6.123963790338011
745498,2024-05-26,2024,527048,2,4.586969364503334,1.4362751732941827
746789,2024-05-26,2024,680694,11,4.586969364503334,6.384292129312094
745902,2024-05-26,2024,641154,6,4.586969364503334,5.895718784735753
746789,2024-05-26,2024,676979,11,4.586969364503334,5.800750843598925
745902,2024-05-26,2024,642520,2,4.586969364503334,5.1980633125580935
745172,2024-05-26,2024,665871,8,4.586969364503334,3.3852299035932063
745413,2024-05-26,2024,657376,6,4.586969364503334,5.753468570819779
745824,2024-05-26,2024,657277,8,4.586969364503334,5.641410763558174
744855,2024-05-26,2024,571578,4,4.586969364503334,4.5679197266336145
746957,2024-05-26,2024,656557,7,4.586969364503334,5.573444066560499
745172,2024-05-26,2024,543243,8,4.586969364503334,4.438734329750072
746711,2024-05-26,2024,607259,3,4.586969364503334,4.030343487317187
746557,2024-05-26,2024,615698,5,4.586969364503334,5.514331848598887
746557,2024-05-26,2024,624133,9,4.586969364503334,5.833590746400282
746711,2024-05-26,2024,686730,3,4.586969364503334,3.4641854605313007
746711,2024-05-26,2024,808967,8,4.586969364503334,6.474624323373909
745088,2024-05-26,2024,608379,7,4.586969364503334,5.8133509164509745
746230,2024-05-26,2024,672282,8,4.586969364503334,6.088939001089064
746230,2024-05-26,2024,594902,5,4.586969364503334,4.205439307547931
746469,2024-05-26,2024,579328,0,4.586969364503334,2.4782805747128185
745088,2024-05-26,2024,671737,6,4.586969364503334,6.049316328262032
746469,2024-05-26,2024,663554,0,4.586969364503334,5.346936900917698
745824,2024-05-26,2024,640455,6,4.586969364503334,4.624994024798746
745824,2024-05-26,2024,605288,2,4.586969364503334,1.0099159002396787
746957,2024-05-26,2024,668964,4,4.586969364503334,1.9772178512530543
747197,2024-05-26,2024,686796,4,4.586969364503334,2.793291849938228
745653,2024-05-26,2024,672552,2,4.586969364503334,2.2730657347998693
745653,2024-05-26,2024,605156,1,4.586969364503334,4.057276030608401
745653,2024-05-26,2024,669854,6,4.586969364503334,5.874551271865896
747197,2024-05-26,2024,677960,7,4.586969364503334,5.910661304289564
745413,2024-05-26,2024,605397,5,4.586969364503334,5.257576781611115
747118,2024-05-27,2024,450203,7,4.586969364503334,6.637174595780637
745338,2024-05-27,2024,605483,7,4.586969364503334,5.595990491676792
746788,2024-05-27,2024,605135,7,4.586969364503334,3.243187640018034
745254,2024-05-27,2024,682243,6,4.586969364503334,5.7473388090554485
745254,2024-05-27,2024,664285,4,4.586969364503334,5.526886470753777
746549,2024-05-27,2024,683627,0,4.586969364503334,1.3368534568832944
746549,2024-05-27,2024,642028,2,4.586969364503334,3.678964834070693
746788,2024-05-27,2024,680897,5,4.586969364503334,4.091580937858213
747118,2024-05-27,2024,680730,6,4.586969364503334,6.606960243259492
746549,2024-05-27,2024,675540,3,4.586969364503334,4.052769733957798
745416,2024-05-27,2024,669432,3,4.586969364503334,4.445456014349008
745904,2024-05-27,2024,657746,9,4.586969364503334,6.7710532869004165
747034,2024-05-27,2024,681867,2,4.586969364503334,3.1038654377431643
745904,2024-05-27,2024,679525,7,4.586969364503334,6.581199888212198
747034,2024-05-27,2024,641745,2,4.586969364503334,3.6148259062633246
747034,2024-05-27,2024,608344,6,4.586969364503334,5.338779314374928
746708,2024-05-27,2024,666157,3,4.586969364503334,4.7643837483203315
745986,2024-05-27,2024,657006,8,4.586969364503334,5.366435297195129
746708,2024-05-27,2024,458681,5,4.586969364503334,4.657504176680956
745338,2024-05-27,2024,592836,4,4.586969364503334,5.44365976836623
745986,2024-05-27,2024,688107,7,4.586969364503334,5.227558399487924
745416,2024-05-27,2024,650633,7,4.586969364503334,5.264472849530958
746229,2024-05-28,2024,641482,4,4.586969364503334,5.29577555392551
745987,2024-05-28,2024,642547,11,4.586969364503334,6.987959056045422
745818,2024-05-28,2024,607192,8,4.586969364503334,5.50838801507695
745816,2024-05-28,2024,694813,7,4.586969364503334,4.538334488071276
747115,2024-05-28,2024,608331,6,4.586969364503334,5.87325522480172
747115,2024-05-28,2024,663623,10,4.586969364503334,5.609930388958963
745816,2024-05-28,2024,500779,3,4.586969364503334,4.244265933189038
745818,2024-05-28,2024,656731,9,4.586969364503334,5.465398869188026
746229,2024-05-28,2024,656288,5,4.586969364503334,4.49236447436762
745337,2024-05-28,2024,675921,4,4.586969364503334,2.263035917949895
747033,2024-05-28,2024,678394,7,4.586969364503334,5.885802334836386
745091,2024-05-28,2024,687765,4,4.586969364503334,6.047179219781247
745091,2024-05-28,2024,641793,9,4.586969364503334,5.228761645476272
745017,2024-05-28,2024,571760,1,4.586969364503334,1.4667692023889827
746552,2024-05-28,2024,663372,1,4.586969364503334,4.054196893775107
746552,2024-05-28,2024,663474,9,4.586969364503334,5.82357199227705
746791,2024-05-28,2024,663765,4,4.586969364503334,5.0097894623742665
747033,2024-05-28,2024,680570,10,4.586969364503334,5.671589369276119
746791,2024-05-28,2024,592332,3,4.586969364503334,5.103917892234007
745017,2024-05-28,2024,694297,5,4.586969364503334,6.122302881530764
746709,2024-05-28,2024,671096,3,4.586969364503334,5.363973244110446
746709,2024-05-28,2024,502043,6,4.586969364503334,5.658726282117749
745903,2024-05-28,2024,680573,4,4.586969364503334,4.9217354592646645
745903,2024-05-28,2024,666142,7,4.586969364503334,6.169354508673118
745412,2024-05-28,2024,663362,8,4.586969364503334,4.3904193537728275
745412,2024-05-28,2024,666200,4,4.586969364503334,5.284995359411275
745258,2024-05-28,2024,686613,9,4.586969364503334,4.629166691502271
745258,2024-05-28,2024,622491,6,4.586969364503334,4.913318666239678
745337,2024-05-28,2024,554430,9,4.586969364503334,6.9474147725127535
745987,2024-05-28,2024,676962,10,4.586969364503334,6.100782789375599
745817,2024-05-29,2024,656849,3,4.586969364503334,4.8847072932603774
745988,2024-05-29,2024,543294,1,4.586969364503334,0.5914576584258837
745988,2024-05-29,2024,669060,1,4.586969364503334,4.124361838886789
745084,2024-05-29,2024,686752,7,4.586969364503334,5.213442608360188
745084,2024-05-29,2024,683155,5,4.586969364503334,5.522601223166089
747117,2024-05-29,2024,680885,5,4.586969364503334,6.164627997078557
747117,2024-05-29,2024,669022,10,4.586969364503334,6.183075280624532
746468,2024-05-29,2024,694973,9,4.586969364503334,7.081514541682061
746468,2024-05-29,2024,672456,5,4.586969364503334,5.3756207998708385
746468,2024-05-29,2024,666214,3,4.586969364503334,2.148705795727876
745250,2024-05-29,2024,669923,8,4.586969364503334,5.923228091888915
746467,2024-05-29,2024,669373,8,4.586969364503334,6.098742049958765
746467,2024-05-29,2024,682847,3,4.586969364503334,2.144929052199348
746790,2024-05-29,2024,623167,6,4.586969364503334,4.747829681933315
745988,2024-05-29,2024,684007,1,4.586969364503334,4.714239782974927
745333,2024-05-29,2024,690986,5,4.586969364503334,6.067912819436769
745333,2024-05-29,2024,650911,7,4.586969364503334,6.147120066373558
746706,2024-05-29,2024,669467,4,4.586969364503334,4.847529563905403
746706,2024-05-29,2024,593423,5,4.586969364503334,6.696972196849305
745250,2024-05-29,2024,434378,9,4.586969364503334,5.406399340013683
745900,2024-05-29,2024,607625,5,4.586969364503334,5.9995772949169055
745414,2024-05-29,2024,666745,2,4.586969364503334,0.2540622906517145
745414,2024-05-29,2024,666129,2,4.586969364503334,5.030395288475682
745414,2024-05-29,2024,506433,2,4.586969364503334,3.6778869213073655
746551,2024-05-29,2024,621389,5,4.586969364503334,5.2766487338341035
746467,2024-05-29,2024,683003,2,4.586969364503334,5.05337570898306
745011,2024-05-29,2024,641540,6,4.586969364503334,4.407908088519888
746228,2024-05-29,2024,661563,9,4.586969364503334,5.30885688777339
746228,2024-05-29,2024,542881,4,4.586969364503334,5.097882985385704
745900,2024-05-29,2024,641927,4,4.586969364503334,5.027349225169863
746551,2024-05-29,2024,671106,1,4.586969364503334,2.2472793424117437
745817,2024-05-29,2024,572020,3,4.586969364503334,2.5120355634978857
747031,2024-05-29,2024,676710,5,4.586969364503334,5.330511227073576
747031,2024-05-29,2024,669203,5,4.586969364503334,6.829535423656023
745011,2024-05-29,2024,669194,3,4.586969364503334,5.999932892921389
745898,2024-05-30,2024,663978,4,4.586969364503334,5.204516228627663
747114,2024-05-30,2024,678061,7,4.586969364503334,4.679146184127744
745819,2024-05-30,2024,681035,4,4.586969364503334,5.126474361557648
746225,2024-05-30,2024,663776,7,4.586969364503334,5.483781528217443
745985,2024-05-30,2024,592791,4,4.586969364503334,5.1359979007518595
745985,2024-05-30,2024,607067,5,4.586969364503334,5.092806252282351
745081,2024-05-30,2024,641302,7,4.586969364503334,3.465289441816055
745081,2024-05-30,2024,663687,7,4.586969364503334,6.11586342183319
745081,2024-05-30,2024,695243,4,4.586969364503334,2.1012303461504995
745249,2024-05-30,2024,681293,8,4.586969364503334,5.158540001770995
745249,2024-05-30,2024,669302,5,4.586969364503334,6.64085646565163
745898,2024-05-30,2024,663738,2,4.586969364503334,3.531598554191433
746225,2024-05-30,2024,607074,5,4.586969364503334,5.44607304748394
747114,2024-05-30,2024,592866,4,4.586969364503334,5.026043563607483
746954,2024-05-30,2024,601713,9,4.586969364503334,6.623390475230361
746954,2024-05-30,2024,656427,9,4.586969364503334,6.851984374563774
746059,2024-05-31,2024,642546,3,4.586969364503334,2.4699360878323064
746059,2024-05-31,2024,570632,1,4.586969364503334,3.2728103215985582
744928,2024-05-31,2024,663559,5,4.586969364503334,4.592925991136123
746059,2024-05-31,2024,664350,0,4.586969364503334,1.1143191948154856
746140,2024-05-31,2024,641712,3,4.586969364503334,5.397430403677098
744928,2024-05-31,2024,669387,3,4.586969364503334,1.983617770047314
746635,2024-05-31,2024,571578,5,4.586969364503334,4.952211875098441
746635,2024-05-31,2024,676440,7,4.586969364503334,4.961409434051412
746140,2024-05-31,2024,621111,7,4.586969364503334,5.29460545478805
744928,2024-05-31,2024,621244,5,4.586969364503334,5.782033012942455
745574,2024-05-31,2024,571945,5,4.586969364503334,6.000050685707712
745983,2024-05-31,2024,607200,8,4.586969364503334,5.4941485956435105
747116,2024-05-31,2024,676664,5,4.586969364503334,5.316823153110532
746303,2024-05-31,2024,656302,5,4.586969364503334,6.829895614499588
746955,2024-05-31,2024,656557,6,4.586969364503334,6.250082548829164
746955,2024-05-31,2024,628317,6,4.586969364503334,5.266249593382129
745253,2024-05-31,2024,667755,3,4.586969364503334,6.1490750357025465
745253,2024-05-31,2024,693433,2,4.586969364503334,3.418251465767732
745574,2024-05-31,2024,605400,6,4.586969364503334,6.508140298104867
747032,2024-05-31,2024,544150,5,4.586969364503334,5.749144347989047
747032,2024-05-31,2024,650644,3,4.586969364503334,4.689923184088795
746303,2024-05-31,2024,608379,2,4.586969364503334,3.8989021823916206
746877,2024-05-31,2024,668933,4,4.586969364503334,4.271811800163624
745331,2024-05-31,2024,573186,2,4.586969364503334,4.7638382267227435
745331,2024-05-31,2024,663855,4,4.586969364503334,6.490187361618143
746387,2024-05-31,2024,641154,6,4.586969364503334,6.057254081265053
746387,2024-05-31,2024,669854,6,4.586969364503334,5.826440729499482
745820,2024-05-31,2024,663531,2,4.586969364503334,3.020562499616189
745820,2024-05-31,2024,656756,4,4.586969364503334,3.9225616087593034
745820,2024-05-31,2024,622663,4,4.586969364503334,5.2432924897190665
745983,2024-05-31,2024,668964,4,4.586969364503334,4.025917490772576
747116,2024-05-31,2024,625643,8,4.586969364503334,5.5802077855469205
746877,2024-05-31,2024,665871,7,4.586969364503334,4.4172544255709685
745812,2024-06-01,2024,676714,0,4.586969364503334,1.5323328800720466
745812,2024-06-01,2024,677020,2,4.586969364503334,2.0241918901543015
746062,2024-06-01,2024,623211,3,4.586969364503334,1.5403173691778762
746062,2024-06-01,2024,547179,7,4.586969364503334,5.315072851080195
744932,2024-06-01,2024,579328,4,4.586969364503334,5.352567369984856
746062,2024-06-01,2024,677960,11,4.586969364503334,6.100157863480153
744932,2024-06-01,2024,656605,8,4.586969364503334,6.1752175886913925
745812,2024-06-01,2024,677944,4,4.586969364503334,4.3207611264968975
745812,2024-06-01,2024,640455,10,4.586969364503334,5.261684104114222
746138,2024-06-01,2024,808967,7,4.586969364503334,6.063259335397758
745980,2024-06-01,2024,676979,8,4.586969364503334,6.567948459011663
746870,2024-06-01,2024,657006,5,4.586969364503334,5.359450648917837
746870,2024-06-01,2024,668881,5,4.586969364503334,6.427786792680982
746629,2024-06-01,2024,680730,5,4.586969364503334,6.239779185060286
746629,2024-06-01,2024,594902,4,4.586969364503334,5.358990182494906
746952,2024-06-01,2024,681857,5,4.586969364503334,6.164378861419764
746952,2024-06-01,2024,681867,5,4.586969364503334,3.6832458564210455
745251,2024-06-01,2024,682243,9,4.586969364503334,4.610365205666467
745251,2024-06-01,2024,672282,3,4.586969364503334,4.910801567113516
745251,2024-06-01,2024,608334,2,4.586969364503334,1.9585898942140556
745980,2024-06-01,2024,688107,3,4.586969364503334,3.6332506899198815
747029,2024-06-01,2024,606965,2,4.586969364503334,2.8950743474654788
745332,2024-06-01,2024,657277,6,4.586969364503334,5.544153193311824
747029,2024-06-01,2024,671737,3,4.586969364503334,4.455378323919368
745332,2024-06-01,2024,547001,6,4.586969364503334,3.8062124537400788
747111,2024-06-01,2024,605156,1,4.586969364503334,3.9576300911629385
745575,2024-06-01,2024,543243,10,4.586969364503334,5.081136990320436
745575,2024-06-01,2024,605513,6,4.586969364503334,3.475617614584287
747111,2024-06-01,2024,519242,4,4.586969364503334,3.911339930673236
746305,2024-06-01,2024,679525,3,4.586969364503334,3.8551056679012037
746305,2024-06-01,2024,681190,5,4.586969364503334,4.324660249245435
746384,2024-06-01,2024,664285,4,4.586969364503334,4.395364467789785
747029,2024-06-01,2024,680694,6,4.586969364503334,3.9797355177168257
746138,2024-06-01,2024,615698,1,4.586969364503334,5.211335107008808
746384,2024-06-01,2024,657746,4,4.586969364503334,5.942718666098093
746301,2024-06-02,2024,650633,4,4.586969364503334,6.105175656821083
746632,2024-06-02,2024,663623,6,4.586969364503334,6.160888632776616
746632,2024-06-02,2024,471911,5,4.586969364503334,3.5457929886831687
746383,2024-06-02,2024,680573,6,4.586969364503334,4.490468209559452
744929,2024-06-02,2024,682990,3,4.586969364503334,4.620476162342848
746061,2024-06-02,2024,571760,7,4.586969364503334,5.558716283475941
746061,2024-06-02,2024,669432,3,4.586969364503334,4.0452042542569915
746301,2024-06-02,2024,666142,6,4.586969364503334,5.673893220774473
745572,2024-06-02,2024,592836,5,4.586969364503334,5.082234105834961
746383,2024-06-02,2024,686613,7,4.586969364503334,5.52749836572822
745572,2024-06-02,2024,458681,4,4.586969364503334,4.393350260029526
745330,2024-06-02,2024,641482,7,4.586969364503334,5.608214014415032
745330,2024-06-02,2024,605483,7,4.586969364503334,5.957286908061884
744929,2024-06-02,2024,605135,7,4.586969364503334,5.07756448473407
745984,2024-06-02,2024,642547,7,4.586969364503334,6.52826134431122
745984,2024-06-02,2024,680897,1,4.586969364503334,4.570883464840977
745813,2024-06-02,2024,500779,4,4.586969364503334,4.235072583020912
745813,2024-06-02,2024,694297,8,4.586969364503334,5.846762826618789
747110,2024-06-02,2024,665622,6,4.586969364503334,5.514589828195299
747110,2024-06-02,2024,450203,6,4.586969364503334,5.8113898064948835
747030,2024-06-02,2024,641793,2,4.586969364503334,4.894406922384854
747030,2024-06-02,2024,608344,1,4.586969364503334,4.546000291359062
746141,2024-06-02,2024,596295,2,4.586969364503334,5.06838651205542
746141,2024-06-02,2024,663567,3,4.586969364503334,5.1860748245985
746953,2024-06-02,2024,678394,5,4.586969364503334,5.753372619897467
746141,2024-06-02,2024,694813,6,4.586969364503334,4.813453031102825
746871,2024-06-02,2024,543294,3,4.586969364503334,0.4970354295445478
746953,2024-06-02,2024,663554,4,4.586969364503334,4.738065997205049
745252,2024-06-02,2024,622491,6,4.586969364503334,5.366502687535175
745252,2024-06-02,2024,656288,4,4.586969364503334,4.60881565320205
746871,2024-06-02,2024,666157,3,4.586969364503334,4.9851765978495175
746871,2024-06-02,2024,676962,6,4.586969364503334,3.9605277536608012
745569,2024-06-03,2024,554430,6,4.586969364503334,6.767935626137147
746382,2024-06-03,2024,434378,4,4.586969364503334,6.373238482693379
746382,2024-06-03,2024,502043,8,4.586969364503334,5.594621174807523
747194,2024-06-03,2024,669194,1,4.586969364503334,3.384183056202616
746548,2024-06-03,2024,671096,6,4.586969364503334,5.606890982052499
744854,2024-06-03,2024,656731,4,4.586969364503334,4.382631123157957
744854,2024-06-03,2024,669022,2,4.586969364503334,5.929079454133545
746548,2024-06-03,2024,663372,3,4.586969364503334,3.732316900711024
744854,2024-06-03,2024,605288,0,4.586969364503334,2.508678176098936
745009,2024-06-03,2024,689225,4,4.586969364503334,3.406930633282392
745569,2024-06-03,2024,669060,1,4.586969364503334,4.426948020004131
747194,2024-06-03,2024,675921,3,4.586969364503334,3.8441367491170553
745009,2024-06-03,2024,669373,6,4.586969364503334,5.508794400004934
744930,2024-06-03,2024,592332,3,4.586969364503334,6.326356207381798
745009,2024-06-03,2024,543135,7,4.586969364503334,5.012707450102704
746224,2024-06-03,2024,542881,2,4.586969364503334,4.284123001448816
744930,2024-06-03,2024,680570,4,4.586969364503334,5.289076528224834
746224,2024-06-03,2024,663362,4,4.586969364503334,4.564690614507106
746630,2024-06-04,2024,607625,5,4.586969364503334,5.635891636210399
745010,2024-06-04,2024,656427,4,4.586969364503334,4.702990934249736
745497,2024-06-04,2024,607192,9,4.586969364503334,6.6223151944763154
746060,2024-06-04,2024,623211,3,4.586969364503334,2.57085860426148
746060,2024-06-04,2024,666200,2,4.586969364503334,4.991710572916807
746060,2024-06-04,2024,686752,8,4.586969364503334,4.970666079500167
746222,2024-06-04,2024,663776,7,4.586969364503334,6.44456639221949
745497,2024-06-04,2024,683003,6,4.586969364503334,6.621247697694327
746222,2024-06-04,2024,800049,2,4.586969364503334,3.658080052680808
745568,2024-06-04,2024,650911,3,4.586969364503334,5.100009316247059
745568,2024-06-04,2024,607067,2,4.586969364503334,3.7671329585762505
747196,2024-06-04,2024,686796,2,4.586969364503334,4.307098344604082
746949,2024-06-04,2024,676710,5,4.586969364503334,5.154458698882987
746949,2024-06-04,2024,608331,13,4.586969364503334,6.107429133509458
746949,2024-06-04,2024,502624,1,4.586969364503334,0.9724131960164915
747196,2024-06-04,2024,690986,5,4.586969364503334,5.885049047004586
746872,2024-06-04,2024,684007,6,4.586969364503334,3.445325493547121
746872,2024-06-04,2024,623167,4,4.586969364503334,3.271017422827343
744931,2024-06-04,2024,670102,2,4.586969364503334,2.708914918301047
745010,2024-06-04,2024,641540,4,4.586969364503334,4.114713118897684
744931,2024-06-04,2024,670950,4,4.586969364503334,4.0735022656285755
745739,2024-06-04,2024,661563,6,4.586969364503334,4.9458212084927204
746630,2024-06-04,2024,663474,7,4.586969364503334,4.69411948249103
745656,2024-06-04,2024,687765,3,4.586969364503334,5.231623629812204
746380,2024-06-04,2024,681293,4,4.586969364503334,4.0040437338258394
746380,2024-06-04,2024,669467,1,4.586969364503334,4.239413082457223
745656,2024-06-04,2024,669923,9,4.586969364503334,5.754097454701546
745010,2024-06-04,2024,656412,2,4.586969364503334,3.529665455746004
744931,2024-06-04,2024,669203,5,4.586969364503334,6.2303974472242825
744850,2024-06-04,2024,656849,2,4.586969364503334,3.7365594003091482
744850,2024-06-04,2024,687792,3,4.586969364503334,4.274814072651468
745739,2024-06-04,2024,641927,2,4.586969364503334,5.296799719273765
746550,2024-06-04,2024,621389,2,4.586969364503334,4.095515513480607
746550,2024-06-04,2024,593423,9,4.586969364503334,6.018754988626582
744852,2024-06-05,2024,622663,4,4.586969364503334,4.4844419624316885
747195,2024-06-05,2024,676714,1,4.586969364503334,1.496254445149491
746056,2024-06-05,2024,621107,3,4.586969364503334,2.7569312109729087
747195,2024-06-05,2024,663531,5,4.586969364503334,4.05274058669849
746544,2024-06-05,2024,668933,2,4.586969364503334,4.045691697511942
746544,2024-06-05,2024,641712,4,4.586969364503334,3.1246503453287096
745740,2024-06-05,2024,663978,7,4.586969364503334,4.692413198884402
745740,2024-06-05,2024,607074,9,4.586969364503334,7.256926312788301
747195,2024-06-05,2024,656756,1,4.586969364503334,2.7646049638757075
745494,2024-06-05,2024,572020,2,4.586969364503334,3.0679484190247974
745494,2024-06-05,2024,642232,2,4.586969364503334,1.096307524151796
745494,2024-06-05,2024,694973,8,4.586969364503334,6.152095398025628
746056,2024-06-05,2024,666129,3,4.586969364503334,0.8389992037545158
747195,2024-06-05,2024,663855,7,4.586969364503334,5.343259595493452
744852,2024-06-05,2024,571578,3,4.586969364503334,3.5289210472802948
746379,2024-06-05,2024,571945,3,4.586969364503334,2.823706983750946
746873,2024-06-05,2024,592791,6,4.586969364503334,4.56548149937628
746379,2024-06-05,2024,669854,2,4.586969364503334,5.7079470763431415
745654,2024-06-05,2024,683155,5,4.586969364503334,4.859027034504321
745654,2024-06-05,2024,669302,5,4.586969364503334,4.745397949429724
745007,2024-06-05,2024,570632,6,4.586969364503334,5.44887673859648
745007,2024-06-05,2024,666214,2,4.586969364503334,2.856929984492072
744927,2024-06-05,2024,621244,2,4.586969364503334,5.31853903799943
745007,2024-06-05,2024,669438,1,4.586969364503334,2.083815331239406
744927,2024-06-05,2024,544150,4,4.586969364503334,4.432234218070273
746221,2024-06-05,2024,667755,1,4.586969364503334,4.286181813738603
745570,2024-06-05,2024,676879,3,4.586969364503334,4.534177396586742
745570,2024-06-05,2024,605400,5,4.586969364503334,6.08720536405669
746950,2024-06-05,2024,680885,4,4.586969364503334,6.062693935780531
746950,2024-06-05,2024,678061,2,4.586969364503334,2.7758336898506597
746950,2024-06-05,2024,601713,9,4.586969364503334,5.909266247573888
746873,2024-06-05,2024,607200,7,4.586969364503334,5.136637128210464
746221,2024-06-05,2024,656302,6,4.586969364503334,7.412820185718757
744844,2024-06-06,2024,625643,7,4.586969364503334,5.3144980378229585
745408,2024-06-06,2024,677944,3,4.586969364503334,5.18241542712325
745174,2024-06-06,2024,543243,5,4.586969364503334,4.967195654312952
746707,2024-06-06,2024,665871,7,4.586969364503334,4.394548727817413
745408,2024-06-06,2024,681190,3,4.586969364503334,4.877229170173437
745495,2024-06-06,2024,621111,3,4.586969364503334,4.321343814958513
746707,2024-06-06,2024,668881,8,4.586969364503334,6.889888750719224
746631,2024-06-06,2024,676440,7,4.586969364503334,5.775601697765343
746784,2024-06-06,2024,663765,3,4.586969364503334,4.194448381572861
745738,2024-06-06,2024,641154,4,4.586969364503334,5.70093729299215
746631,2024-06-06,2024,663903,2,4.586969364503334,2.904245753062942
745657,2024-06-06,2024,676664,8,4.586969364503334,5.785315074366147
745495,2024-06-06,2024,663559,6,4.586969364503334,3.949352554739888
745495,2024-06-06,2024,693312,3,4.586969364503334,3.479482486932807
745657,2024-06-06,2024,693433,6,4.586969364503334,4.69481457631525
745174,2024-06-06,2024,615698,1,4.586969364503334,4.442434161774949
744923,2024-06-06,2024,700249,2,4.586969364503334,5.095313502945732
744923,2024-06-06,2024,579328,6,4.586969364503334,5.4307615667024125
745738,2024-06-06,2024,573186,2,4.586969364503334,3.8696871557698858
744844,2024-06-06,2024,680730,2,4.586969364503334,3.88830084434385
746784,2024-06-06,2024,656557,9,4.586969364503334,6.046937063757495
745169,2024-06-07,2024,458681,6,4.586969364503334,5.468998583051968
745406,2024-06-07,2024,528748,1,4.586969364503334,1.8082430966210867
745169,2024-06-07,2024,596295,4,4.586969364503334,5.247643581679046
745169,2024-06-07,2024,683627,1,4.586969364503334,2.9453851506066018
746704,2024-06-07,2024,666157,7,4.586969364503334,6.544675292757375
745406,2024-06-07,2024,694297,5,4.586969364503334,5.2914375342984705
745406,2024-06-07,2024,650633,5,4.586969364503334,5.866585849496597
746785,2024-06-07,2024,676979,10,4.586969364503334,5.774653800973654
746785,2024-06-07,2024,681867,2,4.586969364503334,4.4347285813120125
746785,2024-06-07,2024,686563,4,4.586969364503334,3.920203268729283
745083,2024-06-07,2024,608344,6,4.586969364503334,5.1222124104644555
745083,2024-06-07,2024,650644,8,4.586969364503334,6.111050021042022
746220,2024-06-07,2024,656288,2,4.586969364503334,3.4079168555948183
746220,2024-06-07,2024,664285,8,4.586969364503334,6.269637059629914
746704,2024-06-07,2024,657006,7,4.586969364503334,5.018240058364172
745008,2024-06-07,2024,657277,6,4.586969364503334,5.042696735330533
745737,2024-06-07,2024,808967,7,4.586969364503334,6.490327030921219
745496,2024-06-07,2024,657746,8,4.586969364503334,5.7178953772034165
746302,2024-06-07,2024,663738,4,4.586969364503334,5.252740150266775
745008,2024-06-07,2024,547179,1,4.586969364503334,4.850698648568177
746302,2024-06-07,2024,608717,3,4.586969364503334,2.1359536604411757
745496,2024-06-07,2024,656605,8,4.586969364503334,6.312957976615181
746053,2024-06-07,2024,677960,3,4.586969364503334,2.2107268212416304
745737,2024-06-07,2024,547001,1,4.586969364503334,5.741930218295946
746466,2024-06-07,2024,681857,6,4.586969364503334,4.986670976116175
746466,2024-06-07,2024,668964,5,4.586969364503334,5.605550160539175
744845,2024-06-07,2024,663623,4,4.586969364503334,5.573901984877343
744845,2024-06-07,2024,519242,10,4.586969364503334,6.671373167313346
746053,2024-06-07,2024,671106,3,4.586969364503334,4.1224618633634735
746466,2024-06-07,2024,689225,2,4.586969364503334,3.797732860164502
745655,2024-06-07,2024,605135,7,4.586969364503334,6.263875614914634
745655,2024-06-07,2024,663687,3,4.586969364503334,5.372511968907321
746302,2024-06-07,2024,682243,1,4.586969364503334,5.337013691616015
746057,2024-06-08,2024,594902,1,4.586969364503334,1.9814300487943113
745735,2024-06-08,2024,641482,4,4.586969364503334,4.131638042315836
746300,2024-06-08,2024,679525,8,4.586969364503334,5.934342420331379
746057,2024-06-08,2024,623211,0,4.586969364503334,2.2059406634130827
745082,2024-06-08,2024,671737,7,4.586969364503334,6.476659007121911
746786,2024-06-08,2024,502624,1,4.586969364503334,1.1303537876884122
746786,2024-06-08,2024,678394,2,4.586969364503334,5.728020943593372
746786,2024-06-08,2024,680897,5,4.586969364503334,5.054093370401936
746300,2024-06-08,2024,622491,4,4.586969364503334,4.888238702690715
745082,2024-06-08,2024,680694,9,4.586969364503334,5.921255106266674
746057,2024-06-08,2024,682610,3,4.586969364503334,5.318781840313335
746461,2024-06-08,2024,663554,1,4.586969364503334,5.38185868615408
745001,2024-06-08,2024,675921,2,4.586969364503334,4.133555146757082
745001,2024-06-08,2024,571760,5,4.586969364503334,5.604343856680251
746057,2024-06-08,2024,658648,6,4.586969364503334,2.2526175165480415
745492,2024-06-08,2024,682847,3,4.586969364503334,2.862900242908175
745492,2024-06-08,2024,680573,6,4.586969364503334,6.752336444231744
746223,2024-06-08,2024,686613,7,4.586969364503334,4.73663034265789
746703,2024-06-08,2024,676962,3,4.586969364503334,3.759850973493676
745166,2024-06-08,2024,502043,7,4.586969364503334,5.183571137857472
746223,2024-06-08,2024,542881,3,4.586969364503334,4.346867128679407
745814,2024-06-08,2024,640455,3,4.586969364503334,2.8221063011770227
746703,2024-06-08,2024,696136,2,4.586969364503334,1.9489747932872405
745735,2024-06-08,2024,694813,6,4.586969364503334,5.555119990961843
746703,2024-06-08,2024,671096,5,4.586969364503334,4.92789132256705
745814,2024-06-08,2024,624133,6,4.586969364503334,3.141098478964844
745652,2024-06-08,2024,592332,10,4.586969364503334,6.852474275818023
745410,2024-06-08,2024,669194,1,4.586969364503334,5.666861057685715
745410,2024-06-08,2024,663531,1,4.586969364503334,1.9534390798443826
745410,2024-06-08,2024,663362,4,4.586969364503334,5.075642104348881
744848,2024-06-08,2024,450203,3,4.586969364503334,5.364493252222365
745652,2024-06-08,2024,665622,1,4.586969364503334,4.404609776616242
745652,2024-06-08,2024,672552,1,4.586969364503334,2.5090967538436217
746461,2024-06-08,2024,642547,3,4.586969364503334,6.688906814936403
744848,2024-06-08,2024,669022,7,4.586969364503334,5.961457549583117
745166,2024-06-08,2024,663372,7,4.586969364503334,5.0813004545536975
746463,2024-06-09,2024,669373,10,4.586969364503334,5.408064365089652
746463,2024-06-09,2024,669060,4,4.586969364503334,4.663996857289171
746216,2024-06-09,2024,434378,3,4.586969364503334,5.561409175459994
745167,2024-06-09,2024,621389,3,4.586969364503334,3.7448263879468806
745571,2024-06-09,2024,500779,1,4.586969364503334,3.0077900713751635
745571,2024-06-09,2024,592836,6,4.586969364503334,2.3091304551322027
745167,2024-06-09,2024,669467,6,4.586969364503334,4.565576833843024
745651,2024-06-09,2024,687765,3,4.586969364503334,5.070102713552383
745651,2024-06-09,2024,670102,3,4.586969364503334,1.799518560593456
745003,2024-06-09,2024,676775,7,4.586969364503334,4.588419790274606
745003,2024-06-09,2024,543135,5,4.586969364503334,5.6848698799672945
746216,2024-06-09,2024,663776,4,4.586969364503334,5.902672844476642
746297,2024-06-09,2024,666142,9,4.586969364503334,7.4816522862906565
746297,2024-06-09,2024,669923,4,4.586969364503334,6.374081164289197
746054,2024-06-09,2024,572143,2,4.586969364503334,3.184079036325773
745407,2024-06-09,2024,800049,2,4.586969364503334,4.511894746617981
745491,2024-06-09,2024,621294,2,4.586969364503334,3.2549101727936316
746705,2024-06-09,2024,593423,2,4.586969364503334,3.447403581648658
746705,2024-06-09,2024,684007,7,4.586969364503334,5.708693710022633
745491,2024-06-09,2024,641927,5,4.586969364503334,5.007865970874486
745491,2024-06-09,2024,683003,3,4.586969364503334,4.819233321015088
744849,2024-06-09,2024,694462,1,4.586969364503334,3.6461108161368108
744849,2024-06-09,2024,687792,5,4.586969364503334,5.534461412138701
745736,2024-06-09,2024,661563,5,4.586969364503334,5.088292784682422
745407,2024-06-09,2024,674072,1,4.586969364503334,1.2644735028284506
745407,2024-06-09,2024,666745,3,4.586969364503334,1.3906655027597674
746054,2024-06-09,2024,471911,3,4.586969364503334,2.0052008102773495
746054,2024-06-09,2024,669432,5,4.586969364503334,3.722142846401095
746787,2024-06-09,2024,623167,3,4.586969364503334,4.8836060061410045
746705,2024-06-09,2024,686730,7,4.586969364503334,5.332853721059695
745736,2024-06-09,2024,607192,12,4.586969364503334,6.782063499886862
745085,2024-06-09,2024,641793,3,4.586969364503334,5.432169381587216
746787,2024-06-09,2024,657514,2,4.586969364503334,1.3211879861011164
745085,2024-06-09,2024,680570,6,4.586969364503334,7.540994984324699
745897,2024-06-10,2024,663978,6,4.586969364503334,5.731537653941904
746295,2024-06-10,2024,607625,4,4.586969364503334,6.130654249480651
746295,2024-06-10,2024,607074,3,4.586969364503334,6.852657312806236
745409,2024-06-10,2024,683155,3,4.586969364503334,5.796675341420742
745409,2024-06-10,2024,656302,8,4.586969364503334,7.144240276403655
745982,2024-06-10,2024,607067,4,4.586969364503334,4.975952763659138
745334,2024-06-10,2024,681293,6,4.586969364503334,5.915130972028739
745080,2024-06-10,2024,669203,6,4.586969364503334,5.614763010436319
745982,2024-06-10,2024,621244,4,4.586969364503334,5.823401826263974
745248,2024-06-10,2024,607200,4,4.586969364503334,4.678219955775757
745248,2024-06-10,2024,669302,8,4.586969364503334,6.02694490584238
745897,2024-06-10,2024,641712,1,4.586969364503334,3.3538023164464708
745080,2024-06-10,2024,686752,9,4.586969364503334,5.584383949632068
745334,2024-06-10,2024,690986,3,4.586969364503334,4.367468652843866
747190,2024-06-11,2024,656756,3,4.586969364503334,4.683014308239752
745981,2024-06-11,2024,692230,4,4.586969364503334,3.206256381948779
747190,2024-06-11,2024,660761,3,4.586969364503334,3.1291371180026597
745981,2024-06-11,2024,579328,5,4.586969364503334,5.741631032913363
747190,2024-06-11,2024,608334,2,4.586969364503334,2.9099775273618413
746296,2024-06-11,2024,676760,3,4.586969364503334,1.5022303141776203
746139,2024-06-11,2024,572020,2,4.586969364503334,4.533189680760664
746139,2024-06-11,2024,641540,2,4.586969364503334,3.806210715695806
746296,2024-06-11,2024,663903,6,4.586969364503334,5.425904492191585
747027,2024-06-11,2024,608331,3,4.586969364503334,4.500841480510484
747027,2024-06-11,2024,544150,4,4.586969364503334,5.508342354191336
746951,2024-06-11,2024,676710,8,4.586969364503334,6.030657738502192
746951,2024-06-11,2024,554430,4,4.586969364503334,5.677248958259596
746464,2024-06-11,2024,628317,5,4.586969364503334,3.6526151747515723
746464,2024-06-11,2024,680730,1,4.586969364503334,3.4436967255009114
746296,2024-06-11,2024,573186,1,4.586969364503334,4.895476052177487
746702,2024-06-11,2024,663474,4,4.586969364503334,2.9589505686880155
747190,2024-06-11,2024,686826,1,4.586969364503334,0.9419027468301762
745327,2024-06-11,2024,663855,5,4.586969364503334,4.759928037107045
745815,2024-06-11,2024,666200,4,4.586969364503334,6.110269297745387
745815,2024-06-11,2024,656731,8,4.586969364503334,5.623852410367342
745170,2024-06-11,2024,571945,6,4.586969364503334,4.727067558695173
745077,2024-06-11,2024,592791,5,4.586969364503334,5.789192560741255
745404,2024-06-11,2024,676664,1,4.586969364503334,3.907636270387644
745404,2024-06-11,2024,681190,5,4.586969364503334,5.251540834983344
745170,2024-06-11,2024,694973,8,4.586969364503334,7.466676409638251
745899,2024-06-11,2024,615698,5,4.586969364503334,6.035636655452708
745899,2024-06-11,2024,686973,3,4.586969364503334,3.471350008412286
745077,2024-06-11,2024,621107,3,4.586969364503334,3.6539631273748485
745327,2024-06-11,2024,669854,8,4.586969364503334,5.133320456735937
745244,2024-06-11,2024,646242,4,4.586969364503334,4.6168660892094815
745244,2024-06-11,2024,689672,4,4.586969364503334,5.735608175188021
745079,2024-06-12,2024,650644,6,4.586969364503334,4.366178908870063
745079,2024-06-12,2024,665871,4,4.586969364503334,4.112394676462228
746294,2024-06-12,2024,547001,2,4.586969364503334,4.656350447823011
745328,2024-06-12,2024,657277,5,4.586969364503334,4.223758000538502
746294,2024-06-12,2024,663738,3,4.586969364503334,4.609822347958011
745978,2024-06-12,2024,668964,4,4.586969364503334,4.001174130303379
745978,2024-06-12,2024,605135,5,4.586969364503334,5.202741830198137
746462,2024-06-12,2024,681857,3,4.586969364503334,5.453989054979192
746462,2024-06-12,2024,663623,5,4.586969364503334,5.621678685483867
745328,2024-06-12,2024,664285,1,4.586969364503334,2.446129038743387
745896,2024-06-12,2024,641154,5,4.586969364503334,5.3206838691032665
747193,2024-06-12,2024,677944,4,4.586969364503334,4.7735218130318975
745246,2024-06-12,2024,682243,8,4.586969364503334,5.704449206314619
747193,2024-06-12,2024,667755,5,4.586969364503334,5.359658605926606
747193,2024-06-12,2024,600986,1,4.586969364503334,1.2066826427204018
747193,2024-06-12,2024,543518,2,4.586969364503334,2.417856700369769
746137,2024-06-12,2024,621111,2,4.586969364503334,4.195442600961331
746137,2024-06-12,2024,592351,3,4.586969364503334,3.8502754782287587
746948,2024-06-12,2024,601713,4,4.586969364503334,6.352705359812394
746948,2024-06-12,2024,650911,2,4.586969364503334,2.7751781367133885
746701,2024-06-12,2024,666157,6,4.586969364503334,5.774826035521936
746701,2024-06-12,2024,676440,11,4.586969364503334,6.246820159153361
745405,2024-06-12,2024,663687,5,4.586969364503334,4.752892588764223
745405,2024-06-12,2024,650633,12,4.586969364503334,5.932126503809653
745811,2024-06-12,2024,656849,1,4.586969364503334,4.9423533412637015
745811,2024-06-12,2024,666129,4,4.586969364503334,4.228470050820204
745896,2024-06-12,2024,596295,2,4.586969364503334,4.992731786802529
745171,2024-06-12,2024,543243,9,4.586969364503334,5.041223566680873
745246,2024-06-12,2024,686563,7,4.586969364503334,6.072881916582021
747028,2024-06-12,2024,700249,6,4.586969364503334,4.861236085740782
747028,2024-06-12,2024,680885,3,4.586969364503334,6.283882820856448
745171,2024-06-12,2024,663559,5,4.586969364503334,4.452953030479526
745245,2024-06-13,2024,676979,13,4.586969364503334,6.506179526984384
746299,2024-06-13,2024,679525,7,4.586969364503334,5.900635460051092
745245,2024-06-13,2024,676106,1,4.586969364503334,4.4199469799315265
747026,2024-06-13,2024,625643,8,4.586969364503334,5.839274243148022
746944,2024-06-13,2024,656557,5,4.586969364503334,5.617866878732093
746944,2024-06-13,2024,641745,3,4.586969364503334,2.385687815806437
746944,2024-06-13,2024,605400,2,4.586969364503334,4.335870003064591
746465,2024-06-13,2024,663554,4,4.586969364503334,5.4293538844679645
746465,2024-06-13,2024,571578,4,4.586969364503334,5.741431228175009
746136,2024-06-13,2024,547179,2,4.586969364503334,5.237614000957531
746299,2024-06-13,2024,641482,2,4.586969364503334,4.382676959412401
745075,2024-06-13,2024,671737,11,4.586969364503334,6.706547715917423
746136,2024-06-13,2024,642232,3,4.586969364503334,2.9172472085312813
745075,2024-06-13,2024,657006,5,4.586969364503334,6.282444994552779
747192,2024-06-13,2024,694297,8,4.586969364503334,6.555865038084332
745894,2024-06-13,2024,665622,3,4.586969364503334,5.962210714238248
745168,2024-06-13,2024,656605,4,4.586969364503334,5.78340265143076
745168,2024-06-13,2024,458681,5,4.586969364503334,3.800906402047767
747192,2024-06-13,2024,656288,3,4.586969364503334,5.003926638600745
745894,2024-06-13,2024,657746,5,4.586969364503334,5.404883547382664
747026,2024-06-13,2024,608344,8,4.586969364503334,5.716017732349409
745809,2024-06-13,2024,622663,2,4.586969364503334,6.032642213091752
745809,2024-06-13,2024,682610,5,4.586969364503334,4.728598810465341
745892,2024-06-14,2024,687765,3,4.586969364503334,4.224425189778321
746134,2024-06-14,2024,666142,4,4.586969364503334,5.907327274437936
744924,2024-06-14,2024,671106,3,4.586969364503334,4.009709420087769
746134,2024-06-14,2024,694813,3,4.586969364503334,4.930578871444017
745892,2024-06-14,2024,680573,4,4.586969364503334,4.603708751863694
745326,2024-06-14,2024,675921,1,4.586969364503334,2.7907588138661947
744924,2024-06-14,2024,592332,6,4.586969364503334,6.6571280531929045
745326,2024-06-14,2024,678495,1,4.586969364503334,1.9719265385692317
747191,2024-06-14,2024,623167,2,4.586969364503334,4.291340299493672
746947,2024-06-14,2024,502624,3,4.586969364503334,3.2628035589146447
746947,2024-06-14,2024,661563,6,4.586969364503334,5.652638846971345
746545,2024-06-14,2024,682847,3,4.586969364503334,3.3368365837688616
746545,2024-06-14,2024,663372,8,4.586969364503334,5.594383689720958
745326,2024-06-14,2024,542881,5,4.586969364503334,5.133676763563922
746947,2024-06-14,2024,678394,5,4.586969364503334,5.567287484230778
745247,2024-06-14,2024,622491,7,4.586969364503334,5.983366253463858
745810,2024-06-14,2024,640455,7,4.586969364503334,4.742718096502052
746378,2024-06-14,2024,669373,2,4.586969364503334,5.0785819864136394
747191,2024-06-14,2024,669194,8,4.586969364503334,6.150855434376129
746869,2024-06-14,2024,502043,6,4.586969364503334,4.293480557361279
746378,2024-06-14,2024,686613,9,4.586969364503334,5.392660200358709
747112,2024-06-14,2024,641793,2,4.586969364503334,2.7636258184606417
747112,2024-06-14,2024,519242,7,4.586969364503334,6.68471171617539
744847,2024-06-14,2024,669022,10,4.586969364503334,6.44000006947718
746869,2024-06-14,2024,543294,1,4.586969364503334,2.1122373367412646
747191,2024-06-14,2024,647336,4,4.586969364503334,3.156539141839998
747025,2024-06-14,2024,624133,6,4.586969364503334,3.5950638330048035
747025,2024-06-14,2024,680694,4,4.586969364503334,4.048299041704916
744847,2024-06-14,2024,623211,1,4.586969364503334,2.045187494875958
745979,2024-06-14,2024,642547,6,4.586969364503334,6.214981896986892
745979,2024-06-14,2024,668881,5,4.586969364503334,7.177290266239585
745247,2024-06-14,2024,571760,4,4.586969364503334,4.489366275589403
745247,2024-06-14,2024,570632,2,4.586969364503334,3.27801959544275
745810,2024-06-14,2024,663362,2,4.586969364503334,4.67025590175392
746381,2024-06-15,2024,669438,2,4.586969364503334,2.3538121149654434
746381,2024-06-15,2024,681293,2,4.586969364503334,2.3239010866533842
746381,2024-06-15,2024,681869,0,4.586969364503334,1.738012348953327
744846,2024-06-15,2024,669432,3,4.586969364503334,5.305591735843244
747113,2024-06-15,2024,686752,4,4.586969364503334,5.024633462965171
746865,2024-06-15,2024,669467,4,4.586969364503334,4.317250532737471
746865,2024-06-15,2024,684007,6,4.586969364503334,6.3013213571355555
747113,2024-06-15,2024,450203,8,4.586969364503334,6.626790839757989
745241,2024-06-15,2024,543135,6,4.586969364503334,4.948819474065086
747187,2024-06-15,2024,600986,3,4.586969364503334,3.322391632934176
747187,2024-06-15,2024,607200,6,4.586969364503334,5.820935377892626
747187,2024-06-15,2024,674072,3,4.586969364503334,3.536748640525502
745241,2024-06-15,2024,669923,6,4.586969364503334,4.704391722808229
746135,2024-06-15,2024,607625,4,4.586969364503334,5.314398979394916
744846,2024-06-15,2024,687792,13,4.586969364503334,5.1385541051192565
746547,2024-06-15,2024,683003,6,4.586969364503334,5.586156799289607
745976,2024-06-15,2024,669060,6,4.586969364503334,2.7397257563482356
745976,2024-06-15,2024,671096,3,4.586969364503334,5.785147766483173
746946,2024-06-15,2024,686580,3,4.586969364503334,3.528601352344112
746946,2024-06-15,2024,681867,6,4.586969364503334,5.577808384549944
745805,2024-06-15,2024,500779,6,4.586969364503334,3.878898696431393
747024,2024-06-15,2024,592836,4,4.586969364503334,3.94075223255044
746946,2024-06-15,2024,676760,3,4.586969364503334,2.767819852425098
746946,2024-06-15,2024,607074,7,4.586969364503334,6.4505696356622595
744925,2024-06-15,2024,471911,2,4.586969364503334,4.479377977417385
744925,2024-06-15,2024,670102,2,4.586969364503334,4.300062963281274
746381,2024-06-15,2024,656427,6,4.586969364503334,4.439846785484071
747024,2024-06-15,2024,680570,6,4.586969364503334,6.963202798519057
746381,2024-06-15,2024,663321,5,4.586969364503334,3.1723871978451212
746547,2024-06-15,2024,621389,5,4.586969364503334,3.8695278765718193
745805,2024-06-15,2024,800049,4,4.586969364503334,4.584475140225383
745329,2024-06-15,2024,663776,5,4.586969364503334,5.03838699398722
745329,2024-06-15,2024,676775,6,4.586969364503334,5.324319972817228
744926,2024-06-16,2024,621244,1,4.586969364503334,5.552320425681333
746377,2024-06-16,2024,628317,1,4.586969364503334,6.1037584925646415
746377,2024-06-16,2024,669854,8,4.586969364503334,5.869638221370767
747109,2024-06-16,2024,621107,7,4.586969364503334,4.709108655302095
744839,2024-06-16,2024,680730,4,4.586969364503334,5.5751836292151555
744839,2024-06-16,2024,666200,2,4.586969364503334,4.303339577988804
744926,2024-06-16,2024,594902,4,4.586969364503334,4.5301396918532815
746866,2024-06-16,2024,571945,5,4.586969364503334,5.009529125598796
747189,2024-06-16,2024,656756,7,4.586969364503334,4.431938171919326
747189,2024-06-16,2024,641771,3,4.586969364503334,1.6861202774619644
746945,2024-06-16,2024,676710,9,4.586969364503334,5.0636772979160565
746945,2024-06-16,2024,573186,3,4.586969364503334,5.7644825884381925
746130,2024-06-16,2024,607192,9,4.586969364503334,5.366017457469586
746130,2024-06-16,2024,663903,4,4.586969364503334,5.1470470065041685
745807,2024-06-16,2024,656731,5,4.586969364503334,5.730043996475707
745807,2024-06-16,2024,656302,5,4.586969364503334,5.881987952670643
745242,2024-06-16,2024,641540,8,4.586969364503334,5.538491934977128
745242,2024-06-16,2024,669302,9,4.586969364503334,6.292065569064478
746866,2024-06-16,2024,592791,3,4.586969364503334,5.026548206573934
747109,2024-06-16,2024,694462,2,4.586969364503334,3.5729243677243883
747023,2024-06-16,2024,554430,4,4.586969364503334,5.215852339448724
747189,2024-06-16,2024,689672,0,4.586969364503334,1.9625686060888903
745891,2024-06-16,2024,686973,4,4.586969364503334,2.9938423781387575
745321,2024-06-16,2024,690829,3,4.586969364503334,0.9235496337392082
745895,2024-06-16,2024,676664,1,4.586969364503334,4.806270088451576
745895,2024-06-16,2024,641927,8,4.586969364503334,6.0263161148229365
746546,2024-06-16,2024,641712,5,4.586969364503334,5.517839117541375
745977,2024-06-16,2024,607067,6,4.586969364503334,5.385249522002932
745977,2024-06-16,2024,593423,5,4.586969364503334,5.888797110416161
745891,2024-06-16,2024,683155,2,4.586969364503334,3.7247410167355275
746546,2024-06-16,2024,676596,2,4.586969364503334,0.8593508897187156
747023,2024-06-16,2024,669203,7,4.586969364503334,5.388173428282065
745891,2024-06-16,2024,663978,0,4.586969364503334,2.781489360161844
744918,2024-06-17,2024,601713,4,4.586969364503334,6.774230696161776
746868,2024-06-17,2024,663855,4,4.586969364503334,4.3096720820484
746543,2024-06-17,2024,664875,2,4.586969364503334,4.21740202229081
746543,2024-06-17,2024,615698,3,4.586969364503334,5.114176073304381
746543,2024-06-17,2024,572020,8,4.586969364503334,5.523378674879624
744918,2024-06-17,2024,579328,7,4.586969364503334,5.24918893236831
746215,2024-06-17,2024,668676,1,4.586969364503334,3.90017549981716
746215,2024-06-17,2024,692230,3,4.586969364503334,5.11710634365947
745005,2024-06-17,2024,668390,1,4.586969364503334,2.880087104536236
746055,2024-06-17,2024,666129,6,4.586969364503334,5.454749216244088
746055,2024-06-17,2024,543243,4,4.586969364503334,4.415857295187027
746868,2024-06-17,2024,665871,7,4.586969364503334,4.759251899393191
745005,2024-06-17,2024,656849,6,4.586969364503334,5.7063091726763435
745005,2024-06-17,2024,642546,4,4.586969364503334,3.782277386988869
745005,2024-06-17,2024,592351,2,4.586969364503334,2.994235848680164
745567,2024-06-17,2024,650911,5,4.586969364503334,5.485670437602145
745567,2024-06-17,2024,681190,2,4.586969364503334,5.174406043787109
747108,2024-06-17,2024,681857,8,4.586969364503334,6.394662572377639
747108,2024-06-17,2024,608331,6,4.586969364503334,5.683373677354485
745490,2024-06-17,2024,694973,7,4.586969364503334,7.058712907865666
745490,2024-06-17,2024,686730,5,4.586969364503334,6.49540743383889
745893,2024-06-18,2024,650644,5,4.586969364503334,4.852172601589625
745893,2024-06-18,2024,641154,3,4.586969364503334,2.6870185793588197
746867,2024-06-18,2024,657006,8,4.586969364503334,5.358112450911096
745650,2024-06-18,2024,663687,3,4.586969364503334,5.904008895933488
746542,2024-06-18,2024,621111,2,4.586969364503334,3.6731930119732548
746049,2024-06-18,2024,682610,3,4.586969364503334,3.9445392026968946
744917,2024-06-18,2024,656557,5,4.586969364503334,7.405539495674615
746542,2024-06-18,2024,596295,3,4.586969364503334,5.430943317616593
745563,2024-06-18,2024,605400,6,4.586969364503334,5.938438736203655
745563,2024-06-18,2024,650633,6,4.586969364503334,6.151501597367853
747107,2024-06-18,2024,680885,7,4.586969364503334,5.798315979364591
747107,2024-06-18,2024,663554,3,4.586969364503334,6.444908111851073
745004,2024-06-18,2024,547179,3,4.586969364503334,4.491956978535579
745004,2024-06-18,2024,622663,1,4.586969364503334,4.788182406201101
745650,2024-06-18,2024,679525,4,4.586969364503334,4.334749037242529
746049,2024-06-18,2024,458681,5,4.586969364503334,5.212308831024527
744917,2024-06-18,2024,605135,6,4.586969364503334,5.107626757690584
746867,2024-06-18,2024,657277,5,4.586969364503334,5.460189169079709
745488,2024-06-18,2024,666157,8,4.586969364503334,5.332866970642942
746783,2024-06-18,2024,686563,4,4.586969364503334,6.100499324595123
746217,2024-06-18,2024,656288,4,4.586969364503334,5.481660593810456
746217,2024-06-18,2024,668964,6,4.586969364503334,4.905044632528484
745733,2024-06-18,2024,544150,3,4.586969364503334,5.389542613687488
746783,2024-06-18,2024,664285,5,4.586969364503334,5.013944743286275
745733,2024-06-18,2024,641482,6,4.586969364503334,5.888869541749332
746627,2024-06-18,2024,663474,0,4.586969364503334,2.6193544470286327
746217,2024-06-18,2024,672710,4,4.586969364503334,2.462423934467224
744843,2024-06-18,2024,677944,6,4.586969364503334,4.6217285657432265
746627,2024-06-18,2024,682243,2,4.586969364503334,4.352598319462234
745488,2024-06-18,2024,663559,3,4.586969364503334,4.184882915771904
744843,2024-06-18,2024,663623,2,4.586969364503334,5.224139607465645
746538,2024-06-19,2024,676272,2,4.586969364503334,4.6140109222186405
745887,2024-06-19,2024,671737,3,4.586969364503334,5.624834519639918
746538,2024-06-19,2024,663372,6,4.586969364503334,5.625966118843334
745887,2024-06-19,2024,657746,5,4.586969364503334,5.479220570451253
747106,2024-06-19,2024,669438,3,4.586969364503334,3.4775409397757935
746219,2024-06-19,2024,542881,5,4.586969364503334,5.155346446208239
746219,2024-06-19,2024,642547,8,4.586969364503334,6.270111260244532
745489,2024-06-19,2024,656605,7,4.586969364503334,4.595466110662147
747106,2024-06-19,2024,625643,6,4.586969364503334,5.611953316980722
746050,2024-06-19,2024,669461,1,4.586969364503334,1.5585718178926058
746050,2024-06-19,2024,630023,6,4.586969364503334,5.222269962200019
745561,2024-06-19,2024,663362,6,4.586969364503334,5.128019851560147
747106,2024-06-19,2024,669373,7,4.586969364503334,4.916576519170401
745561,2024-06-19,2024,624133,4,4.586969364503334,5.970698396114213
745646,2024-06-19,2024,666142,7,4.586969364503334,6.66849562000044
746864,2024-06-19,2024,702352,1,4.586969364503334,1.7080698059000925
744842,2024-06-19,2024,571578,7,4.586969364503334,4.540071781379518
744842,2024-06-19,2024,694297,0,4.586969364503334,4.897027612504872
744920,2024-06-19,2024,592332,4,4.586969364503334,5.926671132381196
744920,2024-06-19,2024,678394,6,4.586969364503334,4.4711898622072255
746625,2024-06-19,2024,693433,1,4.586969364503334,3.7659757151762383
746625,2024-06-19,2024,676440,12,4.586969364503334,5.599619103272086
745002,2024-06-19,2024,571760,9,4.586969364503334,4.8176547475149425
745646,2024-06-19,2024,665622,3,4.586969364503334,4.914766587703496
746781,2024-06-19,2024,686613,6,4.586969364503334,4.98774139318859
745732,2024-06-19,2024,543037,5,4.586969364503334,3.2629805944695267
746864,2024-06-19,2024,543294,8,4.586969364503334,3.579533593528975
745002,2024-06-19,2024,640455,6,4.586969364503334,5.351684296755912
745489,2024-06-19,2024,668881,9,4.586969364503334,7.743559923376517
746781,2024-06-19,2024,676979,8,4.586969364503334,5.374026032793978
745732,2024-06-19,2024,700249,1,4.586969364503334,4.792447961321453
745164,2024-06-20,2024,676775,2,4.586969364503334,1.8973625138536896
745889,2024-06-20,2024,641793,5,4.586969364503334,5.855081522748441
745164,2024-06-20,2024,669467,5,4.586969364503334,5.672193717402695
745734,2024-06-20,2024,608344,2,4.586969364503334,4.619892654403173
745401,2024-06-20,2024,800049,3,4.586969364503334,4.324216636678869
745889,2024-06-20,2024,680573,6,4.586969364503334,5.703951567077584
745401,2024-06-20,2024,669060,5,4.586969364503334,3.8313207670522127
744841,2024-06-20,2024,669022,7,4.586969364503334,6.281989916017902
745734,2024-06-20,2024,661563,1,4.586969364503334,1.0580374166472568
746782,2024-06-20,2024,681293,2,4.586969364503334,4.641265226464484
746782,2024-06-20,2024,623167,6,4.586969364503334,5.212967079869197
746539,2024-06-20,2024,694813,7,4.586969364503334,4.619604759635303
745645,2024-06-20,2024,687765,7,4.586969364503334,5.191846864907567
746539,2024-06-20,2024,683627,1,4.586969364503334,3.6194926060602475
745645,2024-06-20,2024,607625,8,4.586969364503334,5.562548594933756
746626,2024-06-20,2024,671106,2,4.586969364503334,4.429122740005325
746539,2024-06-20,2024,621389,2,4.586969364503334,2.9542879325294535
744841,2024-06-20,2024,669194,2,4.586969364503334,2.809849056007381
746626,2024-06-20,2024,622491,4,4.586969364503334,5.582768342063923
745006,2024-06-21,2024,543135,6,4.586969364503334,6.038738059920576
746624,2024-06-21,2024,684320,1,4.586969364503334,4.086099453824605
745006,2024-06-21,2024,663903,4,4.586969364503334,5.203201733884131
745403,2024-06-21,2024,607067,0,4.586969364503334,3.599047594017236
745729,2024-06-21,2024,672782,5,4.586969364503334,4.8032159435895005
745729,2024-06-21,2024,607074,3,4.586969364503334,5.875780797295711
746624,2024-06-21,2024,670102,4,4.586969364503334,3.739257577707587
746624,2024-06-21,2024,658648,3,4.586969364503334,1.2914506331901707
746624,2024-06-21,2024,471911,7,4.586969364503334,5.08636412092607
746131,2024-06-21,2024,689017,2,4.586969364503334,4.232785083525394
746131,2024-06-21,2024,642232,2,4.586969364503334,1.5565371275001798
745562,2024-06-21,2024,605513,2,4.586969364503334,2.521519556051384
745562,2024-06-21,2024,656756,5,4.586969364503334,4.3379172358931415
745562,2024-06-21,2024,592836,3,4.586969364503334,2.377629251873241
746698,2024-06-21,2024,671096,10,4.586969364503334,5.446657772361456
746698,2024-06-21,2024,676710,7,4.586969364503334,4.684231509132708
745483,2024-06-21,2024,686752,3,4.586969364503334,4.7273864189926025
745483,2024-06-21,2024,682847,3,4.586969364503334,4.356793495999261
746460,2024-06-21,2024,656427,8,4.586969364503334,6.956544030864318
745649,2024-06-21,2024,663978,3,4.586969364503334,3.914478909078132
746540,2024-06-21,2024,687792,5,4.586969364503334,4.712522166696958
746375,2024-06-21,2024,663321,2,4.586969364503334,2.2767714671884995
746375,2024-06-21,2024,680570,8,4.586969364503334,6.7152309548000835
746375,2024-06-21,2024,814005,2,4.586969364503334,4.699856294012388
745483,2024-06-21,2024,669387,0,4.586969364503334,3.020222782219917
745483,2024-06-21,2024,641726,1,4.586969364503334,3.1647715864467534
745403,2024-06-21,2024,663568,1,4.586969364503334,1.667365592231934
745403,2024-06-21,2024,656302,10,4.586969364503334,6.909161674042724
745729,2024-06-21,2024,519242,8,4.586969364503334,6.449660663341121
746460,2024-06-21,2024,607200,3,4.586969364503334,4.251908607489156
746540,2024-06-21,2024,641712,0,4.586969364503334,3.055182614896194
745649,2024-06-21,2024,683155,1,4.586969364503334,4.312281068720007
746052,2024-06-21,2024,669923,5,4.586969364503334,5.349333739932023
746052,2024-06-21,2024,669432,5,4.586969364503334,4.8420672131241105
746861,2024-06-21,2024,684007,3,4.586969364503334,4.161093441886739
746861,2024-06-21,2024,687863,5,4.586969364503334,3.226986396196485
746861,2024-06-21,2024,669713,2,4.586969364503334,2.5649069168154357
746861,2024-06-21,2024,500779,8,4.586969364503334,5.89078310282317
746861,2024-06-21,2024,493603,3,4.586969364503334,3.1694169706913753
744997,2024-06-22,2024,592351,3,4.586969364503334,4.849982735936541
745486,2024-06-22,2024,683003,8,4.586969364503334,5.734449844216885
746622,2024-06-22,2024,594902,4,4.586969364503334,4.505571784286419
746541,2024-06-22,2024,680730,8,4.586969364503334,5.951954651445631
746541,2024-06-22,2024,615698,5,4.586969364503334,5.2471124540752765
744997,2024-06-22,2024,608379,5,4.586969364503334,4.736358082524403
745564,2024-06-22,2024,543518,0,4.586969364503334,1.3529642594393765
745564,2024-06-22,2024,554430,8,4.586969364503334,6.045922216146706
745402,2024-06-22,2024,681190,3,4.586969364503334,5.887056578007852
745402,2024-06-22,2024,692230,2,4.586969364503334,3.545021890833599
745564,2024-06-22,2024,674072,2,4.586969364503334,2.6234353730886957
746459,2024-06-22,2024,689672,5,4.586969364503334,4.577800745647402
745163,2024-06-22,2024,663855,1,4.586969364503334,4.4150570216016565
745163,2024-06-22,2024,571945,3,4.586969364503334,4.918038204958489
746459,2024-06-22,2024,628317,5,4.586969364503334,6.202870837035115
746048,2024-06-22,2024,641312,3,4.586969364503334,3.5563195873731033
746048,2024-06-22,2024,669302,6,4.586969364503334,6.444306106827666
746048,2024-06-22,2024,686539,4,4.586969364503334,2.6346011152535214
746700,2024-06-22,2024,601713,5,4.586969364503334,6.116208880688378
746700,2024-06-22,2024,593423,4,4.586969364503334,4.466228314940685
746132,2024-06-22,2024,668676,1,4.586969364503334,3.268564089069598
746132,2024-06-22,2024,607192,10,4.586969364503334,4.804366376210247
745486,2024-06-22,2024,621107,6,4.586969364503334,5.200322162196401
745644,2024-06-22,2024,641927,10,4.586969364503334,4.995834995103127
746622,2024-06-22,2024,621244,3,4.586969364503334,4.110689634737066
745644,2024-06-22,2024,676664,1,4.586969364503334,1.714629403738614
746376,2024-06-22,2024,669854,4,4.586969364503334,5.237532639656954
746376,2024-06-22,2024,669203,5,4.586969364503334,5.653695799227664
745731,2024-06-22,2024,573186,6,4.586969364503334,4.127729216650027
745731,2024-06-22,2024,450203,4,4.586969364503334,5.3411719931948145
746863,2024-06-22,2024,656731,6,4.586969364503334,4.433087887073238
745644,2024-06-22,2024,674370,6,4.586969364503334,6.278654712519414
746863,2024-06-22,2024,592791,10,4.586969364503334,5.150864052740645
746863,2024-06-22,2024,605288,2,4.586969364503334,2.449103308969154
746621,2024-06-23,2024,579328,3,4.586969364503334,3.823024223935227
745566,2024-06-23,2024,677944,2,4.586969364503334,2.8501052077259614
745165,2024-06-23,2024,543243,8,4.586969364503334,4.837384964195732
745648,2024-06-23,2024,663687,2,4.586969364503334,4.24931570518805
746373,2024-06-23,2024,544150,3,4.586969364503334,4.89410112288041
746373,2024-06-23,2024,664285,7,4.586969364503334,5.889208661327191
745000,2024-06-23,2024,679525,4,4.586969364503334,5.9262485739819155
745000,2024-06-23,2024,570632,1,4.586969364503334,0.727278293489726
745566,2024-06-23,2024,650911,4,4.586969364503334,4.356996899484486
746699,2024-06-23,2024,666157,3,4.586969364503334,4.035735773207331
746051,2024-06-23,2024,667725,2,4.586969364503334,2.558253698263098
746051,2024-06-23,2024,682243,3,4.586969364503334,2.471190362673102
745000,2024-06-23,2024,453286,4,4.586969364503334,3.099865246393553
745485,2024-06-23,2024,694973,8,4.586969364503334,6.986057880438649
746457,2024-06-23,2024,694363,3,4.586969364503334,3.6810476268053653
746457,2024-06-23,2024,686563,1,4.586969364503334,1.2742816876454688
746457,2024-06-23,2024,681857,3,4.586969364503334,5.779642683552576
745485,2024-06-23,2024,650644,3,4.586969364503334,2.6928898394362495
746862,2024-06-23,2024,622663,10,4.586969364503334,6.250592630996914
745165,2024-06-23,2024,657277,8,4.586969364503334,6.364099260258669
745648,2024-06-23,2024,641154,14,4.586969364503334,6.608086760554028
746621,2024-06-23,2024,663474,6,4.586969364503334,4.870111248311441
746621,2024-06-23,2024,670766,0,4.586969364503334,0.7177528158706599
745396,2024-06-23,2024,668964,3,4.586969364503334,4.479430168945008
746457,2024-06-23,2024,641771,7,4.586969364503334,5.455108218530252
745396,2024-06-23,2024,650633,8,4.586969364503334,5.476496484018396
746862,2024-06-23,2024,624522,2,4.586969364503334,1.909106496288139
746536,2024-06-23,2024,663623,10,4.586969364503334,6.429666866190632
746536,2024-06-23,2024,607536,4,4.586969364503334,3.7928637392809454
746862,2024-06-23,2024,665871,0,4.586969364503334,4.8024114669835845
745727,2024-06-23,2024,641482,7,4.586969364503334,6.081760235082613
745727,2024-06-23,2024,608331,4,4.586969364503334,3.7352796923137044
745323,2024-06-24,2024,702352,3,4.586969364503334,2.9723452907946717
745323,2024-06-24,2024,657006,9,4.586969364503334,6.145302093264699
746218,2024-06-24,2024,665622,4,4.586969364503334,4.325323651887619
746218,2024-06-24,2024,605156,2,4.586969364503334,3.3055535735491066
746298,2024-06-24,2024,682610,4,4.586969364503334,5.569671932193007
745974,2024-06-24,2024,642547,6,4.586969364503334,6.191727720720537
746780,2024-06-24,2024,676979,6,4.586969364503334,5.565546238443441
746780,2024-06-24,2024,572020,6,4.586969364503334,5.430473098786931
745078,2024-06-24,2024,671737,8,4.586969364503334,5.806642397592749
746941,2024-06-24,2024,605135,2,4.586969364503334,5.333304849183606
745974,2024-06-24,2024,642546,1,4.586969364503334,2.9149011280497445
745974,2024-06-24,2024,547179,5,4.586969364503334,5.254936885235705
746218,2024-06-24,2024,656288,5,4.586969364503334,5.587393181398453
745078,2024-06-24,2024,693433,3,4.586969364503334,4.0197434656328275
745323,2024-06-24,2024,675921,8,4.586969364503334,4.3147593687140455
746458,2024-06-24,2024,605400,6,4.586969364503334,5.432705105727128
746458,2024-06-24,2024,663554,10,4.586969364503334,6.754871520109636
746941,2024-06-24,2024,656557,7,4.586969364503334,7.152055560067005
746298,2024-06-24,2024,666142,11,4.586969364503334,7.508874124396578
745160,2024-06-24,2024,458681,5,4.586969364503334,4.966910083481467
745078,2024-06-24,2024,606965,0,4.586969364503334,3.6587358710206628
745397,2024-06-24,2024,571578,5,4.586969364503334,5.541080314661465
745397,2024-06-24,2024,663362,8,4.586969364503334,5.837932870284912
746696,2024-06-24,2024,686730,5,4.586969364503334,4.828082126411686
746696,2024-06-24,2024,663559,2,4.586969364503334,5.05752281021362
745160,2024-06-24,2024,680885,6,4.586969364503334,5.389512607340365
747021,2024-06-24,2024,700249,5,4.586969364503334,5.250778283620689
747021,2024-06-24,2024,676440,7,4.586969364503334,6.382955067368047
746372,2024-06-25,2024,686613,7,4.586969364503334,5.5183886754225755
746372,2024-06-25,2024,596295,4,4.586969364503334,5.306120357082642
745806,2024-06-25,2024,656849,8,4.586969364503334,6.334463101506443
745806,2024-06-25,2024,543037,0,4.586969364503334,4.006203464825152
745973,2024-06-25,2024,571760,4,4.586969364503334,6.305579933203088
745973,2024-06-25,2024,669060,4,4.586969364503334,3.524903062671659
746775,2024-06-25,2024,676272,1,4.586969364503334,4.211437034505409
746775,2024-06-25,2024,623167,3,4.586969364503334,5.894881334906871
745399,2024-06-25,2024,669022,1,4.586969364503334,5.526777785153179
745399,2024-06-25,2024,800049,0,4.586969364503334,2.183588001711662
745076,2024-06-25,2024,622491,4,4.586969364503334,6.378825267053359
746293,2024-06-25,2024,630023,5,4.586969364503334,3.472555404573515
746293,2024-06-25,2024,607625,8,4.586969364503334,5.186064236118218
747188,2024-06-25,2024,657746,5,4.586969364503334,4.9495817708029355
746943,2024-06-25,2024,678394,2,4.586969364503334,2.796309866666971
746943,2024-06-25,2024,670174,8,4.586969364503334,4.314372279925165
746943,2024-06-25,2024,592332,5,4.586969364503334,6.42178396980028
746213,2024-06-25,2024,542881,2,4.586969364503334,5.507895605974768
746213,2024-06-25,2024,687765,6,4.586969364503334,3.8176018349082295
747022,2024-06-25,2024,608344,1,4.586969364503334,2.235239152675759
746697,2024-06-25,2024,691172,4,4.586969364503334,1.8825554547946846
747188,2024-06-25,2024,694297,2,4.586969364503334,4.415833447098423
746697,2024-06-25,2024,656605,6,4.586969364503334,6.550798052441074
745322,2024-06-25,2024,543294,4,4.586969364503334,5.96465583029864
745322,2024-06-25,2024,678495,5,4.586969364503334,4.192725948361767
746697,2024-06-25,2024,668881,5,4.586969364503334,6.136115403933528
745076,2024-06-25,2024,641793,6,4.586969364503334,4.173287435599584
746454,2024-06-25,2024,624133,4,4.586969364503334,4.60778721053406
746454,2024-06-25,2024,669373,7,4.586969364503334,4.871751042020809
747022,2024-06-25,2024,671106,5,4.586969364503334,2.1817039997382293
745400,2024-06-26,2024,656302,9,4.586969364503334,7.134533775553828
745975,2024-06-26,2024,572971,4,4.586969364503334,2.4684606217420324
745158,2024-06-26,2024,693821,4,4.586969364503334,5.1969713960825406
745808,2024-06-26,2024,661563,2,4.586969364503334,4.83589680999077
745158,2024-06-26,2024,669461,8,4.586969364503334,5.161253462063436
745808,2024-06-26,2024,672782,1,4.586969364503334,3.736316075951719
745400,2024-06-26,2024,687792,1,4.586969364503334,2.828468606784214
746777,2024-06-26,2024,607200,5,4.586969364503334,4.618443364736281
745975,2024-06-26,2024,543135,4,4.586969364503334,6.786187387847408
746777,2024-06-26,2024,647336,7,4.586969364503334,4.032955689531518
746777,2024-06-26,2024,694813,7,4.586969364503334,6.098696516877688
747184,2024-06-26,2024,669194,3,4.586969364503334,4.677477927494523
746942,2024-06-26,2024,642232,4,4.586969364503334,1.3152760117762314
747184,2024-06-26,2024,680573,4,4.586969364503334,5.098910953403842
746291,2024-06-26,2024,678368,2,4.586969364503334,3.8109301853949855
747019,2024-06-26,2024,471911,3,4.586969364503334,5.631486413524214
747019,2024-06-26,2024,675540,1,4.586969364503334,2.803845662273261
747019,2024-06-26,2024,680570,4,4.586969364503334,5.588794200286355
745808,2024-06-26,2024,640455,3,4.586969364503334,2.729123488042153
746291,2024-06-26,2024,663903,5,4.586969364503334,5.693020045994521
746212,2024-06-26,2024,683155,8,4.586969364503334,5.6734393070779285
745157,2024-06-26,2024,681517,1,4.586969364503334,2.972302639616041
746212,2024-06-26,2024,672710,2,4.586969364503334,3.4157128761918254
745157,2024-06-26,2024,625643,5,4.586969364503334,5.330217958820451
746374,2024-06-26,2024,663372,2,4.586969364503334,4.389568824138198
745325,2024-06-26,2024,806185,5,4.586969364503334,5.210743077880758
745325,2024-06-26,2024,669713,7,4.586969364503334,5.208670722091227
746942,2024-06-26,2024,601713,10,4.586969364503334,5.792400801900837
746374,2024-06-26,2024,681293,10,4.586969364503334,6.381226894710241
746456,2024-06-26,2024,672456,6,4.586969364503334,5.793201747665615
746695,2024-06-26,2024,682847,7,4.586969364503334,5.3223856571675
745157,2024-06-26,2024,502043,4,4.586969364503334,3.866203726802226
745073,2024-06-26,2024,686752,8,4.586969364503334,5.138935189830957
745073,2024-06-26,2024,669923,7,4.586969364503334,4.485850106757596
746695,2024-06-26,2024,668933,3,4.586969364503334,4.458926467826279
745808,2024-06-26,2024,605288,3,4.586969364503334,1.1280614000674243
744919,2024-06-27,2024,607074,8,4.586969364503334,6.540485936576466
746210,2024-06-27,2024,669721,8,4.586969364503334,6.378457737946318
746816,2024-06-27,2024,641771,3,4.586969364503334,2.1368595705265365
746288,2024-06-27,2024,594902,5,4.586969364503334,3.8403171699579612
746288,2024-06-27,2024,608379,6,4.586969364503334,5.532175129816479
746210,2024-06-27,2024,656427,7,4.586969364503334,6.7456385410507895
746816,2024-06-27,2024,519242,11,4.586969364503334,7.030341666408057
745324,2024-06-27,2024,663855,7,4.586969364503334,5.372435374220662
747185,2024-06-27,2024,656756,1,4.586969364503334,4.268918174936476
745162,2024-06-27,2024,571945,1,4.586969364503334,5.580007013329181
747185,2024-06-27,2024,686826,0,4.586969364503334,1.8364839621101492
747185,2024-06-27,2024,701581,2,4.586969364503334,4.3137660684492385
745565,2024-06-27,2024,554430,5,4.586969364503334,7.519918015486952
745565,2024-06-27,2024,669432,4,4.586969364503334,6.021842290964696
747020,2024-06-27,2024,669203,5,4.586969364503334,5.392535968336812
747020,2024-06-27,2024,642546,2,4.586969364503334,3.328054437601822
747020,2024-06-27,2024,592351,1,4.586969364503334,3.2157327941270313
745162,2024-06-27,2024,671096,2,4.586969364503334,6.269171087375745
747185,2024-06-27,2024,543518,2,4.586969364503334,3.8362458359971487
744919,2024-06-27,2024,621244,8,4.586969364503334,4.821148518193829
745324,2024-06-27,2024,684007,3,4.586969364503334,5.103245644920448
745319,2024-06-28,2024,689017,7,4.586969364503334,4.1919498229322985
746214,2024-06-28,2024,668676,3,4.586969364503334,1.859826794260755
746214,2024-06-28,2024,628317,4,4.586969364503334,4.609196104863796
745070,2024-06-28,2024,621107,6,4.586969364503334,5.672392432323485
746776,2024-06-28,2024,689672,4,4.586969364503334,5.321272951312272
746776,2024-06-28,2024,641712,3,4.586969364503334,2.9807046321240813
745070,2024-06-28,2024,680730,5,4.586969364503334,5.287180556347391
747183,2024-06-28,2024,676664,6,4.586969364503334,4.349560747462937
747183,2024-06-28,2024,677944,7,4.586969364503334,6.44121590117392
745319,2024-06-28,2024,657277,6,4.586969364503334,5.143359652236603
745161,2024-06-28,2024,593423,5,4.586969364503334,5.6190668289183945
745238,2024-06-28,2024,669302,3,4.586969364503334,5.099695790859788
745238,2024-06-28,2024,641927,9,4.586969364503334,5.419151952086532
745970,2024-06-28,2024,607067,8,4.586969364503334,5.05558125378077
745804,2024-06-28,2024,500779,7,4.586969364503334,5.229862425488234
745804,2024-06-28,2024,669854,5,4.586969364503334,5.657838340338259
747105,2024-06-28,2024,527048,4,4.586969364503334,5.131710335539108
747105,2024-06-28,2024,450203,7,4.586969364503334,6.589281538585351
746292,2024-06-28,2024,679525,5,4.586969364503334,5.265412736615121
746292,2024-06-28,2024,670766,1,4.586969364503334,4.251403072496521
746292,2024-06-28,2024,663474,3,4.586969364503334,2.252447593855712
746939,2024-06-28,2024,502624,2,4.586969364503334,2.9024363027860267
746939,2024-06-28,2024,601713,4,4.586969364503334,4.905223688157318
745161,2024-06-28,2024,669467,5,4.586969364503334,4.278077978867816
747017,2024-06-28,2024,453286,4,4.586969364503334,4.83198220985757
747105,2024-06-28,2024,641726,3,4.586969364503334,3.1167515278554676
747017,2024-06-28,2024,544150,2,4.586969364503334,4.092385552462734
745970,2024-06-28,2024,592791,5,4.586969364503334,5.997360218143103
745560,2024-06-28,2024,650911,9,4.586969364503334,6.905454741385134
744922,2024-06-28,2024,573186,3,4.586969364503334,4.958777530831417
744922,2024-06-28,2024,579328,7,4.586969364503334,5.129009814392082
745560,2024-06-28,2024,667725,4,4.586969364503334,4.301428543697103
746939,2024-06-28,2024,681190,1,4.586969364503334,2.857371505914037
747104,2024-06-29,2024,694973,9,4.586969364503334,6.9563446974988645
747104,2024-06-29,2024,608331,4,4.586969364503334,5.65901405510211
745972,2024-06-29,2024,668964,6,4.586969364503334,4.950654681292948
745317,2024-06-29,2024,663546,1,4.586969364503334,1.6375182136949213
745159,2024-06-29,2024,700669,4,4.586969364503334,3.163944172379798
747018,2024-06-29,2024,547179,3,4.586969364503334,3.8233360128886957
745159,2024-06-29,2024,543243,6,4.586969364503334,5.579209197622469
746778,2024-06-29,2024,686563,3,4.586969364503334,4.0997296764966835
745317,2024-06-29,2024,675921,0,4.586969364503334,2.932654831701522
745972,2024-06-29,2024,657006,5,4.586969364503334,5.07223117663582
746778,2024-06-29,2024,615698,8,4.586969364503334,4.602972291911832
747018,2024-06-29,2024,700249,3,4.586969364503334,4.9894683592212346
747018,2024-06-29,2024,641540,1,4.586969364503334,1.1538484316784148
745159,2024-06-29,2024,686730,4,4.586969364503334,4.599943703638464
744921,2024-06-29,2024,605135,8,4.586969364503334,4.754419566995146
745071,2024-06-29,2024,650644,2,4.586969364503334,6.180869695856686
745317,2024-06-29,2024,607192,1,4.586969364503334,2.9675648120529594
746211,2024-06-29,2024,656288,4,4.586969364503334,5.524438059888317
746940,2024-06-29,2024,650633,6,4.586969364503334,5.5903018185803095
745559,2024-06-29,2024,682610,4,4.586969364503334,4.686653396210114
745801,2024-06-29,2024,664285,5,4.586969364503334,5.322268333156491
745559,2024-06-29,2024,605400,9,4.586969364503334,6.3325792348642596
745239,2024-06-29,2024,641154,9,4.586969364503334,6.536585208065527
746289,2024-06-29,2024,666142,6,4.586969364503334,5.7441162314408105
746211,2024-06-29,2024,681857,9,4.586969364503334,5.924269107079402
746940,2024-06-29,2024,690544,2,4.586969364503334,3.302245016040488
747186,2024-06-29,2024,663687,3,4.586969364503334,4.105717091186936
744921,2024-06-29,2024,641482,5,4.586969364503334,4.434014216772819
747186,2024-06-29,2024,668678,7,4.586969364503334,5.203033260878078
745071,2024-06-29,2024,663623,5,4.586969364503334,6.025509005256301
746940,2024-06-29,2024,656557,4,4.586969364503334,4.966032364277095
747186,2024-06-29,2024,674370,2,4.586969364503334,2.7678217674387424
745801,2024-06-29,2024,656731,6,4.586969364503334,7.1930895289814805
745239,2024-06-29,2024,682243,6,4.586969364503334,5.667541181039922
746289,2024-06-29,2024,676440,3,4.586969364503334,6.429848780971382
746938,2024-06-30,2024,670174,1,4.586969364503334,1.978457470976445
745320,2024-06-30,2024,702352,3,4.586969364503334,1.9245699494455657
747101,2024-06-30,2024,680885,7,4.586969364503334,4.760956709779719
746209,2024-06-30,2024,542881,2,4.586969364503334,4.174012363007344
746938,2024-06-30,2024,663362,3,4.586969364503334,3.0868422845030845
745154,2024-06-30,2024,458681,6,4.586969364503334,4.590044473392317
745154,2024-06-30,2024,668881,6,4.586969364503334,6.379803527248964
746209,2024-06-30,2024,663554,2,4.586969364503334,5.793687646541964
747101,2024-06-30,2024,663559,5,4.586969364503334,3.9923539010082933
745243,2024-06-30,2024,622491,3,4.586969364503334,4.709458754459264
745555,2024-06-30,2024,630023,4,4.586969364503334,4.948205635977166
744916,2024-06-30,2024,543037,6,4.586969364503334,5.555676587234636
744916,2024-06-30,2024,592332,7,4.586969364503334,7.364771984522339
745072,2024-06-30,2024,571578,5,4.586969364503334,5.6330879924174075
745555,2024-06-30,2024,624133,0,4.586969364503334,4.607596736220695
747182,2024-06-30,2024,665622,5,4.586969364503334,5.812691665001932
747182,2024-06-30,2024,694297,8,4.586969364503334,4.395803042243836
745971,2024-06-30,2024,642547,8,4.586969364503334,6.406625192594723
745802,2024-06-30,2024,622663,3,4.586969364503334,3.1263274300243484
745072,2024-06-30,2024,671737,11,4.586969364503334,6.730933701830627
747016,2024-06-30,2024,571760,10,4.586969364503334,5.56749883002799
745320,2024-06-30,2024,572020,4,4.586969364503334,5.032710682498054
745971,2024-06-30,2024,543294,3,4.586969364503334,2.1565304762906887
745320,2024-06-30,2024,694738,3,4.586969364503334,3.6832219183358594
746779,2024-06-30,2024,607536,3,4.586969364503334,3.7858886454379386
746779,2024-06-30,2024,647336,6,4.586969364503334,3.036663984921158
746779,2024-06-30,2024,676979,11,4.586969364503334,5.7123735607979675
745802,2024-06-30,2024,681869,2,4.586969364503334,2.7384283912398457
746290,2024-06-30,2024,671106,3,4.586969364503334,3.3400024206727723
746290,2024-06-30,2024,607625,10,4.586969364503334,6.231926123546741
747016,2024-06-30,2024,608344,2,4.586969364503334,3.8042728009355473
745243,2024-06-30,2024,657746,10,4.586969364503334,6.804342886809697
746535,2024-07-01,2024,596295,3,4.586969364503334,4.319513723983931
746535,2024-07-01,2024,669060,3,4.586969364503334,4.066036938847384
744914,2024-07-01,2024,684320,6,4.586969364503334,4.558874694624692
744840,2024-07-01,2024,669022,8,4.586969364503334,6.4105989738592095
744840,2024-07-01,2024,656849,2,4.586969364503334,4.652528574677128
744914,2024-07-01,2024,686613,5,4.586969364503334,5.233089575033725
745240,2024-07-02,2024,680570,8,4.586969364503334,6.304389891016512
745240,2024-07-02,2024,669923,5,4.586969364503334,6.1504623648335945
746047,2024-07-02,2024,676710,7,4.586969364503334,4.250427152785565
745730,2024-07-02,2024,668933,3,4.586969364503334,4.152631683192362
745647,2024-07-02,2024,687765,5,4.586969364503334,4.887964132748493
746047,2024-07-02,2024,678368,8,4.586969364503334,5.882490341906498
746133,2024-07-02,2024,676272,4,4.586969364503334,4.977480976997339
746133,2024-07-02,2024,669194,3,4.586969364503334,3.347248320640535
744838,2024-07-02,2024,687792,10,4.586969364503334,6.128754751039904
744838,2024-07-02,2024,640455,5,4.586969364503334,4.7578832179921555
744999,2024-07-02,2024,656302,5,4.586969364503334,5.405546591798126
744999,2024-07-02,2024,543135,6,4.586969364503334,5.765065137011777
745730,2024-07-02,2024,661563,3,4.586969364503334,4.536688892039652
745647,2024-07-02,2024,667755,4,4.586969364503334,3.357029682214071
746623,2024-07-02,2024,471911,7,4.586969364503334,3.4878174926974905
745482,2024-07-02,2024,656605,5,4.586969364503334,5.5582510803491685
746537,2024-07-02,2024,663372,3,4.586969364503334,3.7904559444713035
747102,2024-07-02,2024,806185,5,4.586969364503334,5.622527048193411
745886,2024-07-02,2024,680573,4,4.586969364503334,5.736420579196467
745886,2024-07-02,2024,669373,7,4.586969364503334,5.676577807638482
746860,2024-07-02,2024,669713,7,4.586969364503334,5.7451880808331195
746623,2024-07-02,2024,623167,3,4.586969364503334,6.031625118387265
746537,2024-07-02,2024,572971,5,4.586969364503334,3.0180964280191453
744913,2024-07-02,2024,681293,5,4.586969364503334,5.881767089363328
744913,2024-07-02,2024,621244,1,4.586969364503334,1.5415220809924017
747102,2024-07-02,2024,625643,6,4.586969364503334,6.423865262214409
746860,2024-07-02,2024,675650,4,4.586969364503334,4.521903002473345
745482,2024-07-02,2024,502043,8,4.586969364503334,4.072696225521566
746282,2024-07-02,2024,641793,4,4.586969364503334,4.1258431079850295
746282,2024-07-02,2024,663903,4,4.586969364503334,5.1168407457648835
744998,2024-07-03,2024,641540,3,4.586969364503334,3.7558745541188108
744998,2024-07-03,2024,592351,2,4.586969364503334,4.5875873389061645
746858,2024-07-03,2024,684007,8,4.586969364503334,5.000874315979378
746858,2024-07-03,2024,554430,7,4.586969364503334,6.434715715013913
744998,2024-07-03,2024,800049,4,4.586969364503334,3.569213044432698
745487,2024-07-03,2024,683003,5,4.586969364503334,5.070964516343738
746283,2024-07-03,2024,608379,8,4.586969364503334,4.63986492060575
745643,2024-07-03,2024,669721,3,4.586969364503334,5.11498998632278
745643,2024-07-03,2024,683155,4,4.586969364503334,5.318068090704029
746283,2024-07-03,2024,686752,0,4.586969364503334,5.535807934796316
745888,2024-07-03,2024,672456,4,4.586969364503334,5.703941101155934
746534,2024-07-03,2024,663567,2,4.586969364503334,2.0956645491965373
745728,2024-07-03,2024,671096,2,4.586969364503334,5.501720337234033
746534,2024-07-03,2024,641712,4,4.586969364503334,3.9297902055950047
746534,2024-07-03,2024,607067,4,4.586969364503334,6.2692447431545855
745728,2024-07-03,2024,607074,8,4.586969364503334,5.78807991951784
745487,2024-07-03,2024,571945,4,4.586969364503334,5.446478893794619
745888,2024-07-03,2024,701581,6,4.586969364503334,5.3696428334120965
744837,2024-07-03,2024,680730,5,4.586969364503334,5.074167439490624
746045,2024-07-03,2024,669432,6,4.586969364503334,5.308488188475804
744915,2024-07-03,2024,670102,2,4.586969364503334,2.6504084873640297
746045,2024-07-03,2024,678394,7,4.586969364503334,4.965711818648431
746128,2024-07-03,2024,642232,3,4.586969364503334,1.5876016143877427
746617,2024-07-03,2024,668909,2,4.586969364503334,3.862594633720418
746617,2024-07-03,2024,607200,3,4.586969364503334,4.425531589795168
744915,2024-07-03,2024,579328,5,4.586969364503334,5.806054332007823
746128,2024-07-03,2024,694813,3,4.586969364503334,4.989617105121181
746128,2024-07-03,2024,686826,1,4.586969364503334,1.9619095672038496
745234,2024-07-03,2024,669302,6,4.586969364503334,5.516294542619518
745234,2024-07-03,2024,665152,8,4.586969364503334,5.124976181078094
747100,2024-07-03,2024,663855,6,4.586969364503334,5.108515671139509
747100,2024-07-03,2024,519242,9,4.586969364503334,7.04298381247032
744837,2024-07-03,2024,681035,2,4.586969364503334,6.156693877674165
746128,2024-07-03,2024,691441,2,4.586969364503334,3.997362824631683
744915,2024-07-03,2024,669854,4,4.586969364503334,5.861271875319416
746126,2024-07-04,2024,668678,4,4.586969364503334,5.885196691639925
746126,2024-07-04,2024,598286,1,4.586969364503334,1.4212644450118077
746619,2024-07-04,2024,594902,6,4.586969364503334,4.709413384177985
746619,2024-07-04,2024,641771,1,4.586969364503334,4.279240868090221
746285,2024-07-04,2024,621107,3,4.586969364503334,6.387940976016433
746857,2024-07-04,2024,592791,7,4.586969364503334,5.261190640224529
745890,2024-07-04,2024,666214,1,4.586969364503334,2.6261171070690947
745890,2024-07-04,2024,641927,8,4.586969364503334,6.448837333791492
746619,2024-07-04,2024,694363,2,4.586969364503334,1.9798935620079483
746126,2024-07-04,2024,679885,5,4.586969364503334,1.2903456807809102
744912,2024-07-04,2024,605135,3,4.586969364503334,5.387959786736515
745890,2024-07-04,2024,628317,3,4.586969364503334,5.881203126722759
744912,2024-07-04,2024,664285,4,4.586969364503334,4.6459434898837015
746532,2024-07-04,2024,668964,5,4.586969364503334,6.684147778907199
746532,2024-07-04,2024,615698,2,4.586969364503334,5.72031282175523
745726,2024-07-04,2024,573186,6,4.586969364503334,5.1182635814766115
745726,2024-07-04,2024,593423,4,4.586969364503334,5.125882491158289
746043,2024-07-04,2024,667725,3,4.586969364503334,3.471015679202837
746043,2024-07-04,2024,601713,10,4.586969364503334,6.338754155177003
745236,2024-07-04,2024,682243,6,4.586969364503334,5.349420102097613
745236,2024-07-04,2024,669203,6,4.586969364503334,6.085778707490814
746285,2024-07-04,2024,679525,1,4.586969364503334,4.302672581709599
746285,2024-07-04,2024,672582,2,4.586969364503334,2.4625712445902224
746126,2024-07-04,2024,689017,6,4.586969364503334,4.775729236801589
746857,2024-07-04,2024,650911,3,4.586969364503334,4.150390004842122
746285,2024-07-04,2024,672578,1,4.586969364503334,3.157418447667741
745641,2024-07-04,2024,676664,6,4.586969364503334,5.579532419040296
744996,2024-07-04,2024,453286,3,4.586969364503334,5.260357008935615
744996,2024-07-04,2024,650633,5,4.586969364503334,5.23579625090275
745484,2024-07-04,2024,527048,2,4.586969364503334,4.282984925581632
744834,2024-07-04,2024,663623,8,4.586969364503334,5.803857227054974
747103,2024-07-04,2024,656550,4,4.586969364503334,2.9485360305623023
745484,2024-07-04,2024,669467,5,4.586969364503334,5.276431043727879
747103,2024-07-04,2024,657277,6,4.586969364503334,5.7248301570473705
744834,2024-07-04,2024,500779,1,4.586969364503334,4.529874600605946
745641,2024-07-04,2024,672710,1,4.586969364503334,2.1169755954272187
747103,2024-07-04,2024,450203,5,4.586969364503334,5.745867105181715
745884,2024-07-05,2024,664351,2,4.586969364503334,2.1610531072313623
746533,2024-07-05,2024,666142,8,4.586969364503334,6.4623913299572315
745884,2024-07-05,2024,641154,6,4.586969364503334,6.141386745923225
746046,2024-07-05,2024,689672,5,4.586969364503334,5.254723735917414
746533,2024-07-05,2024,607536,5,4.586969364503334,4.710752036181932
746046,2024-07-05,2024,682610,2,4.586969364503334,4.992673961194711
746859,2024-07-05,2024,657006,7,4.586969364503334,4.522054459480883
746046,2024-07-05,2024,663773,4,4.586969364503334,2.3200685720088243
745398,2024-07-05,2024,677944,2,4.586969364503334,4.786587845830436
744836,2024-07-05,2024,571578,3,4.586969364503334,5.160473394895026
745725,2024-07-05,2024,641482,8,4.586969364503334,6.229016262803577
745725,2024-07-05,2024,656557,1,4.586969364503334,3.9428270408199158
744992,2024-07-05,2024,547179,4,4.586969364503334,4.797660935307428
744992,2024-07-05,2024,669358,6,4.586969364503334,5.391858287887421
745237,2024-07-05,2024,592332,10,4.586969364503334,7.245793512513355
744836,2024-07-05,2024,543243,6,4.586969364503334,5.391796186816517
745398,2024-07-05,2024,681190,6,4.586969364503334,6.441706716950827
745884,2024-07-05,2024,681869,2,4.586969364503334,1.470988364062096
745884,2024-07-05,2024,680739,2,4.586969364503334,3.40103870726018
746127,2024-07-05,2024,607192,7,4.586969364503334,6.569713353045976
746859,2024-07-05,2024,656288,4,4.586969364503334,4.539059131588976
747097,2024-07-05,2024,608331,4,4.586969364503334,5.593326311216802
747097,2024-07-05,2024,605400,8,4.586969364503334,6.943767248936133
745639,2024-07-05,2024,544150,6,4.586969364503334,4.691071417266599
745639,2024-07-05,2024,663687,4,4.586969364503334,5.801185062132287
746127,2024-07-05,2024,650644,8,4.586969364503334,5.956900798682368
745479,2024-07-05,2024,694973,8,4.586969364503334,7.2290194247960775
745479,2024-07-05,2024,686654,1,4.586969364503334,2.101805343939628
745479,2024-07-05,2024,622663,3,4.586969364503334,4.31033040854291
746620,2024-07-05,2024,676440,6,4.586969364503334,5.968762952263647
745237,2024-07-05,2024,622491,8,4.586969364503334,5.830173674785109
746693,2024-07-05,2024,686730,3,4.586969364503334,4.562329724978488
746693,2024-07-05,2024,681857,8,4.586969364503334,5.187396519744222
746693,2024-07-05,2024,608718,4,4.586969364503334,2.1709208977432946
746620,2024-07-05,2024,702352,2,4.586969364503334,1.9953864293671417
744835,2024-07-06,2024,458681,2,4.586969364503334,3.9749680489807497
747099,2024-07-06,2024,680885,6,4.586969364503334,5.185669503687282
745395,2024-07-06,2024,663362,6,4.586969364503334,5.610187621575298
745642,2024-07-06,2024,665622,3,4.586969364503334,5.739579745933935
744835,2024-07-06,2024,606149,1,4.586969364503334,1.3338661346516618
744835,2024-07-06,2024,669022,5,4.586969364503334,4.990523191802461
745235,2024-07-06,2024,676106,4,4.586969364503334,5.436929275270768
744835,2024-07-06,2024,669461,2,4.586969364503334,3.6830917611198695
745642,2024-07-06,2024,672552,3,4.586969364503334,3.171463380039256
747099,2024-07-06,2024,624133,7,4.586969364503334,4.356797444383153
745642,2024-07-06,2024,700249,1,4.586969364503334,1.4039104685229862
745235,2024-07-06,2024,684320,6,4.586969364503334,4.201232351704864
746044,2024-07-06,2024,630023,5,4.586969364503334,5.3883360744961895
745395,2024-07-06,2024,694297,6,4.586969364503334,3.298438225704933
746129,2024-07-06,2024,572020,3,4.586969364503334,3.9184275825340347
745642,2024-07-06,2024,622253,1,4.586969364503334,1.6180916508121763
746856,2024-07-06,2024,543294,1,4.586969364503334,0.5055427884360189
745724,2024-07-06,2024,670174,4,4.586969364503334,2.0623507218822974
745724,2024-07-06,2024,543037,8,4.586969364503334,5.229696649822663
745724,2024-07-06,2024,502624,3,4.586969364503334,2.128912816364225
745642,2024-07-06,2024,608344,4,4.586969364503334,2.6624180795406556
746856,2024-07-06,2024,542881,10,4.586969364503334,5.271883289719154
746694,2024-07-06,2024,689225,5,4.586969364503334,2.0173946130780642
746694,2024-07-06,2024,668881,7,4.586969364503334,6.505331245252283
746129,2024-07-06,2024,669060,1,4.586969364503334,2.3237776466351368
746129,2024-07-06,2024,642547,4,4.586969364503334,6.436171520659431
746044,2024-07-06,2024,647336,4,4.586969364503334,4.068771511610605
746044,2024-07-06,2024,676979,5,4.586969364503334,6.410399319959631
744995,2024-07-06,2024,571760,7,4.586969364503334,6.113229896385914
745885,2024-07-06,2024,657746,8,4.586969364503334,7.15261713262194
746615,2024-07-06,2024,690986,2,4.586969364503334,3.7097342313110913
745476,2024-07-06,2024,656849,5,4.586969364503334,5.807776076622834
746529,2024-07-06,2024,607625,5,4.586969364503334,6.269774156371825
746615,2024-07-06,2024,671106,9,4.586969364503334,5.38634169003934
745476,2024-07-06,2024,663559,2,4.586969364503334,0.7839341366071562
746529,2024-07-06,2024,596295,3,4.586969364503334,5.480543737795618
745885,2024-07-06,2024,686613,6,4.586969364503334,5.565913120877142
744995,2024-07-06,2024,671737,5,4.586969364503334,4.698641451449109
746530,2024-07-07,2024,685299,4,4.586969364503334,4.600361477011051
746616,2024-07-07,2024,471911,4,4.586969364503334,4.435643683009288
745637,2024-07-07,2024,687765,5,4.586969364503334,4.809664575169544
744832,2024-07-07,2024,502043,8,4.586969364503334,5.069665880231154
745637,2024-07-07,2024,680570,8,4.586969364503334,5.712941407390458
745723,2024-07-07,2024,676710,4,4.586969364503334,3.386223885810634
747098,2024-07-07,2024,675650,1,4.586969364503334,3.0034858066946155
746530,2024-07-07,2024,663903,7,4.586969364503334,4.847426278546226
744832,2024-07-07,2024,687792,4,4.586969364503334,6.878837522021185
747098,2024-07-07,2024,625643,6,4.586969364503334,6.184222582949913
746122,2024-07-07,2024,572971,0,4.586969364503334,3.066465080137265
745233,2024-07-07,2024,669923,8,4.586969364503334,5.495186387328298
746616,2024-07-07,2024,806185,5,4.586969364503334,4.373656958907076
745477,2024-07-07,2024,682847,5,4.586969364503334,5.615440058297788
747098,2024-07-07,2024,663969,7,4.586969364503334,3.432708390488842
745723,2024-07-07,2024,661563,9,4.586969364503334,5.842981059736406
745233,2024-07-07,2024,621244,10,4.586969364503334,5.94854299819064
746855,2024-07-07,2024,669713,2,4.586969364503334,5.610530847272101
744993,2024-07-07,2024,641793,5,4.586969364503334,4.176666199662177
745391,2024-07-07,2024,656302,8,4.586969364503334,7.759280524266823
745391,2024-07-07,2024,669194,5,4.586969364503334,4.950486568562344
746855,2024-07-07,2024,667755,3,4.586969364503334,2.7208279776508304
746039,2024-07-07,2024,665795,4,4.586969364503334,4.3571491621115
746122,2024-07-07,2024,680736,4,4.586969364503334,5.172163103432771
746691,2024-07-07,2024,669373,13,4.586969364503334,5.620345072911264
746122,2024-07-07,2024,642232,3,4.586969364503334,2.933190947633186
744993,2024-07-07,2024,543135,5,4.586969364503334,5.696855705945346
746039,2024-07-07,2024,686563,3,4.586969364503334,3.4758302371409737
746122,2024-07-07,2024,596001,3,4.586969364503334,1.867414928902888
745883,2024-07-07,2024,680573,4,4.586969364503334,5.722140996473114
745883,2024-07-07,2024,681293,6,4.586969364503334,6.03767421735916
745477,2024-07-07,2024,640455,6,4.586969364503334,4.80339969731422
745477,2024-07-07,2024,547973,2,4.586969364503334,3.623018808954501
746691,2024-07-07,2024,668933,2,4.586969364503334,3.2841192451077488
747181,2024-07-08,2024,700270,5,4.586969364503334,5.010459284791167
746455,2024-07-08,2024,668909,5,4.586969364503334,6.2243597454591795
746455,2024-07-08,2024,672456,4,4.586969364503334,4.316445353727279
747181,2024-07-08,2024,693821,1,4.586969364503334,3.0526241887306904
746692,2024-07-08,2024,671096,8,4.586969364503334,7.07198643351404
746692,2024-07-08,2024,663372,6,4.586969364503334,5.540717498168478
746208,2024-07-08,2024,592351,2,4.586969364503334,4.94445817246129
746771,2024-07-08,2024,623167,4,4.586969364503334,5.111793203837185
746771,2024-07-08,2024,663978,3,4.586969364503334,4.783161929219106
746208,2024-07-08,2024,608334,5,4.586969364503334,2.497849557755492
746208,2024-07-08,2024,669721,3,4.586969364503334,3.113875315832643
744833,2024-07-08,2024,571945,3,4.586969364503334,5.024876487709459
745480,2024-07-08,2024,681035,3,4.586969364503334,4.982661558178768
745480,2024-07-08,2024,656605,6,4.586969364503334,6.683177668127418
744833,2024-07-08,2024,680730,6,4.586969364503334,5.172105441007908
745968,2024-07-09,2024,607067,3,4.586969364503334,4.0328031626855685
747014,2024-07-09,2024,669211,4,4.586969364503334,2.5441788850050906
746690,2024-07-09,2024,664875,1,4.586969364503334,1.4286445096904083
746690,2024-07-09,2024,666157,4,4.586969364503334,2.9073487519427808
745316,2024-07-09,2024,579328,13,4.586969364503334,6.1978186512068865
746368,2024-07-09,2024,669854,7,4.586969364503334,3.856752756189336
746368,2024-07-09,2024,669432,5,4.586969364503334,5.8030209213752775
745393,2024-07-09,2024,669302,7,4.586969364503334,4.809473044700748
746937,2024-07-09,2024,683155,1,4.586969364503334,3.714879441043741
746937,2024-07-09,2024,678394,11,4.586969364503334,6.47216753884615
747180,2024-07-09,2024,519242,9,4.586969364503334,7.181334756588369
747014,2024-07-09,2024,665152,3,4.586969364503334,4.839153020494149
746206,2024-07-09,2024,672710,1,4.586969364503334,1.394964714818049
746206,2024-07-09,2024,453286,6,4.586969364503334,5.7453417838845136
745074,2024-07-09,2024,607074,5,4.586969364503334,5.600292750768669
745074,2024-07-09,2024,686752,7,4.586969364503334,6.056803141133057
745968,2024-07-09,2024,682990,8,4.586969364503334,5.047729733398964
745393,2024-07-09,2024,800049,6,4.586969364503334,4.369462936374824
747014,2024-07-09,2024,592791,7,4.586969364503334,5.329643361904764
746690,2024-07-09,2024,615698,4,4.586969364503334,2.384798029148603
746937,2024-07-09,2024,671305,4,4.586969364503334,3.3835371631125737
745557,2024-07-09,2024,554430,7,4.586969364503334,4.131219724151288
746937,2024-07-09,2024,621053,2,4.586969364503334,2.2853435299600067
746451,2024-07-09,2024,666214,3,4.586969364503334,3.7193968578510725
745803,2024-07-09,2024,500779,5,4.586969364503334,5.289864007366887
745557,2024-07-09,2024,676272,2,4.586969364503334,5.403421389311351
746690,2024-07-09,2024,663567,2,4.586969364503334,2.0589630737155025
746451,2024-07-09,2024,628317,2,4.586969364503334,2.5566950631568135
746451,2024-07-09,2024,594902,4,4.586969364503334,3.9219980765008335
745316,2024-07-09,2024,605483,3,4.586969364503334,4.075975988115469
747180,2024-07-09,2024,668678,4,4.586969364503334,6.644705268992566
745803,2024-07-09,2024,663623,2,4.586969364503334,5.118288544323439
745155,2024-07-10,2024,679525,8,4.586969364503334,5.4716054077005305
746773,2024-07-10,2024,641154,5,4.586969364503334,6.014733885891752
745969,2024-07-10,2024,668964,6,4.586969364503334,6.332265343479713
745969,2024-07-10,2024,641703,1,4.586969364503334,4.547160094483403
745969,2024-07-10,2024,527048,5,4.586969364503334,5.538269020253894
746772,2024-07-10,2024,641927,6,4.586969364503334,4.573707525858409
745155,2024-07-10,2024,669467,5,4.586969364503334,6.333688140605671
745556,2024-07-10,2024,650911,5,4.586969364503334,6.015324916723456
745156,2024-07-10,2024,669461,0,4.586969364503334,2.546130912096495
747179,2024-07-10,2024,450203,5,4.586969364503334,6.251739024667846
747179,2024-07-10,2024,677944,3,4.586969364503334,3.2892064851720955
745796,2024-07-10,2024,622663,4,4.586969364503334,5.041350975298216
746934,2024-07-10,2024,676664,8,4.586969364503334,6.73035118158258
746934,2024-07-10,2024,601713,10,4.586969364503334,6.936154756226453
746689,2024-07-10,2024,593423,7,4.586969364503334,6.308843912319468
746205,2024-07-10,2024,656288,3,4.586969364503334,4.074256704451979
746689,2024-07-10,2024,607536,9,4.586969364503334,5.488326511253489
745156,2024-07-10,2024,608379,3,4.586969364503334,4.726391122656407
745796,2024-07-10,2024,571578,5,4.586969364503334,4.127854994503939
746205,2024-07-10,2024,547179,3,4.586969364503334,4.468641772887809
745394,2024-07-10,2024,650633,9,4.586969364503334,5.3801875406613915
745318,2024-07-10,2024,657277,4,4.586969364503334,4.70351944075878
746772,2024-07-10,2024,607200,5,4.586969364503334,5.1377341782404455
745394,2024-07-10,2024,682243,1,4.586969364503334,4.271011302383886
745069,2024-07-10,2024,621107,6,4.586969364503334,5.781742114236915
746453,2024-07-10,2024,676440,8,4.586969364503334,6.3106366083597285
746453,2024-07-10,2024,681857,3,4.586969364503334,5.7851013879470745
745318,2024-07-10,2024,605135,6,4.586969364503334,4.8463373189118
745556,2024-07-10,2024,694813,3,4.586969364503334,4.292203472949866
747015,2024-07-10,2024,684007,6,4.586969364503334,6.251279241452341
747015,2024-07-10,2024,669203,5,4.586969364503334,5.925109805262679
746366,2024-07-10,2024,686539,5,4.586969364503334,2.3617240086954103
746366,2024-07-10,2024,664285,10,4.586969364503334,5.801173870169823
746366,2024-07-10,2024,663773,1,4.586969364503334,2.506715629911233
746773,2024-07-10,2024,689672,1,4.586969364503334,3.8278147625391474
745069,2024-07-10,2024,573186,2,4.586969364503334,4.646671444575023
746688,2024-07-11,2024,596295,5,4.586969364503334,6.550055477521608
745313,2024-07-11,2024,592332,3,4.586969364503334,6.0833690381718
745558,2024-07-11,2024,689017,5,4.586969364503334,4.3322687815889465
746935,2024-07-11,2024,665622,7,4.586969364503334,5.289101844370442
745558,2024-07-11,2024,605400,9,4.586969364503334,5.694336216422736
745313,2024-07-11,2024,663855,1,4.586969364503334,4.879182669740245
746367,2024-07-11,2024,814005,4,4.586969364503334,5.072466995926394
746367,2024-07-11,2024,682610,2,4.586969364503334,5.3178573519255865
745799,2024-07-11,2024,656849,5,4.586969364503334,6.255101318895533
746935,2024-07-11,2024,656557,6,4.586969364503334,7.001948311273536
746688,2024-07-11,2024,668881,10,4.586969364503334,5.928155583654226
745065,2024-07-11,2024,669358,5,4.586969364503334,4.214878670681075
745799,2024-07-11,2024,669022,4,4.586969364503334,5.9706359974983005
746204,2024-07-11,2024,686799,1,4.586969364503334,2.696775498061087
747178,2024-07-11,2024,608331,7,4.586969364503334,6.349036214946975
747178,2024-07-11,2024,694297,4,4.586969364503334,6.478771352406248
747011,2024-07-11,2024,608344,1,4.586969364503334,1.353000446709097
745967,2024-07-11,2024,694973,11,4.586969364503334,7.0918042110445665
745065,2024-07-11,2024,641482,4,4.586969364503334,5.157561230301575
745967,2024-07-11,2024,650644,6,4.586969364503334,6.268427476452492
747011,2024-07-11,2024,544150,4,4.586969364503334,5.510189631618286
746452,2024-07-11,2024,675921,4,4.586969364503334,4.192881330144781
746452,2024-07-11,2024,658648,2,4.586969364503334,2.0437752301253562
747011,2024-07-11,2024,657006,4,4.586969364503334,3.4201390225563766
746204,2024-07-11,2024,670046,4,4.586969364503334,5.154150228018334
746452,2024-07-11,2024,656427,4,4.586969364503334,5.081563235224407
746204,2024-07-11,2024,622491,5,4.586969364503334,4.6014155321542445
746371,2024-07-12,2024,571760,5,4.586969364503334,5.143110858623486
745312,2024-07-12,2024,657746,6,4.586969364503334,6.09507310656292
746685,2024-07-12,2024,630023,1,4.586969364503334,5.198071734687336
747175,2024-07-12,2024,669194,5,4.586969364503334,5.881783508704777
745312,2024-07-12,2024,690986,3,4.586969364503334,3.827506500863209
746450,2024-07-12,2024,669373,8,4.586969364503334,6.043696328220063
745064,2024-07-12,2024,471911,3,4.586969364503334,4.03503902079248
745064,2024-07-12,2024,671737,8,4.586969364503334,5.810119242174166
745390,2024-07-12,2024,680885,3,4.586969364503334,5.3723609309390445
746371,2024-07-12,2024,686613,5,4.586969364503334,4.652182136727478
746685,2024-07-12,2024,686730,9,4.586969364503334,4.231601240308681
746774,2024-07-12,2024,686563,4,4.586969364503334,5.089924328933367
745390,2024-07-12,2024,663362,1,4.586969364503334,3.0609439256232545
746774,2024-07-12,2024,594835,4,4.586969364503334,2.841512203927846
747175,2024-07-12,2024,684320,7,4.586969364503334,4.608195207956697
745965,2024-07-12,2024,671131,6,4.586969364503334,4.733590387202527
746207,2024-07-12,2024,542881,4,4.586969364503334,3.9468623646425858
746207,2024-07-12,2024,693433,1,4.586969364503334,3.1941061269667586
745965,2024-07-12,2024,642547,6,4.586969364503334,5.430646405258394
746450,2024-07-12,2024,572020,1,4.586969364503334,3.9639504544465547
745800,2024-07-12,2024,663567,4,4.586969364503334,3.613748182105348
745800,2024-07-12,2024,640455,9,4.586969364503334,6.225834226972258
746936,2024-07-12,2024,666142,7,4.586969364503334,6.434491886711268
746936,2024-07-12,2024,681867,1,4.586969364503334,5.330232241721391
745153,2024-07-12,2024,543243,6,4.586969364503334,6.330157808196694
745800,2024-07-12,2024,685299,3,4.586969364503334,4.592359159324132
745552,2024-07-12,2024,663687,0,4.586969364503334,3.249127945047219
745552,2024-07-12,2024,674370,2,4.586969364503334,2.404763330159929
747012,2024-07-12,2024,543037,7,4.586969364503334,6.504411418314441
745153,2024-07-12,2024,543294,3,4.586969364503334,4.398246707242493
747012,2024-07-12,2024,700249,6,4.586969364503334,4.915610199155529
745552,2024-07-12,2024,624133,6,4.586969364503334,4.764443815373551
746447,2024-07-13,2024,672456,4,4.586969364503334,5.460057321500246
747013,2024-07-13,2024,680570,7,4.586969364503334,6.1255032622570855
745311,2024-07-13,2024,806185,3,4.586969364503334,3.8006413971966913
745311,2024-07-13,2024,680573,7,4.586969364503334,6.230401439169001
746930,2024-07-13,2024,676710,4,4.586969364503334,5.91063293301858
746930,2024-07-13,2024,607625,6,4.586969364503334,4.59470205200979
746766,2024-07-13,2024,682847,5,4.586969364503334,6.07918821268379
747177,2024-07-13,2024,670102,1,4.586969364503334,2.1747991911190154
745067,2024-07-13,2024,641793,3,4.586969364503334,4.032248759784892
746687,2024-07-13,2024,665795,7,4.586969364503334,3.2067417884633405
745549,2024-07-13,2024,663969,5,4.586969364503334,4.605133605468763
746766,2024-07-13,2024,623167,4,4.586969364503334,3.2853512189340406
745549,2024-07-13,2024,687765,6,4.586969364503334,4.571352550875511
745392,2024-07-13,2024,625643,2,4.586969364503334,5.723218089762088
745392,2024-07-13,2024,656302,11,4.586969364503334,7.719479203149622
747177,2024-07-13,2024,700270,2,4.586969364503334,4.799766135645393
747177,2024-07-13,2024,621244,0,4.586969364503334,5.026982345719449
746687,2024-07-13,2024,671096,4,4.586969364503334,4.383992831575065
745067,2024-07-13,2024,668909,2,4.586969364503334,5.414636906944987
746447,2024-07-13,2024,680736,4,4.586969364503334,5.0383075384486675
747013,2024-07-13,2024,661563,7,4.586969364503334,4.9719075742410395
746369,2024-07-13,2024,681293,7,4.586969364503334,5.096512330967451
746369,2024-07-13,2024,543135,7,4.586969364503334,5.558271655161684
745963,2024-07-13,2024,680730,2,4.586969364503334,3.459003740808267
745963,2024-07-13,2024,572971,2,4.586969364503334,2.4041224698546584
745798,2024-07-13,2024,681035,5,4.586969364503334,4.276050698975667
745798,2024-07-13,2024,676130,5,4.586969364503334,3.1471493731375197
745798,2024-07-13,2024,663372,7,4.586969364503334,4.4680679020739165
745152,2024-07-13,2024,458681,6,4.586969364503334,6.016836936618682
745175,2024-07-13,2024,502043,3,4.586969364503334,5.415272335860191
745175,2024-07-13,2024,665871,0,4.586969364503334,0.7337997264106741
745152,2024-07-13,2024,669713,4,4.586969364503334,5.6649593438921775
746202,2024-07-13,2024,669923,7,4.586969364503334,5.829697166251666
746202,2024-07-13,2024,667755,5,4.586969364503334,5.378161238788572
746370,2024-07-14,2024,453286,6,4.586969364503334,4.824150537113289
745151,2024-07-14,2024,592791,3,4.586969364503334,4.7183548763365115
746686,2024-07-14,2024,669432,4,4.586969364503334,4.7320979811986605
745151,2024-07-14,2024,571945,2,4.586969364503334,4.020100423023693
745797,2024-07-14,2024,500779,8,4.586969364503334,4.818668921776019
745797,2024-07-14,2024,608566,3,4.586969364503334,4.077035915811568
746686,2024-07-14,2024,666157,4,4.586969364503334,4.649874477970186
746370,2024-07-14,2024,669854,5,4.586969364503334,4.830115344335167
745314,2024-07-14,2024,605483,8,4.586969364503334,4.719847339212585
745066,2024-07-14,2024,594902,7,4.586969364503334,3.711371846261663
746449,2024-07-14,2024,642232,0,4.586969364503334,1.4759282603179464
745385,2024-07-14,2024,681190,5,4.586969364503334,3.69579682247013
745314,2024-07-14,2024,663978,6,4.586969364503334,4.921657749589325
746201,2024-07-14,2024,608334,7,4.586969364503334,4.480943494107451
746201,2024-07-14,2024,669302,9,4.586969364503334,5.7797010441453756
745551,2024-07-14,2024,683155,5,4.586969364503334,6.173937326340913
745551,2024-07-14,2024,675650,2,4.586969364503334,3.734575048448227
747009,2024-07-14,2024,665152,4,4.586969364503334,4.279053296112413
747009,2024-07-14,2024,607074,7,4.586969364503334,6.264481187800709
746932,2024-07-14,2024,678394,3,4.586969364503334,4.959074011803495
746932,2024-07-14,2024,663903,3,4.586969364503334,4.04915026314323
745962,2024-07-14,2024,607067,7,4.586969364503334,4.878354895118317
745962,2024-07-14,2024,663623,3,4.586969364503334,5.334600275779054
745066,2024-07-14,2024,686752,4,4.586969364503334,5.864990836921979
745385,2024-07-14,2024,519242,4,4.586969364503334,4.936840571806926
746449,2024-07-14,2024,628317,5,4.586969364503334,3.9313105220936535
746769,2024-07-14,2024,641771,4,4.586969364503334,3.5693370917542238
746769,2024-07-14,2024,656605,3,4.586969364503334,3.168640020686655
747176,2024-07-14,2024,668678,1,4.586969364503334,3.929591558605594
747176,2024-07-14,2024,579328,6,4.586969364503334,4.856384801625652
745228,2024-07-19,2024,686613,5,4.586969364503334,6.367910332352323
745640,2024-07-19,2024,676664,4,4.586969364503334,4.206765920657708
746618,2024-07-19,2024,663362,5,4.586969364503334,5.062614525993513
746618,2024-07-19,2024,676440,3,4.586969364503334,6.550567027081706
746531,2024-07-19,2024,690986,6,4.586969364503334,5.237370804269624
746531,2024-07-19,2024,615698,5,4.586969364503334,5.864361600024502
745228,2024-07-19,2024,622491,3,4.586969364503334,4.895884076865369
744911,2024-07-19,2024,605135,6,4.586969364503334,5.410085748660899
746123,2024-07-19,2024,694813,3,4.586969364503334,4.754757542699472
745721,2024-07-19,2024,543037,8,4.586969364503334,6.324243560954855
744911,2024-07-19,2024,656427,8,4.586969364503334,7.033835669769948
746854,2024-07-19,2024,657006,6,4.586969364503334,5.865053322284335
746854,2024-07-19,2024,669194,9,4.586969364503334,6.146266758311662
746040,2024-07-19,2024,640455,1,4.586969364503334,3.7059488287408096
746123,2024-07-19,2024,601713,8,4.586969364503334,5.669445809607
745721,2024-07-19,2024,621107,5,4.586969364503334,4.810346312229742
745640,2024-07-19,2024,656288,3,4.586969364503334,2.6556314543344097
746284,2024-07-19,2024,623167,4,4.586969364503334,5.138877980647536
745481,2024-07-19,2024,693312,3,4.586969364503334,2.14371757570688
746040,2024-07-19,2024,665795,1,4.586969364503334,3.1363117566206604
744990,2024-07-19,2024,669203,6,4.586969364503334,6.018208457843696
744990,2024-07-19,2024,543135,2,4.586969364503334,4.494867284834072
746284,2024-07-19,2024,641771,2,4.586969364503334,1.2713929439765996
745481,2024-07-19,2024,527048,4,4.586969364503334,3.991464174416481
744829,2024-07-19,2024,571578,6,4.586969364503334,6.409331638870527
745481,2024-07-19,2024,605400,4,4.586969364503334,4.50470235208885
746284,2024-07-19,2024,608379,7,4.586969364503334,4.656334477363808
744829,2024-07-19,2024,593423,3,4.586969364503334,5.096846220474327
746527,2024-07-20,2024,657277,4,4.586969364503334,4.777879964707438
746527,2024-07-20,2024,607536,4,4.586969364503334,5.325994284769698
746286,2024-07-20,2024,663903,7,4.586969364503334,5.496833082562092
744910,2024-07-20,2024,579328,8,4.586969364503334,6.314873024174106
744910,2024-07-20,2024,628317,1,4.586969364503334,3.8728155726456244
744994,2024-07-20,2024,453286,1,4.586969364503334,2.0795869717520867
744994,2024-07-20,2024,570632,4,4.586969364503334,3.9367938581455
744994,2024-07-20,2024,642016,2,4.586969364503334,3.1046869503524857
744994,2024-07-20,2024,680570,8,4.586969364503334,7.32799618863736
747093,2024-07-20,2024,450203,4,4.586969364503334,5.757638980314087
745229,2024-07-20,2024,669923,6,4.586969364503334,6.499946749310591
745478,2024-07-20,2024,650911,2,4.586969364503334,5.096620218991924
746286,2024-07-20,2024,686563,4,4.586969364503334,4.775952136695682
746852,2024-07-20,2024,668678,4,4.586969364503334,5.9670528426389495
746852,2024-07-20,2024,543294,2,4.586969364503334,4.132911991684122
746041,2024-07-20,2024,682610,5,4.586969364503334,3.7577154025739166
746041,2024-07-20,2024,622663,7,4.586969364503334,4.776412823409163
744830,2024-07-20,2024,669022,2,4.586969364503334,4.01331889994179
746613,2024-07-20,2024,675921,2,4.586969364503334,2.747797620100878
746613,2024-07-20,2024,668909,5,4.586969364503334,4.995924126448204
746613,2024-07-20,2024,656302,10,4.586969364503334,7.659648186650718
745720,2024-07-20,2024,641482,1,4.586969364503334,5.406408558458372
745720,2024-07-20,2024,656671,2,4.586969364503334,1.4078618040880388
745720,2024-07-20,2024,671737,5,4.586969364503334,5.829321945880799
745229,2024-07-20,2024,664285,6,4.586969364503334,6.156352501620491
744830,2024-07-20,2024,666157,8,4.586969364503334,5.697686841433119
745478,2024-07-20,2024,682847,2,4.586969364503334,5.0163761020245445
745880,2024-07-20,2024,642547,8,4.586969364503334,6.577072646654185
747093,2024-07-20,2024,502043,6,4.586969364503334,5.69938532846545
745880,2024-07-20,2024,641154,7,4.586969364503334,7.263971203242746
747096,2024-07-20,2024,656550,2,4.586969364503334,1.7930081496840735
747096,2024-07-20,2024,693821,9,4.586969364503334,4.998382540730594
745638,2024-07-20,2024,670046,3,4.586969364503334,3.994179749722643
747096,2024-07-20,2024,543243,10,4.586969364503334,4.774147900934754
746121,2024-07-20,2024,680736,5,4.586969364503334,5.209774827684202
745638,2024-07-20,2024,686799,4,4.586969364503334,3.680175251190339
745638,2024-07-20,2024,687765,3,4.586969364503334,3.8140352603989633
746121,2024-07-20,2024,678394,7,4.586969364503334,4.6653967089722
745230,2024-07-21,2024,669854,5,4.586969364503334,5.838696426449879
745722,2024-07-21,2024,573186,5,4.586969364503334,5.37810571804066
745882,2024-07-21,2024,650644,4,4.586969364503334,4.57226593264129
745882,2024-07-21,2024,657746,6,4.586969364503334,5.845516577098123
745722,2024-07-21,2024,669358,1,4.586969364503334,4.457833031703524
746287,2024-07-21,2024,689672,5,4.586969364503334,5.503677592635024
746528,2024-07-21,2024,663372,6,4.586969364503334,5.37509955410917
746042,2024-07-21,2024,681035,4,4.586969364503334,4.4980236703997605
746610,2024-07-21,2024,594902,2,4.586969364503334,5.6530633677776825
746287,2024-07-21,2024,607625,6,4.586969364503334,6.569125006277048
744991,2024-07-21,2024,571760,4,4.586969364503334,6.27331956464709
745230,2024-07-21,2024,693433,5,4.586969364503334,4.362374018248753
746042,2024-07-21,2024,669432,5,4.586969364503334,5.544693157051616
745470,2024-07-21,2024,594835,4,4.586969364503334,4.9061847464677495
745470,2024-07-21,2024,663969,3,4.586969364503334,5.33249640672419
745470,2024-07-21,2024,676596,0,4.586969364503334,1.371099744319345
745633,2024-07-21,2024,683155,4,4.586969364503334,5.822491781709891
745633,2024-07-21,2024,608334,3,4.586969364503334,4.124435398478485
746610,2024-07-21,2024,650633,6,4.586969364503334,4.072195590703314
744991,2024-07-21,2024,665152,2,4.586969364503334,4.6430715380486305
744831,2024-07-21,2024,663623,7,4.586969364503334,5.6543350955991585
744831,2024-07-21,2024,671096,1,4.586969364503334,6.619644056824543
746528,2024-07-21,2024,806185,12,4.586969364503334,6.0218454000024915
747094,2024-07-21,2024,571945,3,4.586969364503334,5.220760104734963
746125,2024-07-21,2024,676710,2,4.586969364503334,4.472277295015559
746853,2024-07-21,2024,694297,7,4.586969364503334,5.656260241852375
744909,2024-07-21,2024,592332,5,4.586969364503334,5.923099363504169
746125,2024-07-21,2024,572020,7,4.586969364503334,6.061663773726444
746853,2024-07-21,2024,684007,10,4.586969364503334,5.2010927329275205
747094,2024-07-21,2024,680885,8,4.586969364503334,6.629273425674751
744909,2024-07-21,2024,672456,3,4.586969364503334,4.9535779159124
746280,2024-07-22,2024,700270,0,4.586969364503334,3.844727151923924
746280,2024-07-22,2024,666142,5,4.586969364503334,6.7470125159682475
747095,2024-07-22,2024,625643,5,4.586969364503334,5.268636221284669
746612,2024-07-22,2024,669373,6,4.586969364503334,5.532559487688484
746280,2024-07-22,2024,528748,3,4.586969364503334,-0.22058701179842366
747095,2024-07-22,2024,668881,7,4.586969364503334,7.70452764444373
746612,2024-07-22,2024,471911,6,4.586969364503334,5.590676474750157
745881,2024-07-22,2024,624133,4,4.586969364503334,3.9500195461993046
745881,2024-07-22,2024,641927,4,4.586969364503334,4.849576957204951
746850,2024-07-22,2024,668964,6,4.586969364503334,5.102069604436676
745717,2024-07-22,2024,607074,10,4.586969364503334,6.1510177980164364
744988,2024-07-22,2024,607200,5,4.586969364503334,5.253866544379051
745635,2024-07-22,2024,663687,7,4.586969364503334,5.2123972663887175
745635,2024-07-22,2024,681293,3,4.586969364503334,6.028278620502913
746850,2024-07-22,2024,665871,2,4.586969364503334,4.14693781767732
746034,2024-07-22,2024,656849,4,4.586969364503334,4.734091316999183
746526,2024-07-22,2024,596295,5,4.586969364503334,6.769109485175919
746526,2024-07-22,2024,656557,2,4.586969364503334,4.806782314863817
745473,2024-07-22,2024,669467,3,4.586969364503334,5.413507667650294
745232,2024-07-22,2024,542881,8,4.586969364503334,5.381782423369159
745232,2024-07-22,2024,682243,5,4.586969364503334,5.288444215422934
746124,2024-07-22,2024,689981,2,4.586969364503334,3.2429244778733475
746034,2024-07-22,2024,630023,4,4.586969364503334,4.781348636528379
745717,2024-07-22,2024,641793,6,4.586969364503334,6.061119922060267
744988,2024-07-22,2024,547179,8,4.586969364503334,5.627331161012419
746124,2024-07-22,2024,605483,4,4.586969364503334,5.372188340180538
745473,2024-07-22,2024,656605,3,4.586969364503334,5.718321988015209
745632,2024-07-23,2024,674370,6,4.586969364503334,3.755820301102144
745475,2024-07-23,2024,694973,8,4.586969364503334,7.149331101850624
745632,2024-07-23,2024,814005,5,4.586969364503334,4.553162591577464
745475,2024-07-23,2024,458681,2,4.586969364503334,4.708843089434249
745878,2024-07-23,2024,554430,7,4.586969364503334,6.548012010445315
744985,2024-07-23,2024,592351,5,4.586969364503334,4.827926807205411
744904,2024-07-23,2024,621244,5,4.586969364503334,5.25133779425216
744828,2024-07-23,2024,681190,1,4.586969364503334,3.0789300221923943
744828,2024-07-23,2024,687792,4,4.586969364503334,4.9704496519969785
744985,2024-07-23,2024,676979,7,4.586969364503334,4.315556854663151
746281,2024-07-23,2024,679525,6,4.586969364503334,5.177669111695082
746281,2024-07-23,2024,656756,2,4.586969364503334,3.2956008966396184
746848,2024-07-23,2024,607067,8,4.586969364503334,5.789085521285566
744904,2024-07-23,2024,641302,4,4.586969364503334,2.4772208723698803
746848,2024-07-23,2024,592791,3,4.586969364503334,4.859936837250955
746036,2024-07-23,2024,544150,3,4.586969364503334,3.168319227360647
746118,2024-07-23,2024,663855,7,4.586969364503334,5.425825212361702
746524,2024-07-23,2024,683627,2,4.586969364503334,4.567509391553283
745227,2024-07-23,2024,667755,5,4.586969364503334,5.050589926505901
746036,2024-07-23,2024,667725,5,4.586969364503334,5.18598366884906
746524,2024-07-23,2024,681867,4,4.586969364503334,5.9037014458417305
746524,2024-07-23,2024,663562,3,4.586969364503334,2.6713046337958133
746614,2024-07-23,2024,675540,1,4.586969364503334,2.5812063618399845
746524,2024-07-23,2024,621389,1,4.586969364503334,2.0645514101935216
745227,2024-07-23,2024,669302,8,4.586969364503334,6.481310081683039
745878,2024-07-23,2024,680573,5,4.586969364503334,5.809888943719061
745715,2024-07-23,2024,500779,6,4.586969364503334,5.078613056274372
745715,2024-07-23,2024,661563,6,4.586969364503334,4.386876634877513
746614,2024-07-23,2024,666214,3,4.586969364503334,1.1331333504945071
746118,2024-07-23,2024,689017,6,4.586969364503334,5.051501983095886
747091,2024-07-24,2024,593423,6,4.586969364503334,6.092568508392089
746525,2024-07-24,2024,615698,3,4.586969364503334,4.9946054771034065
746525,2024-07-24,2024,601713,6,4.586969364503334,4.538783290664955
745716,2024-07-24,2024,640455,4,4.586969364503334,6.017902279486471
746525,2024-07-24,2024,502624,2,4.586969364503334,1.1725081164093696
745716,2024-07-24,2024,543037,4,4.586969364503334,6.517168365997585
747091,2024-07-24,2024,656550,5,4.586969364503334,3.582968174677169
744905,2024-07-24,2024,621107,4,4.586969364503334,4.492405686780849
744824,2024-07-24,2024,680730,5,4.586969364503334,4.555102012102895
745472,2024-07-24,2024,527048,2,4.586969364503334,3.9482740363317816
745472,2024-07-24,2024,669461,3,4.586969364503334,3.4768631988049346
745472,2024-07-24,2024,688297,2,4.586969364503334,1.0760821165734127
746035,2024-07-24,2024,665795,6,4.586969364503334,4.86555283971199
744905,2024-07-24,2024,684320,6,4.586969364503334,3.625459197537384
745634,2024-07-24,2024,666205,3,4.586969364503334,1.8231876597486645
747091,2024-07-24,2024,642216,3,4.586969364503334,3.06605699883763
745231,2024-07-24,2024,622491,7,4.586969364503334,6.0002521839881835
745231,2024-07-24,2024,656288,6,4.586969364503334,5.472381084512731
746119,2024-07-24,2024,607192,4,4.586969364503334,5.5042660350836545
746611,2024-07-24,2024,676440,4,4.586969364503334,3.8403874552107036
746611,2024-07-24,2024,656427,6,4.586969364503334,6.054312226658397
746035,2024-07-24,2024,694646,3,4.586969364503334,4.876427309229168
745634,2024-07-24,2024,686613,8,4.586969364503334,4.555354434691967
746851,2024-07-24,2024,596001,1,4.586969364503334,2.4915481833007513
746851,2024-07-24,2024,657006,4,4.586969364503334,5.26234023155238
746851,2024-07-24,2024,669060,3,4.586969364503334,1.3329174261314902
744824,2024-07-24,2024,663362,4,4.586969364503334,3.814303736263863
745877,2024-07-24,2024,701581,7,4.586969364503334,4.108971346859641
744989,2024-07-24,2024,623167,3,4.586969364503334,5.155431975060914
744989,2024-07-24,2024,543135,10,4.586969364503334,6.6889611046728445
745877,2024-07-24,2024,605400,6,4.586969364503334,5.832140725659824
745634,2024-07-24,2024,676664,3,4.586969364503334,5.309137546593727
746279,2024-07-24,2024,669194,2,4.586969364503334,4.892065398588248
746279,2024-07-24,2024,608379,1,4.586969364503334,4.042159530305743
746119,2024-07-24,2024,592662,8,4.586969364503334,5.244603100103773
746199,2024-07-25,2024,548389,3,4.586969364503334,2.906906283116509
746609,2024-07-25,2024,668909,9,4.586969364503334,7.265139924316691
745794,2024-07-25,2024,622663,6,4.586969364503334,5.253758297853295
745794,2024-07-25,2024,676130,4,4.586969364503334,1.2366766614262077
745794,2024-07-25,2024,519242,9,4.586969364503334,6.6775558211970205
746199,2024-07-25,2024,670046,1,4.586969364503334,3.1503524143580393
746037,2024-07-25,2024,669203,5,4.586969364503334,6.3408472286556625
746037,2024-07-25,2024,682610,3,4.586969364503334,4.904314477183924
746117,2024-07-25,2024,657277,4,4.586969364503334,4.134779630107547
744827,2024-07-25,2024,656302,9,4.586969364503334,7.908313372494818
744827,2024-07-25,2024,571578,7,4.586969364503334,6.601880806377232
744907,2024-07-25,2024,671737,7,4.586969364503334,5.113089193966549
744984,2024-07-25,2024,686563,1,4.586969364503334,4.9045718511531256
744984,2024-07-25,2024,453286,9,4.586969364503334,5.7744240378603235
746117,2024-07-25,2024,477132,6,4.586969364503334,3.698371261309994
744907,2024-07-25,2024,605135,6,4.586969364503334,5.40736028201496
746933,2024-07-26,2024,641482,5,4.586969364503334,3.9913374825684693
746767,2024-07-26,2024,669923,7,4.586969364503334,4.820666202797551
746767,2024-07-26,2024,671111,3,4.586969364503334,3.51322768784046
746767,2024-07-26,2024,694363,3,4.586969364503334,3.5099916054129876
745964,2024-07-26,2024,669432,1,4.586969364503334,4.765464809366212
747010,2024-07-26,2024,680570,2,4.586969364503334,5.8071415594441405
745792,2024-07-26,2024,673540,9,4.586969364503334,5.86416737915882
745792,2024-07-26,2024,450203,2,4.586969364503334,2.6046008758066654
744906,2024-07-26,2024,579328,5,4.586969364503334,5.798399657583054
745068,2024-07-26,2024,669358,7,4.586969364503334,5.24732042194024
745068,2024-07-26,2024,666157,5,4.586969364503334,5.143534536098884
747174,2024-07-26,2024,682847,4,4.586969364503334,5.811506787414211
745146,2024-07-26,2024,669022,3,4.586969364503334,4.7373514316182685
745146,2024-07-26,2024,543243,7,4.586969364503334,5.27553515917607
744906,2024-07-26,2024,571760,4,4.586969364503334,4.549664347337903
746448,2024-07-26,2024,666214,3,4.586969364503334,3.2088827796540516
746448,2024-07-26,2024,672456,5,4.586969364503334,5.791477045256651
745964,2024-07-26,2024,642547,4,4.586969364503334,5.28340421890161
746200,2024-07-26,2024,608334,3,4.586969364503334,3.9257050194342797
745315,2024-07-26,2024,607536,8,4.586969364503334,5.186224359427626
745315,2024-07-26,2024,690986,11,4.586969364503334,6.540788723187636
746448,2024-07-26,2024,641154,7,4.586969364503334,5.851720673752996
745554,2024-07-26,2024,650911,2,4.586969364503334,5.573954532225171
745554,2024-07-26,2024,594902,6,4.586969364503334,5.158916540832519
746277,2024-07-26,2024,663903,5,4.586969364503334,5.722256988101862
746277,2024-07-26,2024,543294,4,4.586969364503334,4.814446624305102
746933,2024-07-26,2024,678394,4,4.586969364503334,3.762472419904083
746361,2024-07-26,2024,664285,10,4.586969364503334,6.474841631580507
746200,2024-07-26,2024,621112,2,4.586969364503334,2.8264101978161964
746361,2024-07-26,2024,694813,3,4.586969364503334,5.371511318585534
747174,2024-07-26,2024,668678,6,4.586969364503334,6.606873204875415
746203,2024-07-27,2024,542881,10,4.586969364503334,5.454291558305097
745966,2024-07-27,2024,676974,3,4.586969364503334,5.727752795913854
745966,2024-07-27,2024,663773,3,4.586969364503334,1.8531510901388382
745793,2024-07-27,2024,656731,4,4.586969364503334,5.535795051230653
746768,2024-07-27,2024,607200,4,4.586969364503334,4.177549025425254
745793,2024-07-27,2024,680885,11,4.586969364503334,5.448181642117941
745150,2024-07-27,2024,606149,4,4.586969364503334,2.573539054964723
745150,2024-07-27,2024,663623,5,4.586969364503334,5.957071255321558
745966,2024-07-27,2024,650644,3,4.586969364503334,4.976377187577928
745150,2024-07-27,2024,502043,0,4.586969364503334,4.786085445151527
744908,2024-07-27,2024,547179,1,4.586969364503334,1.9667621225619003
744908,2024-07-27,2024,592332,8,4.586969364503334,8.085280136027311
744908,2024-07-27,2024,570632,2,4.586969364503334,3.190316723789045
747171,2024-07-27,2024,594835,1,4.586969364503334,3.0802773579129896
747171,2024-07-27,2024,682990,2,4.586969364503334,3.4710948384656843
747171,2024-07-27,2024,694297,4,4.586969364503334,5.213796853046525
746768,2024-07-27,2024,693433,3,4.586969364503334,4.133777068374502
745059,2024-07-27,2024,671096,2,4.586969364503334,5.027953391968933
745059,2024-07-27,2024,641793,5,4.586969364503334,4.769649803064709
746931,2024-07-27,2024,676710,5,4.586969364503334,4.222541491396184
744908,2024-07-27,2024,641540,2,4.586969364503334,2.0679354468823314
746203,2024-07-27,2024,687765,3,4.586969364503334,5.995738683336997
746768,2024-07-27,2024,663436,3,4.586969364503334,4.57212224262545
745307,2024-07-27,2024,663372,6,4.586969364503334,5.207199569229734
746931,2024-07-27,2024,573186,0,4.586969364503334,2.0087398823386033
745307,2024-07-27,2024,605483,15,4.586969364503334,6.820537446830965
747006,2024-07-27,2024,608344,0,4.586969364503334,0.8538095293422208
747006,2024-07-27,2024,650633,9,4.586969364503334,5.660596265638364
747006,2024-07-27,2024,665152,7,4.586969364503334,5.934455928526512
746446,2024-07-27,2024,669373,8,4.586969364503334,5.361490316286231
746362,2024-07-27,2024,669854,9,4.586969364503334,6.053996927262129
746362,2024-07-27,2024,680736,2,4.586969364503334,4.9042129002458426
745310,2024-07-27,2024,685299,5,4.586969364503334,4.6830312923471915
745310,2024-07-27,2024,806185,8,4.586969364503334,7.520397015427016
746446,2024-07-27,2024,657746,8,4.586969364503334,5.508198232480656
746278,2024-07-27,2024,607625,2,4.586969364503334,4.74947642869675
746278,2024-07-27,2024,684007,3,4.586969364503334,5.863388792584713
745553,2024-07-27,2024,663969,4,4.586969364503334,6.322208457052386
745553,2024-07-27,2024,471911,5,4.586969364503334,5.140071143578181
746929,2024-07-28,2024,669711,2,4.586969364503334,1.7031870533645952
747173,2024-07-28,2024,656605,6,4.586969364503334,5.856460531794093
745305,2024-07-28,2024,596295,6,4.586969364503334,5.517528388895821
745305,2024-07-28,2024,663562,3,4.586969364503334,2.0898112767343884
745305,2024-07-28,2024,678495,3,4.586969364503334,1.9440865356152681
747173,2024-07-28,2024,700270,7,4.586969364503334,4.7298188477885565
745063,2024-07-28,2024,668881,5,4.586969364503334,6.568741524525663
745961,2024-07-28,2024,668964,5,4.586969364503334,4.2720922865568545
744902,2024-07-28,2024,547179,1,4.586969364503334,2.3489805532972285
744902,2024-07-28,2024,621244,5,4.586969364503334,6.3795165223745975
745550,2024-07-28,2024,663465,1,4.586969364503334,3.1867013357194933
745145,2024-07-28,2024,687792,8,4.586969364503334,5.367859376288606
745145,2024-07-28,2024,571945,3,4.586969364503334,4.393649120524041
747008,2024-07-28,2024,544150,2,4.586969364503334,4.691243298610854
747008,2024-07-28,2024,660853,4,4.586969364503334,2.8007813154420194
747008,2024-07-28,2024,681190,2,4.586969364503334,4.043611992796294
746445,2024-07-28,2024,628317,4,4.586969364503334,5.500734776825846
746445,2024-07-28,2024,641927,11,4.586969364503334,5.992060183075398
746929,2024-07-28,2024,656557,2,4.586969364503334,5.7087278280366744
746274,2024-07-28,2024,665871,5,4.586969364503334,3.2386481628155517
746195,2024-07-28,2024,674370,6,4.586969364503334,4.921371533298086
746274,2024-07-28,2024,666142,7,4.586969364503334,5.670375274080743
746195,2024-07-28,2024,667755,2,4.586969364503334,4.070415244726799
745550,2024-07-28,2024,676282,3,4.586969364503334,3.7418385945272297
745795,2024-07-28,2024,625643,2,4.586969364503334,4.449759772626424
745961,2024-07-28,2024,667725,5,4.586969364503334,3.8005881311779843
745795,2024-07-28,2024,656849,7,4.586969364503334,4.514242396484546
745961,2024-07-28,2024,642629,3,4.586969364503334,3.8377795426336867
746364,2024-07-28,2024,689981,8,4.586969364503334,5.272515414179986
746364,2024-07-28,2024,681293,8,4.586969364503334,6.1788610385013385
746770,2024-07-28,2024,641771,4,4.586969364503334,4.593584632032045
746929,2024-07-28,2024,607074,7,4.586969364503334,7.052664487732888
746770,2024-07-28,2024,676979,3,4.586969364503334,3.957530481145775
746770,2024-07-28,2024,682243,6,4.586969364503334,5.3662589624649355
747039,2024-07-29,2024,608344,5,4.586969364503334,2.8349193505164365
747007,2024-07-29,2024,621107,7,4.586969364503334,5.236179687381672
747007,2024-07-29,2024,684320,1,4.586969364503334,2.1921178008286715
747007,2024-07-29,2024,685126,0,4.586969364503334,2.4272967654160307
745959,2024-07-29,2024,607067,6,4.586969364503334,4.258423257739973
745959,2024-07-29,2024,656550,8,4.586969364503334,3.868926722541281
746444,2024-07-29,2024,676440,2,4.586969364503334,5.6151806773367525
746360,2024-07-29,2024,694973,6,4.586969364503334,7.565374146751453
745147,2024-07-29,2024,543135,2,4.586969364503334,5.474109654685216
746765,2024-07-29,2024,623167,2,4.586969364503334,5.439729988971405
746765,2024-07-29,2024,679525,3,4.586969364503334,3.369884716695336
747172,2024-07-29,2024,680730,3,4.586969364503334,3.9401191772961823
747172,2024-07-29,2024,656756,1,4.586969364503334,4.0753614087136265
747172,2024-07-29,2024,612434,0,4.586969364503334,0.4748657394266589
745547,2024-07-29,2024,661563,8,4.586969364503334,5.220627479053014
746444,2024-07-29,2024,676614,5,4.586969364503334,5.586892851357322
745147,2024-07-29,2024,669467,5,4.586969364503334,5.396990394477413
745547,2024-07-29,2024,554430,6,4.586969364503334,6.17323896718395
746928,2024-07-29,2024,663423,1,4.586969364503334,1.5981336874831227
747039,2024-07-29,2024,670102,2,4.586969364503334,4.187454808269062
747039,2024-07-29,2024,700249,1,4.586969364503334,4.9700357484789945
746684,2024-07-29,2024,686730,4,4.586969364503334,2.974552635954003
746684,2024-07-29,2024,592791,4,4.586969364503334,5.14796836546055
746928,2024-07-29,2024,601713,10,4.586969364503334,7.366342266713687
746928,2024-07-29,2024,669302,4,4.586969364503334,4.948661168676186
745791,2024-07-29,2024,680573,2,4.586969364503334,4.511019624636127
745791,2024-07-29,2024,500779,5,4.586969364503334,5.764322596137064
745791,2024-07-29,2024,676130,2,4.586969364503334,0.859423987551291
745149,2024-07-30,2024,674003,2,4.586969364503334,1.7101016483632225
745787,2024-07-30,2024,640455,11,4.586969364503334,6.086889568869087
745787,2024-07-30,2024,701581,6,4.586969364503334,4.166240441406181
746365,2024-07-30,2024,686613,8,4.586969364503334,4.066622956086571
746365,2024-07-30,2024,663559,3,4.586969364503334,1.8541981818764635
746683,2024-07-30,2024,657006,7,4.586969364503334,5.700434037864912
746926,2024-07-30,2024,622491,4,4.586969364503334,6.06998395997085
745149,2024-07-30,2024,458681,3,4.586969364503334,4.20992389147587
745309,2024-07-30,2024,592662,4,4.586969364503334,5.6400191019524994
745309,2024-07-30,2024,676664,9,4.586969364503334,5.186988996847798
746763,2024-07-30,2024,608379,5,4.586969364503334,4.70224515211948
746763,2024-07-30,2024,686563,2,4.586969364503334,4.958837990562803
746197,2024-07-30,2024,656288,6,4.586969364503334,5.500711853402572
746683,2024-07-30,2024,607259,3,4.586969364503334,2.977597366202782
745958,2024-07-30,2024,693821,7,4.586969364503334,4.729369524686461
745958,2024-07-30,2024,669060,3,4.586969364503334,1.3723848101805136
747005,2024-07-30,2024,669203,7,4.586969364503334,6.329689016606604
746926,2024-07-30,2024,572020,5,4.586969364503334,3.890902371062749
747167,2024-07-30,2024,674285,0,4.586969364503334,1.391957913770848
747167,2024-07-30,2024,669194,9,4.586969364503334,6.838358146033007
745149,2024-07-30,2024,453286,5,4.586969364503334,4.259450466592994
746441,2024-07-30,2024,668909,8,4.586969364503334,5.565684575967248
746197,2024-07-30,2024,615698,4,4.586969364503334,4.74088882402776
747005,2024-07-30,2024,605135,3,4.586969364503334,5.1271575968951035
745546,2024-07-30,2024,701542,6,4.586969364503334,5.392932492811272
747167,2024-07-30,2024,571578,3,4.586969364503334,3.7275404791030295
745060,2024-07-30,2024,685116,2,4.586969364503334,2.5830614688208096
745060,2024-07-30,2024,665795,7,4.586969364503334,4.457188664323566
745389,2024-07-30,2024,663362,6,4.586969364503334,3.6434048772899326
745389,2024-07-30,2024,607192,8,4.586969364503334,6.222439884007357
745958,2024-07-30,2024,605452,4,4.586969364503334,4.507994241528041
745060,2024-07-30,2024,605488,3,4.586969364503334,4.099615033386996
745546,2024-07-30,2024,605400,4,4.586969364503334,4.7778010556852095
745960,2024-07-31,2024,642547,7,4.586969364503334,5.630845261666624
745960,2024-07-31,2024,519242,6,4.586969364503334,6.418939445502168
746363,2024-07-31,2024,664285,10,4.586969364503334,5.060753202139283
747003,2024-07-31,2024,502179,1,4.586969364503334,3.210459150585206
747170,2024-07-31,2024,668678,6,4.586969364503334,5.597904771020726
746198,2024-07-31,2024,669721,5,4.586969364503334,4.677032069790257
746198,2024-07-31,2024,607536,6,4.586969364503334,5.049741588305734
745543,2024-07-31,2024,650911,7,4.586969364503334,5.254222828638033
746678,2024-07-31,2024,543294,4,4.586969364503334,3.0454570462845565
745386,2024-07-31,2024,656302,6,4.586969364503334,7.208631163049297
745148,2024-07-31,2024,700241,3,4.586969364503334,5.676622080757173
746925,2024-07-31,2024,669923,2,4.586969364503334,6.044411510895738
745061,2024-07-31,2024,682610,7,4.586969364503334,4.25924395191593
745061,2024-07-31,2024,671737,6,4.586969364503334,6.005339365609653
745061,2024-07-31,2024,670955,5,4.586969364503334,2.5663444624920717
745543,2024-07-31,2024,641482,6,4.586969364503334,5.738587542105088
745386,2024-07-31,2024,641703,2,4.586969364503334,1.5318554929076011
745789,2024-07-31,2024,622663,2,4.586969364503334,2.5790538257048192
745789,2024-07-31,2024,641154,7,4.586969364503334,6.701546765062009
746925,2024-07-31,2024,678394,7,4.586969364503334,5.544117826143158
745306,2024-07-31,2024,657277,6,4.586969364503334,5.443028137226269
745386,2024-07-31,2024,477132,0,4.586969364503334,4.727340277386424
746363,2024-07-31,2024,663765,3,4.586969364503334,1.5740105423919237
746764,2024-07-31,2024,663903,4,4.586969364503334,4.12619186240645
746764,2024-07-31,2024,689672,0,4.586969364503334,4.08725978225059
746678,2024-07-31,2024,666157,6,4.586969364503334,6.3084840252825005
747003,2024-07-31,2024,680570,8,4.586969364503334,5.9648122313667695
745306,2024-07-31,2024,548389,0,4.586969364503334,2.8404370913548576
745148,2024-07-31,2024,571760,2,4.586969364503334,5.632072603812461
747170,2024-07-31,2024,669022,1,4.586969364503334,6.252206170182442
747092,2024-08-01,2024,676974,7,4.586969364503334,5.829741507392027
746196,2024-08-01,2024,608334,8,4.586969364503334,3.9112086705917593
746607,2024-08-01,2024,544150,1,4.586969364503334,2.8550473696827874
746607,2024-08-01,2024,594902,4,4.586969364503334,4.486798732177999
746607,2024-08-01,2024,669432,3,4.586969364503334,5.28923070089069
746196,2024-08-01,2024,663372,3,4.586969364503334,4.543914249968174
747092,2024-08-01,2024,450203,6,4.586969364503334,5.70983601123537
746442,2024-08-01,2024,672456,3,4.586969364503334,5.465300542544547
746442,2024-08-01,2024,607625,3,4.586969364503334,5.696587103770635
746849,2024-08-01,2024,543243,9,4.586969364503334,5.645003029908943
746849,2024-08-01,2024,684007,7,4.586969364503334,5.870154884070782
745631,2024-08-02,2024,683155,6,4.586969364503334,3.7216452950844117
745224,2024-08-02,2024,693433,6,4.586969364503334,4.868795367489885
746845,2024-08-02,2024,607200,4,4.586969364503334,5.3650252722334475
746443,2024-08-02,2024,666142,6,4.586969364503334,6.3461117905281546
744986,2024-08-02,2024,676710,5,4.586969364503334,5.477967454504179
744986,2024-08-02,2024,656641,0,4.586969364503334,2.2234009935305683
746845,2024-08-02,2024,665871,3,4.586969364503334,5.437554910281313
746443,2024-08-02,2024,669373,8,4.586969364503334,5.535486519440423
745875,2024-08-02,2024,657746,7,4.586969364503334,7.02589713220124
745875,2024-08-02,2024,663436,5,4.586969364503334,4.021661367755814
745387,2024-08-02,2024,681190,4,4.586969364503334,4.8609650652868845
744825,2024-08-02,2024,663623,4,4.586969364503334,6.173594946729037
745387,2024-08-02,2024,596295,6,4.586969364503334,6.109863831196693
746605,2024-08-02,2024,665152,2,4.586969364503334,6.2815506574047335
746605,2024-08-02,2024,471911,5,4.586969364503334,4.590071315063918
744825,2024-08-02,2024,593423,5,4.586969364503334,5.397921782545359
744986,2024-08-02,2024,570632,2,4.586969364503334,3.3228836560848736
746193,2024-08-02,2024,542881,3,4.586969364503334,5.36882478633763
745719,2024-08-02,2024,592332,2,4.586969364503334,5.133413523315231
745224,2024-08-02,2024,663969,1,4.586969364503334,3.1436197327791016
746193,2024-08-02,2024,621112,6,4.586969364503334,4.318169265908819
746354,2024-08-02,2024,579328,11,4.586969364503334,6.604051984552493
746354,2024-08-02,2024,669358,5,4.586969364503334,4.469970517751009
745631,2024-08-02,2024,694813,5,4.586969364503334,4.861043824083084
745471,2024-08-02,2024,694297,3,4.586969364503334,6.2908072780235775
745471,2024-08-02,2024,682847,2,4.586969364503334,5.006104055018134
747089,2024-08-02,2024,680885,10,4.586969364503334,6.244244319543071
747089,2024-08-02,2024,678368,5,4.586969364503334,2.420753360764342
746679,2024-08-02,2024,605483,11,4.586969364503334,7.684745662264723
745719,2024-08-02,2024,573186,3,4.586969364503334,3.667827026198913
746679,2024-08-02,2024,671096,8,4.586969364503334,5.173780684597318
744823,2024-08-03,2024,687792,6,4.586969364503334,4.488396722936703
746846,2024-08-03,2024,502043,7,4.586969364503334,5.603441818116576
746358,2024-08-03,2024,669854,7,4.586969364503334,5.377779410375181
746846,2024-08-03,2024,592791,4,4.586969364503334,5.0352333359091235
745388,2024-08-03,2024,685299,4,4.586969364503334,5.273638945779945
746608,2024-08-03,2024,621107,3,4.586969364503334,4.857290136286902
746608,2024-08-03,2024,675540,2,4.586969364503334,2.272702589314981
745388,2024-08-03,2024,527048,7,4.586969364503334,4.714839258383602
746194,2024-08-03,2024,667755,6,4.586969364503334,5.675495340292973
745714,2024-08-03,2024,607074,8,4.586969364503334,6.756025780507545
745714,2024-08-03,2024,621244,6,4.586969364503334,5.632278096255109
746194,2024-08-03,2024,656849,4,4.586969364503334,3.876669156300765
745636,2024-08-03,2024,687765,6,4.586969364503334,5.536031450881635
746608,2024-08-03,2024,676282,4,4.586969364503334,5.329925700319092
745636,2024-08-03,2024,656427,7,4.586969364503334,6.537772540400712
745225,2024-08-03,2024,663465,4,4.586969364503334,3.680069653240003
744987,2024-08-03,2024,674003,5,4.586969364503334,2.5605252635833358
747087,2024-08-03,2024,445926,3,4.586969364503334,1.722420839144501
747087,2024-08-03,2024,656550,4,4.586969364503334,4.1085595078141255
747087,2024-08-03,2024,667725,2,4.586969364503334,4.071575563509729
746440,2024-08-03,2024,547179,5,4.586969364503334,4.885149512496128
746440,2024-08-03,2024,628317,4,4.586969364503334,4.4180606032023615
744987,2024-08-03,2024,656557,7,4.586969364503334,6.172666672149855
744823,2024-08-03,2024,650644,3,4.586969364503334,3.7216347205418527
746681,2024-08-03,2024,668881,11,4.586969364503334,6.781292803117545
745225,2024-08-03,2024,682243,4,4.586969364503334,5.522889534415235
746681,2024-08-03,2024,690986,4,4.586969364503334,3.211998087168598
745474,2024-08-03,2024,656605,4,4.586969364503334,3.5767336451218563
745474,2024-08-03,2024,656756,3,4.586969364503334,3.100364286131163
745876,2024-08-03,2024,657053,3,4.586969364503334,3.357327795861139
745876,2024-08-03,2024,676979,2,4.586969364503334,4.577450407858557
746358,2024-08-03,2024,641793,3,4.586969364503334,4.166786219447472
745474,2024-08-03,2024,677944,3,4.586969364503334,4.959713092243447
745876,2024-08-03,2024,641927,7,4.586969364503334,4.713822604592841
745384,2024-08-04,2024,663362,7,4.586969364503334,3.311766845927134
747088,2024-08-04,2024,665795,8,4.586969364503334,5.658001765140183
746680,2024-08-04,2024,592662,9,4.586969364503334,5.791865492436053
745468,2024-08-04,2024,669194,7,4.586969364503334,5.9213576881806125
745468,2024-08-04,2024,694973,4,4.586969364503334,6.8278057230356195
747088,2024-08-04,2024,608331,6,4.586969364503334,3.9484821958613034
746439,2024-08-04,2024,608379,2,4.586969364503334,4.6184424258416925
746356,2024-08-04,2024,681293,12,4.586969364503334,6.3474409391861
745627,2024-08-04,2024,674370,6,4.586969364503334,5.632585108249468
744979,2024-08-04,2024,543135,7,4.586969364503334,7.158369187411696
746844,2024-08-04,2024,571945,3,4.586969364503334,5.451593479629141
744979,2024-08-04,2024,601713,5,4.586969364503334,4.195661212891873
746191,2024-08-04,2024,656288,8,4.586969364503334,4.661541771026879
746844,2024-08-04,2024,657006,6,4.586969364503334,5.463390089914612
745384,2024-08-04,2024,615698,2,4.586969364503334,4.629294479645607
746356,2024-08-04,2024,641302,5,4.586969364503334,2.6786103889828703
746191,2024-08-04,2024,500779,4,4.586969364503334,4.869124686846672
746680,2024-08-04,2024,686730,5,4.586969364503334,4.816823242614625
745718,2024-08-04,2024,543037,4,4.586969364503334,6.257144550290557
746606,2024-08-04,2024,687362,3,4.586969364503334,2.761604438235281
745718,2024-08-04,2024,684320,4,4.586969364503334,4.576916575135478
746606,2024-08-04,2024,668909,8,4.586969364503334,4.989363873511087
745222,2024-08-04,2024,669302,7,4.586969364503334,6.480799661472861
745222,2024-08-04,2024,554430,9,4.586969364503334,5.909275069278963
745879,2024-08-04,2024,680573,6,4.586969364503334,4.778233983272521
746606,2024-08-04,2024,669203,4,4.586969364503334,5.79829989640225
744826,2024-08-04,2024,668964,2,4.586969364503334,3.023457917431011
745879,2024-08-04,2024,671111,4,4.586969364503334,2.0443307447641486
747088,2024-08-04,2024,592426,5,4.586969364503334,2.2801804118900963
745627,2024-08-04,2024,689981,4,4.586969364503334,5.0618030028269025
745879,2024-08-04,2024,623167,3,4.586969364503334,2.9137694976861876
744826,2024-08-04,2024,680730,3,4.586969364503334,4.7713082140237075
745628,2024-08-05,2024,681066,3,4.586969364503334,4.205117291112798
746600,2024-08-05,2024,671106,2,4.586969364503334,3.7963803700988814
746600,2024-08-05,2024,668678,4,4.586969364503334,5.309764738404067
744821,2024-08-05,2024,657277,4,4.586969364503334,5.071681647073914
746116,2024-08-05,2024,607192,9,4.586969364503334,5.768196735139048
744982,2024-08-05,2024,571760,4,4.586969364503334,4.062597856015356
746276,2024-08-05,2024,572020,4,4.586969364503334,5.694458740928982
745628,2024-08-05,2024,676664,5,4.586969364503334,4.525070203842492
746116,2024-08-05,2024,605400,4,4.586969364503334,5.587276190232279
744821,2024-08-05,2024,571578,6,4.586969364503334,5.290496983166492
744982,2024-08-05,2024,686613,4,4.586969364503334,4.670348560357594
746276,2024-08-05,2024,663903,6,4.586969364503334,5.913964385479923
746038,2024-08-05,2024,607259,5,4.586969364503334,3.722834758869725
745184,2024-08-05,2024,640455,10,4.586969364503334,6.269037434749817
746038,2024-08-05,2024,682610,2,4.586969364503334,3.8729801840399043
746847,2024-08-05,2024,701581,9,4.586969364503334,4.773949883960582
746847,2024-08-05,2024,543294,5,4.586969364503334,5.153184539695748
746038,2024-08-05,2024,641312,2,4.586969364503334,2.6691227947973504
746038,2024-08-05,2024,596001,1,4.586969364503334,2.0355152486233523
745184,2024-08-05,2024,669467,2,4.586969364503334,6.106221678268274
745221,2024-08-06,2024,622491,9,4.586969364503334,5.238273001162344
744817,2024-08-06,2024,806185,1,4.586969364503334,3.7333029295158973
747086,2024-08-06,2024,445926,1,4.586969364503334,2.334647393562279
744817,2024-08-06,2024,678495,3,4.586969364503334,2.7733667013906356
745629,2024-08-06,2024,686563,5,4.586969364503334,4.4259459224571245
746273,2024-08-06,2024,678394,6,4.586969364503334,5.323519957900911
746840,2024-08-06,2024,684007,10,4.586969364503334,5.293629918055871
746840,2024-08-06,2024,677976,1,4.586969364503334,1.9583115755525755
745141,2024-08-06,2024,543243,6,4.586969364503334,6.213914317573894
747086,2024-08-06,2024,607067,9,4.586969364503334,5.190622124541581
746033,2024-08-06,2024,666157,7,4.586969364503334,6.030267671156428
744817,2024-08-06,2024,663546,3,4.586969364503334,2.193460625447763
744983,2024-08-06,2024,664285,5,4.586969364503334,6.318368003744088
747086,2024-08-06,2024,693821,6,4.586969364503334,4.136797294028786
746033,2024-08-06,2024,670766,3,4.586969364503334,1.7808739578401598
746033,2024-08-06,2024,676974,2,4.586969364503334,3.3680783009793522
744983,2024-08-06,2024,641816,2,4.586969364503334,4.621354729701632
744983,2024-08-06,2024,641540,2,4.586969364503334,1.0775237613994069
746840,2024-08-06,2024,641154,2,4.586969364503334,5.30656897826184
744817,2024-08-06,2024,669022,6,4.586969364503334,5.911060201835673
745221,2024-08-06,2024,672456,8,4.586969364503334,4.890754759440229
746120,2024-08-06,2024,650911,2,4.586969364503334,5.490817915526285
746120,2024-08-06,2024,641703,1,4.586969364503334,2.6781947285363423
745467,2024-08-06,2024,663765,1,4.586969364503334,1.6171472266336524
746120,2024-08-06,2024,477132,5,4.586969364503334,4.563301523237974
745141,2024-08-06,2024,605488,3,4.586969364503334,4.309407140701718
745467,2024-08-06,2024,663773,3,4.586969364503334,2.6448882154771693
746519,2024-08-06,2024,622663,5,4.586969364503334,5.227140992914941
745467,2024-08-06,2024,693312,1,4.586969364503334,2.777093610442383
746519,2024-08-06,2024,607536,7,4.586969364503334,3.891620601539943
746273,2024-08-06,2024,607625,4,4.586969364503334,6.131756203016997
744901,2024-08-06,2024,544150,6,4.586969364503334,4.870256420359868
744901,2024-08-06,2024,605135,9,4.586969364503334,5.365871082223306
745629,2024-08-06,2024,548389,2,4.586969364503334,3.6889795662164557
744822,2024-08-07,2024,663623,4,4.586969364503334,5.142273634925263
746272,2024-08-07,2024,676710,3,4.586969364503334,5.769860443722206
747085,2024-08-07,2024,519242,10,4.586969364503334,6.524700784118644
745630,2024-08-07,2024,683155,4,4.586969364503334,6.112196773868069
746842,2024-08-07,2024,680739,3,4.586969364503334,1.5474191148971075
746842,2024-08-07,2024,670950,0,4.586969364503334,2.8335464443383156
745630,2024-08-07,2024,663436,4,4.586969364503334,4.890455168056273
746115,2024-08-07,2024,663969,3,4.586969364503334,5.135228149286306
746115,2024-08-07,2024,694813,2,4.586969364503334,4.473656848822597
746842,2024-08-07,2024,665871,1,4.586969364503334,4.070804870551236
744981,2024-08-07,2024,570632,0,4.586969364503334,2.3243910484006234
746272,2024-08-07,2024,666142,7,4.586969364503334,6.549571053680753
746031,2024-08-07,2024,678368,4,4.586969364503334,4.615534032941187
746031,2024-08-07,2024,671096,7,4.586969364503334,6.964706220092503
744981,2024-08-07,2024,579328,8,4.586969364503334,6.719504755442987
744822,2024-08-07,2024,605483,8,4.586969364503334,6.091657608189355
747085,2024-08-07,2024,642547,6,4.586969364503334,6.2013779801297035
746521,2024-08-07,2024,621112,6,4.586969364503334,5.193161403652744
746521,2024-08-07,2024,663562,3,4.586969364503334,2.7174998361225216
745142,2024-08-07,2024,671737,3,4.586969364503334,5.214592498161056
745142,2024-08-07,2024,607200,6,4.586969364503334,5.320299149368446
745469,2024-08-07,2024,650633,7,4.586969364503334,5.059469159392095
745469,2024-08-07,2024,594835,3,4.586969364503334,4.955845024288592
745709,2024-08-07,2024,661563,6,4.586969364503334,6.567343390294489
745709,2024-08-07,2024,669721,4,4.586969364503334,4.385678385773322
744903,2024-08-07,2024,670102,7,4.586969364503334,5.481914282973932
745223,2024-08-07,2024,669923,7,4.586969364503334,5.840773381251088
745223,2024-08-07,2024,669373,9,4.586969364503334,6.6739552568823095
746604,2024-08-07,2024,694297,6,4.586969364503334,5.2780787724828
746602,2024-08-07,2024,471911,5,4.586969364503334,3.976877953539149
746602,2024-08-07,2024,593958,1,4.586969364503334,2.803137370731638
746604,2024-08-07,2024,594902,2,4.586969364503334,4.564677408476629
744903,2024-08-07,2024,669432,2,4.586969364503334,5.157245248022306
745713,2024-08-07,2024,608334,1,4.586969364503334,5.243226244188356
745713,2024-08-07,2024,701542,6,4.586969364503334,5.019673453737943
745466,2024-08-08,2024,682847,3,4.586969364503334,5.071951599157693
746522,2024-08-08,2024,663567,3,4.586969364503334,3.275949038810754
746522,2024-08-08,2024,683627,2,4.586969364503334,3.8746636272757202
745466,2024-08-08,2024,681190,3,4.586969364503334,4.487121955579035
746522,2024-08-08,2024,596295,1,4.586969364503334,3.3253478669136785
745710,2024-08-08,2024,641482,2,4.586969364503334,5.069473337850299
745143,2024-08-08,2024,502043,6,4.586969364503334,5.480510254927026
746522,2024-08-08,2024,656849,5,4.586969364503334,4.8343575355887145
745226,2024-08-08,2024,676614,4,4.586969364503334,3.328471901367409
745226,2024-08-08,2024,693433,7,4.586969364503334,4.952468276912456
744819,2024-08-08,2024,687792,4,4.586969364503334,3.558741809824329
744819,2024-08-08,2024,690986,3,4.586969364503334,2.7358380145382077
745710,2024-08-08,2024,542881,7,4.586969364503334,4.923271829573206
745143,2024-08-08,2024,669358,2,4.586969364503334,5.426115279984022
747169,2024-08-08,2024,656756,4,4.586969364503334,5.946881701439347
747081,2024-08-08,2024,450203,3,4.586969364503334,4.83439524570067
747169,2024-08-08,2024,663465,3,4.586969364503334,3.011413417946181
746030,2024-08-08,2024,668881,5,4.586969364503334,6.957997387479732
744899,2024-08-08,2024,665152,6,4.586969364503334,5.450378669094582
746030,2024-08-08,2024,667725,3,4.586969364503334,4.706709437103628
747081,2024-08-08,2024,669060,3,4.586969364503334,1.6536189123446299
747081,2024-08-08,2024,593423,7,4.586969364503334,5.786444225186044
747081,2024-08-08,2024,592426,1,4.586969364503334,4.257472529004468
744899,2024-08-08,2024,592332,2,4.586969364503334,6.1697843707072355
747169,2024-08-08,2024,677944,2,4.586969364503334,2.7146120055411016
747081,2024-08-08,2024,670161,3,4.586969364503334,2.930584850723468
745308,2024-08-09,2024,592662,7,4.586969364503334,6.264726596324597
746032,2024-08-09,2024,527048,6,4.586969364503334,4.707710226161155
746032,2024-08-09,2024,665795,4,4.586969364503334,5.337605474823244
747168,2024-08-09,2024,669194,9,4.586969364503334,6.206539179133785
746760,2024-08-09,2024,676979,5,4.586969364503334,3.402759106603701
746927,2024-08-09,2024,656557,1,4.586969364503334,4.692413175220682
745308,2024-08-09,2024,628317,2,4.586969364503334,4.405595076215783
745957,2024-08-09,2024,650644,5,4.586969364503334,5.469773471805135
746760,2024-08-09,2024,657053,6,4.586969364503334,2.868695494410763
745871,2024-08-09,2024,502171,1,4.586969364503334,4.093036770424623
745871,2024-08-09,2024,686973,4,4.586969364503334,4.906201028386779
746927,2024-08-09,2024,669854,5,4.586969364503334,5.330106867194478
747168,2024-08-09,2024,554430,8,4.586969364503334,5.770598206931212
746760,2024-08-09,2024,592791,4,4.586969364503334,5.599661672235535
744900,2024-08-09,2024,621244,8,4.586969364503334,6.042114131085544
746113,2024-08-09,2024,656605,5,4.586969364503334,5.493118287739235
744900,2024-08-09,2024,687765,2,4.586969364503334,3.8947365722172416
745062,2024-08-09,2024,621107,7,4.586969364503334,5.159752774163027
744818,2024-08-09,2024,680730,5,4.586969364503334,5.618501134123906
744818,2024-08-09,2024,667755,7,4.586969364503334,4.622671349404995
746275,2024-08-09,2024,547179,3,4.586969364503334,5.38957777548725
745220,2024-08-09,2024,682243,6,4.586969364503334,5.41960577084664
745220,2024-08-09,2024,500779,8,4.586969364503334,5.865134316611324
745957,2024-08-09,2024,686730,7,4.586969364503334,5.792881560025838
745062,2024-08-09,2024,641793,5,4.586969364503334,5.254296637197294
745927,2024-08-09,2024,641927,9,4.586969364503334,6.6332087933526225
746275,2024-08-09,2024,571945,3,4.586969364503334,5.232425738947286
745927,2024-08-09,2024,676282,2,4.586969364503334,4.396002038577506
746113,2024-08-09,2024,656427,10,4.586969364503334,7.855603010116298
746523,2024-08-09,2024,656550,8,4.586969364503334,6.516552150187352
746113,2024-08-09,2024,593334,3,4.586969364503334,4.683500542309544
745308,2024-08-09,2024,689225,5,4.586969364503334,3.152260358877415
746523,2024-08-09,2024,685299,7,4.586969364503334,5.214447853547321
745219,2024-08-10,2024,669302,6,4.586969364503334,5.038833536890465
747164,2024-08-10,2024,668678,3,4.586969364503334,5.290224095282473
746112,2024-08-10,2024,621294,4,4.586969364503334,1.380477263283395
744820,2024-08-10,2024,571578,2,4.586969364503334,6.056246860436112
746112,2024-08-10,2024,689981,4,4.586969364503334,3.2851175061501356
746112,2024-08-10,2024,694973,8,4.586969364503334,6.473050800236916
745219,2024-08-10,2024,640455,3,4.586969364503334,5.1617178648009565
746520,2024-08-10,2024,608331,9,4.586969364503334,5.5144650146183745
744820,2024-08-10,2024,656288,0,4.586969364503334,5.157171650081925
746520,2024-08-10,2024,641712,1,4.586969364503334,3.3722886513379944
747164,2024-08-10,2024,605400,4,4.586969364503334,4.851507508827601
745955,2024-08-10,2024,607259,7,4.586969364503334,4.988292535868088
746761,2024-08-10,2024,657006,8,4.586969364503334,6.3665071485321025
746922,2024-08-10,2024,681293,13,4.586969364503334,5.577126885907208
746922,2024-08-10,2024,641745,6,4.586969364503334,4.071025910402326
745304,2024-08-10,2024,676428,5,4.586969364503334,4.2163671120087445
745304,2024-08-10,2024,657277,8,4.586969364503334,6.813176023582444
744897,2024-08-10,2024,674370,5,4.586969364503334,4.854414239968509
746026,2024-08-10,2024,682610,3,4.586969364503334,5.115451479068908
746026,2024-08-10,2024,663362,5,4.586969364503334,3.3169420195373247
745873,2024-08-10,2024,668909,3,4.586969364503334,4.564962874760283
746520,2024-08-10,2024,663562,1,4.586969364503334,2.9039190639506156
745056,2024-08-10,2024,641302,3,4.586969364503334,4.28035461051085
745056,2024-08-10,2024,669203,5,4.586969364503334,6.111590269765194
745873,2024-08-10,2024,680573,7,4.586969364503334,5.407543557584099
745708,2024-08-10,2024,543037,10,4.586969364503334,6.118960607502979
746761,2024-08-10,2024,623167,1,4.586969364503334,3.2967150951152275
745712,2024-08-10,2024,681982,3,4.586969364503334,3.025905504623874
745712,2024-08-10,2024,656271,2,4.586969364503334,3.390593616106764
745712,2024-08-10,2024,607074,6,4.586969364503334,7.174247571821029
745955,2024-08-10,2024,668964,9,4.586969364503334,6.002681700284
745712,2024-08-10,2024,543135,4,4.586969364503334,5.680977100904747
744897,2024-08-10,2024,684320,5,4.586969364503334,4.831177134210592
746269,2024-08-10,2024,608379,6,4.586969364503334,5.200719995841955
745708,2024-08-10,2024,674003,7,4.586969364503334,5.141075923262264
746269,2024-08-10,2024,669467,4,4.586969364503334,6.263137644748584
745872,2024-08-11,2024,677976,3,4.586969364503334,2.115900795182923
746025,2024-08-11,2024,676974,4,4.586969364503334,5.123628074677906
745872,2024-08-11,2024,676440,5,4.586969364503334,5.10136365255119
745872,2024-08-11,2024,701581,3,4.586969364503334,3.8797380051359998
746923,2024-08-11,2024,686613,9,4.586969364503334,5.70262233685749
746517,2024-08-11,2024,680885,7,4.586969364503334,6.460602484497597
746517,2024-08-11,2024,607536,1,4.586969364503334,3.712446655677452
745057,2024-08-11,2024,544150,5,4.586969364503334,4.872450656550145
747166,2024-08-11,2024,650911,4,4.586969364503334,5.791753588668136
745303,2024-08-11,2024,672456,2,4.586969364503334,4.760919418975012
745711,2024-08-11,2024,605280,2,4.586969364503334,4.431586917446876
747166,2024-08-11,2024,518876,2,4.586969364503334,3.925190326977442
745956,2024-08-11,2024,605452,3,4.586969364503334,2.7880160346463727
745956,2024-08-11,2024,666157,4,4.586969364503334,4.280342476993634
745711,2024-08-11,2024,573186,1,4.586969364503334,5.029715846547329
744895,2024-08-11,2024,642232,1,4.586969364503334,1.5434166342133588
745956,2024-08-11,2024,669084,9,4.586969364503334,6.320962832271463
745711,2024-08-11,2024,571760,4,4.586969364503334,4.65890447464188
745216,2024-08-11,2024,622491,9,4.586969364503334,5.474012168572379
745216,2024-08-11,2024,622663,8,4.586969364503334,5.795945303287948
746114,2024-08-11,2024,607192,4,4.586969364503334,5.565593909321422
744895,2024-08-11,2024,676664,4,4.586969364503334,5.018783635315548
746025,2024-08-11,2024,656302,5,4.586969364503334,6.3763612863649435
744816,2024-08-11,2024,686799,2,4.586969364503334,4.373807619326656
745057,2024-08-11,2024,605488,8,4.586969364503334,4.650155027382459
744816,2024-08-11,2024,669022,2,4.586969364503334,4.296066938142753
745303,2024-08-11,2024,806185,5,4.586969364503334,4.8982675732158985
744895,2024-08-11,2024,605135,5,4.586969364503334,4.0062048762097255
746114,2024-08-11,2024,663559,2,4.586969364503334,5.240954862887415
745383,2024-08-12,2024,605397,1,4.586969364503334,3.7661813118280145
746921,2024-08-12,2024,678394,5,4.586969364503334,5.867214069298665
745383,2024-08-12,2024,663765,2,4.586969364503334,2.7360344658020734
746603,2024-08-12,2024,594902,1,4.586969364503334,3.723288301987788
745953,2024-08-12,2024,477132,6,4.586969364503334,4.4744227384329704
746603,2024-08-12,2024,684007,3,4.586969364503334,5.611039135808664
746192,2024-08-12,2024,670102,8,4.586969364503334,4.733545433336568
745953,2024-08-12,2024,642547,4,4.586969364503334,5.641710564629989
746192,2024-08-12,2024,669721,5,4.586969364503334,5.236518874525855
745300,2024-08-12,2024,605483,11,4.586969364503334,7.321392868998646
746921,2024-08-12,2024,641816,7,4.586969364503334,6.226708902239979
746682,2024-08-12,2024,671096,6,4.586969364503334,5.626209792571461
746762,2024-08-12,2024,660853,1,4.586969364503334,3.3702213304759274
747165,2024-08-12,2024,687134,4,4.586969364503334,5.422292953904234
746762,2024-08-12,2024,661563,3,4.586969364503334,6.327338039812009
745874,2024-08-12,2024,663903,9,4.586969364503334,5.505548737207358
746762,2024-08-12,2024,681066,2,4.586969364503334,5.037714581969033
745058,2024-08-12,2024,671737,6,4.586969364503334,5.868788992883615
746682,2024-08-12,2024,543243,9,4.586969364503334,5.030570762899255
747165,2024-08-12,2024,694297,11,4.586969364503334,6.103560811530797
745300,2024-08-12,2024,519242,12,4.586969364503334,7.204669258198774
745874,2024-08-12,2024,641154,5,4.586969364503334,6.622387813562986
745058,2024-08-12,2024,664285,9,4.586969364503334,5.932108510684071
745954,2024-08-13,2024,607067,4,4.586969364503334,5.526731800792621
745954,2024-08-13,2024,689017,2,4.586969364503334,3.8666098883778597
746435,2024-08-13,2024,669923,5,4.586969364503334,4.304343696733368
745867,2024-08-13,2024,607625,4,4.586969364503334,4.537451245621496
747004,2024-08-13,2024,669432,2,4.586969364503334,3.939422539326303
745867,2024-08-13,2024,805673,5,4.586969364503334,4.289929875208041
747160,2024-08-13,2024,593958,5,4.586969364503334,4.626044075922765
747004,2024-08-13,2024,663623,3,4.586969364503334,5.96246321121336
746187,2024-08-13,2024,592332,5,4.586969364503334,7.027882948705724
746187,2024-08-13,2024,608334,3,4.586969364503334,4.267743318095026
745954,2024-08-13,2024,694813,6,4.586969364503334,5.467359490681013
746187,2024-08-13,2024,670046,4,4.586969364503334,4.023142521355327
747160,2024-08-13,2024,596295,4,4.586969364503334,4.660045662633847
746435,2024-08-13,2024,669373,9,4.586969364503334,5.5629316872777155
746673,2024-08-13,2024,607200,2,4.586969364503334,4.5796901643514
746757,2024-08-13,2024,641482,9,4.586969364503334,6.017722706783077
746924,2024-08-13,2024,676710,4,4.586969364503334,3.4330602400085577
746924,2024-08-13,2024,570632,3,4.586969364503334,5.46441803412103
745548,2024-08-13,2024,592836,5,4.586969364503334,3.803676141445549
745548,2024-08-13,2024,678368,4,4.586969364503334,5.057005861431491
745055,2024-08-13,2024,579328,5,4.586969364503334,6.809710983122824
745055,2024-08-13,2024,669358,6,4.586969364503334,5.675844214396475
746673,2024-08-13,2024,668881,8,4.586969364503334,6.931726516257386
746601,2024-08-13,2024,571510,6,4.586969364503334,5.359835659113929
746435,2024-08-13,2024,663423,0,4.586969364503334,3.383977415602499
745302,2024-08-13,2024,690986,6,4.586969364503334,4.750628844140471
746601,2024-08-13,2024,665871,2,4.586969364503334,3.479135090954793
745302,2024-08-13,2024,450203,8,4.586969364503334,6.198518026721549
745788,2024-08-13,2024,676130,3,4.586969364503334,1.2974200012998218
745382,2024-08-13,2024,650633,10,4.586969364503334,5.63671586815757
746757,2024-08-13,2024,686563,4,4.586969364503334,4.689996692299738
745788,2024-08-13,2024,621112,4,4.586969364503334,3.829773798832597
745788,2024-08-13,2024,671212,6,4.586969364503334,5.218763667897341
745382,2024-08-13,2024,682847,3,4.586969364503334,4.723063605394159
746759,2024-08-14,2024,543859,2,4.586969364503334,2.0145598339069624
746919,2024-08-14,2024,641540,3,4.586969364503334,3.118989471126275
746598,2024-08-14,2024,502171,3,4.586969364503334,4.803951117250167
746919,2024-08-14,2024,656557,3,4.586969364503334,6.509303386458645
746759,2024-08-14,2024,663436,5,4.586969364503334,4.548344374300728
745544,2024-08-14,2024,663969,4,4.586969364503334,4.914054229681608
745951,2024-08-14,2024,621111,3,4.586969364503334,4.553228482098585
745951,2024-08-14,2024,593423,6,4.586969364503334,6.079038675210937
746759,2024-08-14,2024,701542,5,4.586969364503334,5.891481991817195
746598,2024-08-14,2024,592791,6,4.586969364503334,5.006882908953929
745544,2024-08-14,2024,665795,2,4.586969364503334,3.7670512380892447
745053,2024-08-14,2024,641793,3,4.586969364503334,3.5933759928135016
745790,2024-08-14,2024,656849,4,4.586969364503334,4.391309838248109
747163,2024-08-14,2024,656756,8,4.586969364503334,6.778338121635037
747163,2024-08-14,2024,663567,1,4.586969364503334,1.5613262687782479
747163,2024-08-14,2024,685299,0,4.586969364503334,3.337050097620587
747000,2024-08-14,2024,687792,5,4.586969364503334,4.993907323451595
745053,2024-08-14,2024,669854,4,4.586969364503334,3.900202636918773
746677,2024-08-14,2024,686730,4,4.586969364503334,2.684151729977729
746677,2024-08-14,2024,502043,6,4.586969364503334,5.347372198488628
745301,2024-08-14,2024,656550,6,4.586969364503334,6.173927747342428
745790,2024-08-14,2024,683155,3,4.586969364503334,5.015466677755131
746188,2024-08-14,2024,621244,5,4.586969364503334,4.81207705357452
745381,2024-08-14,2024,527048,8,4.586969364503334,5.043188145198273
745381,2024-08-14,2024,656605,2,4.586969364503334,4.096084103586111
746436,2024-08-14,2024,693433,6,4.586969364503334,5.440043582586478
746188,2024-08-14,2024,542881,8,4.586969364503334,5.821357567962572
745869,2024-08-14,2024,686973,3,4.586969364503334,6.1341347791348175
746436,2024-08-14,2024,676614,4,4.586969364503334,4.355490402040831
747000,2024-08-14,2024,665152,3,4.586969364503334,5.641261232372293
745869,2024-08-14,2024,666142,8,4.586969364503334,5.953914821399837
745783,2024-08-15,2024,621053,2,4.586969364503334,2.614763865282259
746437,2024-08-15,2024,628317,5,4.586969364503334,5.3298074999480365
745545,2024-08-15,2024,680730,6,4.586969364503334,4.103002639026668
747002,2024-08-15,2024,601713,6,4.586969364503334,6.257840765371685
747002,2024-08-15,2024,621107,8,4.586969364503334,4.0859712100063055
745545,2024-08-15,2024,554430,6,4.586969364503334,5.906864144585707
747002,2024-08-15,2024,663767,2,4.586969364503334,3.1249266708787204
745783,2024-08-15,2024,500779,1,4.586969364503334,4.419956854212052
745950,2024-08-15,2024,668964,1,4.586969364503334,4.980565798070905
745298,2024-08-15,2024,657277,7,4.586969364503334,6.021886066469178
744980,2024-08-15,2024,674003,2,4.586969364503334,5.964337260362538
744980,2024-08-15,2024,641927,3,4.586969364503334,5.024396534095152
745950,2024-08-15,2024,656427,7,4.586969364503334,6.021494786052268
745783,2024-08-15,2024,687765,1,4.586969364503334,5.399050040978552
745298,2024-08-15,2024,608331,5,4.586969364503334,5.92464263085592
746437,2024-08-15,2024,682243,9,4.586969364503334,5.394656210004986
745949,2024-08-16,2024,650644,4,4.586969364503334,4.4088226257712195
746843,2024-08-16,2024,684320,5,4.586969364503334,4.957702518975876
745949,2024-08-16,2024,668909,5,4.586969364503334,5.953727777884154
745144,2024-08-16,2024,571945,7,4.586969364503334,6.471894614407562
745144,2024-08-16,2024,680736,3,4.586969364503334,3.6969785128481556
746843,2024-08-16,2024,543294,2,4.586969364503334,2.599662691237148
746189,2024-08-16,2024,667755,5,4.586969364503334,4.109478493064046
744974,2024-08-16,2024,571760,8,4.586969364503334,5.968086270549452
745542,2024-08-16,2024,605400,4,4.586969364503334,6.953513872956241
745542,2024-08-16,2024,571578,2,4.586969364503334,5.763810794673434
745054,2024-08-16,2024,686752,5,4.586969364503334,4.328817719062546
744974,2024-08-16,2024,680573,1,4.586969364503334,3.8468819978953146
746518,2024-08-16,2024,663362,6,4.586969364503334,5.207223337805481
746518,2024-08-16,2024,615698,5,4.586969364503334,5.142181612960688
746438,2024-08-16,2024,676428,5,4.586969364503334,3.7649922150671102
747001,2024-08-16,2024,681867,1,4.586969364503334,3.3769433784948175
747001,2024-08-16,2024,669203,7,4.586969364503334,5.782194855635017
745054,2024-08-16,2024,669194,6,4.586969364503334,6.1460106627194
745462,2024-08-16,2024,694973,6,4.586969364503334,6.202173309297566
746189,2024-08-16,2024,680885,8,4.586969364503334,6.292450244287969
745784,2024-08-16,2024,666277,2,4.586969364503334,3.3711994489283135
745784,2024-08-16,2024,682610,5,4.586969364503334,5.034473174791044
746357,2024-08-16,2024,657053,3,4.586969364503334,2.792104985073931
746357,2024-08-16,2024,676979,9,4.586969364503334,3.7280663523504076
746357,2024-08-16,2024,681293,5,4.586969364503334,5.689061160928962
746674,2024-08-16,2024,547179,3,4.586969364503334,4.858634826043258
746438,2024-08-16,2024,543037,8,4.586969364503334,6.612627543698004
746674,2024-08-16,2024,607259,4,4.586969364503334,3.5405962847939643
745784,2024-08-16,2024,640455,4,4.586969364503334,5.888985530830646
745462,2024-08-16,2024,669302,6,4.586969364503334,5.8040987721704775
745140,2024-08-17,2024,641703,0,4.586969364503334,1.5529504505251586
746434,2024-08-17,2024,607074,5,4.586969364503334,5.658442381135991
745537,2024-08-17,2024,650911,4,4.586969364503334,5.8906251255109625
745140,2024-08-17,2024,669467,5,4.586969364503334,5.567417390674041
746515,2024-08-17,2024,663567,0,4.586969364503334,2.29910782271842
746434,2024-08-17,2024,672456,5,4.586969364503334,5.511473239383903
745537,2024-08-17,2024,669022,6,4.586969364503334,6.500833413563227
746515,2024-08-17,2024,656302,5,4.586969364503334,6.875217532075889
746190,2024-08-17,2024,656288,3,4.586969364503334,5.1469869712613425
746190,2024-08-17,2024,519242,10,4.586969364503334,6.354522286089645
745785,2024-08-17,2024,622663,8,4.586969364503334,7.65785504629078
745785,2024-08-17,2024,676974,3,4.586969364503334,5.846970971300376
745952,2024-08-17,2024,676440,7,4.586969364503334,5.516413976378679
746675,2024-08-17,2024,608379,9,4.586969364503334,4.821791993843243
745140,2024-08-17,2024,676272,1,4.586969364503334,4.524232273474486
746434,2024-08-17,2024,663947,2,4.586969364503334,2.648738069615953
746675,2024-08-17,2024,666157,2,4.586969364503334,3.8911804291575214
745049,2024-08-17,2024,605488,7,4.586969364503334,3.7087527412227654
745626,2024-08-17,2024,674370,6,4.586969364503334,5.216509758485596
746355,2024-08-17,2024,686613,6,4.586969364503334,6.314719649591916
746515,2024-08-17,2024,607536,3,4.586969364503334,5.31920716652087
746355,2024-08-17,2024,694363,2,4.586969364503334,2.8823571948723368
745463,2024-08-17,2024,663559,8,4.586969364503334,4.571811655981815
745463,2024-08-17,2024,622491,6,4.586969364503334,6.323847389611343
746355,2024-08-17,2024,623167,1,4.586969364503334,3.4145718213518643
746841,2024-08-17,2024,605135,5,4.586969364503334,3.2226352185138234
745626,2024-08-17,2024,806185,5,4.586969364503334,4.630314347156891
746997,2024-08-17,2024,678394,6,4.586969364503334,5.416701031465553
746997,2024-08-17,2024,700249,6,4.586969364503334,5.118264496145987
744977,2024-08-17,2024,543135,6,4.586969364503334,6.744114917498553
744977,2024-08-17,2024,701581,6,4.586969364503334,4.755193015389353
745952,2024-08-17,2024,642547,3,4.586969364503334,3.805509318598136
745049,2024-08-17,2024,668678,3,4.586969364503334,6.217749886292077
745786,2024-08-18,2024,621112,4,4.586969364503334,4.904143720545407
746838,2024-08-18,2024,681799,2,4.586969364503334,2.1030796257852185
746838,2024-08-18,2024,670102,7,4.586969364503334,5.309349862303184
745464,2024-08-18,2024,669923,5,4.586969364503334,5.457418209805318
745786,2024-08-18,2024,678368,4,4.586969364503334,3.8531388619863387
745464,2024-08-18,2024,663765,4,4.586969364503334,4.842285801711337
746186,2024-08-18,2024,686799,0,4.586969364503334,3.741972412163192
746838,2024-08-18,2024,684007,6,4.586969364503334,6.083423015635172
745464,2024-08-18,2024,656924,1,4.586969364503334,2.4702717640673475
745539,2024-08-18,2024,663623,5,4.586969364503334,5.4061804047272775
745139,2024-08-18,2024,477132,2,4.586969364503334,3.121007696512253
745139,2024-08-18,2024,543243,6,4.586969364503334,5.659985346151357
745948,2024-08-18,2024,594902,5,4.586969364503334,3.026810729977302
745948,2024-08-18,2024,607067,5,4.586969364503334,3.9481984207325977
746431,2024-08-18,2024,573186,5,4.586969364503334,4.704240450021529
746431,2024-08-18,2024,669373,5,4.586969364503334,6.000501622887239
746186,2024-08-18,2024,450203,7,4.586969364503334,5.166472352343824
746999,2024-08-18,2024,544150,6,4.586969364503334,5.261816154703217
746676,2024-08-18,2024,671096,4,4.586969364503334,4.894109908363523
746516,2024-08-18,2024,687134,2,4.586969364503334,4.545480037052248
745621,2024-08-18,2024,676664,9,4.586969364503334,5.485892719454445
746676,2024-08-18,2024,663903,6,4.586969364503334,5.53558606207999
746516,2024-08-18,2024,605397,6,4.586969364503334,4.448157178136259
745621,2024-08-18,2024,605483,10,4.586969364503334,7.033800909833042
744975,2024-08-18,2024,642520,3,4.586969364503334,2.4362111962100244
744975,2024-08-18,2024,641816,1,4.586969364503334,3.8001203289720404
745051,2024-08-18,2024,518876,4,4.586969364503334,5.29024371194943
745051,2024-08-18,2024,641302,5,4.586969364503334,3.3620209985994522
746999,2024-08-18,2024,676710,4,4.586969364503334,4.2026067620289655
745539,2024-08-18,2024,592836,3,4.586969364503334,6.106831940406395
746359,2024-08-18,2024,664285,9,4.586969364503334,5.255558788697461
746359,2024-08-18,2024,681066,5,4.586969364503334,4.605348209993716
744975,2024-08-18,2024,641154,3,4.586969364503334,7.3486277137140705
744976,2024-08-19,2024,570632,3,4.586969364503334,3.3414063949663904
744976,2024-08-19,2024,641540,4,4.586969364503334,2.1004525371504004
746027,2024-08-19,2024,694297,4,4.586969364503334,5.625715581700539
746027,2024-08-19,2024,670124,2,4.586969364503334,4.649068794033771
745780,2024-08-19,2024,656849,8,4.586969364503334,5.747554007780674
745780,2024-08-19,2024,669432,5,4.586969364503334,4.825747918752381
744976,2024-08-19,2024,682847,7,4.586969364503334,4.954905252477305
745380,2024-08-19,2024,805673,1,4.586969364503334,4.770110617258029
745380,2024-08-19,2024,650633,6,4.586969364503334,4.165961313563346
745620,2024-08-19,2024,671737,2,4.586969364503334,4.8854851806147375
744898,2024-08-19,2024,687924,2,4.586969364503334,1.81887913560801
744898,2024-08-19,2024,592332,5,4.586969364503334,6.9567735154297194
746270,2024-08-19,2024,607625,8,4.586969364503334,5.349493558457267
746270,2024-08-19,2024,608334,4,4.586969364503334,4.191421637516697
746351,2024-08-19,2024,579328,7,4.586969364503334,5.893492735821687
746351,2024-08-19,2024,656557,8,4.586969364503334,5.997991012564198
745294,2024-08-19,2024,690986,5,4.586969364503334,6.211892299657102
746109,2024-08-19,2024,694813,10,4.586969364503334,5.731395083999279
746270,2024-08-19,2024,682989,3,4.586969364503334,2.646932793557386
746109,2024-08-19,2024,693433,5,4.586969364503334,4.638912756406397
745294,2024-08-19,2024,686563,4,4.586969364503334,5.039754381798571
745620,2024-08-19,2024,671212,6,4.586969364503334,7.047026844453477
746029,2024-08-20,2024,593958,5,4.586969364503334,5.794945961525905
746029,2024-08-20,2024,665795,3,4.586969364503334,4.938884713169292
746349,2024-08-20,2024,669854,6,4.586969364503334,4.8565814965839085
746349,2024-08-20,2024,601713,2,4.586969364503334,5.572430233653039
746107,2024-08-20,2024,682243,5,4.586969364503334,5.409122021514771
746839,2024-08-20,2024,665871,7,4.586969364503334,5.114318599365638
745624,2024-08-20,2024,683155,5,4.586969364503334,5.003854916580609
745295,2024-08-20,2024,592662,9,4.586969364503334,6.089653069990168
744896,2024-08-20,2024,621244,7,4.586969364503334,4.936126601796244
745136,2024-08-20,2024,607200,2,4.586969364503334,4.594247462926941
745136,2024-08-20,2024,593423,3,4.586969364503334,5.173760951701394
744896,2024-08-20,2024,686730,3,4.586969364503334,3.5271557447114823
746107,2024-08-20,2024,621111,1,4.586969364503334,5.761354323256829
747083,2024-08-20,2024,554430,8,4.586969364503334,5.50792878166039
745782,2024-08-20,2024,665152,7,4.586969364503334,5.419027923637443
746266,2024-08-20,2024,666142,9,4.586969364503334,5.888623531692576
746266,2024-08-20,2024,542881,2,4.586969364503334,5.4651944870702795
745782,2024-08-20,2024,500779,3,4.586969364503334,4.0576502913460075
744978,2024-08-20,2024,674003,8,4.586969364503334,5.837139381630211
744978,2024-08-20,2024,656605,9,4.586969364503334,6.734286468694386
745374,2024-08-20,2024,527048,2,4.586969364503334,3.140348187115976
745374,2024-08-20,2024,641927,5,4.586969364503334,4.356451656103414
747083,2024-08-20,2024,625643,10,4.586969364503334,6.066319525066531
745707,2024-08-20,2024,661563,3,4.586969364503334,2.9243377329263405
746839,2024-08-20,2024,676614,2,4.586969364503334,4.16327758064851
744814,2024-08-20,2024,596295,5,4.586969364503334,5.494110774179694
745624,2024-08-20,2024,669358,4,4.586969364503334,5.364240121746052
744814,2024-08-20,2024,687792,7,4.586969364503334,6.096553050831003
745295,2024-08-20,2024,663436,5,4.586969364503334,4.72560578733133
745295,2024-08-20,2024,657053,3,4.586969364503334,1.6422788614029562
745707,2024-08-20,2024,571510,2,4.586969364503334,3.860522257582242
746267,2024-08-21,2024,547179,5,4.586969364503334,5.165629775985182
746837,2024-08-21,2024,676428,4,4.586969364503334,2.8344261411196596
746837,2024-08-21,2024,592791,5,4.586969364503334,5.3121907795466905
746267,2024-08-21,2024,456501,1,4.586969364503334,3.6946379840870467
744893,2024-08-21,2024,684320,6,4.586969364503334,4.945968615692657
744893,2024-08-21,2024,607259,3,4.586969364503334,4.340124620824337
745297,2024-08-21,2024,657277,6,4.586969364503334,5.771892096123237
744812,2024-08-21,2024,685299,2,4.586969364503334,4.349985104632393
745297,2024-08-21,2024,676979,4,4.586969364503334,2.8151304526694623
744973,2024-08-21,2024,571760,8,4.586969364503334,5.351940600253676
746110,2024-08-21,2024,669302,7,4.586969364503334,6.240524218389772
746110,2024-08-21,2024,656427,5,4.586969364503334,6.184108533388502
746350,2024-08-21,2024,434378,6,4.586969364503334,4.2243917737693275
746350,2024-08-21,2024,681867,4,4.586969364503334,2.948876133726116
745375,2024-08-21,2024,663362,3,4.586969364503334,4.902251104178814
745375,2024-08-21,2024,669308,4,4.586969364503334,2.5538196713814005
745375,2024-08-21,2024,680573,7,4.586969364503334,6.359433056180325
745622,2024-08-21,2024,686752,5,4.586969364503334,5.492853953276595
745622,2024-08-21,2024,687765,10,4.586969364503334,5.97779698134278
746028,2024-08-21,2024,656756,4,4.586969364503334,5.017091411674543
746028,2024-08-21,2024,682610,3,4.586969364503334,4.029806528548476
744973,2024-08-21,2024,593334,4,4.586969364503334,3.8751858112614856
744812,2024-08-21,2024,680730,6,4.586969364503334,4.742179405722834
745781,2024-08-21,2024,608344,2,4.586969364503334,4.081713230606113
745781,2024-08-21,2024,640455,9,4.586969364503334,5.2809309718256765
745138,2024-08-21,2024,502043,5,4.586969364503334,3.9110813301479395
745704,2024-08-21,2024,641482,4,4.586969364503334,5.910673280037588
747084,2024-08-21,2024,605400,5,4.586969364503334,5.57415373547946
745704,2024-08-21,2024,676282,5,4.586969364503334,4.730800190000515
745138,2024-08-21,2024,668964,5,4.586969364503334,5.032382242405
747084,2024-08-21,2024,608331,4,4.586969364503334,4.964564743487899
745705,2024-08-22,2024,543037,2,4.586969364503334,5.493491662086967
747082,2024-08-22,2024,680885,9,4.586969364503334,7.148188659870004
745465,2024-08-22,2024,596001,3,4.586969364503334,2.882746716685774
745623,2024-08-22,2024,605488,3,4.586969364503334,4.271197272365077
745623,2024-08-22,2024,674370,6,4.586969364503334,5.784563647745062
745705,2024-08-22,2024,668909,5,4.586969364503334,6.47275957510893
745379,2024-08-22,2024,656302,7,4.586969364503334,7.747525906112096
745465,2024-08-22,2024,666157,9,4.586969364503334,5.396962093440607
746836,2024-08-22,2024,657006,10,4.586969364503334,5.420081953185851
746836,2024-08-22,2024,628317,5,4.586969364503334,5.7936835643563045
746998,2024-08-22,2024,669203,2,4.586969364503334,5.7685147056608
746998,2024-08-22,2024,681293,6,4.586969364503334,6.095875035531495
745379,2024-08-22,2024,622663,5,4.586969364503334,5.513771350255053
744815,2024-08-22,2024,571578,8,4.586969364503334,5.812092213111849
745137,2024-08-22,2024,642547,2,4.586969364503334,5.017993290894073
745137,2024-08-22,2024,571945,3,4.586969364503334,4.194675592384968
744894,2024-08-22,2024,656288,6,4.586969364503334,4.4131315857177595
747082,2024-08-22,2024,650911,8,4.586969364503334,5.788973063575752
744815,2024-08-22,2024,615698,4,4.586969364503334,5.557340121765616
745465,2024-08-22,2024,694973,9,4.586969364503334,5.947434178826239
744894,2024-08-22,2024,642232,4,4.586969364503334,2.3300836732576755
744815,2024-08-22,2024,663567,2,4.586969364503334,2.7505076224241134
745705,2024-08-22,2024,687362,3,4.586969364503334,2.4263559093651814
744889,2024-08-23,2024,686799,1,4.586969364503334,3.1707032113844784
746920,2024-08-23,2024,669194,7,4.586969364503334,5.343567722327909
746920,2024-08-23,2024,670174,3,4.586969364503334,1.138530150713426
746920,2024-08-23,2024,678394,2,4.586969364503334,5.371071488043826
745217,2024-08-23,2024,806185,5,4.586969364503334,3.8053044925778066
745625,2024-08-23,2024,650644,3,4.586969364503334,3.691332675631669
745625,2024-08-23,2024,548389,4,4.586969364503334,4.760953947002833
745217,2024-08-23,2024,622491,9,4.586969364503334,6.104896846884644
745702,2024-08-23,2024,607536,3,4.586969364503334,6.009083115881623
745702,2024-08-23,2024,607074,5,4.586969364503334,6.664422680206565
745625,2024-08-23,2024,676664,3,4.586969364503334,4.788185073257538
744889,2024-08-23,2024,605135,6,4.586969364503334,5.345192041636926
746758,2024-08-23,2024,623167,5,4.586969364503334,4.621036778427146
746268,2024-08-23,2024,656457,1,4.586969364503334,2.2808154784970394
746024,2024-08-23,2024,676974,2,4.586969364503334,5.144820345653469
746758,2024-08-23,2024,672456,4,4.586969364503334,4.795420950296978
746597,2024-08-23,2024,543135,5,4.586969364503334,6.956001012269762
745378,2024-08-23,2024,493603,1,4.586969364503334,2.6898184814877615
745378,2024-08-23,2024,605397,9,4.586969364503334,4.644574337716219
745378,2024-08-23,2024,621112,1,4.586969364503334,2.3990131782905824
746024,2024-08-23,2024,543294,0,4.586969364503334,3.0667648470789945
746268,2024-08-23,2024,592836,2,4.586969364503334,4.63529842527987
746268,2024-08-23,2024,608379,5,4.586969364503334,5.731040966926699
747080,2024-08-23,2024,519242,4,4.586969364503334,5.792668065307272
747080,2024-08-23,2024,669022,4,4.586969364503334,4.652561171126805
745870,2024-08-23,2024,669467,5,4.586969364503334,5.780769042622871
745870,2024-08-23,2024,670950,1,4.586969364503334,1.7841353191461078
745870,2024-08-23,2024,701581,5,4.586969364503334,4.516438797850431
746111,2024-08-23,2024,676272,9,4.586969364503334,6.1450873771561465
746597,2024-08-23,2024,676440,6,4.586969364503334,5.686377471466646
745460,2024-08-23,2024,663559,4,4.586969364503334,4.152570053001847
746995,2024-08-23,2024,686613,6,4.586969364503334,6.234982580685869
746995,2024-08-23,2024,700249,3,4.586969364503334,4.336130596515308
746111,2024-08-23,2024,641302,1,4.586969364503334,2.931196215538801
746022,2024-08-24,2024,684007,3,4.586969364503334,5.723377295469726
746022,2024-08-24,2024,678368,1,4.586969364503334,3.2057644990150775
746996,2024-08-24,2024,544150,3,4.586969364503334,5.520740329191056
746108,2024-08-24,2024,671737,5,4.586969364503334,5.957752370846859
746108,2024-08-24,2024,477132,5,4.586969364503334,5.251012645002738
746996,2024-08-24,2024,664285,8,4.586969364503334,6.13035121166359
745457,2024-08-24,2024,687924,4,4.586969364503334,5.2468601754516495
746022,2024-08-24,2024,642629,2,4.586969364503334,2.8653214016693713
745218,2024-08-24,2024,669923,3,4.586969364503334,5.403879716963604
745617,2024-08-24,2024,671305,3,4.586969364503334,1.8327735827703941
745617,2024-08-24,2024,607067,5,4.586969364503334,5.914077757250892
745617,2024-08-24,2024,671212,8,4.586969364503334,6.684719945555371
746599,2024-08-24,2024,681982,2,4.586969364503334,3.5699890981503515
745377,2024-08-24,2024,650633,7,4.586969364503334,4.470163298325457
745377,2024-08-24,2024,656849,2,4.586969364503334,5.07032430141894
745868,2024-08-24,2024,543243,7,4.586969364503334,5.935961802965349
745868,2024-08-24,2024,641154,9,4.586969364503334,6.659232904286079
746756,2024-08-24,2024,669373,8,4.586969364503334,5.040845859015577
746756,2024-08-24,2024,681066,1,4.586969364503334,2.7548372089712263
746917,2024-08-24,2024,676710,3,4.586969364503334,4.837266267615369
746917,2024-08-24,2024,668678,9,4.586969364503334,5.5786196535663475
745218,2024-08-24,2024,605483,5,4.586969364503334,4.530138569916802
745703,2024-08-24,2024,687134,5,4.586969364503334,6.067493044824773
745457,2024-08-24,2024,663765,3,4.586969364503334,3.133499905619874
746599,2024-08-24,2024,594902,4,4.586969364503334,5.9907075748690355
745703,2024-08-24,2024,701542,6,4.586969364503334,5.072897813577103
746599,2024-08-24,2024,679156,3,4.586969364503334,2.3191087730765396
747077,2024-08-24,2024,663623,3,4.586969364503334,4.606622374826174
746599,2024-08-24,2024,592351,1,4.586969364503334,2.6644938268854568
747077,2024-08-24,2024,450203,6,4.586969364503334,6.319135844477598
746271,2024-08-24,2024,624133,6,4.586969364503334,3.315643629364603
746271,2024-08-24,2024,663903,5,4.586969364503334,5.3351700951365695
744890,2024-08-24,2024,670102,12,4.586969364503334,7.857210199435525
744890,2024-08-24,2024,608334,8,4.586969364503334,5.305150956607327
746754,2024-08-25,2024,676614,3,4.586969364503334,1.368865923745341
746263,2024-08-25,2024,607625,3,4.586969364503334,5.245770126478637
745618,2024-08-25,2024,593423,7,4.586969364503334,7.048936263724289
746994,2024-08-25,2024,665152,5,4.586969364503334,5.177349561757897
745706,2024-08-25,2024,573186,5,4.586969364503334,5.538845109141961
746106,2024-08-25,2024,682052,6,4.586969364503334,3.7423242603142635
745376,2024-08-25,2024,500779,0,4.586969364503334,4.637380120193471
745376,2024-08-25,2024,527048,1,4.586969364503334,3.8799266062968885
745706,2024-08-25,2024,596295,4,4.586969364503334,4.696690378518851
746263,2024-08-25,2024,663465,5,4.586969364503334,4.422853083768759
747078,2024-08-25,2024,687792,8,4.586969364503334,5.782269053104498
747078,2024-08-25,2024,625643,7,4.586969364503334,5.47448028388883
746918,2024-08-25,2024,518876,5,4.586969364503334,5.303492706126549
744892,2024-08-25,2024,592332,10,4.586969364503334,6.438917996450087
746918,2024-08-25,2024,656557,2,4.586969364503334,5.797525604518558
745863,2024-08-25,2024,607200,7,4.586969364503334,4.379178855010585
745863,2024-08-25,2024,805673,7,4.586969364503334,4.847046218616087
746994,2024-08-25,2024,579328,4,4.586969364503334,6.489491087431687
746754,2024-08-25,2024,686563,4,4.586969364503334,4.734400443322054
746754,2024-08-25,2024,657053,3,4.586969364503334,3.781145779762526
745459,2024-08-25,2024,686730,1,4.586969364503334,2.7211748927530417
745618,2024-08-25,2024,683155,5,4.586969364503334,4.193087922200286
746106,2024-08-25,2024,694813,7,4.586969364503334,4.216588617934353
746023,2024-08-25,2024,670124,6,4.586969364503334,5.06073023742196
745212,2024-08-25,2024,693433,7,4.586969364503334,5.319938315222862
744892,2024-08-25,2024,542881,3,4.586969364503334,5.734916294781497
745212,2024-08-25,2024,663546,1,4.586969364503334,1.3649873432559438
746023,2024-08-25,2024,665871,3,4.586969364503334,4.062492087550752
746595,2024-08-25,2024,571510,4,4.586969364503334,3.918735841362433
746595,2024-08-25,2024,674003,3,4.586969364503334,3.787734830081936
745459,2024-08-25,2024,682847,5,4.586969364503334,5.02898230927051
745459,2024-08-25,2024,607259,1,4.586969364503334,3.0615361845116142
745212,2024-08-25,2024,592662,4,4.586969364503334,4.066804340458332
746753,2024-08-26,2024,663436,4,4.586969364503334,4.76398669466962
746753,2024-08-26,2024,680744,2,4.586969364503334,4.765569000427955
746753,2024-08-26,2024,694363,3,4.586969364503334,2.7799115445032223
744813,2024-08-26,2024,680730,5,4.586969364503334,5.041778449272614
745133,2024-08-26,2024,502043,2,4.586969364503334,4.388086736140122
745458,2024-08-26,2024,621399,0,4.586969364503334,1.26719426903266
746513,2024-08-26,2024,665795,8,4.586969364503334,6.115229063830745
744813,2024-08-26,2024,686747,1,4.586969364503334,0.13670779434389768
746513,2024-08-26,2024,663372,2,4.586969364503334,4.316782588496681
746628,2024-08-26,2024,666142,4,4.586969364503334,5.283821306864946
746915,2024-08-26,2024,677161,4,4.586969364503334,4.043624075057175
744813,2024-08-26,2024,641482,5,4.586969364503334,4.4369091090313235
745458,2024-08-26,2024,656605,4,4.586969364503334,6.242592436833299
746915,2024-08-26,2024,621244,6,4.586969364503334,5.18381019454704
746915,2024-08-26,2024,641745,2,4.586969364503334,4.927130194545259
745538,2024-08-26,2024,669854,5,4.586969364503334,5.006310233379012
745865,2024-08-26,2024,641927,2,4.586969364503334,2.438012913229433
745865,2024-08-26,2024,608331,7,4.586969364503334,4.100370071283608
745458,2024-08-26,2024,593334,3,4.586969364503334,3.681139331908451
745458,2024-08-26,2024,592791,3,4.586969364503334,5.005233778198025
745133,2024-08-26,2024,681190,2,4.586969364503334,5.152661242086347
745538,2024-08-26,2024,554430,6,4.586969364503334,6.176180086082148
746596,2024-08-26,2024,679525,2,4.586969364503334,5.563946578197324
746596,2024-08-26,2024,671106,1,4.586969364503334,2.9296066520994204
745215,2024-08-26,2024,682243,10,4.586969364503334,4.693720022789494
745215,2024-08-26,2024,686752,6,4.586969364503334,5.292099940165728
746916,2024-08-27,2024,681867,0,4.586969364503334,3.425944160062236
746916,2024-08-27,2024,684320,3,4.586969364503334,3.963092140359307
745213,2024-08-27,2024,669302,10,4.586969364503334,6.569598877829827
744811,2024-08-27,2024,571578,6,4.586969364503334,5.915676723823803
745132,2024-08-27,2024,656302,4,4.586969364503334,5.880483529050764
744811,2024-08-27,2024,543037,7,4.586969364503334,5.609357698184996
745213,2024-08-27,2024,605488,9,4.586969364503334,4.426320995530808
745946,2024-08-27,2024,657277,4,4.586969364503334,6.257740199835695
745132,2024-08-27,2024,571945,3,4.586969364503334,5.07987658162592
745540,2024-08-27,2024,605400,6,4.586969364503334,6.608214872834534
745540,2024-08-27,2024,434378,3,4.586969364503334,5.531403961097416
746510,2024-08-27,2024,615698,2,4.586969364503334,4.645675423783765
746510,2024-08-27,2024,642834,3,4.586969364503334,1.9160119190825076
746105,2024-08-27,2024,656427,5,4.586969364503334,6.245084026745162
746105,2024-08-27,2024,608344,3,4.586969364503334,3.1994264086121267
746510,2024-08-27,2024,682610,0,4.586969364503334,1.3683291719275932
745461,2024-08-27,2024,683003,4,4.586969364503334,4.953839881588681
747162,2024-08-27,2024,694297,6,4.586969364503334,6.297911833145253
747162,2024-08-27,2024,656756,2,4.586969364503334,4.087797738075012
747162,2024-08-27,2024,640455,11,4.586969364503334,5.649991554709428
746429,2024-08-27,2024,456501,5,4.586969364503334,3.1554390707479563
746755,2024-08-27,2024,623167,4,4.586969364503334,5.218146376474448
745864,2024-08-27,2024,680573,3,4.586969364503334,5.677842692859081
745461,2024-08-27,2024,657006,6,4.586969364503334,5.435557833728532
746755,2024-08-27,2024,571760,2,4.586969364503334,4.1786027419993
746671,2024-08-27,2024,687765,3,4.586969364503334,3.9232036602502225
745946,2024-08-27,2024,668964,4,4.586969364503334,4.781260699327192
746671,2024-08-27,2024,596001,3,4.586969364503334,2.3753155689249734
745864,2024-08-27,2024,680885,8,4.586969364503334,7.46404014232171
746594,2024-08-27,2024,672578,2,4.586969364503334,2.6112411477814197
746429,2024-08-27,2024,676428,4,4.586969364503334,4.53900231838909
746594,2024-08-27,2024,668909,6,4.586969364503334,5.2444605050727775
746512,2024-08-28,2024,676974,6,4.586969364503334,5.5015125782587315
746512,2024-08-28,2024,607536,5,4.586969364503334,4.999609271050766
746589,2024-08-28,2024,676440,6,4.586969364503334,6.635692418085634
746752,2024-08-28,2024,570632,2,4.586969364503334,2.09066768957718
745452,2024-08-28,2024,543294,2,4.586969364503334,2.6140417794164708
746752,2024-08-28,2024,671111,2,4.586969364503334,1.6679845535493247
746752,2024-08-28,2024,683004,4,4.586969364503334,5.465407871867986
746589,2024-08-28,2024,608379,7,4.586969364503334,5.145461672155552
746672,2024-08-28,2024,518585,6,4.586969364503334,2.5975537747841098
745541,2024-08-28,2024,592836,0,4.586969364503334,4.955877253487124
745541,2024-08-28,2024,681293,11,4.586969364503334,6.1542363891890535
746672,2024-08-28,2024,543391,2,4.586969364503334,0.9796521525761808
745452,2024-08-28,2024,694973,6,4.586969364503334,5.710580942896019
746430,2024-08-28,2024,656288,4,4.586969364503334,5.249793967850867
746672,2024-08-28,2024,674370,5,4.586969364503334,4.6031185038334135
747161,2024-08-28,2024,593958,5,4.586969364503334,4.770517856222779
747161,2024-08-28,2024,622663,9,4.586969364503334,5.893779615128499
746430,2024-08-28,2024,628317,5,4.586969364503334,5.773228201316109
745943,2024-08-28,2024,642547,8,4.586969364503334,7.078459930719265
745943,2024-08-28,2024,690986,7,4.586969364503334,5.685523618159666
746103,2024-08-28,2024,621111,4,4.586969364503334,6.192141078031313
745866,2024-08-28,2024,701581,7,4.586969364503334,5.258841704652157
744809,2024-08-28,2024,607074,8,4.586969364503334,6.388142509061994
746103,2024-08-28,2024,669203,4,4.586969364503334,5.839765998680327
745134,2024-08-28,2024,669467,3,4.586969364503334,6.2502448067978085
745211,2024-08-28,2024,622491,4,4.586969364503334,5.232351896597543
745211,2024-08-28,2024,641302,4,4.586969364503334,3.991227303307837
745134,2024-08-28,2024,605397,3,4.586969364503334,5.569748031112279
746913,2024-08-28,2024,605135,9,4.586969364503334,5.17402617942345
746913,2024-08-28,2024,678394,9,4.586969364503334,6.042886521384775
744809,2024-08-28,2024,669022,6,4.586969364503334,5.922406708243845
745866,2024-08-28,2024,519242,6,4.586969364503334,6.833023459409007
746670,2024-08-29,2024,669372,4,4.586969364503334,3.079651469284774
745135,2024-08-29,2024,543243,4,4.586969364503334,6.205219399174483
745135,2024-08-29,2024,650633,3,4.586969364503334,5.654792471533635
745945,2024-08-29,2024,694738,4,4.586969364503334,3.033742309895949
745945,2024-08-29,2024,650644,7,4.586969364503334,5.426634722286433
746670,2024-08-29,2024,687924,1,4.586969364503334,3.5934242695117184
746914,2024-08-29,2024,676710,3,4.586969364503334,4.663151042103825
745945,2024-08-29,2024,806185,6,4.586969364503334,5.054037088754661
746514,2024-08-29,2024,687134,3,4.586969364503334,4.540827060181779
747159,2024-08-29,2024,669194,4,4.586969364503334,6.068766219270346
747159,2024-08-29,2024,656849,4,4.586969364503334,4.4423969895050295
746514,2024-08-29,2024,678368,4,4.586969364503334,3.9655143431639557
746102,2024-08-29,2024,700249,3,4.586969364503334,4.769226908996665
745531,2024-08-29,2024,450203,7,4.586969364503334,6.3493305549065235
745531,2024-08-29,2024,650911,8,4.586969364503334,6.487598823977351
746352,2024-08-29,2024,663903,6,4.586969364503334,5.611540749151007
746352,2024-08-29,2024,686613,4,4.586969364503334,5.535708053466226
746432,2024-08-29,2024,686799,4,4.586969364503334,3.82223546379407
746432,2024-08-29,2024,672456,5,4.586969364503334,5.517508739323179
746102,2024-08-29,2024,621199,2,4.586969364503334,1.1655589102138295
746102,2024-08-29,2024,676272,3,4.586969364503334,5.207369208136015
746914,2024-08-29,2024,670102,5,4.586969364503334,3.750090678076149
746748,2024-08-29,2024,680897,3,4.586969364503334,6.745875384692839
746748,2024-08-29,2024,543135,10,4.586969364503334,6.975536547600664
745862,2024-08-30,2024,592332,4,4.586969364503334,7.18010310206796
745533,2024-08-30,2024,625643,6,4.586969364503334,6.271914325118043
746665,2024-08-30,2024,695076,6,4.586969364503334,4.161569959347758
746665,2024-08-30,2024,691172,3,4.586969364503334,1.8191454410073353
746665,2024-08-30,2024,669084,5,4.586969364503334,5.276207043687454
745052,2024-08-30,2024,527048,4,4.586969364503334,5.298186847825267
745052,2024-08-30,2024,541640,4,4.586969364503334,2.312669505060279
745052,2024-08-30,2024,669308,5,4.586969364503334,3.4015982776469746
745052,2024-08-30,2024,671737,2,4.586969364503334,4.781287888542802
746433,2024-08-30,2024,663554,4,4.586969364503334,4.774167996144569
746749,2024-08-30,2024,686563,3,4.586969364503334,4.533642129152168
746511,2024-08-30,2024,544150,4,4.586969364503334,5.879335153776147
746511,2024-08-30,2024,596295,4,4.586969364503334,5.10737550981378
747156,2024-08-30,2024,523260,1,4.586969364503334,2.163764138414617
744969,2024-08-30,2024,592351,5,4.586969364503334,4.289312743328615
744969,2024-08-30,2024,641540,0,4.586969364503334,2.179362340791931
744969,2024-08-30,2024,676664,4,4.586969364503334,5.2976977852056475
747156,2024-08-30,2024,668678,7,4.586969364503334,6.3855893714360015
746593,2024-08-30,2024,663559,2,4.586969364503334,1.7120369152765211
746593,2024-08-30,2024,594902,3,4.586969364503334,5.148870412074868
746593,2024-08-30,2024,593334,4,4.586969364503334,2.5109807119589314
745862,2024-08-30,2024,641154,3,4.586969364503334,6.5788308281232455
746433,2024-08-30,2024,656557,6,4.586969364503334,5.529648592872785
745533,2024-08-30,2024,624133,6,4.586969364503334,3.748795145950239
746730,2024-08-30,2024,607067,5,4.586969364503334,5.7811081249712535
745299,2024-08-30,2024,605483,8,4.586969364503334,6.552790239525184
746730,2024-08-30,2024,607259,3,4.586969364503334,4.216082539294849
746184,2024-08-30,2024,669923,2,4.586969364503334,4.3595048729136865
745299,2024-08-30,2024,670124,8,4.586969364503334,5.199912205584519
746353,2024-08-30,2024,607625,9,4.586969364503334,5.185271001447483
745299,2024-08-30,2024,657508,2,4.586969364503334,3.4890685286575107
746749,2024-08-30,2024,656731,6,4.586969364503334,5.921180742059407
746749,2024-08-30,2024,657053,3,4.586969364503334,3.284979964328492
746353,2024-08-30,2024,664285,7,4.586969364503334,5.992024783651375
746184,2024-08-30,2024,691951,3,4.586969364503334,3.5212357279880946
744810,2024-08-30,2024,684007,8,4.586969364503334,5.586899426833378
745700,2024-08-30,2024,607200,8,4.586969364503334,4.7284737169360165
745700,2024-08-30,2024,573186,5,4.586969364503334,5.901018407904087
744810,2024-08-30,2024,663623,6,4.586969364503334,6.10588266078179
747158,2024-08-31,2024,518876,1,4.586969364503334,4.511081836637243
747158,2024-08-31,2024,694813,4,4.586969364503334,4.12607694939004
745296,2024-08-31,2024,665795,3,4.586969364503334,4.91220215610801
744808,2024-08-31,2024,687792,5,4.586969364503334,6.081457252792715
744808,2024-08-31,2024,665871,4,4.586969364503334,4.133002082604025
746348,2024-08-31,2024,579328,12,4.586969364503334,6.8255952918056115
745296,2024-08-31,2024,696131,6,4.586969364503334,4.623559859643904
744971,2024-08-31,2024,683155,7,4.586969364503334,4.155469018322581
746751,2024-08-31,2024,663436,6,4.586969364503334,5.692268598309281
746348,2024-08-31,2024,666142,10,4.586969364503334,6.827519264568777
746182,2024-08-31,2024,693433,3,4.586969364503334,3.725598957805186
746507,2024-08-31,2024,663372,6,4.586969364503334,4.535380493427825
745699,2024-08-31,2024,701542,3,4.586969364503334,3.8581218254957266
745050,2024-08-31,2024,689690,1,4.586969364503334,2.391723600237878
745050,2024-08-31,2024,681190,3,4.586969364503334,5.897696097804196
745050,2024-08-31,2024,669358,5,4.586969364503334,5.223645550305906
745859,2024-08-31,2024,805673,5,4.586969364503334,3.814619839042753
745532,2024-08-31,2024,554430,7,4.586969364503334,5.084451301237785
745532,2024-08-31,2024,608331,4,4.586969364503334,5.5155452931759665
746590,2024-08-31,2024,571510,8,4.586969364503334,5.488258247856157
745859,2024-08-31,2024,656240,3,4.586969364503334,3.439984586491325
745859,2024-08-31,2024,621244,5,4.586969364503334,2.3156461439759317
746424,2024-08-31,2024,601713,6,4.586969364503334,5.486031583152868
746424,2024-08-31,2024,669373,8,4.586969364503334,5.469203783812092
746182,2024-08-31,2024,542881,3,4.586969364503334,3.541114953835687
746507,2024-08-31,2024,665152,3,4.586969364503334,2.564905179100826
746590,2024-08-31,2024,682847,5,4.586969364503334,4.997952908956383
745699,2024-08-31,2024,502043,6,4.586969364503334,4.075105138789184
746751,2024-08-31,2024,500779,6,4.586969364503334,5.033527110191138
744971,2024-08-31,2024,674003,8,4.586969364503334,5.702476050571383
746667,2024-08-31,2024,593423,4,4.586969364503334,5.7364431671185026
746667,2024-08-31,2024,518585,5,4.586969364503334,2.298343033519502
746667,2024-08-31,2024,571527,1,4.586969364503334,2.628986333557301
744970,2024-09-01,2024,687765,5,4.586969364503334,5.003117913854332
746750,2024-09-01,2024,640455,5,4.586969364503334,4.9302531431417895
746505,2024-09-01,2024,621389,1,4.586969364503334,2.156829223128611
746505,2024-09-01,2024,621107,9,4.586969364503334,5.651173516793889
745861,2024-09-01,2024,684320,3,4.586969364503334,2.632402232863188
746347,2024-09-01,2024,679525,5,4.586969364503334,4.4520520720400265
745048,2024-09-01,2024,686752,4,4.586969364503334,5.749617036616312
745048,2024-09-01,2024,656302,4,4.586969364503334,5.370267064576214
745048,2024-09-01,2024,642121,1,4.586969364503334,2.2870552049923916
745861,2024-09-01,2024,641927,8,4.586969364503334,5.780513281263547
745292,2024-09-01,2024,670766,2,4.586969364503334,3.3107131179485014
744806,2024-09-01,2024,680730,8,4.586969364503334,4.761710360551635
745536,2024-09-01,2024,605400,9,4.586969364503334,6.515262330166565
745536,2024-09-01,2024,680885,2,4.586969364503334,5.705832629042181
746183,2024-09-01,2024,682243,4,4.586969364503334,4.850128195770552
746426,2024-09-01,2024,681867,5,4.586969364503334,2.311828579073744
746426,2024-09-01,2024,676428,5,4.586969364503334,3.69259073303897
746183,2024-09-01,2024,702674,4,4.586969364503334,5.44985720624549
746669,2024-09-01,2024,596001,1,4.586969364503334,2.76534877200936
746669,2024-09-01,2024,668964,7,4.586969364503334,5.969822506018787
746669,2024-09-01,2024,669060,2,4.586969364503334,1.438799172053284
746669,2024-09-01,2024,682227,5,4.586969364503334,3.3405853893022694
745292,2024-09-01,2024,657277,4,4.586969364503334,4.693246069748284
744806,2024-09-01,2024,696136,0,4.586969364503334,3.800515989866713
746347,2024-09-01,2024,669854,3,4.586969364503334,5.4587777910040804
746592,2024-09-01,2024,502171,6,4.586969364503334,5.276799550647939
745701,2024-09-01,2024,571945,5,4.586969364503334,4.8245306418576295
744970,2024-09-01,2024,570632,2,4.586969364503334,2.6651419421033165
747157,2024-09-01,2024,680736,2,4.586969364503334,5.375118441146159
745701,2024-09-01,2024,641482,2,4.586969364503334,3.320160773101752
747157,2024-09-01,2024,694297,10,4.586969364503334,6.235501809624065
746592,2024-09-01,2024,656605,7,4.586969364503334,4.6584145664949
746750,2024-09-01,2024,676979,8,4.586969364503334,5.137729338158226
746992,2024-09-02,2024,623167,5,4.586969364503334,4.081483900612818
747155,2024-09-02,2024,677944,0,4.586969364503334,3.1791727509515475
746992,2024-09-02,2024,608344,2,4.586969364503334,0.9274695655415082
746668,2024-09-02,2024,434378,3,4.586969364503334,5.975654595461075
746833,2024-09-02,2024,592791,3,4.586969364503334,4.2866370272373135
746833,2024-09-02,2024,683003,4,4.586969364503334,5.0324286355728605
746668,2024-09-02,2024,686730,2,4.586969364503334,2.543199849128093
746668,2024-09-02,2024,687924,2,4.586969364503334,2.816115327383529
744972,2024-09-02,2024,683004,2,4.586969364503334,4.967100961037517
744972,2024-09-02,2024,543037,9,4.586969364503334,5.232104802475357
744972,2024-09-02,2024,502624,5,4.586969364503334,5.0545039577845365
745373,2024-09-02,2024,605397,8,4.586969364503334,5.674644358742506
745373,2024-09-02,2024,680744,1,4.586969364503334,3.757247954766588
745046,2024-09-02,2024,680573,2,4.586969364503334,3.94346104364947
745046,2024-09-02,2024,641793,2,4.586969364503334,3.905930941803886
745619,2024-09-02,2024,674370,4,4.586969364503334,5.396995199455275
745619,2024-09-02,2024,669302,9,4.586969364503334,6.966775414480563
745779,2024-09-02,2024,622663,5,4.586969364503334,5.352477395879494
745779,2024-09-02,2024,670174,4,4.586969364503334,3.2573652837895146
745947,2024-09-02,2024,669467,3,4.586969364503334,6.2929881887788435
747155,2024-09-02,2024,656756,1,4.586969364503334,2.144731375930533
745779,2024-09-02,2024,678394,4,4.586969364503334,5.221331833891724
747155,2024-09-02,2024,656427,7,4.586969364503334,5.275872866901452
746265,2024-09-02,2024,608379,3,4.586969364503334,4.173219478640983
746265,2024-09-02,2024,668909,6,4.586969364503334,6.366710005039642
746992,2024-09-02,2024,669203,4,4.586969364503334,5.089674919249688
745947,2024-09-02,2024,642547,3,4.586969364503334,6.576830288413107
746992,2024-09-02,2024,657053,3,4.586969364503334,3.3575667454678157
747155,2024-09-02,2024,593958,1,4.586969364503334,4.912848639146258
745615,2024-09-03,2024,669372,7,4.586969364503334,3.769091844792098
745778,2024-09-03,2024,656849,11,4.586969364503334,5.311543465915935
745778,2024-09-03,2024,676710,8,4.586969364503334,5.310175983022375
744891,2024-09-03,2024,605135,7,4.586969364503334,5.000909974683249
746991,2024-09-03,2024,680897,2,4.586969364503334,3.353029573707399
746185,2024-09-03,2024,621111,6,4.586969364503334,4.323528653810509
746991,2024-09-03,2024,694363,5,4.586969364503334,3.141627396404473
744968,2024-09-03,2024,571760,8,4.586969364503334,4.797895029251161
746991,2024-09-03,2024,700249,10,4.586969364503334,5.652202871060772
745047,2024-09-03,2024,701581,7,4.586969364503334,5.809691287968405
745293,2024-09-03,2024,690986,3,4.586969364503334,4.282005113489082
746020,2024-09-03,2024,676974,5,4.586969364503334,5.689027055369535
746020,2024-09-03,2024,571578,8,4.586969364503334,4.958625429775013
745615,2024-09-03,2024,622491,5,4.586969364503334,5.9434531343846775
746834,2024-09-03,2024,694973,6,4.586969364503334,7.134884848460106
744891,2024-09-03,2024,592836,0,4.586969364503334,1.7574745699769059
746264,2024-09-03,2024,676440,6,4.586969364503334,5.655499063712525
745944,2024-09-03,2024,650644,7,4.586969364503334,5.886199757043639
746185,2024-09-03,2024,672282,10,4.586969364503334,5.94531153817142
746834,2024-09-03,2024,543294,5,4.586969364503334,4.498799084402428
745944,2024-09-03,2024,571927,7,4.586969364503334,4.412861250085448
745293,2024-09-03,2024,663941,4,4.586969364503334,3.756859212472378
745293,2024-09-03,2024,669194,9,4.586969364503334,6.01580819087079
747079,2024-09-03,2024,676105,1,4.586969364503334,3.8096760130918357
745047,2024-09-03,2024,605488,4,4.586969364503334,3.811719901031207
746264,2024-09-03,2024,663903,3,4.586969364503334,5.3027349497723675
747079,2024-09-03,2024,519242,9,4.586969364503334,6.317468538052
747079,2024-09-03,2024,607536,5,4.586969364503334,4.244775891894616
744968,2024-09-03,2024,607074,11,4.586969364503334,6.2350991871966945
747075,2024-09-04,2024,450203,8,4.586969364503334,6.231584288453144
746262,2024-09-04,2024,607625,4,4.586969364503334,6.3981795028113675
745938,2024-09-04,2024,607067,4,4.586969364503334,3.8012563923195994
744887,2024-09-04,2024,670102,6,4.586969364503334,5.61639654428679
745290,2024-09-04,2024,702352,3,4.586969364503334,1.9097073307963992
744887,2024-09-04,2024,650911,7,4.586969364503334,5.7605527722136145
747075,2024-09-04,2024,687134,2,4.586969364503334,4.936874207480935
745776,2024-09-04,2024,656731,3,4.586969364503334,3.5709119449270936
745776,2024-09-04,2024,656557,7,4.586969364503334,4.591799690894072
745614,2024-09-04,2024,676664,5,4.586969364503334,5.300263982754716
745614,2024-09-04,2024,669923,9,4.586969364503334,5.41390452587853
746262,2024-09-04,2024,594902,3,4.586969364503334,4.0010357205731575
745938,2024-09-04,2024,669084,6,4.586969364503334,3.5851243101280614
745290,2024-09-04,2024,668678,8,4.586969364503334,7.46643106634216
746835,2024-09-04,2024,593334,3,4.586969364503334,2.8009266101350545
745290,2024-09-04,2024,806185,4,4.586969364503334,3.1755301541437113
745614,2024-09-04,2024,548389,1,4.586969364503334,2.873160606906378
744964,2024-09-04,2024,573186,3,4.586969364503334,4.926706258583953
744964,2024-09-04,2024,543135,6,4.586969364503334,7.03458770869866
745938,2024-09-04,2024,543243,7,4.586969364503334,5.96985656260708
746666,2024-09-04,2024,605463,1,4.586969364503334,3.5114116965778828
746666,2024-09-04,2024,607259,7,4.586969364503334,5.954057824727149
746666,2024-09-04,2024,608718,6,4.586969364503334,1.7945824081007347
745370,2024-09-04,2024,506433,4,4.586969364503334,3.6394828389807605
746990,2024-09-04,2024,686563,4,4.586969364503334,4.998086513665867
746666,2024-09-04,2024,666215,2,4.586969364503334,2.1675726582428823
746178,2024-09-04,2024,656288,7,4.586969364503334,5.388882473756129
745370,2024-09-04,2024,672456,2,4.586969364503334,4.008948364477184
746835,2024-09-04,2024,684007,7,4.586969364503334,6.565111798411973
746019,2024-09-04,2024,669022,9,4.586969364503334,6.299182667047213
746019,2024-09-04,2024,678368,1,4.586969364503334,4.209849054414998
746178,2024-09-04,2024,676272,8,4.586969364503334,5.823258112234956
745045,2024-09-04,2024,686973,1,4.586969364503334,2.177826080081198
745045,2024-09-04,2024,656240,3,4.586969364503334,3.4376388760633723
746990,2024-09-04,2024,544150,2,4.586969364503334,3.4002467302955512
745045,2024-09-04,2024,641302,2,4.586969364503334,2.238113031370939
746021,2024-09-05,2024,670124,6,4.586969364503334,4.743524572311404
746021,2024-09-05,2024,624133,4,4.586969364503334,3.707925893261108
747073,2024-09-05,2024,596295,6,4.586969364503334,4.914880048053487
745369,2024-09-05,2024,527048,5,4.586969364503334,3.4225974458073507
745369,2024-09-05,2024,663554,2,4.586969364503334,5.225400579104238
745451,2024-09-05,2024,663623,4,4.586969364503334,5.275420390987659
745289,2024-09-05,2024,518876,8,4.586969364503334,4.938486412366293
745289,2024-09-05,2024,605483,2,4.586969364503334,3.22685401120589
745289,2024-09-05,2024,694738,5,4.586969364503334,2.9722715247607807
747073,2024-09-05,2024,625643,11,4.586969364503334,5.937248997099835
745451,2024-09-05,2024,663559,3,4.586969364503334,5.043192346047518
745612,2024-09-05,2024,693433,6,4.586969364503334,5.365825387152946
744966,2024-09-05,2024,686799,0,4.586969364503334,5.1259310499198305
745612,2024-09-05,2024,683155,3,4.586969364503334,5.900898173268302
745042,2024-09-05,2024,641154,9,4.586969364503334,6.031226623951645
745042,2024-09-05,2024,671737,10,4.586969364503334,6.181840726309981
744966,2024-09-05,2024,674003,4,4.586969364503334,4.765763384472364
746664,2024-09-05,2024,686613,6,4.586969364503334,5.71946430221721
746664,2024-09-05,2024,695076,3,4.586969364503334,4.619648948558896
747074,2024-09-06,2024,592332,5,4.586969364503334,7.758187388030861
744967,2024-09-06,2024,642520,1,4.586969364503334,2.107352186660811
746016,2024-09-06,2024,554430,7,4.586969364503334,4.643238284001656
746016,2024-09-06,2024,656793,3,4.586969364503334,1.1850680614923856
746016,2024-09-06,2024,685116,1,4.586969364503334,2.2983293471348736
745131,2024-09-06,2024,682243,4,4.586969364503334,5.62289759565134
746104,2024-09-06,2024,689017,8,4.586969364503334,6.5078210157671075
747074,2024-09-06,2024,608331,8,4.586969364503334,6.303117482500159
745941,2024-09-06,2024,593423,10,4.586969364503334,5.603626890475933
746104,2024-09-06,2024,571510,6,4.586969364503334,5.0469740102754015
744967,2024-09-06,2024,570632,3,4.586969364503334,4.114751483918849
746912,2024-09-06,2024,663436,3,4.586969364503334,4.151248687053829
745777,2024-09-06,2024,682227,1,4.586969364503334,1.3216145868470113
745777,2024-09-06,2024,640455,9,4.586969364503334,5.881994423634999
744967,2024-09-06,2024,691951,7,4.586969364503334,4.996547135362087
746257,2024-09-06,2024,666142,7,4.586969364503334,6.102525074330769
746257,2024-09-06,2024,805673,4,4.586969364503334,5.444071985986511
745941,2024-09-06,2024,663372,6,4.586969364503334,5.813081079080003
746912,2024-09-06,2024,601713,6,4.586969364503334,7.074566186756548
745611,2024-09-06,2024,669373,7,4.586969364503334,5.310189511983049
745371,2024-09-06,2024,696131,6,4.586969364503334,5.407115524184064
745371,2024-09-06,2024,650633,8,4.586969364503334,5.679314606186981
746343,2024-09-06,2024,664285,7,4.586969364503334,5.114878710520758
745131,2024-09-06,2024,607200,1,4.586969364503334,4.410108911493495
746343,2024-09-06,2024,656756,3,4.586969364503334,4.311772079950807
746832,2024-09-06,2024,661563,7,4.586969364503334,5.135573073013545
746993,2024-09-06,2024,669358,5,4.586969364503334,6.605017823244524
746993,2024-09-06,2024,665152,7,4.586969364503334,4.748913199637422
746832,2024-09-06,2024,696136,4,4.586969364503334,5.485806497769626
746343,2024-09-06,2024,694297,5,4.586969364503334,5.631400879482578
745611,2024-09-06,2024,687765,6,4.586969364503334,3.915981418530344
746344,2024-09-07,2024,579328,6,4.586969364503334,5.986722961589049
746986,2024-09-07,2024,621107,4,4.586969364503334,5.003733773339501
746344,2024-09-07,2024,593958,1,4.586969364503334,4.338875398547884
746344,2024-09-07,2024,669854,5,4.586969364503334,3.0704035278852957
746829,2024-09-07,2024,641482,3,4.586969364503334,1.8902024947792637
746259,2024-09-07,2024,641927,7,4.586969364503334,5.009553061557431
746018,2024-09-07,2024,670766,4,4.586969364503334,3.8847881433540126
746259,2024-09-07,2024,679525,5,4.586969364503334,5.603160095899994
746829,2024-09-07,2024,665871,5,4.586969364503334,3.568148906880559
746829,2024-09-07,2024,657376,2,4.586969364503334,3.922479426351469
747076,2024-09-07,2024,621244,5,4.586969364503334,5.724506921579789
747076,2024-09-07,2024,680885,3,4.586969364503334,4.33241342875696
746986,2024-09-07,2024,686752,4,4.586969364503334,5.684162771643982
746018,2024-09-07,2024,605400,5,4.586969364503334,6.355424582744969
745372,2024-09-07,2024,656302,4,4.586969364503334,7.055798710426213
745372,2024-09-07,2024,657277,3,4.586969364503334,3.884210673642155
746911,2024-09-07,2024,681867,0,4.586969364503334,3.2254333460153877
746911,2024-09-07,2024,676979,3,4.586969364503334,2.7595157205265575
746911,2024-09-07,2024,663767,2,4.586969364503334,2.093047474389306
745775,2024-09-07,2024,686730,4,4.586969364503334,3.1564850275353136
745775,2024-09-07,2024,596001,5,4.586969364503334,4.3702607369403355
745942,2024-09-07,2024,668964,11,4.586969364503334,5.611268183266104
745942,2024-09-07,2024,621389,1,4.586969364503334,2.8615674815695726
745775,2024-09-07,2024,500779,6,4.586969364503334,4.859153364225117
745613,2024-09-07,2024,676428,3,4.586969364503334,3.421389174429895
744963,2024-09-07,2024,542881,7,4.586969364503334,5.7316592500993275
744963,2024-09-07,2024,683004,6,4.586969364503334,5.2910868346019475
745613,2024-09-07,2024,674370,3,4.586969364503334,2.5791226964761726
745125,2024-09-07,2024,502043,9,4.586969364503334,6.03378884035236
745125,2024-09-07,2024,669302,10,4.586969364503334,6.2093924430229315
745613,2024-09-07,2024,669620,6,4.586969364503334,4.591167387982333
745455,2024-09-07,2024,682847,2,4.586969364503334,5.549673235725578
745455,2024-09-07,2024,687792,5,4.586969364503334,5.268580158355764
745456,2024-09-07,2024,656605,8,4.586969364503334,5.871809929068541
745456,2024-09-07,2024,680730,5,4.586969364503334,4.328687060553199
746099,2024-09-07,2024,680736,2,4.586969364503334,1.6783851804767478
746098,2024-09-08,2024,676440,4,4.586969364503334,5.054582307498152
746017,2024-09-08,2024,686751,0,4.586969364503334,3.245336483322822
746827,2024-09-08,2024,592791,6,4.586969364503334,5.418339628142476
746910,2024-09-08,2024,690916,2,4.586969364503334,3.9794507125356864
746910,2024-09-08,2024,623167,6,4.586969364503334,4.18408503238436
745940,2024-09-08,2024,642547,4,4.586969364503334,4.790472145941325
745940,2024-09-08,2024,607536,4,4.586969364503334,5.488470992410042
744965,2024-09-08,2024,571760,8,4.586969364503334,6.288293931481069
744965,2024-09-08,2024,702674,1,4.586969364503334,2.1312989253283376
745453,2024-09-08,2024,571578,5,4.586969364503334,5.6136953909090765
746098,2024-09-08,2024,656427,6,4.586969364503334,5.140549043697499
745453,2024-09-08,2024,683003,9,4.586969364503334,6.3635528111936495
745616,2024-09-08,2024,669372,5,4.586969364503334,3.473837725068102
746989,2024-09-08,2024,641793,4,4.586969364503334,4.442512342133654
746989,2024-09-08,2024,669203,3,4.586969364503334,5.948149606382661
745368,2024-09-08,2024,702352,3,4.586969364503334,1.2471319113211559
745368,2024-09-08,2024,689690,4,4.586969364503334,-0.4030615596104301
745368,2024-09-08,2024,605397,7,4.586969364503334,2.8801604130509273
746827,2024-09-08,2024,543037,7,4.586969364503334,5.463282061201003
746017,2024-09-08,2024,665795,6,4.586969364503334,5.6997743308053
745616,2024-09-08,2024,680744,7,4.586969364503334,5.115098083840943
745128,2024-09-08,2024,571945,3,4.586969364503334,2.7762037002539763
746345,2024-09-08,2024,669194,4,4.586969364503334,5.621573858602161
745128,2024-09-08,2024,571927,4,4.586969364503334,2.44513123512902
745128,2024-09-08,2024,622491,3,4.586969364503334,2.5679875203819114
746345,2024-09-08,2024,434378,0,4.586969364503334,3.873060980051492
747072,2024-09-08,2024,684320,6,4.586969364503334,4.092030845726456
746258,2024-09-08,2024,680573,2,4.586969364503334,3.9887150894005305
746258,2024-09-08,2024,608379,7,4.586969364503334,4.942538445168385
747072,2024-09-08,2024,519242,7,4.586969364503334,7.422032880087694
745774,2024-09-08,2024,687924,2,4.586969364503334,5.528176404767755
745774,2024-09-08,2024,622663,8,4.586969364503334,6.222795495414505
746746,2024-09-09,2024,676282,10,4.586969364503334,5.7620239177214625
746746,2024-09-09,2024,680897,2,4.586969364503334,4.535591376494111
746909,2024-09-09,2024,700249,5,4.586969364503334,3.7294689607957574
745534,2024-09-09,2024,650911,4,4.586969364503334,6.238201332244605
745534,2024-09-09,2024,641302,1,4.586969364503334,1.6798754728085603
745860,2024-09-09,2024,660761,4,4.586969364503334,2.777533073309068
745860,2024-09-09,2024,672282,8,4.586969364503334,5.697862128863821
745860,2024-09-09,2024,701581,4,4.586969364503334,4.002685446753419
746909,2024-09-09,2024,678394,5,4.586969364503334,5.604646027239807
746746,2024-09-09,2024,694363,5,4.586969364503334,2.7693334952110495
746101,2024-09-09,2024,543294,2,4.586969364503334,4.597572358123185
745454,2024-09-09,2024,694973,9,4.586969364503334,6.71247340684407
745454,2024-09-09,2024,678368,2,4.586969364503334,4.602495631805631
744888,2024-09-09,2024,656731,9,4.586969364503334,5.294686750178805
744888,2024-09-09,2024,642232,2,4.586969364503334,2.041663070207635
746909,2024-09-09,2024,670174,3,4.586969364503334,0.873471132975415
746101,2024-09-09,2024,621111,4,4.586969364503334,5.376025803024986
745698,2024-09-09,2024,607074,9,4.586969364503334,6.323387009855144
745698,2024-09-09,2024,663903,3,4.586969364503334,4.935902759703681
747090,2024-09-09,2024,450203,7,4.586969364503334,6.712524079692374
747090,2024-09-09,2024,607259,5,4.586969364503334,5.586170544067616
745291,2024-09-10,2024,650644,2,4.586969364503334,3.602927175218128
746346,2024-09-10,2024,676664,1,4.586969364503334,4.104243454980024
745210,2024-09-10,2024,506433,5,4.586969364503334,3.532615188978041
746428,2024-09-10,2024,672456,5,4.586969364503334,5.633283136770943
744807,2024-09-10,2024,605154,2,4.586969364503334,2.300550223999946
744807,2024-09-10,2024,669022,3,4.586969364503334,4.148733729145105
747152,2024-09-10,2024,543135,6,4.586969364503334,6.057192439205362
747152,2024-09-10,2024,668678,7,4.586969364503334,6.7721521614964
746907,2024-09-10,2024,544150,8,4.586969364503334,5.899548645116053
745694,2024-09-10,2024,573186,4,4.586969364503334,5.152076866813151
745446,2024-09-10,2024,670124,2,4.586969364503334,5.139999729614514
745446,2024-09-10,2024,666277,4,4.586969364503334,2.446691839559908
745446,2024-09-10,2024,666214,3,4.586969364503334,3.9673703979159347
746747,2024-09-10,2024,686563,4,4.586969364503334,5.384892478378221
746747,2024-09-10,2024,680732,3,4.586969364503334,3.155481077585159
745694,2024-09-10,2024,607625,10,4.586969364503334,6.602023520420453
744886,2024-09-10,2024,656849,2,4.586969364503334,3.970945287892026
744886,2024-09-10,2024,605135,8,4.586969364503334,5.539548420866789
746346,2024-09-10,2024,681293,7,4.586969364503334,6.515831871667949
746428,2024-09-10,2024,683627,2,4.586969364503334,2.3670002836434256
745210,2024-09-10,2024,669923,4,4.586969364503334,5.84350778594265
746907,2024-09-10,2024,676710,6,4.586969364503334,4.364972269574951
745856,2024-09-10,2024,656288,4,4.586969364503334,5.956756739482078
745856,2024-09-10,2024,641154,10,4.586969364503334,6.610471122736127
746097,2024-09-10,2024,684007,4,4.586969364503334,5.349193930480594
746428,2024-09-10,2024,687134,4,4.586969364503334,4.166382542546034
746097,2024-09-10,2024,808967,8,4.586969364503334,4.321138631489262
745535,2024-09-10,2024,671737,6,4.586969364503334,5.639619041348438
745535,2024-09-10,2024,624133,2,4.586969364503334,4.072036240051343
745291,2024-09-10,2024,694738,3,4.586969364503334,4.17345548239888
745126,2024-09-10,2024,695076,3,4.586969364503334,3.9334027068547828
745126,2024-09-10,2024,669467,6,4.586969364503334,4.831581288244732
746908,2024-09-11,2024,601713,9,4.586969364503334,5.528623233833978
745450,2024-09-11,2024,642834,0,4.586969364503334,0.9931294513099056
746425,2024-09-11,2024,663554,7,4.586969364503334,3.527103039716496
746745,2024-09-11,2024,571510,9,4.586969364503334,6.060636470309471
745450,2024-09-11,2024,675540,3,4.586969364503334,2.9638640969268972
746100,2024-09-11,2024,696136,2,4.586969364503334,3.556998974887221
745214,2024-09-11,2024,693433,5,4.586969364503334,5.318052057475692
746745,2024-09-11,2024,663436,4,4.586969364503334,3.9241260162414457
745214,2024-09-11,2024,650633,6,4.586969364503334,5.396302505273081
744881,2024-09-11,2024,670102,1,4.586969364503334,6.70286124766838
744881,2024-09-11,2024,640455,8,4.586969364503334,6.066384139691427
745697,2024-09-11,2024,661563,5,4.586969364503334,5.690684352063953
745697,2024-09-11,2024,666142,7,4.586969364503334,6.35237942744446
745285,2024-09-11,2024,605483,8,4.586969364503334,5.4611686323408435
745285,2024-09-11,2024,607067,1,4.586969364503334,3.446700454186237
746100,2024-09-11,2024,676272,2,4.586969364503334,5.263833908878749
745857,2024-09-11,2024,686799,3,4.586969364503334,2.733082356708752
745450,2024-09-11,2024,663559,5,4.586969364503334,4.058458556846122
745857,2024-09-11,2024,805673,5,4.586969364503334,2.901895690060902
746908,2024-09-11,2024,665152,7,4.586969364503334,6.1036361603699065
745525,2024-09-11,2024,554430,9,4.586969364503334,6.103659887771794
745525,2024-09-11,2024,669358,4,4.586969364503334,4.836307783866734
744804,2024-09-11,2024,608331,6,4.586969364503334,5.875747995661444
744804,2024-09-11,2024,663623,5,4.586969364503334,3.903689762226546
744804,2024-09-11,2024,678226,3,4.586969364503334,2.9144629472938943
747154,2024-09-11,2024,518876,3,4.586969364503334,3.3523164796313836
745127,2024-09-11,2024,458681,7,4.586969364503334,5.691277280121722
745127,2024-09-11,2024,682227,5,4.586969364503334,4.219183446497356
747154,2024-09-11,2024,674003,4,4.586969364503334,2.512631355933915
746425,2024-09-11,2024,685299,1,4.586969364503334,4.108398844383194
747154,2024-09-11,2024,502624,2,4.586969364503334,2.486297975732014
746342,2024-09-11,2024,683155,2,4.586969364503334,4.510556941972074
746342,2024-09-11,2024,686613,7,4.586969364503334,5.31143263252465
746591,2024-09-12,2024,668909,5,4.586969364503334,5.350147596598102
745288,2024-09-12,2024,806185,4,4.586969364503334,3.791838055961989
745288,2024-09-12,2024,593423,8,4.586969364503334,7.081016699156269
745129,2024-09-12,2024,686730,4,4.586969364503334,4.352656371792425
745695,2024-09-12,2024,681867,4,4.586969364503334,4.322318134342274
745129,2024-09-12,2024,596001,3,4.586969364503334,3.5490484902995183
746427,2024-09-12,2024,669373,6,4.586969364503334,5.264480014336662
746427,2024-09-12,2024,663372,6,4.586969364503334,5.673397850033251
746337,2024-09-12,2024,687765,2,4.586969364503334,3.657680846565717
746337,2024-09-12,2024,664285,6,4.586969364503334,6.835764028792638
745208,2024-09-12,2024,682243,7,4.586969364503334,3.9966424639737186
744805,2024-09-12,2024,670766,1,4.586969364503334,3.6039167099385825
745208,2024-09-12,2024,677958,7,4.586969364503334,5.534519012603085
745695,2024-09-12,2024,641482,9,4.586969364503334,5.1100182523210895
744805,2024-09-12,2024,680730,5,4.586969364503334,3.8094659587311
745129,2024-09-12,2024,543243,9,4.586969364503334,5.273756350610448
746591,2024-09-12,2024,642121,4,4.586969364503334,1.8572876738187043
747153,2024-09-13,2024,642547,5,4.586969364503334,6.230373411099612
747153,2024-09-13,2024,593958,7,4.586969364503334,4.875830538836959
745447,2024-09-13,2024,682847,5,4.586969364503334,6.491363157346703
746744,2024-09-13,2024,676979,4,4.586969364503334,3.955302348779705
746509,2024-09-13,2024,665871,5,4.586969364503334,4.119428300656292
745696,2024-09-13,2024,690916,2,4.586969364503334,5.419958923101771
745696,2024-09-13,2024,657376,5,4.586969364503334,5.770882467822476
745855,2024-09-13,2024,641927,6,4.586969364503334,4.856037070536867
745855,2024-09-13,2024,687924,4,4.586969364503334,4.5917493034673775
746586,2024-09-13,2024,641793,5,4.586969364503334,6.053927978997791
746586,2024-09-13,2024,676440,9,4.586969364503334,5.05108135234893
746423,2024-09-13,2024,676428,8,4.586969364503334,4.033389668781978
746423,2024-09-13,2024,621107,3,4.586969364503334,4.551060823946673
745529,2024-09-13,2024,676661,1,4.586969364503334,2.8744051320036585
745529,2024-09-13,2024,605400,7,4.586969364503334,5.715832113571566
745207,2024-09-13,2024,594798,4,4.586969364503334,4.417736540531666
745529,2024-09-13,2024,500779,4,4.586969364503334,4.7175828175833265
746744,2024-09-13,2024,669620,2,4.586969364503334,4.4936870158387014
745207,2024-09-13,2024,676106,5,4.586969364503334,4.227984200956446
746509,2024-09-13,2024,596295,4,4.586969364503334,5.834742975791321
745286,2024-09-13,2024,663941,4,4.586969364503334,2.345886969829567
747069,2024-09-13,2024,680885,6,4.586969364503334,5.495584228998801
747069,2024-09-13,2024,689017,2,4.586969364503334,4.270755703255124
746181,2024-09-13,2024,579328,6,4.586969364503334,5.588679132136012
745286,2024-09-13,2024,656302,10,4.586969364503334,6.109700822685763
744882,2024-09-13,2024,592332,3,4.586969364503334,6.974796711716912
745286,2024-09-13,2024,657277,4,4.586969364503334,4.104599000863604
746181,2024-09-13,2024,660761,5,4.586969364503334,2.9747154832843252
744882,2024-09-13,2024,607200,3,4.586969364503334,5.25734654312196
746181,2024-09-13,2024,691951,0,4.586969364503334,1.8913503210561116
744882,2024-09-13,2024,669461,3,4.586969364503334,2.7178293960964925
744800,2024-09-13,2024,687792,5,4.586969364503334,5.4840928555571375
744800,2024-09-13,2024,665795,9,4.586969364503334,5.983583619935823
745447,2024-09-13,2024,679525,11,4.586969364503334,5.897144253015226
746584,2024-09-14,2024,641302,2,4.586969364503334,2.000234691254746
746584,2024-09-14,2024,676282,6,4.586969364503334,3.5387184664706552
745209,2024-09-14,2024,683004,6,4.586969364503334,5.851544109737032
745689,2024-09-14,2024,641835,2,4.586969364503334,1.1475823770640536
745284,2024-09-14,2024,605397,8,4.586969364503334,5.40712405992767
745689,2024-09-14,2024,543037,2,4.586969364503334,3.951609549350221
745284,2024-09-14,2024,696131,2,4.586969364503334,4.04147527696377
745528,2024-09-14,2024,663465,3,4.586969364503334,2.3148031589348217
745448,2024-09-14,2024,656605,6,4.586969364503334,5.686411575372374
745448,2024-09-14,2024,608379,8,4.586969364503334,5.7702376416605565
746740,2024-09-14,2024,669372,3,4.586969364503334,3.421003272930368
745209,2024-09-14,2024,453286,2,4.586969364503334,4.544726681527664
745209,2024-09-14,2024,669302,7,4.586969364503334,6.383800607271794
745689,2024-09-14,2024,678394,2,4.586969364503334,5.310052029525337
746740,2024-09-14,2024,623167,8,4.586969364503334,5.741353201060214
745528,2024-09-14,2024,622663,5,4.586969364503334,4.973505696934645
746508,2024-09-14,2024,592791,6,4.586969364503334,4.524990691908578
747148,2024-09-14,2024,571670,1,4.586969364503334,1.096509014509894
746177,2024-09-14,2024,434378,2,4.586969364503334,4.9784460481446215
747148,2024-09-14,2024,700270,2,4.586969364503334,5.361932523751037
746508,2024-09-14,2024,607536,3,4.586969364503334,4.933675639026868
744884,2024-09-14,2024,676617,3,4.586969364503334,3.0319755430923125
744884,2024-09-14,2024,621244,4,4.586969364503334,5.743120775380335
746422,2024-09-14,2024,628317,2,4.586969364503334,3.7225825592052884
744884,2024-09-14,2024,502043,1,4.586969364503334,4.9882691246522315
746177,2024-09-14,2024,542881,4,4.586969364503334,5.201317057948494
746422,2024-09-14,2024,669203,7,4.586969364503334,5.2609282103901025
746422,2024-09-14,2024,680744,2,4.586969364503334,4.1488165916364474
745858,2024-09-14,2024,680573,3,4.586969364503334,4.420375929413935
745858,2024-09-14,2024,656240,1,4.586969364503334,2.5948523632796365
745858,2024-09-14,2024,608718,2,4.586969364503334,1.8758105935375338
744803,2024-09-14,2024,678368,4,4.586969364503334,4.742568259204947
745858,2024-09-14,2024,607259,6,4.586969364503334,4.3030147145182465
744803,2024-09-14,2024,571578,6,4.586969364503334,5.28841528410849
747070,2024-09-14,2024,519242,6,4.586969364503334,5.580700770244113
747070,2024-09-14,2024,656427,4,4.586969364503334,4.984155103981606
747148,2024-09-14,2024,694297,0,4.586969364503334,3.2751477800581785
747148,2024-09-14,2024,668964,3,4.586969364503334,5.352312610489514
746180,2024-09-15,2024,669854,5,4.586969364503334,5.234523370043322
746180,2024-09-15,2024,702674,3,4.586969364503334,2.9645798054297487
746741,2024-09-15,2024,676664,4,4.586969364503334,5.04939278491155
746741,2024-09-15,2024,680732,5,4.586969364503334,6.0589220803064565
747071,2024-09-15,2024,621111,5,4.586969364503334,6.251926261355133
745449,2024-09-15,2024,683003,5,4.586969364503334,6.869037126363702
746419,2024-09-15,2024,672456,1,4.586969364503334,3.0340294333959203
746419,2024-09-15,2024,700249,8,4.586969364503334,4.869346982797452
745530,2024-09-15,2024,650911,7,4.586969364503334,5.613650886878733
745530,2024-09-15,2024,656849,6,4.586969364503334,5.947652488762979
746585,2024-09-15,2024,671737,6,4.586969364503334,7.167035790125241
746585,2024-09-15,2024,594902,2,4.586969364503334,2.1289642829012125
745852,2024-09-15,2024,701581,4,4.586969364503334,4.211997162349641
745693,2024-09-15,2024,607074,5,4.586969364503334,5.552383451295805
745693,2024-09-15,2024,676710,7,4.586969364503334,4.957384493013415
745852,2024-09-15,2024,695076,5,4.586969364503334,3.792967352730467
746506,2024-09-15,2024,543294,7,4.586969364503334,3.880516743305404
746506,2024-09-15,2024,615698,2,4.586969364503334,3.3342583218951227
745449,2024-09-15,2024,663903,6,4.586969364503334,4.348825849736028
746506,2024-09-15,2024,676105,6,4.586969364503334,1.8053191377024502
747071,2024-09-15,2024,450203,6,4.586969364503334,4.619451349796866
745206,2024-09-15,2024,571760,3,4.586969364503334,5.369154044411939
747151,2024-09-15,2024,668678,7,4.586969364503334,6.061496096347083
747151,2024-09-15,2024,605452,4,4.586969364503334,2.228949997723091
744883,2024-09-15,2024,684320,2,4.586969364503334,3.21486004896935
745206,2024-09-15,2024,642520,2,4.586969364503334,4.230718519573646
745206,2024-09-15,2024,669923,3,4.586969364503334,5.213498951696242
744883,2024-09-15,2024,571945,4,4.586969364503334,4.704758274574646
744801,2024-09-15,2024,670124,2,4.586969364503334,3.9236921012047654
744801,2024-09-15,2024,669022,5,4.586969364503334,5.646249505459025
747151,2024-09-15,2024,669084,4,4.586969364503334,5.139744773692861
745287,2024-09-15,2024,527048,2,4.586969364503334,2.0961340327117415
745287,2024-09-15,2024,694738,4,4.586969364503334,4.6571728059220385
746828,2024-09-16,2024,684007,11,4.586969364503334,5.748477852460412
745130,2024-09-16,2024,669467,9,4.586969364503334,6.402175833723388
745130,2024-09-16,2024,694973,7,4.586969364503334,7.057856536412692
746260,2024-09-16,2024,681857,3,4.586969364503334,2.9530332997346846
745367,2024-09-16,2024,506433,3,4.586969364503334,4.964306399199346
746502,2024-09-16,2024,518876,5,4.586969364503334,3.82412654274031
746502,2024-09-16,2024,622608,2,4.586969364503334,4.543568663695363
745939,2024-09-16,2024,624133,5,4.586969364503334,5.866207867518605
746588,2024-09-16,2024,571510,5,4.586969364503334,3.9780047218478467
746588,2024-09-16,2024,641154,4,4.586969364503334,5.705611611996445
745939,2024-09-16,2024,650644,6,4.586969364503334,4.603659067060792
746828,2024-09-16,2024,683155,1,4.586969364503334,3.2372147821332096
745773,2024-09-16,2024,663623,5,4.586969364503334,5.326281594417379
745367,2024-09-16,2024,681293,3,4.586969364503334,6.607401237057757
746260,2024-09-16,2024,607625,4,4.586969364503334,5.790431201808849
746179,2024-09-16,2024,672282,6,4.586969364503334,5.4051629118625355
746179,2024-09-16,2024,686563,7,4.586969364503334,5.908945436469895
747067,2024-09-16,2024,608331,7,4.586969364503334,5.168585585148332
747067,2024-09-16,2024,808967,3,4.586969364503334,4.796351697553455
746828,2024-09-16,2024,656232,1,4.586969364503334,1.629419099595519
746828,2024-09-16,2024,663687,3,4.586969364503334,2.2784588219022135
745773,2024-09-16,2024,640455,6,4.586969364503334,4.23959326643827
746987,2024-09-17,2024,605483,12,4.586969364503334,6.793213831702578
746503,2024-09-17,2024,686796,4,4.586969364503334,2.894280051806652
746987,2024-09-17,2024,544150,3,4.586969364503334,4.828077055554137
746503,2024-09-17,2024,663372,2,4.586969364503334,5.131892546574037
745044,2024-09-17,2024,601713,6,4.586969364503334,5.760510770655217
746503,2024-09-17,2024,656756,4,4.586969364503334,4.815970406344525
745366,2024-09-17,2024,650633,7,4.586969364503334,3.659390708712084
746015,2024-09-17,2024,670766,4,4.586969364503334,2.743814291348447
744961,2024-09-17,2024,666818,3,4.586969364503334,1.6295676426572765
745935,2024-09-17,2024,593423,10,4.586969364503334,6.040624156054153
744961,2024-09-17,2024,605135,2,4.586969364503334,3.751703292044459
744961,2024-09-17,2024,543135,4,4.586969364503334,5.585438004883033
745044,2024-09-17,2024,669358,6,4.586969364503334,6.856120960819165
746015,2024-09-17,2024,676272,2,4.586969364503334,3.3320407690158387
746176,2024-09-17,2024,656288,6,4.586969364503334,4.355746923111555
746176,2024-09-17,2024,663436,4,4.586969364503334,4.950968162077738
746176,2024-09-17,2024,671109,1,4.586969364503334,1.9745504739155724
745935,2024-09-17,2024,554430,6,4.586969364503334,5.466481198221913
745044,2024-09-17,2024,670174,4,4.586969364503334,2.258152741784394
746261,2024-09-17,2024,666142,6,4.586969364503334,6.9052277805643545
745122,2024-09-17,2024,663559,3,4.586969364503334,4.1668437064743475
746830,2024-09-17,2024,696136,4,4.586969364503334,4.973131156989759
746261,2024-09-17,2024,663554,3,4.586969364503334,5.443966741793676
746587,2024-09-17,2024,668909,7,4.586969364503334,5.00722955763137
746587,2024-09-17,2024,805673,5,4.586969364503334,4.238098145159519
745205,2024-09-17,2024,573186,3,4.586969364503334,3.4363855897196958
745205,2024-09-17,2024,646242,1,4.586969364503334,1.0959361832529888
745205,2024-09-17,2024,661563,5,4.586969364503334,5.282687667588488
745122,2024-09-17,2024,458681,5,4.586969364503334,5.210179829753902
745205,2024-09-17,2024,693433,7,4.586969364503334,5.237100337308409
746659,2024-09-17,2024,518585,4,4.586969364503334,1.9953939977508979
746659,2024-09-17,2024,656550,2,4.586969364503334,5.435256581821918
745366,2024-09-17,2024,686613,3,4.586969364503334,4.665691038765061
746659,2024-09-17,2024,682227,1,4.586969364503334,2.210750535368498
746659,2024-09-17,2024,686730,0,4.586969364503334,1.259737434891619
745772,2024-09-17,2024,656731,4,4.586969364503334,4.83909256721294
745772,2024-09-17,2024,680730,1,4.586969364503334,3.7046785662982806
746830,2024-09-17,2024,687765,6,4.586969364503334,4.869621150305662
746014,2024-09-18,2024,677960,5,4.586969364503334,4.354091687302433
746662,2024-09-18,2024,596001,6,4.586969364503334,4.298125022003725
744959,2024-09-18,2024,674003,6,4.586969364503334,4.330066489940971
746172,2024-09-18,2024,686799,5,4.586969364503334,3.3336652454231634
746662,2024-09-18,2024,680885,5,4.586969364503334,6.364466525297029
746831,2024-09-18,2024,669620,5,4.586969364503334,5.066637025875266
746831,2024-09-18,2024,657006,1,4.586969364503334,4.189828454123631
746014,2024-09-18,2024,689017,7,4.586969364503334,5.632907579447656
745365,2024-09-18,2024,664285,6,4.586969364503334,5.056543637970019
745199,2024-09-18,2024,641482,6,4.586969364503334,5.53522198316932
746988,2024-09-18,2024,665152,7,4.586969364503334,4.988318172992666
745771,2024-09-18,2024,687792,5,4.586969364503334,4.6061991494962955
745771,2024-09-18,2024,500779,4,4.586969364503334,3.98527807905137
745365,2024-09-18,2024,656302,5,4.586969364503334,6.813264064074913
745121,2024-09-18,2024,543243,8,4.586969364503334,5.118243835991442
745121,2024-09-18,2024,663765,5,4.586969364503334,4.386842922664758
746988,2024-09-18,2024,806185,3,4.586969364503334,4.862822504223152
746582,2024-09-18,2024,641927,12,4.586969364503334,6.1382461792113086
746500,2024-09-18,2024,676105,3,4.586969364503334,3.583212086278789
746500,2024-09-18,2024,596295,1,4.586969364503334,2.644176155504141
746500,2024-09-18,2024,593958,11,4.586969364503334,5.055223711794508
746254,2024-09-18,2024,679525,5,4.586969364503334,4.442228354795055
746254,2024-09-18,2024,669373,7,4.586969364503334,6.199865726871998
745040,2024-09-18,2024,686752,12,4.586969364503334,4.786046600917988
745040,2024-09-18,2024,656557,4,4.586969364503334,3.9883817597718663
746254,2024-09-18,2024,663738,4,4.586969364503334,1.6220411767839682
746582,2024-09-18,2024,676440,5,4.586969364503334,5.469717024695739
745933,2024-09-18,2024,605400,9,4.586969364503334,4.817727684861739
745933,2024-09-18,2024,642547,9,4.586969364503334,5.650303406697018
745199,2024-09-18,2024,682243,8,4.586969364503334,6.938293554321417
744959,2024-09-18,2024,670102,6,4.586969364503334,5.841535901153736
745120,2024-09-19,2024,682847,7,4.586969364503334,4.927392011569343
746011,2024-09-19,2024,665795,3,4.586969364503334,4.031380575315052
745937,2024-09-19,2024,694297,12,4.586969364503334,6.452710050129815
745120,2024-09-19,2024,607200,3,4.586969364503334,4.455803731890052
745204,2024-09-19,2024,669302,9,4.586969364503334,6.90571867582401
745204,2024-09-19,2024,657376,7,4.586969364503334,6.608383141305264
744962,2024-09-19,2024,592332,6,4.586969364503334,2.980296779300139
744962,2024-09-19,2024,677958,5,4.586969364503334,3.539518195548908
744962,2024-09-19,2024,679156,3,4.586969364503334,1.8726576945681668
745041,2024-09-19,2024,641793,7,4.586969364503334,3.758267517819321
745041,2024-09-19,2024,678394,7,4.586969364503334,5.8110998832438145
745769,2024-09-19,2024,592836,2,4.586969364503334,3.528526368563724
745769,2024-09-19,2024,622663,7,4.586969364503334,5.45779554009041
746011,2024-09-19,2024,666277,0,4.586969364503334,3.8454719338492733
745937,2024-09-19,2024,668964,5,4.586969364503334,5.093906371728756
746011,2024-09-19,2024,656427,5,4.586969364503334,5.824953611685582
746823,2024-09-19,2024,665871,5,4.586969364503334,4.623291711770792
746341,2024-09-19,2024,660761,5,4.586969364503334,6.63922389464941
746823,2024-09-19,2024,571578,4,4.586969364503334,4.791337502900654
746663,2024-09-19,2024,592426,4,4.586969364503334,2.805767687864095
746663,2024-09-19,2024,605335,5,4.586969364503334,4.471600613588791
746663,2024-09-19,2024,519242,6,4.586969364503334,6.345025504336045
746985,2024-09-19,2024,621107,5,4.586969364503334,5.036754283089555
746663,2024-09-19,2024,687924,4,4.586969364503334,3.6586746830569927
746579,2024-09-19,2024,676282,6,4.586969364503334,5.316129707846775
746579,2024-09-19,2024,680573,6,4.586969364503334,4.128064582254975
746985,2024-09-19,2024,657277,8,4.586969364503334,5.193687248068
746341,2024-09-19,2024,579328,9,4.586969364503334,6.627260159434253
746905,2024-09-20,2024,690916,3,4.586969364503334,5.106269169017493
746013,2024-09-20,2024,678368,3,4.586969364503334,4.566044653695648
746013,2024-09-20,2024,450203,3,4.586969364503334,6.913161059051349
744960,2024-09-20,2024,669923,4,4.586969364503334,5.211370818384298
744960,2024-09-20,2024,683004,5,4.586969364503334,5.773878730028177
745934,2024-09-20,2024,668678,5,4.586969364503334,6.205203306666324
744960,2024-09-20,2024,594798,5,4.586969364503334,3.945756345575747
745123,2024-09-20,2024,594902,2,4.586969364503334,2.852280434150856
746094,2024-09-20,2024,607536,2,4.586969364503334,4.988040458016223
746824,2024-09-20,2024,592791,4,4.586969364503334,4.030955770785492
746824,2024-09-20,2024,592866,7,4.586969364503334,4.0892177001465635
745123,2024-09-20,2024,571927,1,4.586969364503334,1.9208739362281317
745123,2024-09-20,2024,502043,2,4.586969364503334,2.9958750426595864
745043,2024-09-20,2024,621244,6,4.586969364503334,6.190604186908137
745043,2024-09-20,2024,641302,6,4.586969364503334,2.8583473562268464
746984,2024-09-20,2024,672456,7,4.586969364503334,4.974992580036436
746984,2024-09-20,2024,669203,8,4.586969364503334,5.722828526369178
745934,2024-09-20,2024,607067,4,4.586969364503334,3.5029467078629644
745364,2024-09-20,2024,605397,9,4.586969364503334,6.561884130280364
746905,2024-09-20,2024,701581,6,4.586969364503334,6.794403433483521
745606,2024-09-20,2024,543037,7,4.586969364503334,5.774675609421484
745364,2024-09-20,2024,676979,8,4.586969364503334,3.8790349127658077
746256,2024-09-20,2024,696131,4,4.586969364503334,3.8467430769859368
746256,2024-09-20,2024,608379,5,4.586969364503334,5.167199427333328
745770,2024-09-20,2024,656849,4,4.586969364503334,3.123430055778411
745770,2024-09-20,2024,650911,7,4.586969364503334,5.774817092753272
745606,2024-09-20,2024,669372,4,4.586969364503334,3.182385825572398
746340,2024-09-20,2024,434378,4,4.586969364503334,5.190748491607443
746661,2024-09-20,2024,656605,1,4.586969364503334,3.7400337289575853
746661,2024-09-20,2024,666214,3,4.586969364503334,1.236463064482642
746340,2024-09-20,2024,672710,2,4.586969364503334,1.7808832655933804
746340,2024-09-20,2024,542881,4,4.586969364503334,4.164874819670421
746661,2024-09-20,2024,607259,9,4.586969364503334,4.580408252560216
746096,2024-09-21,2024,621111,9,4.586969364503334,5.071131263100956
745124,2024-09-21,2024,571510,6,4.586969364503334,5.348926304605407
745936,2024-09-21,2024,518876,6,4.586969364503334,4.343991830689336
746338,2024-09-21,2024,672282,3,4.586969364503334,3.3517544847494833
746338,2024-09-21,2024,608334,1,4.586969364503334,2.3113327803576773
745038,2024-09-21,2024,671737,4,4.586969364503334,6.616738533106374
745038,2024-09-21,2024,684320,3,4.586969364503334,4.50848866942757
745768,2024-09-21,2024,640455,6,4.586969364503334,5.133210124890969
745768,2024-09-21,2024,624133,4,4.586969364503334,5.012595483985249
746255,2024-09-21,2024,663903,6,4.586969364503334,4.930742820646729
746255,2024-09-21,2024,694738,3,4.586969364503334,5.733623222295724
746983,2024-09-21,2024,700249,7,4.586969364503334,5.8856314538424135
746338,2024-09-21,2024,669854,9,4.586969364503334,5.665253622913332
746096,2024-09-21,2024,615698,5,4.586969364503334,5.394046419240122
745936,2024-09-21,2024,650644,2,4.586969364503334,5.045910306965542
745124,2024-09-21,2024,571945,4,4.586969364503334,4.790637472044021
745610,2024-09-21,2024,607074,4,4.586969364503334,5.717851968319732
745610,2024-09-21,2024,656232,1,4.586969364503334,1.348707505382155
745610,2024-09-21,2024,663687,1,4.586969364503334,2.1910284078217774
745610,2024-09-21,2024,676664,6,4.586969364503334,5.5405924997468965
745360,2024-09-21,2024,623167,3,4.586969364503334,4.449752059889892
745360,2024-09-21,2024,527048,6,4.586969364503334,3.2876720188528807
746983,2024-09-21,2024,681857,3,4.586969364503334,3.885262606641917
746826,2024-09-21,2024,669022,9,4.586969364503334,6.148142890362564
746826,2024-09-21,2024,543294,2,4.586969364503334,3.9577040949676228
746660,2024-09-21,2024,683003,5,4.586969364503334,5.1232173971477435
746660,2024-09-21,2024,695076,4,4.586969364503334,4.527211908011174
746983,2024-09-21,2024,676428,0,4.586969364503334,2.237671386328411
746012,2024-09-21,2024,670124,7,4.586969364503334,5.514166880288186
746012,2024-09-21,2024,608331,6,4.586969364503334,6.944398972987464
744958,2024-09-21,2024,600917,2,4.586969364503334,2.7476548865179096
744958,2024-09-21,2024,641540,5,4.586969364503334,3.9011805067214755
744958,2024-09-21,2024,676106,3,4.586969364503334,4.1950353026885505
746903,2024-09-22,2024,641154,3,4.586969364503334,5.070541983500153
746903,2024-09-22,2024,687396,5,4.586969364503334,3.727329547097934
746982,2024-09-22,2024,680744,3,4.586969364503334,2.290554007961039
746906,2024-09-22,2024,676710,7,4.586969364503334,5.480381371052895
746906,2024-09-22,2024,805673,6,4.586969364503334,5.329179341574411
745767,2024-09-22,2024,656731,6,4.586969364503334,4.580189429114523
746982,2024-09-22,2024,544150,6,4.586969364503334,4.509960907853581
746825,2024-09-22,2024,684007,4,4.586969364503334,6.020779925848701
746825,2024-09-22,2024,663623,3,4.586969364503334,5.078438722015111
745118,2024-09-22,2024,669467,4,4.586969364503334,4.487632099482066
745929,2024-09-22,2024,593423,4,4.586969364503334,4.1361642376153425
746253,2024-09-22,2024,607625,5,4.586969364503334,5.840919656528558
746253,2024-09-22,2024,605483,9,4.586969364503334,5.364290022689271
746339,2024-09-22,2024,656288,3,4.586969364503334,5.356402087268562
746339,2024-09-22,2024,681293,6,4.586969364503334,5.161099335548842
745608,2024-09-22,2024,661563,5,4.586969364503334,4.2366348281601125
745608,2024-09-22,2024,683155,1,4.586969364503334,4.932878937865474
746092,2024-09-22,2024,808967,4,4.586969364503334,4.474389076508495
746092,2024-09-22,2024,676508,5,4.586969364503334,3.631312237530933
746092,2024-09-22,2024,622608,2,4.586969364503334,4.119386931222704
745118,2024-09-22,2024,668909,3,4.586969364503334,4.889556699792833
745358,2024-09-22,2024,680732,8,4.586969364503334,5.652307378840592
744955,2024-09-22,2024,693433,4,4.586969364503334,4.363548562341692
746010,2024-09-22,2024,670766,5,4.586969364503334,3.094138466464572
746010,2024-09-22,2024,656550,5,4.586969364503334,4.75698590785072
745358,2024-09-22,2024,506433,9,4.586969364503334,6.10035355652034
745767,2024-09-22,2024,554430,8,4.586969364503334,5.35815337574779
746657,2024-09-22,2024,694973,9,4.586969364503334,5.0421278566511045
746657,2024-09-22,2024,668881,4,4.586969364503334,2.203793719557723
745036,2024-09-22,2024,642232,5,4.586969364503334,2.3654105404410393
745036,2024-09-22,2024,669358,6,4.586969364503334,4.470625393479894
745929,2024-09-22,2024,656756,6,4.586969364503334,5.417036588011595
744955,2024-09-22,2024,571760,4,4.586969364503334,5.982446860925146
746903,2024-09-22,2024,601713,4,4.586969364503334,6.049035209575707
745527,2024-09-23,2024,668873,3,4.586969364503334,4.425834016859355
745527,2024-09-23,2024,605400,7,4.586969364503334,6.0327729923047855
747150,2024-09-23,2024,806185,6,4.586969364503334,5.004974481395044
747150,2024-09-23,2024,593958,8,4.586969364503334,5.808303263299803
746334,2024-09-23,2024,682243,5,4.586969364503334,6.081552662751764
746334,2024-09-23,2024,686613,8,4.586969364503334,6.048492231716335
744885,2024-09-23,2024,605135,2,4.586969364503334,4.053065941872965
744885,2024-09-23,2024,656557,0,4.586969364503334,2.173733490001683
746581,2024-09-24,2024,686730,2,4.586969364503334,3.301510805416129
744876,2024-09-24,2024,670102,4,4.586969364503334,3.98440791198109
746743,2024-09-24,2024,686563,7,4.586969364503334,3.6569678612175824
745441,2024-09-24,2024,663559,5,4.586969364503334,4.787312711799257
747068,2024-09-24,2024,622663,5,4.586969364503334,5.8961368542901
744802,2024-09-24,2024,680730,5,4.586969364503334,5.209006725827926
745605,2024-09-24,2024,687765,2,4.586969364503334,4.968897353132698
747068,2024-09-24,2024,680885,4,4.586969364503334,5.679959704525225
744802,2024-09-24,2024,666142,6,4.586969364503334,5.819699308489256
744876,2024-09-24,2024,678394,4,4.586969364503334,3.9287093382510063
746336,2024-09-24,2024,669302,6,4.586969364503334,6.342609765470259
746336,2024-09-24,2024,664285,4,4.586969364503334,5.080393808022359
745441,2024-09-24,2024,668964,2,4.586969364503334,1.8364694493760738
745526,2024-09-24,2024,663465,5,4.586969364503334,3.399830701683289
745526,2024-09-24,2024,657006,3,4.586969364503334,3.7715658353607457
745526,2024-09-24,2024,592836,1,4.586969364503334,3.483099094486464
745605,2024-09-24,2024,543135,7,4.586969364503334,5.646950987772351
746581,2024-09-24,2024,676440,7,4.586969364503334,4.435755185144661
746743,2024-09-24,2024,686799,4,4.586969364503334,4.64129505455566
745688,2024-09-24,2024,657376,7,4.586969364503334,6.002310298495293
747149,2024-09-24,2024,686796,1,4.586969364503334,2.2143422283835785
746421,2024-09-24,2024,686752,6,4.586969364503334,6.299663055371906
745851,2024-09-24,2024,677960,2,4.586969364503334,5.325396390799353
745851,2024-09-24,2024,641927,7,4.586969364503334,5.241452620517422
746421,2024-09-24,2024,669373,7,4.586969364503334,6.64938216950977
745688,2024-09-24,2024,665152,3,4.586969364503334,4.389191550337305
747149,2024-09-24,2024,694297,4,4.586969364503334,3.2770308493254166
747149,2024-09-24,2024,700270,1,4.586969364503334,3.747666342348965
746504,2024-09-24,2024,663372,6,4.586969364503334,5.330033568959945
746504,2024-09-24,2024,700241,5,4.586969364503334,4.742828169907293
746093,2024-09-24,2024,650633,3,4.586969364503334,5.497351275978109
746093,2024-09-24,2024,689017,4,4.586969364503334,4.60531610064797
747149,2024-09-24,2024,657277,3,4.586969364503334,5.438578528671804
745442,2024-09-25,2024,642547,7,4.586969364503334,6.553033991639515
745442,2024-09-25,2024,682847,5,4.586969364503334,4.977220302430992
744877,2024-09-25,2024,670174,3,4.586969364503334,2.7106014264426275
744795,2024-09-25,2024,663738,2,4.586969364503334,1.790214750702991
744795,2024-09-25,2024,687792,3,4.586969364503334,4.8375685802008475
747144,2024-09-25,2024,696131,3,4.586969364503334,3.499482310866358
747144,2024-09-25,2024,668678,11,4.586969364503334,5.821602126181055
746742,2024-09-25,2024,663436,4,4.586969364503334,5.078790697365531
744877,2024-09-25,2024,690916,2,4.586969364503334,4.684949070055397
744877,2024-09-25,2024,592332,3,4.586969364503334,5.417384135046506
746742,2024-09-25,2024,660761,5,4.586969364503334,4.243900300489558
746331,2024-09-25,2024,669923,6,4.586969364503334,6.235952461920108
746095,2024-09-25,2024,656302,4,4.586969364503334,6.6428171011814285
745690,2024-09-25,2024,573186,1,4.586969364503334,2.52315383158619
745690,2024-09-25,2024,547001,3,4.586969364503334,2.3594053586887576
746420,2024-09-25,2024,672456,2,4.586969364503334,2.5182431026668084
746583,2024-09-25,2024,596001,3,4.586969364503334,4.424549780861304
746095,2024-09-25,2024,656427,5,4.586969364503334,6.357022332160253
745854,2024-09-25,2024,686973,4,4.586969364503334,2.732306549520182
745854,2024-09-25,2024,665795,5,4.586969364503334,4.682823235901414
745690,2024-09-25,2024,621107,1,4.586969364503334,4.242764998348393
746420,2024-09-25,2024,641793,7,4.586969364503334,5.310391564602014
745521,2024-09-25,2024,665871,3,4.586969364503334,4.3190282993406806
746501,2024-09-25,2024,607200,10,4.586969364503334,4.531511577866999
745607,2024-09-25,2024,671212,5,4.586969364503334,3.1278699121034093
745607,2024-09-25,2024,669620,3,4.586969364503334,1.6219716432938318
746331,2024-09-25,2024,579328,8,4.586969364503334,6.434897047411336
746501,2024-09-25,2024,596295,3,4.586969364503334,3.9822106537551925
745607,2024-09-25,2024,674003,4,4.586969364503334,4.8616289899765635
745521,2024-09-25,2024,650911,4,4.586969364503334,5.647673941413191
746088,2024-09-26,2024,621111,1,4.586969364503334,3.8910956116887903
745691,2024-09-26,2024,669203,9,4.586969364503334,4.52506791813066
745853,2024-09-26,2024,622786,1,4.586969364503334,2.9148156321260457
746495,2024-09-26,2024,607536,4,4.586969364503334,4.428911672794716
746738,2024-09-26,2024,623167,7,4.586969364503334,4.999986673323753
745853,2024-09-26,2024,678368,2,4.586969364503334,3.9103114749979895
745853,2024-09-26,2024,656240,3,4.586969364503334,1.8423155943842806
746495,2024-09-26,2024,502043,5,4.586969364503334,4.223813385285351
745853,2024-09-26,2024,701581,5,4.586969364503334,3.837704910274354
746738,2024-09-26,2024,670046,4,4.586969364503334,2.039152073176468
746738,2024-09-26,2024,542881,2,4.586969364503334,3.620772524008234
745691,2024-09-26,2024,543037,5,4.586969364503334,6.403822633925247
745443,2024-09-26,2024,656605,6,4.586969364503334,5.43711714294514
745443,2024-09-26,2024,650644,5,4.586969364503334,4.621347449340481
746415,2024-09-26,2024,681857,3,4.586969364503334,4.248491936755598
745609,2024-09-26,2024,669372,2,4.586969364503334,2.488248600106357
744796,2024-09-26,2024,608379,2,4.586969364503334,4.435616669400855
744796,2024-09-26,2024,571578,3,4.586969364503334,3.902842719804365
746415,2024-09-26,2024,641302,6,4.586969364503334,3.430022829315811
746088,2024-09-26,2024,605397,6,4.586969364503334,5.176147788407008
745609,2024-09-26,2024,677958,2,4.586969364503334,3.5728908873123952
745609,2024-09-26,2024,683004,1,4.586969364503334,2.4155040582229965
745847,2024-09-27,2024,700249,2,4.586969364503334,5.158223260939993
747145,2024-09-27,2024,506433,4,4.586969364503334,4.807379987417438
747145,2024-09-27,2024,518876,8,4.586969364503334,5.54487564575638
746173,2024-09-27,2024,672282,12,4.586969364503334,5.78278540184792
747065,2024-09-27,2024,608331,9,4.586969364503334,5.64029414844672
744879,2024-09-27,2024,670124,3,4.586969364503334,4.711583803106444
746417,2024-09-27,2024,676979,6,4.586969364503334,3.78159999964351
744879,2024-09-27,2024,621244,4,4.586969364503334,3.123937161628924
745930,2024-09-27,2024,593423,6,4.586969364503334,5.742474998236739
745930,2024-09-27,2024,640455,1,4.586969364503334,5.259317506106318
747065,2024-09-27,2024,663903,5,4.586969364503334,5.4658570849316215
746494,2024-09-27,2024,676508,7,4.586969364503334,5.788826944629556
746494,2024-09-27,2024,615698,0,4.586969364503334,3.072963340611431
746417,2024-09-27,2024,676428,1,4.586969364503334,2.0746647567886543
746417,2024-09-27,2024,694363,4,4.586969364503334,1.640704685325284
746173,2024-09-27,2024,594798,5,4.586969364503334,3.834202432806511
745847,2024-09-27,2024,681892,1,4.586969364503334,2.490922898549905
744879,2024-09-27,2024,687922,1,4.586969364503334,2.143129197343415
744797,2024-09-27,2024,592866,5,4.586969364503334,3.8366088083475534
746904,2024-09-27,2024,601713,6,4.586969364503334,6.188973887343568
746904,2024-09-27,2024,671737,7,4.586969364503334,3.888856945029164
745692,2024-09-27,2024,683003,7,4.586969364503334,5.190424260986664
746822,2024-09-27,2024,607259,3,4.586969364503334,4.940015189189769
746580,2024-09-27,2024,676282,7,4.586969364503334,5.289442320939712
746580,2024-09-27,2024,669854,3,4.586969364503334,5.112992212324498
746822,2024-09-27,2024,592791,2,4.586969364503334,5.0314298697558355
745202,2024-09-27,2024,676664,4,4.586969364503334,5.458628541340889
746580,2024-09-27,2024,681293,4,4.586969364503334,2.195243300531609
745280,2024-09-27,2024,694738,4,4.586969364503334,6.410840568312432
745280,2024-09-27,2024,571945,4,4.586969364503334,5.586144607746872
745692,2024-09-27,2024,607074,5,4.586969364503334,5.5811415081815525
745847,2024-09-27,2024,641154,8,4.586969364503334,6.766300199451752
745202,2024-09-27,2024,693433,8,4.586969364503334,4.9093578513657015
744797,2024-09-27,2024,624133,2,4.586969364503334,2.295601422249596
745281,2024-09-28,2024,663941,3,4.586969364503334,3.417387452076391
745281,2024-09-28,2024,669467,4,4.586969364503334,4.370338094186632
745931,2024-09-28,2024,500779,9,4.586969364503334,4.948107432768949
744878,2024-09-28,2024,675540,1,4.586969364503334,3.417929637784539
744878,2024-09-28,2024,684320,5,4.586969364503334,4.8535642714342755
746414,2024-09-28,2024,680732,6,4.586969364503334,4.661193146956726
745685,2024-09-28,2024,681347,2,4.586969364503334,3.995709330248996
745685,2024-09-28,2024,661563,5,4.586969364503334,4.959675216390568
747146,2024-09-28,2024,681190,4,4.586969364503334,5.311046781482584
747146,2024-09-28,2024,593958,3,4.586969364503334,3.065507711478932
744878,2024-09-28,2024,670766,4,4.586969364503334,1.8516591045806639
746819,2024-09-28,2024,543294,2,4.586969364503334,3.4523649839388795
746819,2024-09-28,2024,695076,1,4.586969364503334,4.848569843709915
745931,2024-09-28,2024,668964,5,4.586969364503334,3.886061934140942
745849,2024-09-28,2024,656353,1,4.586969364503334,3.602941631712188
745849,2024-09-28,2024,805673,5,4.586969364503334,4.612070443327504
746578,2024-09-28,2024,434378,5,4.586969364503334,6.288653832468257
744799,2024-09-28,2024,669022,9,4.586969364503334,5.207545537848558
744799,2024-09-28,2024,554430,11,4.586969364503334,6.0182476254647
745203,2024-09-28,2024,676106,3,4.586969364503334,4.559482423737684
745203,2024-09-28,2024,683155,2,4.586969364503334,3.4877923485222135
746578,2024-09-28,2024,594902,4,4.586969364503334,4.322033336214967
746499,2024-09-28,2024,808967,6,4.586969364503334,4.800028950208056
746499,2024-09-28,2024,680736,4,4.586969364503334,3.063760035293831
746499,2024-09-28,2024,622608,3,4.586969364503334,4.2446165599637675
747066,2024-09-28,2024,625643,9,4.586969364503334,5.9365499677844715
746414,2024-09-28,2024,680744,2,4.586969364503334,3.1228215387971625
746171,2024-09-28,2024,656288,4,4.586969364503334,4.612941616969814
746902,2024-09-28,2024,676710,6,4.586969364503334,4.421431920898062
746902,2024-09-28,2024,669358,7,4.586969364503334,5.826411656208032
746414,2024-09-28,2024,647336,5,4.586969364503334,3.218485472021931
746171,2024-09-28,2024,571760,3,4.586969364503334,5.9248517101288884
746174,2024-09-29,2024,543135,5,4.586969364503334,5.494647728528544
744798,2024-09-29,2024,663623,3,4.586969364503334,3.085487751391325
744798,2024-09-29,2024,605400,7,4.586969364503334,6.135294893239405
746174,2024-09-29,2024,686799,1,4.586969364503334,3.608993833704454
746496,2024-09-29,2024,663372,3,4.586969364503334,4.354753472804426
744880,2024-09-29,2024,677960,6,4.586969364503334,5.6174841453478805
746901,2024-09-29,2024,682990,2,4.586969364503334,4.94478859722595
746901,2024-09-29,2024,686752,5,4.586969364503334,3.697047416491488
745201,2024-09-29,2024,687765,5,4.586969364503334,4.141669610349729
745201,2024-09-29,2024,669302,7,4.586969364503334,4.749174039467433
744880,2024-09-29,2024,642232,3,4.586969364503334,2.4675393303585595
746820,2024-09-29,2024,668881,3,4.586969364503334,3.8353154807410252
745686,2024-09-29,2024,663559,0,4.586969364503334,2.454195712864342
745846,2024-09-29,2024,544150,4,4.586969364503334,4.400614662486493
745846,2024-09-29,2024,641927,4,4.586969364503334,4.367583446281076
747061,2024-09-29,2024,450203,3,4.586969364503334,5.107638850606844
745282,2024-09-29,2024,700241,6,4.586969364503334,4.845332724104048
746496,2024-09-29,2024,689017,4,4.586969364503334,3.2613456287538605
745686,2024-09-29,2024,657376,5,4.586969364503334,4.950361923163488
746820,2024-09-29,2024,668873,4,4.586969364503334,5.905062048961621
745932,2024-09-29,2024,607067,5,4.586969364503334,6.13961957423838
745932,2024-09-29,2024,656849,8,4.586969364503334,5.230773238001796
747147,2024-09-29,2024,694297,9,4.586969364503334,4.983430152854288
746416,2024-09-29,2024,686563,3,4.586969364503334,4.094534210447183
746416,2024-09-29,2024,672456,2,4.586969364503334,3.2327180273065457
746416,2024-09-29,2024,628317,5,4.586969364503334,5.953431157355254
747147,2024-09-29,2024,663362,3,4.586969364503334,5.138074769397248
747147,2024-09-29,2024,527048,3,4.586969364503334,2.502606570544976
747061,2024-09-29,2024,679525,2,4.586969364503334,5.104244148640965
745282,2024-09-29,2024,806185,11,4.586969364503334,6.2685253296725785
747139,2024-09-30,2024,621242,2,4.586969364503334,2.499616733379794
747139,2024-09-30,2024,680885,5,4.586969364503334,6.338693566495826
747064,2024-09-30,2024,656550,7,4.586969364503334,3.652456092313722
747064,2024-09-30,2024,664192,5,4.586969364503334,5.902871771490974
747139,2024-09-30,2024,656731,8,4.586969364503334,6.35393285262902
775345,2024-10-01,2024,669373,6,4.586969364503334,5.976593060978181
775333,2024-10-01,2024,650633,12,4.586969364503334,5.231112275548039
775340,2024-10-01,2024,622663,3,4.586969364503334,7.0122276198905
775340,2024-10-01,2024,642547,5,4.586969364503334,4.446996449024057
775343,2024-10-01,2024,666142,8,4.586969364503334,5.82671412154535
775343,2024-10-01,2024,669203,3,4.586969364503334,4.846058281013517
775345,2024-10-01,2024,664285,3,4.586969364503334,4.211301146423099
775345,2024-10-01,2024,669854,4,4.586969364503334,3.2214662883291423
