game_pk,game_date,game_year,pitcher,strikeouts,pred_bnn_mean,pred_bnn_std,prob_over_3.5,prob_under_3.5,prob_over_4.5,prob_under_4.5,prob_over_5.5,prob_under_5.5,prob_over_6.5,prob_under_6.5
745675,2024-04-01,2024,666205,6,3.8221602,0.2830347,0.91,0.08999999999999997,0.01,0.99,0.0,1.0,0.0,1.0
745109,2024-04-01,2024,606965,0,2.4859557,0.42183697,0.02,0.98,0.0,1.0,0.0,1.0,0.0,1.0
745109,2024-04-01,2024,641540,7,4.4402514,0.3534815,1.0,0.0,0.45,0.55,0.0,1.0,0.0,1.0
745109,2024-04-01,2024,686752,3,5.748199,0.44256425,1.0,0.0,1.0,0.0,0.71,0.29000000000000004,0.05,0.95
744875,2024-04-01,2024,669022,6,5.945408,0.60440934,1.0,0.0,1.0,0.0,0.81,0.18999999999999995,0.13,0.87
745600,2024-04-01,2024,650911,8,5.818772,0.5956344,1.0,0.0,1.0,0.0,0.71,0.29000000000000004,0.14,0.86
745600,2024-04-01,2024,671096,4,5.633112,0.44334054,1.0,0.0,1.0,0.0,0.67,0.32999999999999996,0.04,0.96
747218,2024-04-01,2024,669194,2,4.6077614,0.42634794,1.0,0.0,0.6,0.4,0.02,0.98,0.0,1.0
747218,2024-04-01,2024,661563,6,5.483618,0.4349832,1.0,0.0,0.99,0.010000000000000009,0.47,0.53,0.0,1.0
747218,2024-04-01,2024,596133,0,2.3168557,0.25873524,0.0,1.0,0.0,1.0,0.0,1.0,0.0,1.0
746409,2024-04-01,2024,669854,7,5.5995064,0.48005608,1.0,0.0,0.98,0.020000000000000018,0.59,0.41000000000000003,0.03,0.97
746409,2024-04-01,2024,670102,7,5.6245403,0.5406042,1.0,0.0,0.99,0.010000000000000009,0.59,0.41000000000000003,0.05,0.95
746085,2024-04-01,2024,681217,5,4.7902637,0.41631457,1.0,0.0,0.78,0.21999999999999997,0.01,0.99,0.0,1.0
746085,2024-04-01,2024,676974,4,4.4021473,0.39111727,0.99,0.010000000000000009,0.44,0.56,0.0,1.0,0.0,1.0
747058,2024-04-01,2024,665152,5,4.3837233,0.3933057,0.99,0.010000000000000009,0.37,0.63,0.0,1.0,0.0,1.0
746170,2024-04-01,2024,676775,6,6.0529976,0.72196996,1.0,0.0,0.98,0.020000000000000018,0.77,0.22999999999999998,0.32,0.6799999999999999
746170,2024-04-01,2024,572020,5,5.2677574,0.4312704,1.0,0.0,1.0,0.0,0.3,0.7,0.01,0.99
745675,2024-04-01,2024,671212,4,7.1139874,0.5250759,1.0,0.0,1.0,0.0,1.0,0.0,0.89,0.10999999999999999
745675,2024-04-01,2024,502624,3,2.4416795,0.31746587,0.0,1.0,0.0,1.0,0.0,1.0,0.0,1.0
745675,2024-04-01,2024,656557,10,5.6080456,0.56300914,1.0,0.0,1.0,0.0,0.51,0.49,0.1,0.9
747058,2024-04-01,2024,608379,5,3.2958174,0.28349513,0.18,0.8200000000000001,0.0,1.0,0.0,1.0,0.0,1.0
746817,2024-04-01,2024,450203,6,4.970045,0.43267828,1.0,0.0,0.84,0.16000000000000003,0.11,0.89,0.0,1.0
746899,2024-04-01,2024,641712,2,3.2932892,0.26787326,0.22,0.78,0.0,1.0,0.0,1.0,0.0,1.0
745437,2024-04-01,2024,663362,7,5.992117,1.5792193,0.98,0.020000000000000018,0.86,0.14,0.55,0.44999999999999996,0.29,0.71
745277,2024-04-01,2024,663474,2,4.387843,0.40717015,0.99,0.010000000000000009,0.46,0.54,0.0,1.0,0.0,1.0
745277,2024-04-01,2024,676106,1,4.1128697,0.34961304,0.98,0.020000000000000018,0.15,0.85,0.0,1.0,0.0,1.0
744875,2024-04-01,2024,594835,2,3.399366,0.30113152,0.39,0.61,0.0,1.0,0.0,1.0,0.0,1.0
744875,2024-04-01,2024,663432,1,2.0095737,0.19844335,0.0,1.0,0.0,1.0,0.0,1.0,0.0,1.0
745842,2024-04-01,2024,640455,8,5.027518,0.40870327,1.0,0.0,0.9,0.09999999999999998,0.11,0.89,0.0,1.0
746899,2024-04-01,2024,663567,2,2.5054116,0.2836149,0.0,1.0,0.0,1.0,0.0,1.0,0.0,1.0
746899,2024-04-01,2024,684007,9,6.823236,0.6974548,1.0,0.0,1.0,0.0,0.98,0.020000000000000018,0.67,0.32999999999999996
745842,2024-04-01,2024,681857,3,5.596183,0.5159255,1.0,0.0,0.98,0.020000000000000018,0.57,0.43000000000000005,0.03,0.97
745437,2024-04-01,2024,502043,4,5.22106,0.41492718,1.0,0.0,0.95,0.050000000000000044,0.25,0.75,0.0,1.0
746817,2024-04-01,2024,623167,1,3.7907968,0.35610554,0.81,0.18999999999999995,0.02,0.98,0.0,1.0,0.0,1.0
746814,2024-04-02,2024,625643,5,4.587138,0.33479708,1.0,0.0,0.64,0.36,0.02,0.98,0.0,1.0
745680,2024-04-02,2024,622072,7,5.0067296,0.47770923,1.0,0.0,0.86,0.14,0.13,0.87,0.0,1.0
746898,2024-04-02,2024,607536,2,2.3324072,0.4082789,0.01,0.99,0.0,1.0,0.0,1.0,0.0,1.0
746169,2024-04-02,2024,694738,4,3.0197787,0.56358975,0.19,0.81,0.0,1.0,0.0,1.0,0.0,1.0
746898,2024-04-02,2024,665871,5,4.675928,0.36624455,1.0,0.0,0.68,0.31999999999999995,0.02,0.98,0.0,1.0
746086,2024-04-02,2024,666200,5,6.70448,0.5627389,1.0,0.0,1.0,0.0,1.0,0.0,0.66,0.33999999999999997
746898,2024-04-02,2024,683627,1,2.4756165,0.24532005,0.0,1.0,0.0,1.0,0.0,1.0,0.0,1.0
746086,2024-04-02,2024,663773,1,2.4658284,0.3561695,0.0,1.0,0.0,1.0,0.0,1.0,0.0,1.0
746169,2024-04-02,2024,657277,5,4.8753867,0.43695813,1.0,0.0,0.82,0.18000000000000005,0.08,0.92,0.0,1.0
746411,2024-04-02,2024,621244,2,3.943936,0.40163383,0.83,0.17000000000000004,0.09,0.91,0.0,1.0,0.0,1.0
746411,2024-04-02,2024,664285,5,5.9583344,0.5216451,1.0,0.0,1.0,0.0,0.78,0.21999999999999997,0.15,0.85
746169,2024-04-02,2024,642232,1,3.655399,0.33440006,0.73,0.27,0.0,1.0,0.0,1.0,0.0,1.0
745680,2024-04-02,2024,678394,6,4.8230968,0.44630525,1.0,0.0,0.73,0.27,0.07,0.9299999999999999,0.0,1.0
746814,2024-04-02,2024,676979,8,6.8881917,0.5333611,1.0,0.0,1.0,0.0,1.0,0.0,0.76,0.24
746086,2024-04-02,2024,542881,5,4.205082,0.4183864,0.98,0.020000000000000018,0.25,0.75,0.01,0.99,0.0,1.0
747057,2024-04-02,2024,608344,3,4.102888,0.29896995,0.97,0.030000000000000027,0.11,0.89,0.0,1.0,0.0,1.0
746009,2024-04-02,2024,686973,4,5.132486,0.3703735,1.0,0.0,0.94,0.06000000000000005,0.16,0.84,0.0,1.0
746009,2024-04-02,2024,660896,2,3.1046808,0.3637455,0.11,0.89,0.0,1.0,0.0,1.0,0.0,1.0
747220,2024-04-02,2024,668678,6,5.494708,0.37353984,1.0,0.0,1.0,0.0,0.49,0.51,0.01,0.99
745598,2024-04-02,2024,668933,5,4.135317,0.54686433,0.88,0.12,0.22,0.78,0.02,0.98,0.0,1.0
745598,2024-04-02,2024,620982,4,3.635852,0.3662323,0.63,0.37,0.01,0.99,0.0,1.0,0.0,1.0
745598,2024-04-02,2024,605513,7,4.656364,0.49257192,1.0,0.0,0.58,0.42000000000000004,0.06,0.94,0.0,1.0
747220,2024-04-02,2024,664776,4,3.6272626,0.41643956,0.62,0.38,0.03,0.97,0.0,1.0,0.0,1.0
747220,2024-04-02,2024,641482,2,4.4612007,0.363684,1.0,0.0,0.45,0.55,0.0,1.0,0.0,1.0
747057,2024-04-02,2024,679525,5,4.550005,0.36247835,1.0,0.0,0.62,0.38,0.01,0.99,0.0,1.0
745273,2024-04-02,2024,622491,7,6.0025215,0.496988,1.0,0.0,1.0,0.0,0.82,0.18000000000000005,0.12,0.88
745111,2024-04-02,2024,621107,5,5.178299,0.42574763,1.0,0.0,0.95,0.050000000000000044,0.24,0.76,0.0,1.0
745111,2024-04-02,2024,571760,7,5.7737913,0.42282388,1.0,0.0,0.99,0.010000000000000009,0.76,0.24,0.04,0.96
745273,2024-04-02,2024,669456,9,3.6656306,0.350793,0.72,0.28,0.01,0.99,0.0,1.0,0.0,1.0
746009,2024-04-02,2024,596001,4,2.333614,0.275124,0.0,1.0,0.0,1.0,0.0,1.0,0.0,1.0
745439,2024-04-02,2024,571945,4,4.057285,0.2529275,0.97,0.030000000000000027,0.04,0.96,0.0,1.0,0.0,1.0
745439,2024-04-02,2024,506433,6,6.5746365,0.60398996,1.0,0.0,1.0,0.0,0.97,0.030000000000000027,0.55,0.44999999999999996
745603,2024-04-03,2024,593423,5,6.0738525,0.5151727,1.0,0.0,1.0,0.0,0.84,0.16000000000000003,0.2,0.8
745603,2024-04-03,2024,554430,10,5.4716363,0.3953695,1.0,0.0,0.98,0.020000000000000018,0.51,0.49,0.0,1.0
746163,2024-04-03,2024,607192,7,8.530495,0.60975903,1.0,0.0,1.0,0.0,1.0,0.0,1.0,0.0
745275,2024-04-03,2024,671106,6,5.4873414,0.45930913,1.0,0.0,0.99,0.010000000000000009,0.49,0.51,0.02,0.98
745275,2024-04-03,2024,669923,2,4.9152226,0.40296733,1.0,0.0,0.82,0.18000000000000005,0.06,0.94,0.0,1.0
745114,2024-04-03,2024,650644,8,5.0347266,0.4110448,1.0,0.0,0.88,0.12,0.12,0.88,0.0,1.0
747059,2024-04-03,2024,666142,7,5.996176,0.42187232,1.0,0.0,1.0,0.0,0.86,0.14,0.11,0.89
747059,2024-04-03,2024,669203,3,8.845816,0.6819324,1.0,0.0,1.0,0.0,1.0,0.0,1.0,0.0
746900,2024-04-03,2024,676962,5,3.1839478,0.33257073,0.19,0.81,0.0,1.0,0.0,1.0,0.0,1.0
745440,2024-04-03,2024,605397,7,4.721835,0.41095534,1.0,0.0,0.68,0.31999999999999995,0.02,0.98,0.0,1.0
745440,2024-04-03,2024,668868,5,5.323264,0.688205,0.99,0.010000000000000009,0.87,0.13,0.38,0.62,0.02,0.98
745114,2024-04-03,2024,543135,8,7.410732,0.7610499,1.0,0.0,1.0,0.0,0.99,0.010000000000000009,0.89,0.10999999999999999
746900,2024-04-03,2024,615698,3,4.001299,0.35094708,0.94,0.06000000000000005,0.1,0.9,0.0,1.0,0.0,1.0
746163,2024-04-03,2024,690986,4,5.4461975,0.45469347,1.0,0.0,0.99,0.010000000000000009,0.47,0.53,0.01,0.99
746407,2024-04-03,2024,605135,3,4.1929636,0.33185667,0.99,0.010000000000000009,0.19,0.81,0.0,1.0,0.0,1.0
746008,2024-04-03,2024,605452,3,3.737165,0.3341894,0.76,0.24,0.01,0.99,0.0,1.0,0.0,1.0
746407,2024-04-03,2024,664299,3,5.07104,0.4644537,0.99,0.010000000000000009,0.9,0.09999999999999998,0.19,0.81,0.0,1.0
744869,2024-04-03,2024,592866,5,3.30787,0.3055777,0.27,0.73,0.0,1.0,0.0,1.0,0.0,1.0
746008,2024-04-03,2024,663978,2,4.4824686,0.40884,0.99,0.010000000000000009,0.43,0.5700000000000001,0.03,0.97,0.0,1.0
746083,2024-04-03,2024,592288,2,2.416225,0.3647495,0.0,1.0,0.0,1.0,0.0,1.0,0.0,1.0
746083,2024-04-03,2024,640462,5,5.822422,0.4425427,1.0,0.0,1.0,0.0,0.78,0.21999999999999997,0.07,0.9299999999999999
746083,2024-04-03,2024,663776,7,5.9782667,0.40615296,1.0,0.0,1.0,0.0,0.9,0.09999999999999998,0.1,0.9
747219,2024-04-03,2024,518876,4,6.1921782,0.46165812,1.0,0.0,1.0,0.0,0.94,0.06000000000000005,0.23,0.77
747219,2024-04-03,2024,607074,3,6.397732,0.51637894,1.0,0.0,1.0,0.0,0.96,0.040000000000000036,0.43,0.5700000000000001
745678,2024-04-03,2024,548389,3,4.0206547,0.3142435,0.95,0.050000000000000044,0.06,0.94,0.0,1.0,0.0,1.0
745678,2024-04-03,2024,601713,3,5.334828,0.46079385,1.0,0.0,0.97,0.030000000000000027,0.32,0.6799999999999999,0.0,1.0
744869,2024-04-03,2024,656605,5,4.7430425,0.41679892,1.0,0.0,0.68,0.31999999999999995,0.03,0.97,0.0,1.0
744870,2024-04-04,2024,680686,3,4.9270306,0.44177848,1.0,0.0,0.82,0.18000000000000005,0.11,0.89,0.0,1.0
745200,2024-04-04,2024,458681,7,5.1808796,0.4816293,1.0,0.0,0.9,0.09999999999999998,0.25,0.75,0.0,1.0
744870,2024-04-04,2024,527048,6,4.059792,0.3712726,0.9,0.09999999999999998,0.11,0.89,0.0,1.0,0.0,1.0
745200,2024-04-04,2024,677960,6,4.7334104,0.51618415,1.0,0.0,0.66,0.33999999999999997,0.07,0.9299999999999999,0.0,1.0
746327,2024-04-04,2024,607625,3,5.074867,0.44807014,1.0,0.0,0.88,0.12,0.14,0.86,0.0,1.0
746327,2024-04-04,2024,647336,2,5.599687,0.3659846,1.0,0.0,1.0,0.0,0.6,0.4,0.02,0.98
745843,2024-04-04,2024,657585,4,2.4636464,0.2796483,0.0,1.0,0.0,1.0,0.0,1.0,0.0,1.0
745843,2024-04-04,2024,666159,3,4.921179,0.50182235,0.99,0.010000000000000009,0.86,0.14,0.1,0.9,0.0,1.0
745928,2024-04-04,2024,676440,9,4.818117,0.39015922,1.0,0.0,0.79,0.20999999999999996,0.04,0.96,0.0,1.0
745928,2024-04-04,2024,641154,2,6.61965,0.49306834,1.0,0.0,1.0,0.0,1.0,0.0,0.59,0.41000000000000003
745843,2024-04-04,2024,676130,6,3.4584074,0.31589457,0.44,0.56,0.0,1.0,0.0,1.0,0.0,1.0
745844,2024-04-04,2024,605288,3,2.7279568,0.27829304,0.0,1.0,0.0,1.0,0.0,1.0,0.0,1.0
745844,2024-04-04,2024,663554,4,5.603773,0.50090027,1.0,0.0,0.99,0.010000000000000009,0.51,0.49,0.05,0.95
746897,2024-04-05,2024,675627,1,2.7700393,0.3480442,0.02,0.98,0.0,1.0,0.0,1.0,0.0,1.0
746897,2024-04-05,2024,543294,4,3.5235019,0.32981083,0.52,0.48,0.01,0.99,0.0,1.0,0.0,1.0
746897,2024-04-05,2024,592767,5,2.7515376,0.51964617,0.09,0.91,0.0,1.0,0.0,1.0,0.0,1.0
746576,2024-04-05,2024,596295,7,4.168966,0.30945006,0.99,0.010000000000000009,0.17,0.83,0.0,1.0,0.0,1.0
744874,2024-04-05,2024,605400,4,5.689668,0.5246248,1.0,0.0,0.97,0.030000000000000027,0.67,0.32999999999999996,0.06,0.94
746576,2024-04-05,2024,621097,3,1.8079405,0.23054154,0.0,1.0,0.0,1.0,0.0,1.0,0.0,1.0
746576,2024-04-05,2024,641793,5,4.1174355,0.5051467,0.88,0.12,0.2,0.8,0.0,1.0,0.0,1.0
746328,2024-04-05,2024,607200,4,5.070913,0.36853218,1.0,0.0,0.93,0.06999999999999995,0.16,0.84,0.0,1.0
746328,2024-04-05,2024,663903,4,3.8551142,0.32319412,0.87,0.13,0.02,0.98,0.0,1.0,0.0,1.0
745361,2024-04-05,2024,656302,7,7.670946,0.5604515,1.0,0.0,1.0,0.0,1.0,0.0,0.97,0.030000000000000027
745361,2024-04-05,2024,663855,5,4.7631745,0.43134984,0.99,0.010000000000000009,0.76,0.24,0.05,0.95,0.0,1.0
744874,2024-04-05,2024,571578,6,4.6549983,0.38883534,1.0,0.0,0.63,0.37,0.02,0.98,0.0,1.0
746897,2024-04-05,2024,676272,3,3.2327194,0.33849746,0.19,0.81,0.0,1.0,0.0,1.0,0.0,1.0
746249,2024-04-05,2024,656288,4,4.0466695,0.32643268,0.96,0.040000000000000036,0.1,0.9,0.0,1.0,0.0,1.0
745033,2024-04-05,2024,674003,4,5.5803967,0.5066934,1.0,0.0,0.98,0.020000000000000018,0.56,0.43999999999999995,0.05,0.95
745764,2024-04-05,2024,579328,7,7.1526313,0.5393453,1.0,0.0,1.0,0.0,0.99,0.010000000000000009,0.91,0.08999999999999997
745764,2024-04-05,2024,573186,6,5.135843,0.43133128,1.0,0.0,0.95,0.050000000000000044,0.21,0.79,0.0,1.0
746733,2024-04-05,2024,668881,6,8.346496,0.5368772,1.0,0.0,1.0,0.0,1.0,0.0,1.0,0.0
746733,2024-04-05,2024,500779,4,4.4093266,0.32506153,1.0,0.0,0.37,0.63,0.0,1.0,0.0,1.0
747143,2024-04-05,2024,674072,5,5.8531814,0.45879555,1.0,0.0,1.0,0.0,0.78,0.21999999999999997,0.1,0.9
747143,2024-04-05,2024,675911,4,5.903564,0.4722705,1.0,0.0,1.0,0.0,0.79,0.20999999999999996,0.1,0.9
745033,2024-04-05,2024,656232,1,2.6900034,0.45927235,0.04,0.96,0.0,1.0,0.0,1.0,0.0,1.0
745033,2024-04-05,2024,686613,3,4.6340528,0.36420313,1.0,0.0,0.65,0.35,0.01,0.99,0.0,1.0
745524,2024-04-05,2024,680570,7,5.756601,0.392124,1.0,0.0,1.0,0.0,0.71,0.29000000000000004,0.02,0.98
746007,2024-04-05,2024,642547,7,4.9155617,0.36835238,1.0,0.0,0.85,0.15000000000000002,0.06,0.94,0.0,1.0
746497,2024-04-05,2024,676664,1,5.604004,0.53772885,1.0,0.0,0.97,0.030000000000000027,0.56,0.43999999999999995,0.01,0.99
746497,2024-04-05,2024,669373,9,5.78958,0.52691495,1.0,0.0,1.0,0.0,0.67,0.32999999999999996,0.09,0.91
745524,2024-04-05,2024,683003,7,6.0050383,0.48664328,1.0,0.0,1.0,0.0,0.85,0.15000000000000002,0.17,0.83
746249,2024-04-05,2024,667755,1,2.055449,0.27726367,0.0,1.0,0.0,1.0,0.0,1.0,0.0,1.0
746249,2024-04-05,2024,676710,5,6.01086,0.5029417,1.0,0.0,1.0,0.0,0.84,0.16000000000000003,0.16,0.84
746007,2024-04-05,2024,669302,7,5.0751705,0.5190381,1.0,0.0,0.85,0.15000000000000002,0.22,0.78,0.01,0.99
744873,2024-04-06,2024,624133,4,3.9002914,0.31781211,0.89,0.10999999999999999,0.05,0.95,0.0,1.0,0.0,1.0
745766,2024-04-06,2024,657376,4,5.38942,0.5996204,1.0,0.0,0.93,0.06999999999999995,0.42,0.5800000000000001,0.05,0.95
745766,2024-04-06,2024,669952,2,3.2870898,0.2725713,0.18,0.8200000000000001,0.0,1.0,0.0,1.0,0.0,1.0
744873,2024-04-06,2024,663623,5,5.6522436,0.45842206,1.0,0.0,1.0,0.0,0.65,0.35,0.04,0.96
746498,2024-04-06,2024,628317,3,4.8191423,0.46365142,1.0,0.0,0.76,0.24,0.05,0.95,0.0,1.0
746329,2024-04-06,2024,608379,8,5.477445,0.3882134,1.0,0.0,0.99,0.010000000000000009,0.42,0.5800000000000001,0.01,0.99
745197,2024-04-06,2024,571927,3,5.159616,0.5801499,1.0,0.0,0.86,0.14,0.27,0.73,0.02,0.98
745197,2024-04-06,2024,669432,3,3.7416887,0.33571067,0.75,0.25,0.01,0.99,0.0,1.0,0.0,1.0
747140,2024-04-06,2024,608331,5,5.8375664,0.45795262,1.0,0.0,1.0,0.0,0.77,0.22999999999999998,0.11,0.89
747140,2024-04-06,2024,669276,0,2.8733091,0.39658397,0.05,0.95,0.0,1.0,0.0,1.0,0.0,1.0
747140,2024-04-06,2024,694297,7,5.004158,0.40778178,1.0,0.0,0.9,0.09999999999999998,0.11,0.89,0.0,1.0
746006,2024-04-06,2024,682243,7,5.6337876,0.7223855,1.0,0.0,0.95,0.050000000000000044,0.57,0.43000000000000005,0.14,0.86
746006,2024-04-06,2024,669084,5,4.297267,0.32995299,1.0,0.0,0.25,0.75,0.0,1.0,0.0,1.0
746498,2024-04-06,2024,666214,3,2.6687107,0.36967552,0.01,0.99,0.0,1.0,0.0,1.0,0.0,1.0
746248,2024-04-06,2024,672282,12,5.7784166,0.41128248,1.0,0.0,1.0,0.0,0.73,0.27,0.03,0.97
745926,2024-04-06,2024,657746,7,7.7824388,0.5992487,1.0,0.0,1.0,0.0,1.0,0.0,0.99,0.010000000000000009
745926,2024-04-06,2024,471911,6,2.8671827,0.49311274,0.13,0.87,0.0,1.0,0.0,1.0,0.0,1.0
745766,2024-04-06,2024,596133,1,2.6038265,0.32065362,0.0,1.0,0.0,1.0,0.0,1.0,0.0,1.0
746896,2024-04-06,2024,808967,8,6.8809614,0.5671376,1.0,0.0,1.0,0.0,1.0,0.0,0.73,0.27
746896,2024-04-06,2024,696136,7,5.85946,0.50781816,1.0,0.0,0.99,0.010000000000000009,0.79,0.20999999999999996,0.11,0.89
745359,2024-04-06,2024,650633,4,5.375798,0.38305062,1.0,0.0,0.99,0.010000000000000009,0.39,0.61,0.0,1.0
745359,2024-04-06,2024,676775,1,5.3958454,0.46336204,1.0,0.0,1.0,0.0,0.39,0.61,0.02,0.98
746248,2024-04-06,2024,676477,4,5.516434,0.5009457,1.0,0.0,0.97,0.030000000000000027,0.53,0.47,0.03,0.97
745766,2024-04-06,2024,592332,0,4.2493787,0.4729434,0.94,0.06000000000000005,0.31,0.69,0.0,1.0,0.0,1.0
746329,2024-04-06,2024,623167,4,3.0350955,0.28841507,0.03,0.97,0.0,1.0,0.0,1.0,0.0,1.0
746575,2024-04-06,2024,663372,10,5.601418,0.40650526,1.0,0.0,0.99,0.010000000000000009,0.64,0.36,0.01,0.99
746731,2024-04-06,2024,607259,6,4.692016,0.3594165,1.0,0.0,0.7,0.30000000000000004,0.04,0.96,0.0,1.0
745031,2024-04-06,2024,641585,4,4.398894,0.36462474,1.0,0.0,0.38,0.62,0.0,1.0,0.0,1.0
745031,2024-04-06,2024,592351,3,4.8852425,0.3588912,1.0,0.0,0.88,0.12,0.05,0.95,0.0,1.0
746731,2024-04-06,2024,622663,7,6.3863916,0.49910554,1.0,0.0,1.0,0.0,0.99,0.010000000000000009,0.43,0.5700000000000001
745522,2024-04-06,2024,663559,1,3.6605177,0.44676206,0.63,0.37,0.04,0.96,0.0,1.0,0.0,1.0
746498,2024-04-06,2024,621112,4,4.4460707,0.33427277,1.0,0.0,0.45,0.55,0.0,1.0,0.0,1.0
746731,2024-04-06,2024,670990,3,2.6073632,0.31926873,0.0,1.0,0.0,1.0,0.0,1.0,0.0,1.0
745522,2024-04-06,2024,669330,3,4.58399,0.34231403,1.0,0.0,0.57,0.43000000000000005,0.0,1.0,0.0,1.0
746575,2024-04-06,2024,641302,4,4.156557,0.3705135,0.98,0.020000000000000018,0.15,0.85,0.0,1.0,0.0,1.0
746575,2024-04-06,2024,606965,2,3.2946906,0.37175456,0.26,0.74,0.0,1.0,0.0,1.0,0.0,1.0
746574,2024-04-07,2024,641712,4,4.5943136,0.34332785,1.0,0.0,0.67,0.32999999999999996,0.0,1.0,0.0,1.0
745523,2024-04-07,2024,594835,4,3.2322686,0.26738417,0.15,0.85,0.0,1.0,0.0,1.0,0.0,1.0
746493,2024-04-07,2024,671212,6,4.4304857,0.38210052,0.99,0.010000000000000009,0.45,0.55,0.0,1.0,0.0,1.0
746003,2024-04-07,2024,676106,6,5.319307,0.4473197,1.0,0.0,0.97,0.030000000000000027,0.36,0.64,0.01,0.99
746003,2024-04-07,2024,642048,4,1.8020123,0.34299013,0.0,1.0,0.0,1.0,0.0,1.0,0.0,1.0
746003,2024-04-07,2024,607067,3,3.9993162,0.3123048,0.95,0.050000000000000044,0.04,0.96,0.0,1.0,0.0,1.0
746895,2024-04-07,2024,694813,5,3.3972242,0.28228787,0.4,0.6,0.0,1.0,0.0,1.0,0.0,1.0
746574,2024-04-07,2024,686752,11,6.5812707,0.48422617,1.0,0.0,1.0,0.0,0.99,0.010000000000000009,0.57,0.43000000000000005
746003,2024-04-07,2024,600986,5,3.7343175,0.4252301,0.69,0.31000000000000005,0.04,0.96,0.0,1.0,0.0,1.0
746895,2024-04-07,2024,694037,2,2.5443249,0.29095197,0.0,1.0,0.0,1.0,0.0,1.0,0.0,1.0
745362,2024-04-07,2024,657277,3,4.2207794,0.6033396,0.93,0.06999999999999995,0.35,0.65,0.02,0.98,0.0,1.0
746493,2024-04-07,2024,656427,5,5.59702,0.4926445,1.0,0.0,0.99,0.010000000000000009,0.56,0.43999999999999995,0.02,0.98
746895,2024-04-07,2024,684007,3,4.266985,0.5933231,0.92,0.07999999999999996,0.31,0.69,0.02,0.98,0.0,1.0
746251,2024-04-07,2024,656557,7,6.4712214,0.6080607,1.0,0.0,0.99,0.010000000000000009,0.94,0.06000000000000005,0.55,0.44999999999999996
746251,2024-04-07,2024,660761,3,3.066099,0.35215798,0.1,0.9,0.0,1.0,0.0,1.0,0.0,1.0
746251,2024-04-07,2024,681217,7,7.2545204,0.70628095,1.0,0.0,1.0,0.0,1.0,0.0,0.89,0.10999999999999999
746895,2024-04-07,2024,642232,3,3.0623822,0.34513295,0.13,0.87,0.0,1.0,0.0,1.0,0.0,1.0
745362,2024-04-07,2024,663362,5,3.7589948,0.9143231,0.6,0.4,0.19,0.81,0.04,0.96,0.0,1.0
746251,2024-04-07,2024,502624,1,3.4543939,0.3158555,0.47,0.53,0.0,1.0,0.0,1.0,0.0,1.0
745523,2024-04-07,2024,665152,6,5.823719,0.6037029,1.0,0.0,1.0,0.0,0.72,0.28,0.11,0.89
744871,2024-04-07,2024,669022,6,6.065811,0.5040671,1.0,0.0,1.0,0.0,0.88,0.12,0.16,0.84
744871,2024-04-07,2024,650911,1,5.24925,0.47472572,1.0,0.0,0.94,0.06000000000000005,0.29,0.71,0.01,0.99
745198,2024-04-07,2024,676974,3,5.7133617,0.4489781,1.0,0.0,1.0,0.0,0.66,0.33999999999999997,0.05,0.95
746330,2024-04-07,2024,679525,3,3.8935082,0.28763312,0.92,0.07999999999999996,0.01,0.99,0.0,1.0,0.0,1.0
746330,2024-04-07,2024,676979,5,5.043439,0.43644994,1.0,0.0,0.89,0.10999999999999999,0.17,0.83,0.0,1.0
747141,2024-04-07,2024,519242,6,6.445951,0.56497574,1.0,0.0,1.0,0.0,0.96,0.040000000000000036,0.44,0.56
745198,2024-04-07,2024,502043,5,3.722788,0.3192166,0.79,0.20999999999999996,0.0,1.0,0.0,1.0,0.0,1.0
745198,2024-04-07,2024,681676,1,2.224174,0.27001792,0.0,1.0,0.0,1.0,0.0,1.0,0.0,1.0
746734,2024-04-07,2024,640455,6,4.9790483,0.39199713,1.0,0.0,0.86,0.14,0.09,0.91,0.0,1.0
746734,2024-04-07,2024,671096,4,5.6375804,0.43010244,1.0,0.0,1.0,0.0,0.61,0.39,0.02,0.98
745765,2024-04-07,2024,670102,5,5.0278063,0.51297206,1.0,0.0,0.86,0.14,0.15,0.85,0.01,0.99
745032,2024-04-07,2024,641540,7,5.3675747,0.40295246,1.0,0.0,0.97,0.030000000000000027,0.41,0.5900000000000001,0.0,1.0
745032,2024-04-07,2024,669854,4,3.9348686,0.36998928,0.87,0.13,0.07,0.9299999999999999,0.0,1.0,0.0,1.0
745765,2024-04-07,2024,661563,8,5.5142694,0.45701426,1.0,0.0,1.0,0.0,0.49,0.51,0.01,0.99
747141,2024-04-07,2024,669194,7,6.541339,0.5049887,1.0,0.0,1.0,0.0,0.99,0.010000000000000009,0.49,0.51
745194,2024-04-08,2024,605513,6,4.7917085,0.39404753,1.0,0.0,0.77,0.22999999999999998,0.04,0.96,0.0,1.0
745925,2024-04-08,2024,641927,7,3.4963784,0.2283776,0.45,0.55,0.0,1.0,0.0,1.0,0.0,1.0
745925,2024-04-08,2024,572020,4,4.7047076,0.48719695,1.0,0.0,0.62,0.38,0.06,0.94,0.0,1.0
746252,2024-04-08,2024,621107,5,5.0927763,0.47744194,1.0,0.0,0.88,0.12,0.15,0.85,0.0,1.0
746735,2024-04-08,2024,668933,6,6.0396743,0.5713514,1.0,0.0,0.99,0.010000000000000009,0.82,0.18000000000000005,0.22,0.78
746252,2024-04-08,2024,542881,3,4.1711645,0.40182218,0.96,0.040000000000000036,0.19,0.81,0.0,1.0,0.0,1.0
745034,2024-04-08,2024,668874,0,1.8989041,0.32190925,0.0,1.0,0.0,1.0,0.0,1.0,0.0,1.0
746569,2024-04-08,2024,668678,10,7.4968343,0.6613027,1.0,0.0,1.0,0.0,1.0,0.0,0.92,0.07999999999999996
744956,2024-04-08,2024,622491,6,6.660162,0.5059383,1.0,0.0,1.0,0.0,0.97,0.030000000000000027,0.64,0.36
744956,2024-04-08,2024,621244,6,6.8735247,0.6497183,1.0,0.0,1.0,0.0,0.97,0.030000000000000027,0.73,0.27
747142,2024-04-08,2024,450203,4,7.9918623,0.7364514,1.0,0.0,1.0,0.0,1.0,0.0,0.98,0.020000000000000018
747142,2024-04-08,2024,527054,3,3.1210423,0.34319118,0.14,0.86,0.0,1.0,0.0,1.0,0.0,1.0
745034,2024-04-08,2024,570632,4,2.0190084,0.28297254,0.0,1.0,0.0,1.0,0.0,1.0,0.0,1.0
746569,2024-04-08,2024,607536,2,5.573312,0.44583917,1.0,0.0,1.0,0.0,0.52,0.48,0.01,0.99
745034,2024-04-08,2024,571760,2,4.5120296,0.42042038,0.99,0.010000000000000009,0.56,0.43999999999999995,0.0,1.0,0.0,1.0
746252,2024-04-08,2024,621097,2,3.1800308,0.3439544,0.19,0.81,0.0,1.0,0.0,1.0,0.0,1.0
746735,2024-04-08,2024,676879,2,4.7028065,0.5145924,1.0,0.0,0.68,0.31999999999999995,0.06,0.94,0.0,1.0
745194,2024-04-08,2024,571945,3,4.606293,0.4132203,0.99,0.010000000000000009,0.59,0.41000000000000003,0.0,1.0,0.0,1.0
745761,2024-04-08,2024,666200,4,5.8622837,0.48507497,1.0,0.0,1.0,0.0,0.77,0.22999999999999998,0.11,0.89
745520,2024-04-08,2024,656605,9,6.4352946,0.5734454,1.0,0.0,1.0,0.0,0.96,0.040000000000000036,0.45,0.55
745520,2024-04-08,2024,681857,3,4.918754,0.3790132,1.0,0.0,0.88,0.12,0.05,0.95,0.01,0.99
745432,2024-04-08,2024,665871,7,5.387802,0.3632391,1.0,0.0,0.99,0.010000000000000009,0.34,0.6599999999999999,0.01,0.99
745432,2024-04-08,2024,658648,4,3.103473,0.3165734,0.12,0.88,0.0,1.0,0.0,1.0,0.0,1.0
745432,2024-04-08,2024,506433,4,3.2110639,0.30293146,0.17,0.83,0.0,1.0,0.0,1.0,0.0,1.0
745363,2024-04-08,2024,678906,2,3.1456475,0.41096994,0.17,0.83,0.0,1.0,0.0,1.0,0.0,1.0
745363,2024-04-08,2024,605483,5,4.002093,0.28835514,0.97,0.030000000000000027,0.06,0.94,0.0,1.0,0.0,1.0
745363,2024-04-08,2024,592866,2,3.2044718,0.23740089,0.12,0.88,0.0,1.0,0.0,1.0,0.0,1.0
746654,2024-04-08,2024,694363,2,1.7705623,0.36658895,0.0,1.0,0.0,1.0,0.0,1.0,0.0,1.0
745761,2024-04-08,2024,641482,6,4.644283,0.36273113,1.0,0.0,0.64,0.36,0.01,0.99,0.0,1.0
746654,2024-04-08,2024,621383,5,1.9495704,0.31232584,0.0,1.0,0.0,1.0,0.0,1.0,0.0,1.0
746654,2024-04-08,2024,663474,2,4.171194,0.3327288,0.99,0.010000000000000009,0.16,0.84,0.0,1.0,0.0,1.0
745762,2024-04-09,2024,607074,6,4.483197,0.4206179,0.98,0.020000000000000018,0.41,0.5900000000000001,0.02,0.98,0.0,1.0
744957,2024-04-09,2024,669923,3,5.403671,0.36547315,1.0,0.0,0.99,0.010000000000000009,0.41,0.5900000000000001,0.0,1.0
746326,2024-04-09,2024,664299,4,4.439615,0.42284882,1.0,0.0,0.43,0.5700000000000001,0.01,0.99,0.0,1.0
744957,2024-04-09,2024,605135,8,6.617992,0.5049595,1.0,0.0,1.0,0.0,0.98,0.020000000000000018,0.6,0.4
746326,2024-04-09,2024,666142,5,6.163515,0.43733627,1.0,0.0,1.0,0.0,0.94,0.06000000000000005,0.23,0.77
745433,2024-04-09,2024,605397,5,6.1472864,0.6968516,1.0,0.0,0.99,0.010000000000000009,0.83,0.17000000000000004,0.33,0.6699999999999999
745030,2024-04-09,2024,622072,2,2.9020123,0.3913671,0.08,0.92,0.0,1.0,0.0,1.0,0.0,1.0
745030,2024-04-09,2024,543135,8,5.7236614,0.45884544,1.0,0.0,1.0,0.0,0.62,0.38,0.09,0.91
745433,2024-04-09,2024,663568,4,2.7762928,0.4388968,0.03,0.97,0.0,1.0,0.0,1.0,0.0,1.0
746571,2024-04-09,2024,518876,4,6.1030464,0.441636,1.0,0.0,1.0,0.0,0.9,0.09999999999999998,0.22,0.78
745433,2024-04-09,2024,676962,5,5.107297,0.46659303,1.0,0.0,0.91,0.08999999999999997,0.22,0.78,0.0,1.0
747138,2024-04-09,2024,625643,6,6.0162916,0.49627456,1.0,0.0,1.0,0.0,0.84,0.16000000000000003,0.19,0.81
745517,2024-04-09,2024,527048,7,5.1811986,0.37313536,1.0,0.0,0.97,0.030000000000000027,0.18,0.8200000000000001,0.0,1.0
746732,2024-04-09,2024,593423,4,6.192965,0.4540366,1.0,0.0,1.0,0.0,0.95,0.050000000000000044,0.23,0.77
746732,2024-04-09,2024,605452,7,5.430705,0.44012177,1.0,0.0,0.98,0.020000000000000018,0.42,0.5800000000000001,0.02,0.98
745195,2024-04-09,2024,554430,5,6.8752327,0.46847248,1.0,0.0,1.0,0.0,1.0,0.0,0.75,0.25
745195,2024-04-09,2024,543243,5,3.6134624,0.33652332,0.63,0.37,0.0,1.0,0.0,1.0,0.0,1.0
746732,2024-04-09,2024,686730,1,3.2233808,0.2889087,0.17,0.83,0.0,1.0,0.0,1.0,0.0,1.0
747138,2024-04-09,2024,605288,1,3.9290435,0.30590808,0.89,0.10999999999999999,0.04,0.96,0.0,1.0,0.0,1.0
745517,2024-04-09,2024,663554,2,5.9481726,0.48008385,1.0,0.0,1.0,0.0,0.84,0.16000000000000003,0.16,0.84
746571,2024-04-09,2024,615698,6,4.3803363,0.5788931,0.98,0.020000000000000018,0.39,0.61,0.03,0.97,0.0,1.0
745924,2024-04-09,2024,607192,14,7.5023646,0.5514708,1.0,0.0,1.0,0.0,1.0,0.0,0.97,0.030000000000000027
746981,2024-04-09,2024,670174,4,2.3174968,0.3165561,0.0,1.0,0.0,1.0,0.0,1.0,0.0,1.0
745762,2024-04-09,2024,640462,2,5.430411,0.47934002,1.0,0.0,0.97,0.030000000000000027,0.42,0.5800000000000001,0.02,0.98
746250,2024-04-09,2024,650644,4,4.8997803,0.46457627,1.0,0.0,0.83,0.17000000000000004,0.11,0.89,0.0,1.0
746250,2024-04-09,2024,663776,6,6.031335,0.47022286,1.0,0.0,1.0,0.0,0.84,0.16000000000000003,0.11,0.89
745924,2024-04-09,2024,686973,6,6.223498,0.44927332,1.0,0.0,1.0,0.0,0.94,0.06000000000000005,0.27,0.73
746653,2024-04-09,2024,671106,4,3.9719956,0.3817505,0.9,0.09999999999999998,0.09,0.91,0.0,1.0,0.0,1.0
746653,2024-04-09,2024,647336,4,3.8384914,0.2935697,0.9,0.09999999999999998,0.02,0.98,0.0,1.0,0.0,1.0
746981,2024-04-09,2024,669203,6,6.6410046,0.5425313,1.0,0.0,1.0,0.0,0.99,0.010000000000000009,0.65,0.35
745357,2024-04-09,2024,690986,8,5.445752,0.49150422,1.0,0.0,0.98,0.020000000000000018,0.4,0.6,0.03,0.97
746981,2024-04-09,2024,678394,3,4.9802413,0.43218982,1.0,0.0,0.91,0.08999999999999997,0.08,0.92,0.0,1.0
745357,2024-04-09,2024,672851,2,3.2420042,0.28124905,0.17,0.83,0.0,1.0,0.0,1.0,0.0,1.0
746980,2024-04-10,2024,676710,6,4.382193,0.40876493,0.98,0.020000000000000018,0.44,0.56,0.0,1.0,0.0,1.0
746980,2024-04-10,2024,608344,4,3.4878013,0.4336241,0.44,0.56,0.02,0.98,0.0,1.0,0.0,1.0
746323,2024-04-10,2024,656786,0,3.7381668,0.44248995,0.72,0.28,0.03,0.97,0.0,1.0,0.0,1.0
746323,2024-04-10,2024,681293,3,4.460001,0.4236886,0.99,0.010000000000000009,0.54,0.45999999999999996,0.0,1.0,0.0,1.0
745763,2024-04-10,2024,677960,1,5.194028,0.53191185,1.0,0.0,0.9,0.09999999999999998,0.27,0.73,0.01,0.99
746573,2024-04-10,2024,674072,6,4.4848423,0.38607162,1.0,0.0,0.45,0.55,0.0,1.0,0.0,1.0
745024,2024-04-10,2024,548389,5,3.8613114,0.31154191,0.88,0.12,0.04,0.96,0.0,1.0,0.0,1.0
745196,2024-04-10,2024,668868,6,1.8423103,0.39157006,0.0,1.0,0.0,1.0,0.0,1.0,0.0,1.0
745196,2024-04-10,2024,605400,3,4.9508986,0.3512237,1.0,0.0,0.88,0.12,0.04,0.96,0.0,1.0
745196,2024-04-10,2024,458681,6,4.4156404,0.30914378,1.0,0.0,0.34,0.6599999999999999,0.0,1.0,0.0,1.0
745355,2024-04-10,2024,571578,2,3.2262409,0.47741023,0.26,0.74,0.0,1.0,0.0,1.0,0.0,1.0
745763,2024-04-10,2024,573186,7,5.3883777,0.5173646,1.0,0.0,0.97,0.030000000000000027,0.42,0.5800000000000001,0.0,1.0
745355,2024-04-10,2024,663855,2,4.847047,0.5724814,1.0,0.0,0.7,0.30000000000000004,0.13,0.87,0.0,1.0
745024,2024-04-10,2024,674003,7,4.545521,0.36730108,1.0,0.0,0.57,0.43000000000000005,0.0,1.0,0.0,1.0
746323,2024-04-10,2024,656232,2,2.2285378,0.30441523,0.0,1.0,0.0,1.0,0.0,1.0,0.0,1.0
746323,2024-04-10,2024,607625,2,5.371924,0.45842445,1.0,0.0,0.98,0.020000000000000018,0.39,0.61,0.0,1.0
746573,2024-04-10,2024,596295,4,4.8687325,0.38743788,1.0,0.0,0.84,0.16000000000000003,0.02,0.98,0.0,1.0
746247,2024-04-10,2024,667755,6,4.321977,0.45252195,0.97,0.030000000000000027,0.34,0.6599999999999999,0.0,1.0,0.0,1.0
746247,2024-04-10,2024,641793,4,6.1969414,0.6005713,1.0,0.0,1.0,0.0,0.86,0.14,0.32,0.6799999999999999
745923,2024-04-10,2024,676272,4,4.405378,0.4069035,0.99,0.010000000000000009,0.4,0.6,0.0,1.0,0.0,1.0
746655,2024-04-10,2024,607200,3,4.231658,0.37333226,0.98,0.020000000000000018,0.25,0.75,0.0,1.0,0.0,1.0
746655,2024-04-10,2024,676440,2,5.3442326,0.37168896,1.0,0.0,0.99,0.010000000000000009,0.32,0.6799999999999999,0.01,0.99
745923,2024-04-10,2024,663978,5,5.0533214,0.37050426,1.0,0.0,0.92,0.07999999999999996,0.11,0.89,0.0,1.0
746728,2024-04-10,2024,489119,0,1.9511886,0.22756155,0.0,1.0,0.0,1.0,0.0,1.0,0.0,1.0
746573,2024-04-10,2024,686826,3,2.402751,0.36580744,0.0,1.0,0.0,1.0,0.0,1.0,0.0,1.0
744950,2024-04-10,2024,669302,8,5.051209,0.56918347,1.0,0.0,0.84,0.16000000000000003,0.19,0.81,0.01,0.99
746728,2024-04-10,2024,668881,9,8.8877325,0.5177775,1.0,0.0,1.0,0.0,1.0,0.0,1.0,0.0
746728,2024-04-10,2024,669060,1,2.1619034,0.23406821,0.0,1.0,0.0,1.0,0.0,1.0,0.0,1.0
745429,2024-04-10,2024,543294,2,4.2774734,0.35511768,1.0,0.0,0.28,0.72,0.0,1.0,0.0,1.0
745429,2024-04-10,2024,656302,7,8.098203,0.6314959,1.0,0.0,1.0,0.0,1.0,0.0,1.0,0.0
745429,2024-04-10,2024,694037,3,2.8425925,0.27567035,0.01,0.99,0.0,1.0,0.0,1.0,0.0,1.0
744950,2024-04-10,2024,579328,9,6.6298714,0.4852703,1.0,0.0,1.0,0.0,0.98,0.020000000000000018,0.68,0.31999999999999995
746977,2024-04-11,2024,676477,4,4.6355977,0.3845395,1.0,0.0,0.65,0.35,0.01,0.99,0.0,1.0
745601,2024-04-11,2024,683003,8,6.7052116,0.43168095,1.0,0.0,1.0,0.0,1.0,0.0,0.67,0.32999999999999996
746322,2024-04-11,2024,663903,4,4.274221,0.3573181,1.0,0.0,0.26,0.74,0.0,1.0,0.0,1.0
745601,2024-04-11,2024,624133,8,4.772417,0.41957906,1.0,0.0,0.73,0.27,0.06,0.94,0.0,1.0
746977,2024-04-11,2024,680570,5,5.8718014,0.42020592,1.0,0.0,1.0,0.0,0.8,0.19999999999999996,0.05,0.95
747137,2024-04-11,2024,500779,4,4.8385077,0.35452867,1.0,0.0,0.81,0.18999999999999995,0.02,0.98,0.0,1.0
746322,2024-04-11,2024,686613,0,2.2318258,0.3485923,0.0,1.0,0.0,1.0,0.0,1.0,0.0,1.0
746322,2024-04-11,2024,669422,2,1.9886422,0.32104477,0.0,1.0,0.0,1.0,0.0,1.0,0.0,1.0
747137,2024-04-11,2024,642216,1,3.226604,0.4361846,0.27,0.73,0.0,1.0,0.0,1.0,0.0,1.0
745029,2024-04-11,2024,592351,9,5.8669143,0.41904762,1.0,0.0,1.0,0.0,0.82,0.18000000000000005,0.11,0.89
745029,2024-04-11,2024,676664,5,4.773945,0.3741794,1.0,0.0,0.74,0.26,0.02,0.98,0.0,1.0
745112,2024-04-12,2024,676775,6,5.9541345,0.50840396,1.0,0.0,1.0,0.0,0.83,0.17000000000000004,0.14,0.86
746408,2024-04-12,2024,641540,3,3.2748704,0.30008322,0.25,0.75,0.0,1.0,0.0,1.0,0.0,1.0
746408,2024-04-12,2024,641585,3,4.0328054,0.37930024,0.91,0.08999999999999997,0.11,0.89,0.0,1.0,0.0,1.0
745112,2024-04-12,2024,621097,4,3.5689783,0.29461932,0.62,0.38,0.0,1.0,0.0,1.0,0.0,1.0
746084,2024-04-12,2024,669432,5,4.2807612,0.44882286,0.96,0.040000000000000036,0.29,0.71,0.01,0.99,0.0,1.0
746408,2024-04-12,2024,669270,1,2.1446629,0.17965399,0.0,1.0,0.0,1.0,0.0,1.0,0.0,1.0
746162,2024-04-12,2024,650633,4,5.739521,0.41897717,1.0,0.0,1.0,0.0,0.76,0.24,0.02,0.98
746162,2024-04-12,2024,808967,6,6.5250206,0.56843865,1.0,0.0,1.0,0.0,0.96,0.040000000000000036,0.47,0.53
745679,2024-04-12,2024,663623,5,3.4687896,0.4009895,0.48,0.52,0.01,0.99,0.0,1.0,0.0,1.0
747055,2024-04-12,2024,669330,3,4.352269,0.37040684,0.99,0.010000000000000009,0.37,0.63,0.0,1.0,0.0,1.0
747055,2024-04-12,2024,642547,11,5.869906,0.40755063,1.0,0.0,1.0,0.0,0.84,0.16000000000000003,0.07,0.9299999999999999
747217,2024-04-12,2024,571927,2,4.2075286,0.5235348,0.94,0.06000000000000005,0.27,0.73,0.01,0.99,0.0,1.0
745679,2024-04-12,2024,621112,4,3.47371,0.28295708,0.43,0.5700000000000001,0.0,1.0,0.0,1.0,0.0,1.0
746812,2024-04-12,2024,694363,2,2.9111261,0.24949716,0.01,0.99,0.0,1.0,0.0,1.0,0.0,1.0
746812,2024-04-12,2024,671096,3,5.6592646,0.47403604,1.0,0.0,0.99,0.010000000000000009,0.67,0.32999999999999996,0.05,0.95
746812,2024-04-12,2024,623167,2,3.743184,0.37838903,0.72,0.28,0.03,0.97,0.0,1.0,0.0,1.0
745596,2024-04-12,2024,650911,6,4.757548,0.5481891,1.0,0.0,0.69,0.31000000000000005,0.1,0.9,0.0,1.0
745596,2024-04-12,2024,663559,3,3.7224798,0.32696712,0.8,0.19999999999999996,0.01,0.99,0.0,1.0,0.0,1.0
746084,2024-04-12,2024,608331,4,4.4495664,0.4528435,0.98,0.020000000000000018,0.44,0.56,0.01,0.99,0.0,1.0
744954,2024-04-12,2024,592332,4,5.2683372,0.49138153,1.0,0.0,0.97,0.030000000000000027,0.3,0.7,0.01,0.99
747055,2024-04-12,2024,669169,2,2.607699,0.43374076,0.03,0.97,0.0,1.0,0.0,1.0,0.0,1.0
747217,2024-04-12,2024,694297,4,6.882013,0.5109309,1.0,0.0,1.0,0.0,1.0,0.0,0.76,0.24
744954,2024-04-12,2024,502179,2,2.8930283,0.4581157,0.08,0.92,0.0,1.0,0.0,1.0,0.0,1.0
744954,2024-04-12,2024,669952,2,2.8569705,0.3829012,0.05,0.95,0.0,1.0,0.0,1.0,0.0,1.0
746978,2024-04-12,2024,656557,2,6.3840427,0.7173254,1.0,0.0,1.0,0.0,0.85,0.15000000000000002,0.43,0.5700000000000001
745274,2024-04-12,2024,682243,4,6.7854543,0.5850081,1.0,0.0,1.0,0.0,0.99,0.010000000000000009,0.7,0.30000000000000004
746978,2024-04-12,2024,672282,7,6.020118,0.4761145,1.0,0.0,1.0,0.0,0.83,0.17000000000000004,0.14,0.86
745274,2024-04-12,2024,696136,6,5.9280686,0.48829252,1.0,0.0,0.99,0.010000000000000009,0.83,0.17000000000000004,0.11,0.89
745838,2024-04-12,2024,608379,4,4.2358384,0.4025762,0.99,0.010000000000000009,0.23,0.77,0.0,1.0,0.0,1.0
744954,2024-04-12,2024,663372,4,5.9873075,0.44398072,1.0,0.0,1.0,0.0,0.83,0.17000000000000004,0.13,0.87
746491,2024-04-12,2024,543859,5,1.908614,0.20142171,0.0,1.0,0.0,1.0,0.0,1.0,0.0,1.0
745838,2024-04-12,2024,622663,4,4.861432,0.3644269,1.0,0.0,0.85,0.15000000000000002,0.06,0.94,0.0,1.0
746491,2024-04-12,2024,641154,7,5.758728,0.4335354,1.0,0.0,1.0,0.0,0.74,0.26,0.08,0.92
746491,2024-04-12,2024,669373,5,6.5075493,0.5449548,1.0,0.0,1.0,0.0,0.98,0.020000000000000018,0.48,0.52
745676,2024-04-13,2024,669022,11,6.451807,0.56007576,1.0,0.0,1.0,0.0,0.93,0.06999999999999995,0.47,0.53
747054,2024-04-13,2024,669084,4,3.2191148,0.27906546,0.17,0.83,0.0,1.0,0.0,1.0,0.0,1.0
746490,2024-04-13,2024,666159,7,6.1483855,0.5489891,1.0,0.0,1.0,0.0,0.9,0.09999999999999998,0.27,0.73
747054,2024-04-13,2024,665152,3,4.4365826,0.44222304,1.0,0.0,0.4,0.6,0.02,0.98,0.0,1.0
746489,2024-04-13,2024,657746,12,7.18522,0.62262845,1.0,0.0,1.0,0.0,0.99,0.010000000000000009,0.88,0.12
745676,2024-04-13,2024,671212,5,7.0617027,0.5000859,1.0,0.0,1.0,0.0,1.0,0.0,0.9,0.09999999999999998
745676,2024-04-13,2024,666205,5,2.347541,0.22287568,0.0,1.0,0.0,1.0,0.0,1.0,0.0,1.0
745839,2024-04-13,2024,642121,2,3.036651,0.28426743,0.05,0.95,0.0,1.0,0.0,1.0,0.0,1.0
746490,2024-04-13,2024,680573,5,4.0924134,0.2993753,1.0,0.0,0.08,0.92,0.0,1.0,0.0,1.0
746489,2024-04-13,2024,628317,5,6.005933,0.54025394,1.0,0.0,1.0,0.0,0.84,0.16000000000000003,0.18,0.8200000000000001
746811,2024-04-13,2024,676979,10,5.275352,0.4009237,1.0,0.0,0.98,0.020000000000000018,0.32,0.6799999999999999,0.0,1.0
746811,2024-04-13,2024,666157,10,6.7770524,0.6175044,1.0,0.0,1.0,0.0,0.98,0.020000000000000018,0.68,0.31999999999999995
746979,2024-04-13,2024,656288,6,3.3928375,0.35328043,0.41,0.5900000000000001,0.0,1.0,0.0,1.0,0.0,1.0
744953,2024-04-13,2024,670102,3,3.2500024,0.3596606,0.21,0.79,0.0,1.0,0.0,1.0,0.0,1.0
744953,2024-04-13,2024,684320,6,5.5159106,0.4294249,1.0,0.0,0.99,0.010000000000000009,0.47,0.53,0.01,0.99
746811,2024-04-13,2024,608718,2,2.113545,0.31221035,0.0,1.0,0.0,1.0,0.0,1.0,0.0,1.0
746979,2024-04-13,2024,608334,5,3.018316,0.40875667,0.13,0.87,0.0,1.0,0.0,1.0,0.0,1.0
746490,2024-04-13,2024,666214,4,2.7074084,0.3030863,0.01,0.99,0.0,1.0,0.0,1.0,0.0,1.0
746979,2024-04-13,2024,681867,4,4.1983914,0.43818736,0.95,0.050000000000000044,0.2,0.8,0.01,0.99,0.0,1.0
746405,2024-04-13,2024,571760,1,3.7027705,0.28306127,0.76,0.24,0.0,1.0,0.0,1.0,0.0,1.0
746082,2024-04-13,2024,676974,7,4.478072,0.47253126,0.97,0.030000000000000027,0.48,0.52,0.0,1.0,0.0,1.0
745839,2024-04-13,2024,679525,2,4.742793,0.3000684,1.0,0.0,0.8,0.19999999999999996,0.0,1.0,0.0,1.0
744953,2024-04-13,2024,641712,5,4.6975884,0.4417377,1.0,0.0,0.66,0.33999999999999997,0.04,0.96,0.0,1.0
745272,2024-04-13,2024,684007,4,6.6347003,0.6978025,1.0,0.0,1.0,0.0,0.96,0.040000000000000036,0.57,0.43000000000000005
745272,2024-04-13,2024,676106,4,3.536933,0.36519682,0.5,0.5,0.0,1.0,0.0,1.0,0.0,1.0
745110,2024-04-13,2024,606965,2,3.1190414,0.31174737,0.11,0.89,0.0,1.0,0.0,1.0,0.0,1.0
745110,2024-04-13,2024,657277,4,5.4998517,0.5929219,1.0,0.0,0.94,0.06000000000000005,0.57,0.43000000000000005,0.04,0.96
746656,2024-04-13,2024,471911,2,4.379493,0.44358632,1.0,0.0,0.36,0.64,0.01,0.99,0.0,1.0
746656,2024-04-13,2024,657376,7,4.3820047,0.5543722,0.93,0.06999999999999995,0.45,0.55,0.02,0.98,0.0,1.0
746658,2024-04-13,2024,547001,4,3.0934503,0.3527126,0.1,0.9,0.0,1.0,0.0,1.0,0.0,1.0
746658,2024-04-13,2024,663474,1,3.3956034,0.3065912,0.34,0.6599999999999999,0.0,1.0,0.0,1.0,0.0,1.0
745110,2024-04-13,2024,686752,6,5.3372755,0.436222,1.0,0.0,1.0,0.0,0.32,0.6799999999999999,0.01,0.99
747215,2024-04-13,2024,669194,4,4.8521442,0.4592199,0.99,0.010000000000000009,0.81,0.18999999999999995,0.07,0.9299999999999999,0.0,1.0
747215,2024-04-13,2024,502043,2,4.0774956,0.38220906,0.96,0.040000000000000036,0.15,0.85,0.0,1.0,0.0,1.0
745594,2024-04-13,2024,594835,5,4.5112796,0.35748416,1.0,0.0,0.53,0.47,0.01,0.99,0.0,1.0
745594,2024-04-13,2024,605513,3,5.506128,0.39345405,1.0,0.0,1.0,0.0,0.52,0.48,0.0,1.0
746405,2024-04-13,2024,669854,5,4.130848,0.40790266,0.92,0.07999999999999996,0.21,0.79,0.0,1.0,0.0,1.0
746161,2024-04-13,2024,663362,4,5.0314336,1.1018853,0.93,0.06999999999999995,0.68,0.31999999999999995,0.3,0.7,0.07,0.9299999999999999
746161,2024-04-13,2024,694813,4,3.5870852,0.3762584,0.6,0.4,0.0,1.0,0.0,1.0,0.0,1.0
746082,2024-04-13,2024,519242,7,7.054259,0.51428026,1.0,0.0,1.0,0.0,1.0,0.0,0.85,0.15000000000000002
745839,2024-04-13,2024,640455,4,4.146415,0.3574022,0.95,0.050000000000000044,0.12,0.88,0.0,1.0,0.0,1.0
746404,2024-04-14,2024,664299,5,4.9815907,0.43623802,1.0,0.0,0.9,0.09999999999999998,0.1,0.9,0.0,1.0
746079,2024-04-14,2024,450203,8,5.5643682,0.5660322,1.0,0.0,0.97,0.030000000000000027,0.56,0.43999999999999995,0.04,0.96
746079,2024-04-14,2024,666200,4,6.9111605,0.5206911,1.0,0.0,1.0,0.0,1.0,0.0,0.79,0.20999999999999996
746404,2024-04-14,2024,543135,3,4.1777587,0.46990803,0.93,0.06999999999999995,0.25,0.75,0.0,1.0,0.0,1.0
746810,2024-04-14,2024,621383,2,2.371739,0.22627303,0.0,1.0,0.0,1.0,0.0,1.0,0.0,1.0
746810,2024-04-14,2024,668933,8,4.6404076,0.571281,0.98,0.020000000000000018,0.6,0.4,0.06,0.94,0.0,1.0
745681,2024-04-14,2024,592866,7,2.5365348,0.27584332,0.0,1.0,0.0,1.0,0.0,1.0,0.0,1.0
745681,2024-04-14,2024,622072,4,4.84866,0.43786502,1.0,0.0,0.75,0.25,0.05,0.95,0.0,1.0
745841,2024-04-14,2024,666142,8,6.2405434,0.4728988,1.0,0.0,1.0,0.0,0.94,0.06000000000000005,0.31,0.69
747216,2024-04-14,2024,571945,3,3.2541611,0.22885796,0.15,0.85,0.0,1.0,0.0,1.0,0.0,1.0
745113,2024-04-14,2024,641302,4,3.5325863,0.31265604,0.54,0.45999999999999996,0.0,1.0,0.0,1.0,0.0,1.0
745113,2024-04-14,2024,605483,4,5.5428224,0.45937183,1.0,0.0,0.98,0.020000000000000018,0.53,0.47,0.03,0.97
747216,2024-04-14,2024,668678,7,5.7217436,0.4293259,1.0,0.0,1.0,0.0,0.68,0.31999999999999995,0.02,0.98
747216,2024-04-14,2024,681676,2,2.3429627,0.3194232,0.0,1.0,0.0,1.0,0.0,1.0,0.0,1.0
745271,2024-04-14,2024,665871,6,3.7717004,0.2611539,0.86,0.14,0.0,1.0,0.0,1.0,0.0,1.0
745271,2024-04-14,2024,622491,9,6.6889014,0.51467574,1.0,0.0,1.0,0.0,0.99,0.010000000000000009,0.67,0.32999999999999996
746975,2024-04-14,2024,542881,4,4.023815,0.28919822,0.96,0.040000000000000036,0.05,0.95,0.0,1.0,0.0,1.0
746975,2024-04-14,2024,660761,3,2.0449247,0.29837596,0.0,1.0,0.0,1.0,0.0,1.0,0.0,1.0
746810,2024-04-14,2024,647336,4,3.7350113,0.2946437,0.77,0.22999999999999998,0.0,1.0,0.0,1.0,0.0,1.0
745841,2024-04-14,2024,676130,9,4.5750337,0.30793315,1.0,0.0,0.62,0.38,0.0,1.0,0.0,1.0
746975,2024-04-14,2024,678394,8,6.8988237,0.63896054,1.0,0.0,1.0,0.0,0.97,0.030000000000000027,0.74,0.26
745595,2024-04-14,2024,656605,4,5.787118,0.45477292,1.0,0.0,1.0,0.0,0.77,0.22999999999999998,0.06,0.94
744952,2024-04-14,2024,607536,3,4.30865,0.32733956,1.0,0.0,0.28,0.72,0.0,1.0,0.0,1.0
746164,2024-04-14,2024,572020,1,4.9863195,0.4886469,1.0,0.0,0.84,0.16000000000000003,0.15,0.85,0.0,1.0
745595,2024-04-14,2024,620982,1,1.8422009,0.26547882,0.0,1.0,0.0,1.0,0.0,1.0,0.0,1.0
747056,2024-04-14,2024,607067,6,4.7136827,0.37686023,1.0,0.0,0.68,0.31999999999999995,0.02,0.98,0.0,1.0
747056,2024-04-14,2024,669203,5,7.6638045,0.6703433,1.0,0.0,1.0,0.0,1.0,0.0,0.95,0.050000000000000044
746164,2024-04-14,2024,506433,2,5.0577064,0.367137,1.0,0.0,0.95,0.050000000000000044,0.1,0.9,0.0,1.0
744952,2024-04-14,2024,621244,7,6.1979427,0.6074389,1.0,0.0,1.0,0.0,0.88,0.12,0.28,0.72
745595,2024-04-14,2024,554430,10,6.765479,0.4650231,1.0,0.0,1.0,0.0,1.0,0.0,0.67,0.32999999999999996
746648,2024-04-14,2024,641482,6,4.891507,0.41237625,1.0,0.0,0.82,0.18000000000000005,0.08,0.92,0.0,1.0
746648,2024-04-14,2024,671106,4,3.9351983,0.3407799,0.89,0.10999999999999999,0.07,0.9299999999999999,0.0,1.0,0.0,1.0
746492,2024-04-14,2024,656427,8,6.675436,0.5153046,1.0,0.0,1.0,0.0,0.99,0.010000000000000009,0.62,0.38
746492,2024-04-14,2024,641927,3,4.156973,0.3073801,0.98,0.020000000000000018,0.16,0.84,0.0,1.0,0.0,1.0
746813,2024-04-15,2024,680897,5,3.5502508,0.2440762,0.54,0.45999999999999996,0.0,1.0,0.0,1.0,0.0,1.0
744951,2024-04-15,2024,661563,6,5.3771725,0.44700754,1.0,0.0,0.99,0.010000000000000009,0.46,0.54,0.01,0.99
747053,2024-04-15,2024,608344,4,4.6842217,0.3371932,1.0,0.0,0.68,0.31999999999999995,0.01,0.99,0.0,1.0
747053,2024-04-15,2024,621199,2,1.9108446,0.41711754,0.0,1.0,0.0,1.0,0.0,1.0,0.0,1.0
745677,2024-04-15,2024,543243,6,4.454851,0.30330303,1.0,0.0,0.46,0.54,0.0,1.0,0.0,1.0
746406,2024-04-15,2024,670241,4,4.133254,0.32626158,0.98,0.020000000000000018,0.12,0.88,0.0,1.0,0.0,1.0
746158,2024-04-15,2024,607192,5,8.310527,0.6006047,1.0,0.0,1.0,0.0,1.0,0.0,1.0,0.0
746002,2024-04-15,2024,605397,3,5.507422,0.48644435,1.0,0.0,0.98,0.020000000000000018,0.46,0.54,0.01,0.99
745106,2024-04-15,2024,663776,3,5.171953,0.36544737,1.0,0.0,0.96,0.040000000000000036,0.18,0.8200000000000001,0.0,1.0
745106,2024-04-15,2024,621107,5,4.672706,0.38001686,1.0,0.0,0.66,0.33999999999999997,0.0,1.0,0.0,1.0
746813,2024-04-15,2024,607625,4,4.794321,0.33405122,1.0,0.0,0.82,0.18000000000000005,0.01,0.99,0.0,1.0
746002,2024-04-15,2024,605452,4,3.5242417,0.36760983,0.53,0.47,0.0,1.0,0.0,1.0,0.0,1.0
745840,2024-04-15,2024,605288,5,4.6508512,0.32120073,1.0,0.0,0.68,0.31999999999999995,0.02,0.98,0.0,1.0
745840,2024-04-15,2024,527048,1,3.5027876,0.3896405,0.53,0.47,0.01,0.99,0.0,1.0,0.0,1.0
746158,2024-04-15,2024,680730,4,4.595145,0.38392535,1.0,0.0,0.6,0.4,0.01,0.99,0.0,1.0
747053,2024-04-15,2024,686973,6,5.163227,0.47805795,1.0,0.0,0.9,0.09999999999999998,0.22,0.78,0.01,0.99
745677,2024-04-15,2024,548389,4,5.456403,0.374987,1.0,0.0,0.99,0.010000000000000009,0.48,0.52,0.01,0.99
746406,2024-04-15,2024,681293,5,5.930113,0.48137596,1.0,0.0,1.0,0.0,0.81,0.18999999999999995,0.13,0.87
747213,2024-04-15,2024,518876,5,6.163042,0.46861112,1.0,0.0,1.0,0.0,0.91,0.08999999999999997,0.25,0.75
746488,2024-04-15,2024,681857,8,5.4161468,0.45379618,1.0,0.0,0.99,0.010000000000000009,0.42,0.5800000000000001,0.01,0.99
746488,2024-04-15,2024,547179,4,4.1951323,0.31769857,0.99,0.010000000000000009,0.17,0.83,0.0,1.0,0.0,1.0
746974,2024-04-15,2024,676710,6,5.2059827,0.43039048,1.0,0.0,0.97,0.030000000000000027,0.22,0.78,0.0,1.0
746080,2024-04-15,2024,665795,10,6.4273767,0.6077986,1.0,0.0,1.0,0.0,0.93,0.06999999999999995,0.43,0.5700000000000001
746080,2024-04-15,2024,690986,2,5.025832,0.4984847,0.99,0.010000000000000009,0.86,0.14,0.14,0.86,0.0,1.0
746974,2024-04-15,2024,675540,3,4.438591,0.3079282,1.0,0.0,0.43,0.5700000000000001,0.0,1.0,0.0,1.0
747213,2024-04-15,2024,686826,2,1.9064037,0.24634457,0.0,1.0,0.0,1.0,0.0,1.0,0.0,1.0
747213,2024-04-15,2024,676962,4,6.1617913,0.4536086,1.0,0.0,1.0,0.0,0.94,0.06000000000000005,0.22,0.78
744951,2024-04-15,2024,605135,5,5.5527797,0.44028276,1.0,0.0,0.99,0.010000000000000009,0.56,0.43999999999999995,0.01,0.99
746002,2024-04-15,2024,600986,2,2.3918238,0.34339562,0.0,1.0,0.0,1.0,0.0,1.0,0.0,1.0
745597,2024-04-15,2024,615698,1,4.03177,0.5247853,0.86,0.14,0.17,0.83,0.01,0.99,0.0,1.0
745268,2024-04-15,2024,571656,3,1.9164664,0.2908395,0.0,1.0,0.0,1.0,0.0,1.0,0.0,1.0
745268,2024-04-15,2024,593423,1,2.543804,0.31624,0.0,1.0,0.0,1.0,0.0,1.0,0.0,1.0
745268,2024-04-15,2024,607259,3,2.6662846,0.22505358,0.0,1.0,0.0,1.0,0.0,1.0,0.0,1.0
745268,2024-04-15,2024,669923,6,5.941483,0.44434956,1.0,0.0,1.0,0.0,0.82,0.18000000000000005,0.12,0.88
745597,2024-04-15,2024,605400,9,7.2425675,0.6302114,1.0,0.0,1.0,0.0,1.0,0.0,0.85,0.15000000000000002
746976,2024-04-16,2024,676477,1,2.7904398,0.3219557,0.02,0.98,0.0,1.0,0.0,1.0,0.0,1.0
744944,2024-04-16,2024,579328,9,7.506003,0.5511961,1.0,0.0,1.0,0.0,1.0,0.0,0.96,0.040000000000000036
744944,2024-04-16,2024,607074,5,7.0634527,0.5446558,1.0,0.0,1.0,0.0,0.99,0.010000000000000009,0.83,0.17000000000000004
746004,2024-04-16,2024,656302,7,8.324623,0.6327065,1.0,0.0,1.0,0.0,1.0,0.0,0.99,0.010000000000000009
746486,2024-04-16,2024,663554,6,5.4728737,0.40564552,1.0,0.0,0.99,0.010000000000000009,0.49,0.51,0.02,0.98
746486,2024-04-16,2024,592351,7,6.2565417,0.41541764,1.0,0.0,1.0,0.0,0.96,0.040000000000000036,0.32,0.6799999999999999
745270,2024-04-16,2024,668881,8,7.2917676,0.50958675,1.0,0.0,1.0,0.0,1.0,0.0,0.97,0.030000000000000027
745837,2024-04-16,2024,500779,4,4.262285,0.37671942,0.98,0.020000000000000018,0.24,0.76,0.0,1.0,0.0,1.0
745837,2024-04-16,2024,683003,7,5.406058,0.49502575,1.0,0.0,0.95,0.050000000000000044,0.43,0.5700000000000001,0.02,0.98
746004,2024-04-16,2024,489119,2,2.534684,0.28052714,0.0,1.0,0.0,1.0,0.0,1.0,0.0,1.0
745270,2024-04-16,2024,669302,6,5.682878,0.5182215,1.0,0.0,0.99,0.010000000000000009,0.63,0.37,0.05,0.95
746157,2024-04-16,2024,642232,3,2.1575654,0.2696344,0.0,1.0,0.0,1.0,0.0,1.0,0.0,1.0
745108,2024-04-16,2024,667755,6,5.5973487,0.50314474,1.0,0.0,0.99,0.010000000000000009,0.59,0.41000000000000003,0.04,0.96
745108,2024-04-16,2024,650644,8,6.1880193,0.48289979,1.0,0.0,1.0,0.0,0.93,0.06999999999999995,0.25,0.75
746081,2024-04-16,2024,663855,5,5.4156256,0.46447745,1.0,0.0,0.97,0.030000000000000027,0.45,0.55,0.0,1.0
747214,2024-04-16,2024,543294,3,3.6973321,0.32259384,0.74,0.26,0.0,1.0,0.0,1.0,0.0,1.0
747051,2024-04-16,2024,663978,2,4.355104,0.37799186,0.99,0.010000000000000009,0.36,0.64,0.0,1.0,0.0,1.0
747214,2024-04-16,2024,674072,3,2.7807465,0.21523565,0.0,1.0,0.0,1.0,0.0,1.0,0.0,1.0
746081,2024-04-16,2024,677960,10,5.861391,0.50112,1.0,0.0,1.0,0.0,0.79,0.20999999999999996,0.08,0.92
746400,2024-04-16,2024,625643,7,5.6308203,0.36777422,1.0,0.0,1.0,0.0,0.64,0.36,0.02,0.98
746400,2024-04-16,2024,681869,2,2.1140995,0.26624817,0.0,1.0,0.0,1.0,0.0,1.0,0.0,1.0
747051,2024-04-16,2024,680570,6,5.581662,0.44524014,1.0,0.0,0.99,0.010000000000000009,0.55,0.44999999999999996,0.01,0.99
745674,2024-04-16,2024,458681,1,6.141377,0.4614247,1.0,0.0,1.0,0.0,0.91,0.08999999999999997,0.22,0.78
745674,2024-04-16,2024,676664,2,4.1664057,0.37615097,0.95,0.050000000000000044,0.17,0.83,0.0,1.0,0.0,1.0
745593,2024-04-16,2024,624133,8,6.2160473,0.49685737,1.0,0.0,1.0,0.0,0.93,0.06999999999999995,0.28,0.72
746157,2024-04-16,2024,571578,5,4.790132,0.4009899,1.0,0.0,0.76,0.24,0.06,0.94,0.0,1.0
745593,2024-04-16,2024,596295,4,3.8161554,0.27546123,0.91,0.08999999999999997,0.02,0.98,0.0,1.0,0.0,1.0
746976,2024-04-16,2024,676440,3,6.0057693,0.45851886,1.0,0.0,1.0,0.0,0.86,0.14,0.16,0.84
746400,2024-04-16,2024,686613,3,4.6303935,0.3212926,1.0,0.0,0.66,0.33999999999999997,0.0,1.0,0.0,1.0
746076,2024-04-17,2024,676775,4,4.799178,0.4973972,1.0,0.0,0.69,0.31000000000000005,0.14,0.86,0.0,1.0
746487,2024-04-17,2024,669373,6,6.06708,0.48824126,1.0,0.0,1.0,0.0,0.91,0.08999999999999997,0.21,0.79
746973,2024-04-17,2024,656557,9,6.9925337,0.68184966,1.0,0.0,1.0,0.0,0.98,0.020000000000000018,0.76,0.24
746973,2024-04-17,2024,594902,7,3.1661673,0.23374686,0.08,0.92,0.0,1.0,0.0,1.0,0.0,1.0
745836,2024-04-17,2024,622663,4,6.071791,0.43467742,1.0,0.0,1.0,0.0,0.91,0.08999999999999997,0.17,0.83
746401,2024-04-17,2024,641585,4,4.047333,0.27698472,0.98,0.020000000000000018,0.05,0.95,0.0,1.0,0.0,1.0
745836,2024-04-17,2024,663559,4,3.381917,0.30965447,0.35,0.65,0.0,1.0,0.0,1.0,0.0,1.0
747212,2024-04-17,2024,696136,5,4.7978644,0.40733707,1.0,0.0,0.75,0.25,0.04,0.96,0.0,1.0
745267,2024-04-17,2024,671096,6,5.9640455,0.4774989,1.0,0.0,1.0,0.0,0.84,0.16000000000000003,0.08,0.92
746807,2024-04-17,2024,663903,5,5.1307306,0.40135133,1.0,0.0,0.94,0.06000000000000005,0.21,0.79,0.0,1.0
745591,2024-04-17,2024,650911,10,7.099382,0.5714682,1.0,0.0,1.0,0.0,1.0,0.0,0.85,0.15000000000000002
745591,2024-04-17,2024,663372,8,6.139903,0.40663302,1.0,0.0,1.0,0.0,0.93,0.06999999999999995,0.15,0.85
745671,2024-04-17,2024,621112,7,4.8841414,0.36268234,1.0,0.0,0.87,0.13,0.03,0.97,0.0,1.0
745671,2024-04-17,2024,571927,4,5.350411,0.5009975,1.0,0.0,0.97,0.030000000000000027,0.37,0.63,0.01,0.99
746005,2024-04-17,2024,650633,10,7.027342,0.58047056,1.0,0.0,1.0,0.0,0.98,0.020000000000000018,0.79,0.20999999999999996
746005,2024-04-17,2024,669060,2,3.6287143,0.40015033,0.59,0.41000000000000003,0.01,0.99,0.0,1.0,0.0,1.0
747212,2024-04-17,2024,694297,6,5.320067,0.4123437,1.0,0.0,0.95,0.050000000000000044,0.42,0.5800000000000001,0.0,1.0
744948,2024-04-17,2024,592332,6,7.199309,0.6020165,1.0,0.0,1.0,0.0,1.0,0.0,0.87,0.13
747212,2024-04-17,2024,669713,2,2.6446393,0.43683946,0.04,0.96,0.0,1.0,0.0,1.0,0.0,1.0
746809,2024-04-17,2024,608379,4,5.5074334,0.41147274,1.0,0.0,0.98,0.020000000000000018,0.55,0.44999999999999996,0.0,1.0
746809,2024-04-17,2024,607200,5,5.0340776,0.40460712,1.0,0.0,0.86,0.14,0.12,0.88,0.0,1.0
746807,2024-04-17,2024,686563,3,4.1988025,0.42849037,0.95,0.050000000000000044,0.25,0.75,0.0,1.0,0.0,1.0
745267,2024-04-17,2024,682243,7,6.3599896,0.6346816,1.0,0.0,1.0,0.0,0.92,0.07999999999999996,0.4,0.6
744948,2024-04-17,2024,573186,2,5.231759,0.46057504,1.0,0.0,0.92,0.07999999999999996,0.32,0.6799999999999999,0.0,1.0
746076,2024-04-17,2024,669432,6,5.299842,0.4853046,1.0,0.0,0.93,0.06999999999999995,0.39,0.61,0.0,1.0
746401,2024-04-17,2024,608331,2,4.7093086,0.39265114,0.99,0.010000000000000009,0.72,0.28,0.03,0.97,0.0,1.0
746487,2024-04-17,2024,641540,5,4.681302,0.4240943,1.0,0.0,0.67,0.32999999999999996,0.04,0.96,0.0,1.0
746159,2024-04-17,2024,689017,4,3.2641385,0.25836906,0.16,0.84,0.0,1.0,0.0,1.0,0.0,1.0
747049,2024-04-17,2024,641154,7,5.178274,0.38399804,1.0,0.0,0.94,0.06000000000000005,0.19,0.81,0.0,1.0
747049,2024-04-17,2024,544150,4,4.8070393,0.4514938,1.0,0.0,0.78,0.21999999999999997,0.08,0.92,0.0,1.0
745105,2024-04-17,2024,641793,7,6.8702235,0.7182865,1.0,0.0,1.0,0.0,0.99,0.010000000000000009,0.69,0.31000000000000005
745105,2024-04-17,2024,672282,4,5.8967075,0.4611284,1.0,0.0,1.0,0.0,0.79,0.20999999999999996,0.11,0.89
746159,2024-04-17,2024,663623,6,5.270564,0.46291977,1.0,0.0,0.95,0.050000000000000044,0.31,0.69,0.0,1.0
745356,2024-04-18,2024,657277,5,5.9332147,0.5606654,1.0,0.0,1.0,0.0,0.77,0.22999999999999998,0.16,0.84
745104,2024-04-18,2024,656288,4,4.7635636,0.35749382,1.0,0.0,0.73,0.27,0.02,0.98,0.0,1.0
745104,2024-04-18,2024,686752,7,6.5730896,0.45453033,1.0,0.0,1.0,0.0,1.0,0.0,0.59,0.41000000000000003
746485,2024-04-18,2024,570632,1,1.131454,0.3160125,0.0,1.0,0.0,1.0,0.0,1.0,0.0,1.0
746970,2024-04-18,2024,471911,5,3.6447992,0.3692114,0.65,0.35,0.01,0.99,0.0,1.0,0.0,1.0
746485,2024-04-18,2024,683004,3,5.23876,0.34206143,1.0,0.0,1.0,0.0,0.21,0.79,0.0,1.0
746485,2024-04-18,2024,628317,2,3.118346,0.37172374,0.15,0.85,0.0,1.0,0.0,1.0,0.0,1.0
745356,2024-04-18,2024,663531,3,3.9049149,0.38712654,0.84,0.16000000000000003,0.08,0.92,0.0,1.0,0.0,1.0
746970,2024-04-18,2024,681867,0,2.3816602,0.35207462,0.0,1.0,0.0,1.0,0.0,1.0,0.0,1.0
746650,2024-04-19,2024,671212,3,4.219244,0.47795776,0.95,0.050000000000000044,0.26,0.74,0.01,0.99,0.0,1.0
745758,2024-04-19,2024,641302,4,3.0481062,0.24172501,0.05,0.95,0.0,1.0,0.0,1.0,0.0,1.0
746325,2024-04-19,2024,679525,6,5.0015163,0.40416235,1.0,0.0,0.9,0.09999999999999998,0.11,0.89,0.0,1.0
745922,2024-04-19,2024,657746,6,5.985217,0.65584004,1.0,0.0,0.99,0.010000000000000009,0.78,0.21999999999999997,0.22,0.78
745922,2024-04-19,2024,656427,10,4.8505473,0.64636004,0.97,0.030000000000000027,0.72,0.28,0.14,0.86,0.01,0.99
744872,2024-04-19,2024,669022,4,6.740406,0.57073945,1.0,0.0,1.0,0.0,0.98,0.020000000000000018,0.64,0.36
744872,2024-04-19,2024,434378,4,3.6599512,0.28932777,0.68,0.31999999999999995,0.0,1.0,0.0,1.0,0.0,1.0
747136,2024-04-19,2024,519242,7,7.0235353,0.5488446,1.0,0.0,1.0,0.0,0.99,0.010000000000000009,0.86,0.14
745518,2024-04-19,2024,682990,2,3.9706311,0.34420508,0.91,0.08999999999999997,0.07,0.9299999999999999,0.0,1.0,0.0,1.0
746650,2024-04-19,2024,663474,6,4.5320277,0.34103435,1.0,0.0,0.51,0.49,0.0,1.0,0.0,1.0
745189,2024-04-19,2024,502043,3,3.4526224,0.38506415,0.44,0.56,0.0,1.0,0.0,1.0,0.0,1.0
745189,2024-04-19,2024,642547,7,6.7418003,0.4102075,1.0,0.0,1.0,0.0,0.99,0.010000000000000009,0.73,0.27
746729,2024-04-19,2024,542881,2,4.2476964,0.3582459,0.95,0.050000000000000044,0.24,0.76,0.0,1.0,0.0,1.0
747136,2024-04-19,2024,571760,5,5.956918,0.4265975,1.0,0.0,1.0,0.0,0.84,0.16000000000000003,0.13,0.87
746729,2024-04-19,2024,666157,6,5.6807156,0.44531894,1.0,0.0,0.99,0.010000000000000009,0.66,0.33999999999999997,0.06,0.94
745518,2024-04-19,2024,678394,7,5.645567,0.55643594,1.0,0.0,0.99,0.010000000000000009,0.58,0.42000000000000004,0.09,0.91
746325,2024-04-19,2024,665152,3,4.8738666,0.4749227,1.0,0.0,0.79,0.20999999999999996,0.09,0.91,0.0,1.0
745352,2024-04-19,2024,605483,3,4.363683,0.3570388,0.99,0.010000000000000009,0.35,0.65,0.0,1.0,0.0,1.0
745592,2024-04-19,2024,605513,6,5.2254777,0.45895514,1.0,0.0,0.93,0.06999999999999995,0.25,0.75,0.0,1.0
745352,2024-04-19,2024,656756,3,4.686839,0.45011073,1.0,0.0,0.69,0.31000000000000005,0.03,0.97,0.0,1.0
745430,2024-04-19,2024,684320,7,5.45953,0.5395291,1.0,0.0,0.98,0.020000000000000018,0.46,0.54,0.04,0.96
745430,2024-04-19,2024,663362,2,5.001326,1.16692,0.91,0.08999999999999997,0.7,0.30000000000000004,0.28,0.72,0.12,0.88
746160,2024-04-19,2024,808967,9,7.8352795,0.81136614,1.0,0.0,1.0,0.0,1.0,0.0,0.96,0.040000000000000036
746160,2024-04-19,2024,640455,3,3.5792701,0.34490874,0.57,0.43000000000000005,0.01,0.99,0.0,1.0,0.0,1.0
745592,2024-04-19,2024,623167,4,3.1104543,0.28114355,0.1,0.9,0.0,1.0,0.0,1.0,0.0,1.0
746892,2024-04-19,2024,640462,4,4.9234834,0.37999815,1.0,0.0,0.88,0.12,0.04,0.96,0.0,1.0
746892,2024-04-19,2024,592791,4,4.61485,0.44361436,1.0,0.0,0.57,0.43000000000000005,0.02,0.98,0.0,1.0
745758,2024-04-19,2024,657376,7,6.8977294,0.72316986,1.0,0.0,1.0,0.0,0.97,0.030000000000000027,0.73,0.27
745592,2024-04-19,2024,676979,3,4.4837837,0.4702335,1.0,0.0,0.51,0.49,0.03,0.97,0.0,1.0
746893,2024-04-20,2024,665871,3,4.295038,0.30677032,0.99,0.010000000000000009,0.25,0.75,0.0,1.0,0.0,1.0
746570,2024-04-20,2024,622491,9,6.231304,0.60795736,1.0,0.0,1.0,0.0,0.85,0.15000000000000002,0.37,0.63
746570,2024-04-20,2024,641712,1,4.246422,0.5439717,0.93,0.06999999999999995,0.3,0.7,0.02,0.98,0.0,1.0
744865,2024-04-20,2024,669854,6,5.7685175,0.49897137,1.0,0.0,1.0,0.0,0.67,0.32999999999999996,0.06,0.94
746891,2024-04-20,2024,684007,5,7.30293,0.64814353,1.0,0.0,1.0,0.0,1.0,0.0,0.85,0.15000000000000002
746893,2024-04-20,2024,666200,6,6.65531,0.57184744,1.0,0.0,1.0,0.0,0.97,0.030000000000000027,0.66,0.33999999999999997
746156,2024-04-20,2024,676130,6,3.9066286,0.31522822,0.89,0.10999999999999999,0.04,0.96,0.0,1.0,0.0,1.0
746570,2024-04-20,2024,683627,2,2.448804,0.5283692,0.02,0.98,0.0,1.0,0.0,1.0,0.0,1.0
745190,2024-04-20,2024,669084,3,3.7519147,0.3015411,0.84,0.16000000000000003,0.01,0.99,0.0,1.0,0.0,1.0
745190,2024-04-20,2024,669467,0,2.1671996,0.27949223,0.0,1.0,0.0,1.0,0.0,1.0,0.0,1.0
745921,2024-04-20,2024,641927,6,4.868614,0.39956453,1.0,0.0,0.8,0.19999999999999996,0.07,0.9299999999999999,0.0,1.0
746156,2024-04-20,2024,694813,1,3.2040255,0.28212,0.19,0.81,0.0,1.0,0.0,1.0,0.0,1.0
745760,2024-04-20,2024,621107,6,3.8533955,0.34216172,0.85,0.15000000000000002,0.03,0.97,0.0,1.0,0.0,1.0
745760,2024-04-20,2024,641482,9,5.248598,0.39185244,1.0,0.0,0.97,0.030000000000000027,0.26,0.74,0.0,1.0
745921,2024-04-20,2024,681857,4,7.056023,0.57255495,1.0,0.0,1.0,0.0,1.0,0.0,0.83,0.17000000000000004
745590,2024-04-20,2024,554430,8,7.945885,0.7148316,1.0,0.0,1.0,0.0,1.0,0.0,0.97,0.030000000000000027
745590,2024-04-20,2024,647336,2,5.7287154,0.4173424,1.0,0.0,1.0,0.0,0.72,0.28,0.03,0.97
745190,2024-04-20,2024,571945,5,3.7495184,0.43463284,0.7,0.30000000000000004,0.04,0.96,0.0,1.0,0.0,1.0
744865,2024-04-20,2024,592866,4,2.7529762,0.24137263,0.0,1.0,0.0,1.0,0.0,1.0,0.0,1.0
746891,2024-04-20,2024,682610,7,3.9927683,0.31448635,0.93,0.06999999999999995,0.03,0.97,0.0,1.0,0.0,1.0
746324,2024-04-20,2024,666142,4,3.7333632,0.3763119,0.73,0.27,0.02,0.98,0.0,1.0,0.0,1.0
746726,2024-04-20,2024,607259,2,1.9209108,0.21171595,0.0,1.0,0.0,1.0,0.0,1.0,0.0,1.0
746726,2024-04-20,2024,663776,6,4.8007717,0.44115183,1.0,0.0,0.77,0.22999999999999998,0.06,0.94,0.0,1.0
746726,2024-04-20,2024,668933,4,3.4688654,0.4399048,0.44,0.56,0.0,1.0,0.0,1.0,0.0,1.0
745515,2024-04-20,2024,682847,2,1.7757319,0.24956876,0.0,1.0,0.0,1.0,0.0,1.0,0.0,1.0
745431,2024-04-20,2024,681190,3,5.887237,0.44981265,1.0,0.0,1.0,0.0,0.82,0.18000000000000005,0.09,0.91
745354,2024-04-20,2024,668678,6,5.7322307,0.46419764,1.0,0.0,1.0,0.0,0.65,0.35,0.06,0.94
745515,2024-04-20,2024,676710,6,7.0190034,0.5124509,1.0,0.0,1.0,0.0,1.0,0.0,0.86,0.14
746651,2024-04-20,2024,671106,4,4.860811,0.4084873,1.0,0.0,0.85,0.15000000000000002,0.02,0.98,0.0,1.0
747135,2024-04-20,2024,543135,6,6.5604863,0.5640621,1.0,0.0,1.0,0.0,0.98,0.020000000000000018,0.52,0.48
745431,2024-04-20,2024,621244,6,5.427449,0.53202665,1.0,0.0,0.95,0.050000000000000044,0.48,0.52,0.0,1.0
747135,2024-04-20,2024,450203,4,6.2489514,0.54075533,1.0,0.0,1.0,0.0,0.91,0.08999999999999997,0.32,0.6799999999999999
746324,2024-04-20,2024,669203,4,8.08735,0.6280653,1.0,0.0,1.0,0.0,1.0,0.0,0.99,0.010000000000000009
746651,2024-04-20,2024,622072,4,3.5888343,0.43762434,0.55,0.44999999999999996,0.02,0.98,0.0,1.0,0.0,1.0
745354,2024-04-20,2024,690986,5,4.001662,0.3911025,0.9,0.09999999999999998,0.12,0.88,0.0,1.0,0.0,1.0
745515,2024-04-20,2024,656605,4,4.70133,0.34645265,1.0,0.0,0.71,0.29000000000000004,0.01,0.99,0.0,1.0
746727,2024-04-21,2024,608718,2,2.04095,0.18827401,0.0,1.0,0.0,1.0,0.0,1.0,0.0,1.0
745192,2024-04-21,2024,607067,3,3.5067675,0.30878055,0.57,0.43000000000000005,0.0,1.0,0.0,1.0,0.0,1.0
745434,2024-04-21,2024,605397,3,6.8949456,0.5996484,1.0,0.0,1.0,0.0,1.0,0.0,0.72,0.28
745434,2024-04-21,2024,605135,4,5.0063987,0.47395438,1.0,0.0,0.87,0.13,0.15,0.85,0.01,0.99
745514,2024-04-21,2024,670174,1,1.8342943,0.30114514,0.0,1.0,0.0,1.0,0.0,1.0,0.0,1.0
745514,2024-04-21,2024,527048,7,4.5140014,0.36665198,1.0,0.0,0.54,0.45999999999999996,0.0,1.0,0.0,1.0
745514,2024-04-21,2024,656924,2,2.1622846,0.32864258,0.0,1.0,0.0,1.0,0.0,1.0,0.0,1.0
745353,2024-04-21,2024,677944,3,3.1640835,0.32360262,0.17,0.83,0.0,1.0,0.0,1.0,0.0,1.0
746154,2024-04-21,2024,701643,1,2.1316688,0.32655582,0.0,1.0,0.0,1.0,0.0,1.0,0.0,1.0
745353,2024-04-21,2024,663855,0,6.092769,0.60871774,1.0,0.0,0.99,0.010000000000000009,0.84,0.16000000000000003,0.25,0.75
746572,2024-04-21,2024,676106,4,4.910284,0.4016173,1.0,0.0,0.79,0.20999999999999996,0.05,0.95,0.0,1.0
746572,2024-04-21,2024,663567,5,2.9888709,0.35096475,0.1,0.9,0.0,1.0,0.0,1.0,0.0,1.0
746568,2024-04-21,2024,615698,4,5.0225782,0.65477955,1.0,0.0,0.8,0.19999999999999996,0.21,0.79,0.03,0.97
746572,2024-04-21,2024,663562,2,1.9508586,0.53703195,0.0,1.0,0.0,1.0,0.0,1.0,0.0,1.0
746568,2024-04-21,2024,669923,7,5.0567784,0.47523168,1.0,0.0,0.89,0.10999999999999999,0.2,0.8,0.0,1.0
745759,2024-04-21,2024,661563,9,6.0058346,0.5263017,1.0,0.0,1.0,0.0,0.86,0.14,0.18,0.8200000000000001
746894,2024-04-21,2024,665795,7,5.809716,0.5071092,1.0,0.0,0.99,0.010000000000000009,0.73,0.27,0.09,0.91
746894,2024-04-21,2024,543294,5,2.4908617,0.31017226,0.0,1.0,0.0,1.0,0.0,1.0,0.0,1.0
745759,2024-04-21,2024,650644,5,6.884616,0.5804705,1.0,0.0,1.0,0.0,0.99,0.010000000000000009,0.77,0.22999999999999998
746154,2024-04-21,2024,607192,10,8.138034,0.597279,1.0,0.0,1.0,0.0,1.0,0.0,1.0,0.0
745192,2024-04-21,2024,543243,12,6.565573,0.56423235,1.0,0.0,1.0,0.0,0.99,0.010000000000000009,0.53,0.47
744866,2024-04-21,2024,686613,6,4.355602,0.33572018,1.0,0.0,0.34,0.6599999999999999,0.0,1.0,0.0,1.0
746316,2024-04-21,2024,608344,2,3.9048047,0.33071673,0.9,0.09999999999999998,0.04,0.96,0.0,1.0,0.0,1.0
746316,2024-04-21,2024,607625,1,4.9698524,0.39516744,1.0,0.0,0.9,0.09999999999999998,0.08,0.92,0.0,1.0
746727,2024-04-21,2024,667755,7,6.0856757,0.48544198,1.0,0.0,1.0,0.0,0.87,0.13,0.22,0.78
747133,2024-04-21,2024,670241,2,4.7708344,0.44681332,1.0,0.0,0.75,0.25,0.03,0.97,0.0,1.0
745588,2024-04-21,2024,680897,3,4.8753214,0.3773189,1.0,0.0,0.85,0.15000000000000002,0.05,0.95,0.0,1.0
745588,2024-04-21,2024,605400,7,6.0762005,0.49575558,1.0,0.0,1.0,0.0,0.87,0.13,0.19,0.81
747133,2024-04-21,2024,547179,7,5.0489564,0.37451863,1.0,0.0,0.9,0.09999999999999998,0.13,0.87,0.0,1.0
746154,2024-04-21,2024,605288,3,2.8070796,0.30301532,0.01,0.99,0.0,1.0,0.0,1.0,0.0,1.0
746652,2024-04-21,2024,676440,8,5.1585383,0.4254017,1.0,0.0,0.91,0.08999999999999997,0.18,0.8200000000000001,0.0,1.0
745920,2024-04-21,2024,663554,4,4.6096396,0.35799086,1.0,0.0,0.59,0.41000000000000003,0.01,0.99,0.0,1.0
744866,2024-04-21,2024,680730,8,4.060903,0.37468156,0.93,0.06999999999999995,0.12,0.88,0.0,1.0,0.0,1.0
746652,2024-04-21,2024,548389,4,3.9420917,0.33774447,0.91,0.08999999999999997,0.06,0.94,0.0,1.0,0.0,1.0
745920,2024-04-21,2024,686973,2,3.4345965,0.31951752,0.47,0.53,0.0,1.0,0.0,1.0,0.0,1.0
747134,2024-04-22,2024,677960,1,6.0560303,0.57985705,1.0,0.0,1.0,0.0,0.81,0.18999999999999995,0.21,0.79
747134,2024-04-22,2024,693821,4,3.968705,0.3533724,0.9,0.09999999999999998,0.07,0.9299999999999999,0.0,1.0,0.0,1.0
745757,2024-04-22,2024,676664,7,4.5161366,0.3373895,1.0,0.0,0.55,0.44999999999999996,0.0,1.0,0.0,1.0
746723,2024-04-22,2024,624133,5,4.2457976,0.34640545,1.0,0.0,0.17,0.83,0.0,1.0,0.0,1.0
745916,2024-04-22,2024,663978,10,5.0599976,0.3768194,1.0,0.0,0.91,0.08999999999999997,0.13,0.87,0.0,1.0
745351,2024-04-22,2024,676775,6,5.131638,0.50541383,1.0,0.0,0.89,0.10999999999999999,0.19,0.81,0.01,0.99
746319,2024-04-22,2024,579328,4,5.3287835,0.42491654,1.0,0.0,0.96,0.040000000000000036,0.35,0.65,0.0,1.0
746319,2024-04-22,2024,663903,5,6.832422,0.45988005,1.0,0.0,1.0,0.0,0.99,0.010000000000000009,0.73,0.27
745351,2024-04-22,2024,500779,4,3.6652284,0.3549399,0.66,0.33999999999999997,0.01,0.99,0.0,1.0,0.0,1.0
746565,2024-04-22,2024,656302,8,6.9511986,0.5282286,1.0,0.0,1.0,0.0,1.0,0.0,0.8,0.19999999999999996
746565,2024-04-22,2024,596295,2,4.3170047,0.35024035,1.0,0.0,0.33,0.6699999999999999,0.0,1.0,0.0,1.0
745107,2024-04-22,2024,669373,9,5.7714787,0.5276844,1.0,0.0,0.99,0.010000000000000009,0.73,0.27,0.09,0.91
745916,2024-04-22,2024,678692,2,1.8695413,0.42910466,0.0,1.0,0.0,1.0,0.0,1.0,0.0,1.0
745191,2024-04-22,2024,694297,4,3.672337,0.24758613,0.79,0.20999999999999996,0.0,1.0,0.0,1.0,0.0,1.0
746242,2024-04-22,2024,672282,4,5.955421,0.44344294,1.0,0.0,1.0,0.0,0.84,0.16000000000000003,0.12,0.88
746242,2024-04-22,2024,544150,5,5.220234,0.43391654,1.0,0.0,0.96,0.040000000000000036,0.25,0.75,0.0,1.0
745519,2024-04-22,2024,605452,4,4.4499397,0.3536291,1.0,0.0,0.45,0.55,0.01,0.99,0.0,1.0
745757,2024-04-22,2024,607074,4,5.5168004,0.41761574,1.0,0.0,0.99,0.010000000000000009,0.48,0.52,0.02,0.98
745191,2024-04-22,2024,458681,7,4.92019,0.5368757,1.0,0.0,0.8,0.19999999999999996,0.14,0.86,0.01,0.99
745916,2024-04-22,2024,686563,5,4.4686046,0.3827327,0.99,0.010000000000000009,0.49,0.51,0.0,1.0,0.0,1.0
746723,2024-04-22,2024,668881,6,7.540398,0.52964324,1.0,0.0,1.0,0.0,1.0,0.0,0.97,0.030000000000000027
745107,2024-04-22,2024,641793,7,5.742922,0.48219058,1.0,0.0,1.0,0.0,0.69,0.31000000000000005,0.08,0.92
745519,2024-04-22,2024,683003,7,7.0811324,0.51229334,1.0,0.0,1.0,0.0,0.99,0.010000000000000009,0.89,0.10999999999999999
745348,2024-04-23,2024,622663,5,6.5283065,0.56443864,1.0,0.0,1.0,0.0,0.98,0.020000000000000018,0.51,0.49
745348,2024-04-23,2024,657277,4,6.0635223,0.69127387,1.0,0.0,1.0,0.0,0.8,0.19999999999999996,0.26,0.74
745754,2024-04-23,2024,621112,5,5.5391316,0.41225213,1.0,0.0,0.99,0.010000000000000009,0.6,0.4,0.03,0.97
745917,2024-04-23,2024,607200,11,4.011458,0.399468,0.91,0.08999999999999997,0.12,0.88,0.0,1.0,0.0,1.0
745917,2024-04-23,2024,543351,4,2.1349468,0.3500282,0.0,1.0,0.0,1.0,0.0,1.0,0.0,1.0
746888,2024-04-23,2024,641585,6,5.2924128,0.35717642,1.0,0.0,0.98,0.020000000000000018,0.3,0.7,0.0,1.0
746647,2024-04-23,2024,594902,7,5.3760815,0.41692692,1.0,0.0,0.99,0.010000000000000009,0.38,0.62,0.0,1.0
745193,2024-04-23,2024,571927,4,5.7369595,0.55895126,1.0,0.0,0.99,0.010000000000000009,0.64,0.36,0.06,0.94
745193,2024-04-23,2024,674072,6,4.3894997,0.41368398,0.99,0.010000000000000009,0.4,0.6,0.0,1.0,0.0,1.0
745193,2024-04-23,2024,668868,5,2.9299603,0.52662104,0.15,0.85,0.0,1.0,0.0,1.0,0.0,1.0
746647,2024-04-23,2024,656557,4,6.661251,0.6083576,1.0,0.0,1.0,0.0,0.97,0.030000000000000027,0.59,0.41000000000000003
746888,2024-04-23,2024,696136,4,5.7373657,0.47826397,1.0,0.0,0.97,0.030000000000000027,0.72,0.28,0.04,0.96
746888,2024-04-23,2024,661527,3,1.9089134,0.30745146,0.0,1.0,0.0,1.0,0.0,1.0,0.0,1.0
745917,2024-04-23,2024,641154,6,4.2920065,0.35141447,1.0,0.0,0.26,0.74,0.0,1.0,0.0,1.0
746566,2024-04-23,2024,663372,4,5.0611134,0.3431651,1.0,0.0,0.97,0.030000000000000027,0.1,0.9,0.0,1.0
745516,2024-04-23,2024,668964,4,4.617934,0.31567928,1.0,0.0,0.61,0.39,0.0,1.0,0.0,1.0
745102,2024-04-23,2024,686752,4,5.1991706,0.4332807,1.0,0.0,0.94,0.06000000000000005,0.27,0.73,0.0,1.0
746321,2024-04-23,2024,608379,4,5.0359154,0.38754982,1.0,0.0,0.92,0.07999999999999996,0.1,0.9,0.0,1.0
746246,2024-04-23,2024,656288,4,4.1033535,0.3013662,0.97,0.030000000000000027,0.11,0.89,0.0,1.0,0.0,1.0
746321,2024-04-23,2024,592332,2,7.4946265,0.62490046,1.0,0.0,1.0,0.0,1.0,0.0,0.96,0.040000000000000036
745026,2024-04-23,2024,641540,7,4.651811,0.40046778,1.0,0.0,0.65,0.35,0.01,0.99,0.0,1.0
747130,2024-04-23,2024,608331,6,5.657685,0.43447664,1.0,0.0,1.0,0.0,0.61,0.39,0.02,0.98
745102,2024-04-23,2024,628317,5,5.008538,0.43478745,1.0,0.0,0.87,0.13,0.1,0.9,0.0,1.0
746566,2024-04-23,2024,650633,5,4.0872645,0.3036925,0.97,0.030000000000000027,0.06,0.94,0.0,1.0,0.0,1.0
745516,2024-04-23,2024,663559,8,4.224649,0.43257827,0.99,0.010000000000000009,0.27,0.73,0.01,0.99,0.0,1.0
745754,2024-04-23,2024,573186,9,6.0102324,0.48312128,1.0,0.0,1.0,0.0,0.89,0.10999999999999999,0.18,0.8200000000000001
745026,2024-04-23,2024,669302,6,5.466535,0.49888715,1.0,0.0,0.96,0.040000000000000036,0.45,0.55,0.01,0.99
744863,2024-04-23,2024,572020,1,4.3052716,0.34955812,0.98,0.020000000000000018,0.26,0.74,0.0,1.0,0.0,1.0
746246,2024-04-23,2024,680570,7,5.1032653,0.4205275,1.0,0.0,0.9,0.09999999999999998,0.16,0.84,0.0,1.0
744863,2024-04-23,2024,571578,3,3.3120914,0.32239524,0.28,0.72,0.0,1.0,0.0,1.0,0.0,1.0
746722,2024-04-23,2024,671096,3,3.3214114,0.3488349,0.29,0.71,0.01,0.99,0.0,1.0,0.0,1.0
746722,2024-04-23,2024,650911,3,4.7158446,0.5147456,0.98,0.020000000000000018,0.68,0.31999999999999995,0.06,0.94,0.0,1.0
747130,2024-04-23,2024,669432,4,3.5901437,0.4655628,0.51,0.49,0.04,0.96,0.0,1.0,0.0,1.0
745188,2024-04-24,2024,502043,6,3.4985678,0.2635652,0.54,0.45999999999999996,0.0,1.0,0.0,1.0,0.0,1.0
745919,2024-04-24,2024,657746,8,6.468609,0.45835143,1.0,0.0,1.0,0.0,0.98,0.020000000000000018,0.57,0.43000000000000005
745919,2024-04-24,2024,676979,6,5.281455,0.5428334,1.0,0.0,0.94,0.06000000000000005,0.32,0.6799999999999999,0.03,0.97
744864,2024-04-24,2024,663623,3,6.8016663,0.50482935,1.0,0.0,1.0,0.0,0.99,0.010000000000000009,0.75,0.25
745188,2024-04-24,2024,656756,4,5.036947,0.40409827,1.0,0.0,0.93,0.06999999999999995,0.11,0.89,0.0,1.0
745753,2024-04-24,2024,671212,6,5.9568114,0.45567897,1.0,0.0,1.0,0.0,0.84,0.16000000000000003,0.11,0.89
746649,2024-04-24,2024,681867,3,3.3179138,0.2888975,0.27,0.73,0.0,1.0,0.0,1.0,0.0,1.0
746649,2024-04-24,2024,471911,4,4.201279,0.36416927,0.98,0.020000000000000018,0.21,0.79,0.0,1.0,0.0,1.0
746649,2024-04-24,2024,658648,2,2.432464,0.25540793,0.0,1.0,0.0,1.0,0.0,1.0,0.0,1.0
745028,2024-04-24,2024,592351,7,6.7089276,0.6241676,1.0,0.0,1.0,0.0,0.97,0.030000000000000027,0.65,0.35
746317,2024-04-24,2024,684320,2,3.8118813,0.36157632,0.8,0.19999999999999996,0.04,0.96,0.0,1.0,0.0,1.0
746317,2024-04-24,2024,679525,1,3.5727777,0.23963504,0.62,0.38,0.0,1.0,0.0,1.0,0.0,1.0
746317,2024-04-24,2024,672582,3,2.3524206,0.32969788,0.0,1.0,0.0,1.0,0.0,1.0,0.0,1.0
746244,2024-04-24,2024,542881,7,4.3363194,0.45487818,0.97,0.030000000000000027,0.34,0.6599999999999999,0.0,1.0,0.0,1.0
746725,2024-04-24,2024,666157,4,6.723918,0.56695634,1.0,0.0,1.0,0.0,0.99,0.010000000000000009,0.65,0.35
746725,2024-04-24,2024,605513,8,4.057381,0.34391415,0.93,0.06999999999999995,0.08,0.92,0.0,1.0,0.0,1.0
745513,2024-04-24,2024,682847,4,2.8376389,0.29753566,0.03,0.97,0.0,1.0,0.0,1.0,0.0,1.0
745513,2024-04-24,2024,669060,3,3.6545522,0.23607017,0.73,0.27,0.0,1.0,0.0,1.0,0.0,1.0
746244,2024-04-24,2024,665152,10,5.7372575,0.61306757,1.0,0.0,0.98,0.020000000000000018,0.65,0.35,0.11,0.89
744864,2024-04-24,2024,689017,5,5.70357,0.42351523,1.0,0.0,1.0,0.0,0.68,0.31999999999999995,0.01,0.99
745028,2024-04-24,2024,682243,5,5.420486,0.6078129,1.0,0.0,0.95,0.050000000000000044,0.47,0.53,0.03,0.97
745346,2024-04-24,2024,640455,6,4.9967113,0.48054352,1.0,0.0,0.8,0.19999999999999996,0.14,0.86,0.0,1.0
747132,2024-04-24,2024,664350,3,2.8921847,0.29084122,0.04,0.96,0.0,1.0,0.0,1.0,0.0,1.0
745753,2024-04-24,2024,657376,6,5.0704083,0.5080717,1.0,0.0,0.88,0.12,0.25,0.75,0.0,1.0
746889,2024-04-24,2024,592791,4,5.057739,0.4168734,1.0,0.0,0.91,0.08999999999999997,0.18,0.8200000000000001,0.0,1.0
745099,2024-04-24,2024,641302,4,2.3980563,0.25629133,0.0,1.0,0.0,1.0,0.0,1.0,0.0,1.0
745099,2024-04-24,2024,656427,6,5.996604,0.42026937,1.0,0.0,1.0,0.0,0.9,0.09999999999999998,0.12,0.88
746567,2024-04-24,2024,663362,5,5.002389,1.199371,0.89,0.10999999999999999,0.63,0.37,0.35,0.65,0.13,0.87
746889,2024-04-24,2024,681293,7,5.777407,0.41108516,1.0,0.0,1.0,0.0,0.73,0.27,0.05,0.95
747132,2024-04-24,2024,625643,6,5.079276,0.3937666,1.0,0.0,0.88,0.12,0.11,0.89,0.0,1.0
746567,2024-04-24,2024,621389,0,3.5609589,0.38515994,0.54,0.45999999999999996,0.0,1.0,0.0,1.0,0.0,1.0
746567,2024-04-24,2024,683627,0,1.9837842,0.18605517,0.0,1.0,0.0,1.0,0.0,1.0,0.0,1.0
746887,2024-04-25,2024,434378,7,5.6099153,0.45536244,1.0,0.0,1.0,0.0,0.61,0.39,0.02,0.98
744867,2024-04-25,2024,808967,7,7.4859257,0.64967847,1.0,0.0,1.0,0.0,1.0,0.0,0.92,0.07999999999999996
746320,2024-04-25,2024,666142,4,3.8217633,0.30489367,0.84,0.16000000000000003,0.01,0.99,0.0,1.0,0.0,1.0
744867,2024-04-25,2024,669022,4,7.03077,0.5971417,1.0,0.0,1.0,0.0,1.0,0.0,0.83,0.17000000000000004
746724,2024-04-25,2024,607259,3,4.6617,0.3668818,1.0,0.0,0.69,0.31000000000000005,0.0,1.0,0.0,1.0
746320,2024-04-25,2024,621244,1,2.8349197,0.3643814,0.05,0.95,0.0,1.0,0.0,1.0,0.0,1.0
746564,2024-04-25,2024,641712,4,2.4777384,0.23650317,0.0,1.0,0.0,1.0,0.0,1.0,0.0,1.0
745918,2024-04-25,2024,647336,1,2.1346178,0.2786006,0.0,1.0,0.0,1.0,0.0,1.0,0.0,1.0
746887,2024-04-25,2024,665871,5,4.102353,0.32421935,0.96,0.040000000000000036,0.11,0.89,0.0,1.0,0.0,1.0
746724,2024-04-25,2024,554430,8,6.4533315,0.48300532,1.0,0.0,1.0,0.0,0.97,0.030000000000000027,0.54,0.45999999999999996
745512,2024-04-25,2024,656605,7,6.3398757,0.49045512,1.0,0.0,1.0,0.0,0.98,0.020000000000000018,0.35,0.65
745512,2024-04-25,2024,642547,5,5.6746397,0.42562675,1.0,0.0,1.0,0.0,0.62,0.38,0.03,0.97
746646,2024-04-25,2024,663474,7,4.574415,0.37409544,1.0,0.0,0.55,0.44999999999999996,0.0,1.0,0.0,1.0
746646,2024-04-25,2024,502624,0,2.4274597,0.33394173,0.0,1.0,0.0,1.0,0.0,1.0,0.0,1.0
745027,2024-04-25,2024,622491,6,6.8526306,0.45432398,1.0,0.0,1.0,0.0,1.0,0.0,0.78,0.21999999999999997
745755,2024-04-25,2024,622072,5,5.5292115,0.48344287,1.0,0.0,1.0,0.0,0.52,0.48,0.04,0.96
745755,2024-04-25,2024,641482,4,5.0835147,0.42324686,1.0,0.0,0.92,0.07999999999999996,0.15,0.85,0.0,1.0
745027,2024-04-25,2024,571760,7,4.66148,0.3508382,1.0,0.0,0.71,0.29000000000000004,0.0,1.0,0.0,1.0
746564,2024-04-25,2024,681190,2,4.7310977,0.45858368,1.0,0.0,0.69,0.31000000000000005,0.04,0.96,0.0,1.0
745918,2024-04-25,2024,680573,6,6.3863564,0.49237707,1.0,0.0,1.0,0.0,0.96,0.040000000000000036,0.44,0.56
745347,2024-04-26,2024,690986,7,5.7791023,0.5783964,1.0,0.0,0.97,0.030000000000000027,0.73,0.27,0.11,0.89
746243,2024-04-26,2024,663776,4,6.087946,0.51223457,1.0,0.0,1.0,0.0,0.89,0.10999999999999999,0.19,0.81
746078,2024-04-26,2024,592866,1,3.74789,0.513469,0.66,0.33999999999999997,0.1,0.9,0.0,1.0,0.0,1.0
745835,2024-04-26,2024,571945,5,4.9395723,0.40299731,1.0,0.0,0.87,0.13,0.08,0.92,0.0,1.0
745835,2024-04-26,2024,676130,4,4.654745,0.30850595,1.0,0.0,0.68,0.31999999999999995,0.01,0.99,0.0,1.0
746972,2024-04-26,2024,684007,7,7.3324456,0.7384937,1.0,0.0,1.0,0.0,0.99,0.010000000000000009,0.86,0.14
746972,2024-04-26,2024,676710,4,5.38509,0.44499934,1.0,0.0,0.99,0.010000000000000009,0.41,0.5900000000000001,0.0,1.0
745347,2024-04-26,2024,682990,6,4.2563396,0.2642711,1.0,0.0,0.17,0.83,0.0,1.0,0.0,1.0
746243,2024-04-26,2024,641927,8,5.374989,0.41372988,1.0,0.0,0.99,0.010000000000000009,0.4,0.6,0.0,1.0
746482,2024-04-26,2024,607625,9,6.444947,0.503889,1.0,0.0,1.0,0.0,0.96,0.040000000000000036,0.49,0.51
744949,2024-04-26,2024,694813,2,5.1979814,0.37521246,1.0,0.0,0.98,0.020000000000000018,0.24,0.76,0.0,1.0
745424,2024-04-26,2024,605400,10,7.0268397,0.5410827,1.0,0.0,1.0,0.0,0.99,0.010000000000000009,0.8,0.19999999999999996
745424,2024-04-26,2024,605397,4,5.647032,0.45143086,1.0,0.0,0.98,0.020000000000000018,0.64,0.36,0.03,0.97
745269,2024-04-26,2024,668678,3,2.5050347,0.2435633,0.0,1.0,0.0,1.0,0.0,1.0,0.0,1.0
745269,2024-04-26,2024,676106,4,4.8991756,0.38595682,1.0,0.0,0.87,0.13,0.04,0.96,0.0,1.0
747050,2024-04-26,2024,548389,3,5.1967793,0.3656143,1.0,0.0,0.97,0.030000000000000027,0.22,0.78,0.0,1.0
747129,2024-04-26,2024,671106,5,4.892622,0.411899,1.0,0.0,0.86,0.14,0.09,0.91,0.0,1.0
747129,2024-04-26,2024,519242,6,7.201092,0.56533164,1.0,0.0,1.0,0.0,1.0,0.0,0.9,0.09999999999999998
746000,2024-04-26,2024,607067,4,3.5916061,0.3085131,0.62,0.38,0.0,1.0,0.0,1.0,0.0,1.0
744949,2024-04-26,2024,605135,4,4.4974227,0.40513894,1.0,0.0,0.44,0.56,0.01,0.99,0.0,1.0
745025,2024-04-26,2024,668933,3,4.4647374,0.5061341,0.99,0.010000000000000009,0.46,0.54,0.02,0.98,0.0,1.0
746808,2024-04-26,2024,623167,2,3.3384662,0.31689262,0.28,0.72,0.0,1.0,0.0,1.0,0.0,1.0
747050,2024-04-26,2024,669203,6,7.7696877,0.5290862,1.0,0.0,1.0,0.0,1.0,0.0,1.0,0.0
746808,2024-04-26,2024,541640,3,2.4814188,0.30926982,0.0,1.0,0.0,1.0,0.0,1.0,0.0,1.0
746000,2024-04-26,2024,661563,6,5.798834,0.46477032,1.0,0.0,1.0,0.0,0.68,0.31999999999999995,0.09,0.91
747050,2024-04-26,2024,687765,2,2.9593332,0.4625761,0.11,0.89,0.0,1.0,0.0,1.0,0.0,1.0
745025,2024-04-26,2024,543135,8,5.719784,0.47605968,1.0,0.0,0.99,0.010000000000000009,0.69,0.31000000000000005,0.05,0.95
746808,2024-04-26,2024,621107,4,4.881033,0.40772113,1.0,0.0,0.82,0.18000000000000005,0.07,0.9299999999999999,0.0,1.0
746482,2024-04-26,2024,681857,8,6.7910786,0.52336067,1.0,0.0,1.0,0.0,0.99,0.010000000000000009,0.71,0.29000000000000004
746075,2024-04-27,2024,680730,2,4.758431,0.565087,1.0,0.0,0.72,0.28,0.08,0.92,0.01,0.99
745020,2024-04-27,2024,547179,3,6.425949,0.5285092,1.0,0.0,1.0,0.0,0.96,0.040000000000000036,0.46,0.54
745020,2024-04-27,2024,570632,3,2.1752164,0.31077665,0.0,1.0,0.0,1.0,0.0,1.0,0.0,1.0
745425,2024-04-27,2024,670970,5,3.2264524,0.33906963,0.22,0.78,0.0,1.0,0.0,1.0,0.0,1.0
747052,2024-04-27,2024,676664,8,5.964865,0.5278108,1.0,0.0,1.0,0.0,0.78,0.21999999999999997,0.13,0.87
745020,2024-04-27,2024,668881,6,7.6641407,0.4619833,1.0,0.0,1.0,0.0,1.0,0.0,0.99,0.010000000000000009
745350,2024-04-27,2024,663855,9,5.8220797,0.7023788,1.0,0.0,0.95,0.050000000000000044,0.72,0.28,0.16,0.84
745425,2024-04-27,2024,656302,5,5.818604,0.42494714,1.0,0.0,1.0,0.0,0.76,0.24,0.04,0.96
747052,2024-04-27,2024,608344,5,4.698593,0.3812009,1.0,0.0,0.71,0.29000000000000004,0.01,0.99,0.0,1.0
745350,2024-04-27,2024,527048,4,3.992839,0.39105976,0.87,0.13,0.12,0.88,0.0,1.0,0.0,1.0
745425,2024-04-27,2024,624133,8,5.1686525,0.40363136,1.0,0.0,0.94,0.06000000000000005,0.21,0.79,0.01,0.99
746245,2024-04-27,2024,667755,1,2.5174904,0.34095284,0.0,1.0,0.0,1.0,0.0,1.0,0.0,1.0
746484,2024-04-27,2024,663903,6,5.680989,0.39305955,1.0,0.0,1.0,0.0,0.71,0.29000000000000004,0.0,1.0
746560,2024-04-27,2024,669854,8,5.6865816,0.53191423,1.0,0.0,0.98,0.020000000000000018,0.65,0.35,0.06,0.94
746560,2024-04-27,2024,615698,2,5.495416,0.5337529,1.0,0.0,0.99,0.010000000000000009,0.46,0.54,0.02,0.98
746971,2024-04-27,2024,605155,1,2.3496652,0.26824036,0.0,1.0,0.0,1.0,0.0,1.0,0.0,1.0
746971,2024-04-27,2024,670174,1,2.2550924,0.33132932,0.0,1.0,0.0,1.0,0.0,1.0,0.0,1.0
746484,2024-04-27,2024,663554,2,5.6186414,0.4332537,1.0,0.0,1.0,0.0,0.62,0.38,0.02,0.98
746971,2024-04-27,2024,676962,4,3.4514344,0.41958657,0.46,0.54,0.0,1.0,0.0,1.0,0.0,1.0
746803,2024-04-27,2024,686563,5,5.804434,0.47019204,1.0,0.0,1.0,0.0,0.75,0.25,0.09,0.91
747131,2024-04-27,2024,450203,6,6.284951,0.52956283,1.0,0.0,1.0,0.0,0.95,0.050000000000000044,0.34,0.6599999999999999
746803,2024-04-27,2024,650644,3,4.3790693,0.44600162,0.97,0.030000000000000027,0.37,0.63,0.01,0.99,0.0,1.0
745998,2024-04-27,2024,607074,8,5.4058642,0.40780494,1.0,0.0,0.98,0.020000000000000018,0.46,0.54,0.0,1.0
745833,2024-04-27,2024,605288,2,3.5871634,0.29608065,0.66,0.33999999999999997,0.0,1.0,0.0,1.0,0.0,1.0
745998,2024-04-27,2024,600986,1,1.9578085,0.33589166,0.0,1.0,0.0,1.0,0.0,1.0,0.0,1.0
745998,2024-04-27,2024,605452,5,4.3316207,0.33182883,0.99,0.010000000000000009,0.31,0.69,0.0,1.0,0.0,1.0
746075,2024-04-27,2024,665795,4,3.561801,0.387373,0.57,0.43000000000000005,0.0,1.0,0.0,1.0,0.0,1.0
747131,2024-04-27,2024,676440,9,6.280173,0.5124924,1.0,0.0,1.0,0.0,0.95,0.050000000000000044,0.34,0.6599999999999999
746245,2024-04-27,2024,608334,2,2.6300256,0.37762484,0.02,0.98,0.0,1.0,0.0,1.0,0.0,1.0
746245,2024-04-27,2024,660761,1,2.5697243,0.3187353,0.0,1.0,0.0,1.0,0.0,1.0,0.0,1.0
745266,2024-04-27,2024,669923,12,6.6890035,0.5511532,1.0,0.0,1.0,0.0,0.97,0.030000000000000027,0.67,0.32999999999999996
744946,2024-04-27,2024,607192,9,8.708562,0.70584834,1.0,0.0,1.0,0.0,1.0,0.0,1.0,0.0
744946,2024-04-27,2024,579328,3,6.086591,0.5513321,1.0,0.0,1.0,0.0,0.83,0.17000000000000004,0.24,0.76
745266,2024-04-27,2024,677944,8,4.9484553,0.3258406,1.0,0.0,0.91,0.08999999999999997,0.03,0.97,0.0,1.0
746245,2024-04-27,2024,663978,2,4.779431,0.37350526,1.0,0.0,0.79,0.20999999999999996,0.02,0.98,0.0,1.0
746075,2024-04-27,2024,592288,2,2.1373951,0.34638306,0.0,1.0,0.0,1.0,0.0,1.0,0.0,1.0
745833,2024-04-27,2024,543243,9,6.2200913,0.49152178,1.0,0.0,1.0,0.0,0.9,0.09999999999999998,0.28,0.72
746483,2024-04-28,2024,608379,3,4.109282,0.38085604,0.93,0.06999999999999995,0.13,0.87,0.0,1.0,0.0,1.0
744947,2024-04-28,2024,642232,2,2.321816,0.3121803,0.0,1.0,0.0,1.0,0.0,1.0,0.0,1.0
747125,2024-04-28,2024,693821,2,3.547495,0.3258693,0.63,0.37,0.0,1.0,0.0,1.0,0.0,1.0
746561,2024-04-28,2024,664285,6,5.4945498,0.5010477,1.0,0.0,0.97,0.030000000000000027,0.48,0.52,0.03,0.97
747045,2024-04-28,2024,666205,2,2.8319848,0.34510037,0.04,0.96,0.0,1.0,0.0,1.0,0.0,1.0
747045,2024-04-28,2024,621112,5,3.7536042,0.25203118,0.81,0.18999999999999995,0.0,1.0,0.0,1.0,0.0,1.0
746483,2024-04-28,2024,669373,6,5.9868374,0.50511116,1.0,0.0,1.0,0.0,0.82,0.18000000000000005,0.12,0.88
747125,2024-04-28,2024,594902,5,3.9796228,0.3776665,0.92,0.07999999999999996,0.08,0.92,0.0,1.0,0.0,1.0
744947,2024-04-28,2024,592332,5,6.8937473,0.558358,1.0,0.0,1.0,0.0,1.0,0.0,0.73,0.27
746237,2024-04-28,2024,672282,3,5.953114,0.48500794,1.0,0.0,0.99,0.010000000000000009,0.84,0.16000000000000003,0.12,0.88
746237,2024-04-28,2024,641154,8,6.2617383,0.45250708,1.0,0.0,1.0,0.0,0.95,0.050000000000000044,0.32,0.6799999999999999
745265,2024-04-28,2024,669302,9,6.2338257,0.4974739,1.0,0.0,1.0,0.0,0.95,0.050000000000000044,0.31,0.69
746561,2024-04-28,2024,596295,2,3.3319216,0.3611245,0.33,0.6699999999999999,0.01,0.99,0.0,1.0,0.0,1.0
746001,2024-04-28,2024,676083,0,3.3727398,0.34561574,0.34,0.6599999999999999,0.0,1.0,0.0,1.0,0.0,1.0
745834,2024-04-28,2024,669461,0,3.1190872,0.34823117,0.15,0.85,0.0,1.0,0.0,1.0,0.0,1.0
746001,2024-04-28,2024,573186,4,3.8001196,0.41742182,0.74,0.26,0.03,0.97,0.0,1.0,0.0,1.0
745428,2024-04-28,2024,592836,4,4.743663,0.3915735,1.0,0.0,0.73,0.27,0.01,0.99,0.0,1.0
746077,2024-04-28,2024,571578,4,4.9708858,0.3907345,1.0,0.0,0.89,0.10999999999999999,0.11,0.89,0.0,1.0
746077,2024-04-28,2024,677960,3,5.622447,0.45822433,1.0,0.0,0.98,0.020000000000000018,0.58,0.42000000000000004,0.02,0.98
745349,2024-04-28,2024,676775,5,4.654556,0.42874753,1.0,0.0,0.65,0.35,0.03,0.97,0.0,1.0
745349,2024-04-28,2024,683003,3,6.003748,0.44207695,1.0,0.0,1.0,0.0,0.87,0.13,0.13,0.87
745428,2024-04-28,2024,650633,6,5.990533,0.40876895,1.0,0.0,1.0,0.0,0.87,0.13,0.13,0.87
747045,2024-04-28,2024,544150,6,5.2463865,0.51201886,0.99,0.010000000000000009,0.94,0.06000000000000005,0.31,0.69,0.0,1.0
745022,2024-04-28,2024,641540,10,3.3836246,0.31028938,0.34,0.6599999999999999,0.0,1.0,0.0,1.0,0.0,1.0
746001,2024-04-28,2024,668964,5,2.8466763,0.26536646,0.0,1.0,0.0,1.0,0.0,1.0,0.0,1.0
746805,2024-04-28,2024,607200,9,6.3849125,0.5636828,1.0,0.0,1.0,0.0,0.94,0.06000000000000005,0.47,0.53
745022,2024-04-28,2024,671096,7,4.7925434,0.39585534,1.0,0.0,0.77,0.22999999999999998,0.03,0.97,0.0,1.0
746967,2024-04-28,2024,669713,3,3.8845108,0.3702532,0.86,0.14,0.06,0.94,0.0,1.0,0.0,1.0
746967,2024-04-28,2024,656557,9,7.163011,0.5953015,1.0,0.0,1.0,0.0,1.0,0.0,0.85,0.15000000000000002
745834,2024-04-28,2024,458681,3,4.8354454,0.32027325,1.0,0.0,0.85,0.15000000000000002,0.02,0.98,0.0,1.0
745834,2024-04-28,2024,500779,3,5.4260297,0.38421822,1.0,0.0,0.98,0.020000000000000018,0.45,0.55,0.0,1.0
746805,2024-04-28,2024,641793,6,6.2469244,0.591066,1.0,0.0,1.0,0.0,0.9,0.09999999999999998,0.34,0.6599999999999999
745265,2024-04-28,2024,694297,11,5.9451127,0.47051612,1.0,0.0,1.0,0.0,0.84,0.16000000000000003,0.13,0.87
747211,2024-04-29,2024,663531,0,2.870033,0.33710533,0.05,0.95,0.0,1.0,0.0,1.0,0.0,1.0
745832,2024-04-29,2024,592791,1,3.9179986,0.4198605,0.84,0.16000000000000003,0.09,0.91,0.0,1.0,0.0,1.0
745832,2024-04-29,2024,622663,5,6.2081475,0.4370601,1.0,0.0,1.0,0.0,0.96,0.040000000000000036,0.25,0.75
747211,2024-04-29,2024,674072,0,2.8435688,0.1838659,0.0,1.0,0.0,1.0,0.0,1.0,0.0,1.0
745263,2024-04-29,2024,608331,7,5.2221127,0.46976972,1.0,0.0,0.93,0.06999999999999995,0.28,0.72,0.0,1.0
747211,2024-04-29,2024,572020,4,5.15314,0.44411424,1.0,0.0,0.89,0.10999999999999999,0.23,0.77,0.0,1.0
745263,2024-04-29,2024,682243,10,6.747901,0.52796984,1.0,0.0,1.0,0.0,1.0,0.0,0.67,0.32999999999999996
744945,2024-04-29,2024,680742,3,3.53159,0.28250957,0.56,0.43999999999999995,0.0,1.0,0.0,1.0,0.0,1.0
744945,2024-04-29,2024,684320,1,4.878336,0.3790713,1.0,0.0,0.84,0.16000000000000003,0.06,0.94,0.0,1.0
745427,2024-04-29,2024,663362,4,5.5264616,1.2528101,0.97,0.030000000000000027,0.77,0.22999999999999998,0.48,0.52,0.21,0.79
746236,2024-04-29,2024,650911,1,3.8778164,0.5376842,0.76,0.24,0.08,0.92,0.01,0.99,0.0,1.0
746804,2024-04-29,2024,676979,7,5.2192016,0.5204153,1.0,0.0,0.9,0.09999999999999998,0.29,0.71,0.0,1.0
746236,2024-04-29,2024,656288,1,3.7473028,0.32971954,0.75,0.25,0.0,1.0,0.0,1.0,0.0,1.0
746804,2024-04-29,2024,657746,3,7.41893,0.5520737,1.0,0.0,1.0,0.0,1.0,0.0,0.96,0.040000000000000036
745999,2024-04-29,2024,669060,6,4.851468,0.3316153,1.0,0.0,0.87,0.13,0.03,0.97,0.0,1.0
745672,2024-04-29,2024,663559,5,2.9152212,0.3471634,0.04,0.96,0.0,1.0,0.0,1.0,0.0,1.0
746074,2024-04-29,2024,669432,3,4.3960276,0.36272043,0.99,0.010000000000000009,0.42,0.5800000000000001,0.01,0.99,0.0,1.0
746074,2024-04-29,2024,663623,3,5.8231697,0.4556053,1.0,0.0,1.0,0.0,0.73,0.27,0.04,0.96
745999,2024-04-29,2024,686752,7,6.2374983,0.46457848,1.0,0.0,1.0,0.0,0.94,0.06000000000000005,0.28,0.72
745672,2024-04-29,2024,672710,3,2.5816455,0.3678158,0.0,1.0,0.0,1.0,0.0,1.0,0.0,1.0
745427,2024-04-29,2024,666157,11,7.505497,0.52587736,1.0,0.0,1.0,0.0,1.0,0.0,0.96,0.040000000000000036
747046,2024-04-29,2024,657376,5,4.8616314,0.57713753,1.0,0.0,0.76,0.24,0.1,0.9,0.01,0.99
747046,2024-04-29,2024,680570,3,6.2287188,0.45045558,1.0,0.0,1.0,0.0,0.96,0.040000000000000036,0.25,0.75
745672,2024-04-29,2024,671212,4,6.102593,0.46659744,1.0,0.0,1.0,0.0,0.91,0.08999999999999997,0.19,0.81
745997,2024-04-30,2024,682052,1,2.8458855,0.21638562,0.0,1.0,0.0,1.0,0.0,1.0,0.0,1.0
745426,2024-04-30,2024,506433,3,4.030428,0.33777195,0.97,0.030000000000000027,0.07,0.9299999999999999,0.0,1.0,0.0,1.0
745018,2024-04-30,2024,669022,7,6.0841346,0.5236617,1.0,0.0,1.0,0.0,0.86,0.14,0.2,0.8
745997,2024-04-30,2024,642547,7,4.892341,0.35368034,1.0,0.0,0.85,0.15000000000000002,0.07,0.9299999999999999,0.0,1.0
746481,2024-04-30,2024,571927,1,3.250522,0.34910032,0.22,0.78,0.0,1.0,0.0,1.0,0.0,1.0
746073,2024-04-30,2024,663372,3,4.2759113,0.39472395,0.99,0.010000000000000009,0.28,0.72,0.0,1.0,0.0,1.0
746477,2024-04-30,2024,502043,9,5.6619997,0.41606086,1.0,0.0,1.0,0.0,0.64,0.36,0.02,0.98
746477,2024-04-30,2024,656427,14,6.468893,0.5324653,1.0,0.0,1.0,0.0,0.98,0.020000000000000018,0.49,0.51
746481,2024-04-30,2024,656412,3,2.6215951,0.38831177,0.01,0.99,0.0,1.0,0.0,1.0,0.0,1.0
745018,2024-04-30,2024,592351,3,6.2654247,0.50146127,1.0,0.0,1.0,0.0,0.94,0.06000000000000005,0.37,0.63
744942,2024-04-30,2024,621244,3,4.213724,0.4279697,0.96,0.040000000000000036,0.25,0.75,0.0,1.0,0.0,1.0
744942,2024-04-30,2024,666142,9,7.331506,0.58733106,1.0,0.0,1.0,0.0,1.0,0.0,0.94,0.06000000000000005
746481,2024-04-30,2024,666159,7,7.295499,0.62789714,1.0,0.0,1.0,0.0,1.0,0.0,0.9,0.09999999999999998
745426,2024-04-30,2024,607259,3,3.8785279,0.32993805,0.86,0.14,0.03,0.97,0.0,1.0,0.0,1.0
746073,2024-04-30,2024,664350,3,4.0920978,0.37475494,0.95,0.050000000000000044,0.13,0.87,0.0,1.0,0.0,1.0
747210,2024-04-30,2024,686826,4,1.9313866,0.2395724,0.0,1.0,0.0,1.0,0.0,1.0,0.0,1.0
746239,2024-04-30,2024,605513,6,5.731315,0.44056037,1.0,0.0,1.0,0.0,0.73,0.27,0.06,0.94
747210,2024-04-30,2024,689017,2,2.5497031,0.2651887,0.01,0.99,0.0,1.0,0.0,1.0,0.0,1.0
747047,2024-04-30,2024,665152,4,5.007771,0.50374335,1.0,0.0,0.86,0.14,0.16,0.84,0.0,1.0
746398,2024-04-30,2024,471911,3,3.7669942,0.35905692,0.78,0.21999999999999997,0.03,0.97,0.0,1.0,0.0,1.0
747047,2024-04-30,2024,641482,5,4.736403,0.48229983,1.0,0.0,0.65,0.35,0.05,0.95,0.0,1.0
745260,2024-04-30,2024,625643,7,5.0949063,0.41314366,1.0,0.0,0.96,0.040000000000000036,0.17,0.83,0.0,1.0
745260,2024-04-30,2024,622491,7,7.2220516,0.53842217,1.0,0.0,1.0,0.0,1.0,0.0,0.86,0.14
746239,2024-04-30,2024,542881,6,3.8762925,0.36727378,0.84,0.16000000000000003,0.05,0.95,0.0,1.0,0.0,1.0
746968,2024-04-30,2024,657277,4,4.4035683,0.53855014,0.96,0.040000000000000036,0.46,0.54,0.02,0.98,0.0,1.0
746968,2024-04-30,2024,681867,4,3.3955853,0.36100438,0.36,0.64,0.0,1.0,0.0,1.0,0.0,1.0
746968,2024-04-30,2024,694738,4,3.6343327,0.47318605,0.58,0.42000000000000004,0.04,0.96,0.0,1.0,0.0,1.0
745673,2024-04-30,2024,622072,4,4.5879064,0.5123023,0.98,0.020000000000000018,0.61,0.39,0.04,0.96,0.0,1.0
745673,2024-04-30,2024,656605,7,5.7090955,0.38546002,1.0,0.0,1.0,0.0,0.74,0.26,0.02,0.98
745831,2024-04-30,2024,640455,3,4.7715683,0.41581178,1.0,0.0,0.76,0.24,0.04,0.96,0.0,1.0
745831,2024-04-30,2024,665871,1,3.9606094,0.31557,0.91,0.08999999999999997,0.03,0.97,0.0,1.0,0.0,1.0
746806,2024-04-30,2024,647336,3,3.6289785,0.35698816,0.6,0.4,0.0,1.0,0.0,1.0,0.0,1.0
746806,2024-04-30,2024,680573,2,4.579149,0.31746945,1.0,0.0,0.54,0.45999999999999996,0.0,1.0,0.0,1.0
746398,2024-04-30,2024,686613,7,5.4214644,0.4062186,1.0,0.0,1.0,0.0,0.4,0.6,0.0,1.0
745997,2024-04-30,2024,641302,3,3.6808228,0.32958594,0.7,0.30000000000000004,0.02,0.98,0.0,1.0,0.0,1.0
745261,2024-05-01,2024,519242,9,6.9534326,0.53869194,1.0,0.0,1.0,0.0,0.99,0.010000000000000009,0.82,0.18000000000000005
746238,2024-05-01,2024,554430,6,7.1948147,0.57979333,1.0,0.0,1.0,0.0,1.0,0.0,0.91,0.08999999999999997
746238,2024-05-01,2024,663776,10,6.523013,0.45883766,1.0,0.0,1.0,0.0,0.98,0.020000000000000018,0.49,0.51
745829,2024-05-01,2024,676130,6,5.021437,0.38335094,1.0,0.0,0.89,0.10999999999999999,0.09,0.91,0.0,1.0
746399,2024-05-01,2024,663474,6,5.11201,0.4882183,1.0,0.0,0.91,0.08999999999999997,0.21,0.79,0.0,1.0
745423,2024-05-01,2024,668933,4,3.6653378,0.582888,0.58,0.42000000000000004,0.09,0.91,0.0,1.0,0.0,1.0
745423,2024-05-01,2024,605397,9,5.748757,0.4342576,1.0,0.0,1.0,0.0,0.72,0.28,0.07,0.9299999999999999
745670,2024-05-01,2024,682990,3,4.5245266,0.4345268,0.99,0.010000000000000009,0.56,0.43999999999999995,0.0,1.0,0.0,1.0
746800,2024-05-01,2024,623167,4,4.5468693,0.40256494,1.0,0.0,0.55,0.44999999999999996,0.0,1.0,0.0,1.0
746800,2024-05-01,2024,641927,3,4.4012213,0.3478053,0.99,0.010000000000000009,0.45,0.55,0.0,1.0,0.0,1.0
746966,2024-05-01,2024,676710,6,3.7253945,0.4129436,0.7,0.30000000000000004,0.03,0.97,0.0,1.0,0.0,1.0
746399,2024-05-01,2024,434378,2,5.3974113,0.456191,1.0,0.0,0.99,0.010000000000000009,0.37,0.63,0.0,1.0
747207,2024-05-01,2024,656756,1,2.5120564,0.29437712,0.0,1.0,0.0,1.0,0.0,1.0,0.0,1.0
745670,2024-05-01,2024,548389,2,3.617087,0.23674837,0.7,0.30000000000000004,0.0,1.0,0.0,1.0,0.0,1.0
747207,2024-05-01,2024,808967,5,6.817897,0.6735676,1.0,0.0,1.0,0.0,0.98,0.020000000000000018,0.67,0.32999999999999996
745829,2024-05-01,2024,684007,7,7.0861335,0.7124689,1.0,0.0,1.0,0.0,0.99,0.010000000000000009,0.79,0.20999999999999996
746072,2024-05-01,2024,682610,7,5.0985155,0.41094628,1.0,0.0,0.91,0.08999999999999997,0.16,0.84,0.0,1.0
744939,2024-05-01,2024,607625,8,4.9108315,0.45373932,1.0,0.0,0.8,0.19999999999999996,0.1,0.9,0.0,1.0
744939,2024-05-01,2024,605135,4,5.6110363,0.48443517,1.0,0.0,0.99,0.010000000000000009,0.56,0.43999999999999995,0.02,0.98
746072,2024-05-01,2024,641712,2,3.4364083,0.290996,0.44,0.56,0.0,1.0,0.0,1.0,0.0,1.0
745023,2024-05-01,2024,571760,4,4.721992,0.40011662,1.0,0.0,0.7,0.30000000000000004,0.05,0.95,0.0,1.0
747207,2024-05-01,2024,686796,5,3.3199754,0.33129507,0.29,0.71,0.0,1.0,0.0,1.0,0.0,1.0
747048,2024-05-01,2024,669203,6,6.8941565,0.69687915,1.0,0.0,1.0,0.0,0.98,0.020000000000000018,0.71,0.29000000000000004
745996,2024-05-01,2024,541640,1,2.2236924,0.33922496,0.0,1.0,0.0,1.0,0.0,1.0,0.0,1.0
745023,2024-05-01,2024,592866,3,2.5871365,0.23887946,0.0,1.0,0.0,1.0,0.0,1.0,0.0,1.0
745996,2024-05-01,2024,621107,6,5.6809144,0.4757271,1.0,0.0,0.98,0.020000000000000018,0.66,0.33999999999999997,0.02,0.98
747048,2024-05-01,2024,661563,5,5.633322,0.38652098,1.0,0.0,1.0,0.0,0.63,0.37,0.0,1.0
746478,2024-05-01,2024,571945,4,4.213982,0.5159325,0.94,0.06000000000000005,0.24,0.76,0.02,0.98,0.0,1.0
746478,2024-05-01,2024,628317,5,4.914895,0.43671572,1.0,0.0,0.81,0.18999999999999995,0.08,0.92,0.0,1.0
745261,2024-05-01,2024,676106,4,3.6846793,0.26154256,0.74,0.26,0.0,1.0,0.0,1.0,0.0,1.0
745996,2024-05-01,2024,607067,5,5.741324,0.3980425,1.0,0.0,1.0,0.0,0.7,0.30000000000000004,0.02,0.98
746966,2024-05-01,2024,641726,3,1.5334746,0.33125472,0.0,1.0,0.0,1.0,0.0,1.0,0.0,1.0
746070,2024-05-02,2024,663567,3,3.6227753,0.38831416,0.62,0.38,0.02,0.98,0.0,1.0,0.0,1.0
746070,2024-05-02,2024,665795,9,6.4296727,0.5472874,1.0,0.0,1.0,0.0,0.95,0.050000000000000044,0.52,0.48
746070,2024-05-02,2024,621389,2,2.2701604,0.3263968,0.0,1.0,0.0,1.0,0.0,1.0,0.0,1.0
747044,2024-05-02,2024,680694,5,5.035328,0.37271094,1.0,0.0,0.89,0.10999999999999999,0.1,0.9,0.0,1.0
745830,2024-05-02,2024,676962,5,6.7852674,0.5809301,1.0,0.0,1.0,0.0,0.98,0.020000000000000018,0.7,0.30000000000000004
746969,2024-05-02,2024,670174,0,2.1693501,0.3988184,0.0,1.0,0.0,1.0,0.0,1.0,0.0,1.0
745830,2024-05-02,2024,605288,2,3.4253454,0.30227503,0.35,0.65,0.0,1.0,0.0,1.0,0.0,1.0
746969,2024-05-02,2024,690986,7,5.464236,0.50988907,1.0,0.0,0.98,0.020000000000000018,0.46,0.54,0.01,0.99
746403,2024-05-02,2024,681293,6,4.8255453,0.3481955,1.0,0.0,0.82,0.18000000000000005,0.04,0.96,0.0,1.0
745021,2024-05-02,2024,680730,5,4.696886,0.53108853,0.99,0.010000000000000009,0.59,0.41000000000000003,0.05,0.95,0.0,1.0
745021,2024-05-02,2024,543135,8,5.5389833,0.4896813,1.0,0.0,0.99,0.010000000000000009,0.52,0.48,0.02,0.98
747044,2024-05-02,2024,607074,6,6.355686,0.45655665,1.0,0.0,1.0,0.0,0.97,0.030000000000000027,0.33,0.6699999999999999
746403,2024-05-02,2024,671106,5,4.8178687,0.42146525,1.0,0.0,0.76,0.24,0.02,0.98,0.0,1.0
746152,2024-05-03,2024,450203,5,6.8101153,0.57832885,1.0,0.0,1.0,0.0,0.99,0.010000000000000009,0.69,0.31000000000000005
745510,2024-05-03,2024,527048,4,4.5029736,0.37858754,1.0,0.0,0.47,0.53,0.0,1.0,0.0,1.0
745510,2024-05-03,2024,615698,9,5.362013,0.6130785,1.0,0.0,0.89,0.10999999999999999,0.43,0.5700000000000001,0.02,0.98
744868,2024-05-03,2024,579328,7,8.528819,0.6183956,1.0,0.0,1.0,0.0,1.0,0.0,0.99,0.010000000000000009
745187,2024-05-03,2024,694363,2,2.4868233,0.2969059,0.0,1.0,0.0,1.0,0.0,1.0,0.0,1.0
745665,2024-05-03,2024,676664,6,4.9521317,0.41545156,1.0,0.0,0.87,0.13,0.09,0.91,0.0,1.0
746152,2024-05-03,2024,694813,5,4.9896374,0.40872857,1.0,0.0,0.88,0.12,0.1,0.9,0.0,1.0
745665,2024-05-03,2024,677960,5,6.6761775,0.5790658,1.0,0.0,1.0,0.0,0.97,0.030000000000000027,0.64,0.36
746645,2024-05-03,2024,660761,3,2.816232,0.3984107,0.06,0.94,0.0,1.0,0.0,1.0,0.0,1.0
746645,2024-05-03,2024,667755,3,5.0875773,0.5944964,1.0,0.0,0.83,0.17000000000000004,0.23,0.77,0.01,0.99
746645,2024-05-03,2024,676440,4,7.152133,0.53947407,1.0,0.0,1.0,0.0,1.0,0.0,0.86,0.14
745101,2024-05-03,2024,500779,2,3.430872,0.36310375,0.43,0.5700000000000001,0.0,1.0,0.0,1.0,0.0,1.0
746318,2024-05-03,2024,663903,8,5.9807453,0.49461842,1.0,0.0,1.0,0.0,0.83,0.17000000000000004,0.13,0.87
745187,2024-05-03,2024,641745,5,6.2811832,0.5198347,1.0,0.0,1.0,0.0,0.91,0.08999999999999997,0.34,0.6599999999999999
745101,2024-05-03,2024,650644,5,5.5570006,0.44716817,1.0,0.0,0.99,0.010000000000000009,0.61,0.39,0.0,1.0
746318,2024-05-03,2024,547179,3,5.6777062,0.45550603,1.0,0.0,0.99,0.010000000000000009,0.61,0.39,0.03,0.97
746721,2024-05-03,2024,608344,4,3.046972,0.38447294,0.13,0.87,0.0,1.0,0.0,1.0,0.0,1.0
746721,2024-05-03,2024,668881,5,9.127293,0.6322618,1.0,0.0,1.0,0.0,1.0,0.0,1.0,0.0
745589,2024-05-03,2024,605400,4,5.631482,0.5666561,1.0,0.0,1.0,0.0,0.55,0.44999999999999996,0.05,0.95
745756,2024-05-03,2024,573186,3,4.7599263,0.46242735,1.0,0.0,0.7,0.30000000000000004,0.06,0.94,0.0,1.0
745187,2024-05-03,2024,543243,6,6.3801603,0.51206225,1.0,0.0,1.0,0.0,0.94,0.06000000000000005,0.45,0.55
745589,2024-05-03,2024,663855,3,5.3479695,0.50635,1.0,0.0,0.96,0.040000000000000036,0.39,0.61,0.02,0.98
745914,2024-05-03,2024,683822,2,1.7191058,0.42469034,0.0,1.0,0.0,1.0,0.0,1.0,0.0,1.0
745914,2024-05-03,2024,663978,6,4.7145605,0.42915314,0.99,0.010000000000000009,0.75,0.25,0.01,0.99,0.0,1.0
745914,2024-05-03,2024,656557,5,6.8328633,0.56206274,1.0,0.0,1.0,0.0,1.0,0.0,0.71,0.29000000000000004
746402,2024-05-03,2024,669854,6,5.1533046,0.36860436,1.0,0.0,0.95,0.050000000000000044,0.17,0.83,0.0,1.0
746890,2024-05-03,2024,669713,8,5.656038,0.4628698,1.0,0.0,0.99,0.010000000000000009,0.6,0.4,0.04,0.96
746402,2024-05-03,2024,669923,3,4.540177,0.3431714,1.0,0.0,0.55,0.44999999999999996,0.0,1.0,0.0,1.0
745756,2024-05-03,2024,681857,5,5.022743,0.4173663,1.0,0.0,0.91,0.08999999999999997,0.12,0.88,0.0,1.0
747208,2024-05-03,2024,679885,4,3.0382998,0.49669373,0.14,0.86,0.0,1.0,0.0,1.0,0.0,1.0
744868,2024-05-03,2024,571578,3,4.3608584,0.36745298,0.99,0.010000000000000009,0.36,0.64,0.0,1.0,0.0,1.0
747208,2024-05-03,2024,677944,4,5.566656,0.36627662,1.0,0.0,0.99,0.010000000000000009,0.56,0.43999999999999995,0.01,0.99
746890,2024-05-03,2024,605452,4,4.287113,0.3381516,0.99,0.010000000000000009,0.27,0.73,0.0,1.0,0.0,1.0
747208,2024-05-03,2024,656302,8,8.052418,0.57369953,1.0,0.0,1.0,0.0,1.0,0.0,1.0,0.0
746311,2024-05-04,2024,681882,0,1.7009565,0.25351948,0.0,1.0,0.0,1.0,0.0,1.0,0.0,1.0
744862,2024-05-04,2024,592332,8,7.867489,0.61829424,1.0,0.0,1.0,0.0,1.0,0.0,0.98,0.020000000000000018
746311,2024-05-04,2024,608379,3,3.6717856,0.3193543,0.69,0.31000000000000005,0.0,1.0,0.0,1.0,0.0,1.0
744862,2024-05-04,2024,663623,4,6.6919184,0.5267855,1.0,0.0,1.0,0.0,0.99,0.010000000000000009,0.67,0.32999999999999996
745750,2024-05-04,2024,663554,6,6.4552746,0.4828324,1.0,0.0,1.0,0.0,0.99,0.010000000000000009,0.47,0.53
745750,2024-05-04,2024,657376,7,5.0072966,0.5928102,1.0,0.0,0.81,0.18999999999999995,0.2,0.8,0.01,0.99
746644,2024-05-04,2024,672282,7,4.6560287,0.42115083,1.0,0.0,0.66,0.33999999999999997,0.01,0.99,0.0,1.0
746644,2024-05-04,2024,594902,5,3.516702,0.28016868,0.49,0.51,0.0,1.0,0.0,1.0,0.0,1.0
746884,2024-05-04,2024,668964,2,2.6861897,0.22143199,0.0,1.0,0.0,1.0,0.0,1.0,0.0,1.0
746311,2024-05-04,2024,641540,4,2.885546,0.33791718,0.04,0.96,0.0,1.0,0.0,1.0,0.0,1.0
745100,2024-05-04,2024,681035,6,6.8095427,0.5521118,1.0,0.0,1.0,0.0,1.0,0.0,0.65,0.35
746884,2024-05-04,2024,592791,7,7.063648,0.5470555,1.0,0.0,1.0,0.0,1.0,0.0,0.87,0.13
745100,2024-05-04,2024,641793,7,5.58653,0.50651294,1.0,0.0,0.97,0.030000000000000027,0.61,0.39,0.05,0.95
745511,2024-05-04,2024,683003,10,7.947159,0.6263484,1.0,0.0,1.0,0.0,1.0,0.0,0.99,0.010000000000000009
745183,2024-05-04,2024,607200,2,4.573177,0.3912658,1.0,0.0,0.56,0.43999999999999995,0.02,0.98,0.0,1.0
745911,2024-05-04,2024,641154,8,7.1889534,0.50439835,1.0,0.0,1.0,0.0,1.0,0.0,0.9,0.09999999999999998
745183,2024-05-04,2024,458681,4,4.4860506,0.32773232,1.0,0.0,0.46,0.54,0.0,1.0,0.0,1.0
746720,2024-05-04,2024,671096,8,5.351405,0.4022145,1.0,0.0,0.98,0.020000000000000018,0.42,0.5800000000000001,0.0,1.0
746394,2024-05-04,2024,669302,6,5.7727833,0.51424235,1.0,0.0,1.0,0.0,0.68,0.31999999999999995,0.1,0.9
745511,2024-05-04,2024,596295,3,3.338906,0.31153646,0.3,0.7,0.0,1.0,0.0,1.0,0.0,1.0
746394,2024-05-04,2024,664285,3,6.650105,0.48851866,1.0,0.0,1.0,0.0,1.0,0.0,0.64,0.36
746720,2024-05-04,2024,607644,8,4.2283154,0.3059125,1.0,0.0,0.2,0.8,0.0,1.0,0.0,1.0
745583,2024-05-04,2024,669952,0,3.017884,0.31520134,0.05,0.95,0.0,1.0,0.0,1.0,0.0,1.0
746155,2024-05-04,2024,607192,10,7.1151433,0.60249835,1.0,0.0,1.0,0.0,0.99,0.010000000000000009,0.84,0.16000000000000003
747209,2024-05-04,2024,650633,3,5.1306734,0.36176,1.0,0.0,0.97,0.030000000000000027,0.14,0.86,0.0,1.0
745666,2024-05-04,2024,621112,3,6.201032,0.40129036,1.0,0.0,1.0,0.0,0.97,0.030000000000000027,0.26,0.74
745666,2024-05-04,2024,669432,1,3.934435,0.32242,0.92,0.07999999999999996,0.03,0.97,0.0,1.0,0.0,1.0
745666,2024-05-04,2024,670766,2,3.1544611,0.36615536,0.17,0.83,0.0,1.0,0.0,1.0,0.0,1.0
746155,2024-05-04,2024,693821,4,2.0229738,0.25687647,0.0,1.0,0.0,1.0,0.0,1.0,0.0,1.0
747209,2024-05-04,2024,694297,4,5.503715,0.45127514,1.0,0.0,0.99,0.010000000000000009,0.49,0.51,0.01,0.99
745583,2024-05-04,2024,678495,2,2.8377695,0.32388583,0.02,0.98,0.0,1.0,0.0,1.0,0.0,1.0
745583,2024-05-04,2024,624133,6,5.263111,0.46788383,1.0,0.0,0.96,0.040000000000000036,0.3,0.7,0.01,0.99
745913,2024-05-05,2024,681892,2,2.504374,0.5382086,0.04,0.96,0.0,1.0,0.0,1.0,0.0,1.0
744861,2024-05-05,2024,666201,6,4.609636,0.36356288,1.0,0.0,0.62,0.38,0.01,0.99,0.0,1.0
745504,2024-05-05,2024,663372,3,4.85592,0.3361911,1.0,0.0,0.89,0.10999999999999999,0.04,0.96,0.0,1.0
747206,2024-05-05,2024,669194,3,7.4659123,0.6492816,1.0,0.0,1.0,0.0,1.0,0.0,0.9,0.09999999999999998
745587,2024-05-05,2024,657277,6,5.223945,0.6429248,1.0,0.0,0.89,0.10999999999999999,0.32,0.6799999999999999,0.04,0.96
745504,2024-05-05,2024,663559,3,4.424156,0.31167185,1.0,0.0,0.39,0.61,0.0,1.0,0.0,1.0
746153,2024-05-05,2024,608331,7,6.5180597,0.52257454,1.0,0.0,1.0,0.0,0.97,0.030000000000000027,0.46,0.54
745913,2024-05-05,2024,657746,5,6.824289,0.5209366,1.0,0.0,1.0,0.0,0.99,0.010000000000000009,0.77,0.22999999999999998
746153,2024-05-05,2024,572020,3,4.475976,0.37138134,0.99,0.010000000000000009,0.5,0.5,0.0,1.0,0.0,1.0
746314,2024-05-05,2024,592351,7,5.495723,0.4655144,1.0,0.0,1.0,0.0,0.46,0.54,0.05,0.95
747206,2024-05-05,2024,666745,0,1.9564743,0.37999696,0.0,1.0,0.0,1.0,0.0,1.0,0.0,1.0
745751,2024-05-05,2024,669373,12,6.816354,0.5712583,1.0,0.0,1.0,0.0,0.99,0.010000000000000009,0.7,0.30000000000000004
745751,2024-05-05,2024,641482,9,6.2036495,0.48736885,1.0,0.0,1.0,0.0,0.95,0.050000000000000044,0.29,0.71
746719,2024-05-05,2024,666157,6,6.333184,0.49711484,1.0,0.0,1.0,0.0,0.96,0.040000000000000036,0.36,0.64
746719,2024-05-05,2024,665152,6,5.1229577,0.47831216,1.0,0.0,0.88,0.12,0.23,0.77,0.0,1.0
744861,2024-05-05,2024,669022,4,5.330567,0.3956941,1.0,0.0,0.98,0.020000000000000018,0.33,0.6699999999999999,0.01,0.99
747206,2024-05-05,2024,663362,2,3.372639,0.7876224,0.38,0.62,0.09,0.91,0.02,0.98,0.0,1.0
745913,2024-05-05,2024,681867,5,3.8914285,0.46560097,0.79,0.20999999999999996,0.09,0.91,0.0,1.0,0.0,1.0
746883,2024-05-05,2024,665871,4,4.2397413,0.252116,1.0,0.0,0.13,0.87,0.0,1.0,0.0,1.0
745587,2024-05-05,2024,592836,7,5.325052,0.4281591,1.0,0.0,0.98,0.020000000000000018,0.33,0.6699999999999999,0.0,1.0
746883,2024-05-05,2024,642547,5,4.417442,0.35458207,1.0,0.0,0.44,0.56,0.0,1.0,0.0,1.0
745185,2024-05-05,2024,676979,6,6.3158355,0.558537,1.0,0.0,1.0,0.0,0.92,0.07999999999999996,0.38,0.62
745667,2024-05-05,2024,687765,5,5.2854204,0.47888488,1.0,0.0,1.0,0.0,0.31,0.69,0.02,0.98
745667,2024-05-05,2024,664350,2,2.050802,0.33504194,0.0,1.0,0.0,1.0,0.0,1.0,0.0,1.0
746643,2024-05-05,2024,656288,5,5.250689,0.46362975,1.0,0.0,0.94,0.06000000000000005,0.28,0.72,0.01,0.99
746643,2024-05-05,2024,471911,3,4.734753,0.38858125,1.0,0.0,0.75,0.25,0.01,0.99,0.0,1.0
746395,2024-05-05,2024,686613,5,5.6341424,0.5197037,1.0,0.0,1.0,0.0,0.55,0.44999999999999996,0.09,0.91
746314,2024-05-05,2024,663738,6,3.466819,0.24391767,0.46,0.54,0.0,1.0,0.0,1.0,0.0,1.0
745103,2024-05-05,2024,686752,3,1.9744748,0.25338435,0.0,1.0,0.0,1.0,0.0,1.0,0.0,1.0
746395,2024-05-05,2024,682243,3,6.1877093,0.4817399,1.0,0.0,1.0,0.0,0.91,0.08999999999999997,0.25,0.75
745185,2024-05-05,2024,669461,5,2.3041775,0.28519976,0.0,1.0,0.0,1.0,0.0,1.0,0.0,1.0
745103,2024-05-05,2024,622663,6,6.1173005,0.5107187,1.0,0.0,1.0,0.0,0.87,0.13,0.23,0.77
745912,2024-05-06,2024,680573,8,4.183931,0.33544436,1.0,0.0,0.15,0.85,0.0,1.0,0.0,1.0
745912,2024-05-06,2024,622491,7,6.690296,0.53018725,1.0,0.0,1.0,0.0,0.99,0.010000000000000009,0.64,0.36
745585,2024-05-06,2024,696131,4,4.324518,0.36242625,0.99,0.010000000000000009,0.33,0.6699999999999999,0.0,1.0,0.0,1.0
746639,2024-05-06,2024,663474,6,4.5520234,0.3579023,1.0,0.0,0.54,0.45999999999999996,0.0,1.0,0.0,1.0
745182,2024-05-06,2024,640455,1,4.4060636,0.42934507,0.98,0.020000000000000018,0.46,0.54,0.0,1.0,0.0,1.0
746313,2024-05-06,2024,669060,6,4.882036,0.36742398,1.0,0.0,0.84,0.16000000000000003,0.06,0.94,0.0,1.0
746639,2024-05-06,2024,656427,6,6.23741,0.452849,1.0,0.0,1.0,0.0,0.95,0.050000000000000044,0.27,0.73
745509,2024-05-06,2024,656605,5,7.315126,0.54778975,1.0,0.0,1.0,0.0,0.99,0.010000000000000009,0.93,0.06999999999999995
745182,2024-05-06,2024,502043,4,3.5312188,0.2629556,0.57,0.43000000000000005,0.0,1.0,0.0,1.0,0.0,1.0
745098,2024-05-06,2024,694363,0,2.4821126,0.3013221,0.0,1.0,0.0,1.0,0.0,1.0,0.0,1.0
745585,2024-05-06,2024,554430,11,7.532702,0.4942603,1.0,0.0,1.0,0.0,1.0,0.0,0.97,0.030000000000000027
745509,2024-05-06,2024,542881,5,3.8515954,0.35482165,0.83,0.17000000000000004,0.04,0.96,0.0,1.0,0.0,1.0
746149,2024-05-06,2024,682610,5,6.5990224,0.48032454,1.0,0.0,1.0,0.0,1.0,0.0,0.54,0.45999999999999996
746149,2024-05-06,2024,621111,4,4.05249,0.30289808,0.96,0.040000000000000036,0.05,0.95,0.0,1.0,0.0,1.0
745669,2024-05-06,2024,622072,3,4.215006,0.33511806,1.0,0.0,0.25,0.75,0.0,1.0,0.0,1.0
746313,2024-05-06,2024,666142,8,6.4079833,0.47660586,1.0,0.0,1.0,0.0,0.96,0.040000000000000036,0.46,0.54
745669,2024-05-06,2024,571760,5,6.8107414,0.5287903,1.0,0.0,1.0,0.0,0.99,0.010000000000000009,0.7,0.30000000000000004
745098,2024-05-06,2024,605182,0,2.232166,0.30771998,0.0,1.0,0.0,1.0,0.0,1.0,0.0,1.0
746886,2024-05-06,2024,506433,5,4.955566,0.3889701,1.0,0.0,0.88,0.12,0.06,0.94,0.0,1.0
746886,2024-05-06,2024,657006,2,3.4996085,0.32219878,0.5,0.5,0.01,0.99,0.0,1.0,0.0,1.0
745098,2024-05-06,2024,641302,7,3.4788077,0.29197574,0.5,0.5,0.0,1.0,0.0,1.0,0.0,1.0
746147,2024-05-07,2024,665795,1,3.8927152,0.41242316,0.78,0.21999999999999997,0.08,0.92,0.0,1.0,0.0,1.0
746559,2024-05-07,2024,690986,2,3.3780704,0.4532784,0.37,0.63,0.01,0.99,0.0,1.0,0.0,1.0
746559,2024-05-07,2024,621389,2,2.6664295,0.3660693,0.0,1.0,0.0,1.0,0.0,1.0,0.0,1.0
745095,2024-05-07,2024,647336,4,6.35296,0.43085432,1.0,0.0,1.0,0.0,0.98,0.020000000000000018,0.37,0.63
746315,2024-05-07,2024,607067,2,3.7116067,0.337754,0.73,0.27,0.01,0.99,0.0,1.0,0.0,1.0
746559,2024-05-07,2024,641712,2,4.554985,0.5135897,0.98,0.020000000000000018,0.54,0.45999999999999996,0.04,0.96,0.0,1.0
746638,2024-05-07,2024,671106,2,3.8039844,0.3406201,0.81,0.18999999999999995,0.05,0.95,0.0,1.0,0.0,1.0
745095,2024-05-07,2024,621107,3,3.7020605,0.41337806,0.67,0.32999999999999996,0.03,0.97,0.0,1.0,0.0,1.0
745668,2024-05-07,2024,570632,2,5.16268,0.4442771,1.0,0.0,0.94,0.06000000000000005,0.27,0.73,0.0,1.0
745668,2024-05-07,2024,548389,2,2.3019001,0.26294255,0.0,1.0,0.0,1.0,0.0,1.0,0.0,1.0
745915,2024-05-07,2024,676106,0,3.2461278,0.31675997,0.24,0.76,0.0,1.0,0.0,1.0,0.0,1.0
745508,2024-05-07,2024,682990,1,2.2578628,0.266118,0.0,1.0,0.0,1.0,0.0,1.0,0.0,1.0
745586,2024-05-07,2024,621244,7,5.6467094,0.5150535,1.0,0.0,0.98,0.020000000000000018,0.59,0.41000000000000003,0.07,0.9299999999999999
745586,2024-05-07,2024,650911,5,4.854943,0.50409764,1.0,0.0,0.72,0.28,0.1,0.9,0.0,1.0
745186,2024-05-07,2024,571945,3,3.1906443,0.23092501,0.09,0.91,0.0,1.0,0.0,1.0,0.0,1.0
745915,2024-05-07,2024,660896,1,2.9851553,0.29264084,0.07,0.9299999999999999,0.0,1.0,0.0,1.0,0.0,1.0
744859,2024-05-07,2024,669203,6,6.7419844,0.581015,1.0,0.0,1.0,0.0,0.99,0.010000000000000009,0.63,0.37
744859,2024-05-07,2024,592866,8,2.7304773,0.22492531,0.0,1.0,0.0,1.0,0.0,1.0,0.0,1.0
745508,2024-05-07,2024,672710,3,2.8939645,0.26475507,0.0,1.0,0.0,1.0,0.0,1.0,0.0,1.0
745508,2024-05-07,2024,663776,7,7.0306067,0.53737396,1.0,0.0,1.0,0.0,1.0,0.0,0.83,0.17000000000000004
746718,2024-05-07,2024,668678,6,3.7451072,0.3552784,0.72,0.28,0.0,1.0,0.0,1.0,0.0,1.0
746718,2024-05-07,2024,593423,7,6.5022974,0.45196518,1.0,0.0,1.0,0.0,0.98,0.020000000000000018,0.49,0.51
745915,2024-05-07,2024,641927,7,4.5899124,0.33008435,1.0,0.0,0.61,0.39,0.0,1.0,0.0,1.0
745095,2024-05-07,2024,641745,0,3.0848029,0.47145462,0.2,0.8,0.0,1.0,0.0,1.0,0.0,1.0
745186,2024-05-07,2024,676130,3,3.7004194,0.34989795,0.68,0.31999999999999995,0.01,0.99,0.0,1.0,0.0,1.0
745668,2024-05-07,2024,642546,1,1.7186633,0.34291676,0.0,1.0,0.0,1.0,0.0,1.0,0.0,1.0
745752,2024-05-07,2024,434378,2,6.9363823,0.48545218,1.0,0.0,1.0,0.0,1.0,0.0,0.81,0.18999999999999995
745752,2024-05-07,2024,661563,5,7.713427,0.62948436,1.0,0.0,1.0,0.0,1.0,0.0,0.99,0.010000000000000009
746147,2024-05-07,2024,666277,3,2.2167172,0.24894427,0.0,1.0,0.0,1.0,0.0,1.0,0.0,1.0
746147,2024-05-07,2024,808967,5,6.174522,0.53164977,1.0,0.0,1.0,0.0,0.92,0.07999999999999996,0.25,0.75
745668,2024-05-07,2024,621053,3,3.270022,0.3492693,0.25,0.75,0.0,1.0,0.0,1.0,0.0,1.0
746885,2024-05-07,2024,681190,6,5.578617,0.5328486,1.0,0.0,0.98,0.020000000000000018,0.58,0.42000000000000004,0.04,0.96
746885,2024-05-07,2024,684007,8,7.4071517,0.86449295,1.0,0.0,1.0,0.0,0.99,0.010000000000000009,0.84,0.16000000000000003
747126,2024-05-07,2024,625643,5,4.995473,0.37844643,1.0,0.0,0.9,0.09999999999999998,0.11,0.89,0.0,1.0
745668,2024-05-07,2024,666720,3,3.545485,0.31050637,0.54,0.45999999999999996,0.0,1.0,0.0,1.0,0.0,1.0
746638,2024-05-07,2024,628317,1,3.2961402,0.3567683,0.28,0.72,0.0,1.0,0.0,1.0,0.0,1.0
746638,2024-05-07,2024,658648,4,3.205135,0.38328245,0.21,0.79,0.0,1.0,0.0,1.0,0.0,1.0
745668,2024-05-07,2024,663687,5,6.063525,0.5176488,1.0,0.0,0.99,0.010000000000000009,0.89,0.10999999999999999,0.19,0.81
747126,2024-05-07,2024,676710,6,6.249455,0.4235257,1.0,0.0,1.0,0.0,0.94,0.06000000000000005,0.29,0.71
746315,2024-05-07,2024,607625,5,4.0706515,0.42572108,0.89,0.10999999999999999,0.16,0.84,0.0,1.0,0.0,1.0
746312,2024-05-08,2024,605452,2,3.1935022,0.29783848,0.15,0.85,0.0,1.0,0.0,1.0,0.0,1.0
746312,2024-05-08,2024,663903,4,4.4216585,0.37021387,0.99,0.010000000000000009,0.48,0.52,0.0,1.0,0.0,1.0
746717,2024-05-08,2024,656756,2,5.3016634,0.42747456,1.0,0.0,0.95,0.050000000000000044,0.28,0.72,0.0,1.0
746879,2024-05-08,2024,656302,12,8.73376,0.63624644,1.0,0.0,1.0,0.0,1.0,0.0,1.0,0.0
745906,2024-05-08,2024,669923,4,3.703365,0.4005802,0.65,0.35,0.04,0.96,0.0,1.0,0.0,1.0
745906,2024-05-08,2024,663978,10,5.446644,0.39423642,1.0,0.0,1.0,0.0,0.5,0.5,0.0,1.0
744858,2024-05-08,2024,680694,9,5.3650618,0.43328774,1.0,0.0,0.97,0.030000000000000027,0.43,0.5700000000000001,0.01,0.99
744858,2024-05-08,2024,680730,3,4.6722193,0.46598232,0.98,0.020000000000000018,0.64,0.36,0.04,0.96,0.0,1.0
745584,2024-05-08,2024,605400,7,5.908934,0.45433897,1.0,0.0,1.0,0.0,0.78,0.21999999999999997,0.12,0.88
745584,2024-05-08,2024,605135,6,5.8942223,0.47864532,1.0,0.0,1.0,0.0,0.78,0.21999999999999997,0.09,0.91
745659,2024-05-08,2024,666205,2,2.9222107,0.2700067,0.02,0.98,0.0,1.0,0.0,1.0,0.0,1.0
745659,2024-05-08,2024,674370,4,2.8075056,0.26558802,0.01,0.99,0.0,1.0,0.0,1.0,0.0,1.0
745659,2024-05-08,2024,683004,3,3.4047315,0.3234598,0.4,0.6,0.0,1.0,0.0,1.0,0.0,1.0
745664,2024-05-08,2024,547179,6,5.6196113,0.37612313,1.0,0.0,1.0,0.0,0.64,0.36,0.0,1.0
745664,2024-05-08,2024,676664,3,3.8906717,0.35623932,0.85,0.15000000000000002,0.05,0.95,0.0,1.0,0.0,1.0
745507,2024-05-08,2024,667755,6,4.0030365,0.4121174,0.88,0.12,0.12,0.88,0.0,1.0,0.0,1.0
746640,2024-05-08,2024,681857,4,6.2372594,0.4752832,1.0,0.0,1.0,0.0,0.91,0.08999999999999997,0.27,0.73
746640,2024-05-08,2024,676440,5,4.6857533,0.41251895,1.0,0.0,0.66,0.33999999999999997,0.02,0.98,0.0,1.0
746717,2024-05-08,2024,668933,2,4.198563,0.5720945,0.94,0.06000000000000005,0.26,0.74,0.04,0.96,0.0,1.0
745507,2024-05-08,2024,527048,5,2.9333365,0.34633726,0.06,0.94,0.0,1.0,0.0,1.0,0.0,1.0
746879,2024-05-08,2024,669713,3,5.3895955,0.54357386,1.0,0.0,0.93,0.06999999999999995,0.45,0.55,0.02,0.98
745097,2024-05-08,2024,650644,4,5.273608,0.42148188,1.0,0.0,0.98,0.020000000000000018,0.27,0.73,0.0,1.0
745097,2024-05-08,2024,623167,8,5.6849685,0.47912785,1.0,0.0,0.99,0.010000000000000009,0.6,0.4,0.05,0.95
746562,2024-05-08,2024,663567,2,2.8291633,0.30767056,0.02,0.98,0.0,1.0,0.0,1.0,0.0,1.0
746562,2024-05-08,2024,663855,5,6.6241655,0.61156243,1.0,0.0,1.0,0.0,0.98,0.020000000000000018,0.52,0.48
746562,2024-05-08,2024,683627,3,2.4779513,0.26692382,0.0,1.0,0.0,1.0,0.0,1.0,0.0,1.0
745749,2024-05-08,2024,681293,4,5.096349,0.4080045,1.0,0.0,0.9,0.09999999999999998,0.13,0.87,0.0,1.0
745749,2024-05-08,2024,607074,7,8.030228,0.5486725,1.0,0.0,1.0,0.0,1.0,0.0,1.0,0.0
747127,2024-05-08,2024,519242,10,7.2195873,0.5730198,1.0,0.0,1.0,0.0,1.0,0.0,0.92,0.07999999999999996
746151,2024-05-08,2024,677960,3,5.4396763,0.5101098,1.0,0.0,0.97,0.030000000000000027,0.42,0.5800000000000001,0.04,0.96
746151,2024-05-08,2024,694813,4,4.726144,0.40289387,1.0,0.0,0.69,0.31000000000000005,0.0,1.0,0.0,1.0
747127,2024-05-08,2024,601713,1,3.4483137,0.31176344,0.43,0.5700000000000001,0.0,1.0,0.0,1.0,0.0,1.0
746241,2024-05-09,2024,608379,6,5.9218426,0.47207364,1.0,0.0,1.0,0.0,0.82,0.18000000000000005,0.14,0.86
745748,2024-05-09,2024,669854,5,6.0551643,0.49181274,1.0,0.0,1.0,0.0,0.85,0.15000000000000002,0.22,0.78
746241,2024-05-09,2024,660761,6,3.338328,0.34969422,0.38,0.62,0.0,1.0,0.0,1.0,0.0,1.0
746241,2024-05-09,2024,672282,5,5.3599873,0.39830032,1.0,0.0,0.98,0.020000000000000018,0.35,0.65,0.0,1.0
745748,2024-05-09,2024,573186,5,5.049821,0.4015877,1.0,0.0,0.89,0.10999999999999999,0.11,0.89,0.0,1.0
746563,2024-05-09,2024,676775,1,2.9200323,0.5317435,0.13,0.87,0.0,1.0,0.0,1.0,0.0,1.0
746802,2024-05-09,2024,607200,3,4.285563,0.45698428,0.94,0.06000000000000005,0.31,0.69,0.0,1.0,0.0,1.0
746715,2024-05-09,2024,607259,2,2.3163779,0.29274753,0.0,1.0,0.0,1.0,0.0,1.0,0.0,1.0
746715,2024-05-09,2024,668881,6,4.525355,0.3853193,1.0,0.0,0.53,0.47,0.0,1.0,0.0,1.0
746715,2024-05-09,2024,677944,2,3.7858126,0.3202453,0.82,0.18000000000000005,0.01,0.99,0.0,1.0,0.0,1.0
745910,2024-05-09,2024,641154,10,6.159798,0.45782626,1.0,0.0,1.0,0.0,0.91,0.08999999999999997,0.28,0.72
745910,2024-05-09,2024,669302,4,5.341731,0.4257938,1.0,0.0,0.99,0.010000000000000009,0.4,0.6,0.0,1.0
745995,2024-05-09,2024,668964,6,4.23174,0.41090947,0.96,0.040000000000000036,0.23,0.77,0.0,1.0,0.0,1.0
745995,2024-05-09,2024,543243,6,5.7040596,0.39201987,1.0,0.0,1.0,0.0,0.77,0.22999999999999998,0.02,0.98
746563,2024-05-09,2024,615698,5,4.3243303,0.5301252,0.95,0.050000000000000044,0.36,0.64,0.03,0.97,0.0,1.0
746563,2024-05-09,2024,678495,4,3.2526798,0.26070026,0.15,0.85,0.0,1.0,0.0,1.0,0.0,1.0
746802,2024-05-09,2024,594902,2,4.551245,0.40648493,1.0,0.0,0.58,0.42000000000000004,0.01,0.99,0.0,1.0
745094,2024-05-10,2024,671737,7,5.813575,0.49844283,1.0,0.0,1.0,0.0,0.73,0.27,0.08,0.92
745264,2024-05-10,2024,621112,5,4.3295426,0.29923037,1.0,0.0,0.26,0.74,0.0,1.0,0.0,1.0
746479,2024-05-10,2024,663554,2,4.632186,0.36371195,1.0,0.0,0.6,0.4,0.0,1.0,0.0,1.0
746553,2024-05-10,2024,596295,5,4.449632,0.3765734,1.0,0.0,0.43,0.5700000000000001,0.01,0.99,0.0,1.0
746553,2024-05-10,2024,592351,7,5.6754503,0.4715211,1.0,0.0,1.0,0.0,0.64,0.36,0.06,0.94
745993,2024-05-10,2024,643361,0,3.2180898,0.33970758,0.17,0.83,0.0,1.0,0.0,1.0,0.0,1.0
745993,2024-05-10,2024,458681,5,4.649306,0.36669683,1.0,0.0,0.7,0.30000000000000004,0.01,0.99,0.0,1.0
746479,2024-05-10,2024,664285,4,6.9350038,0.5997529,1.0,0.0,1.0,0.0,1.0,0.0,0.77,0.22999999999999998
745094,2024-05-10,2024,657376,6,5.552671,0.59671897,1.0,0.0,0.99,0.010000000000000009,0.51,0.49,0.05,0.95
745506,2024-05-10,2024,665871,4,4.4579725,0.3002966,1.0,0.0,0.47,0.53,0.0,1.0,0.0,1.0
745993,2024-05-10,2024,688107,4,4.6415052,0.44729552,1.0,0.0,0.58,0.42000000000000004,0.05,0.95,0.0,1.0
746964,2024-05-10,2024,571578,4,3.9122956,0.32290694,0.92,0.07999999999999996,0.05,0.95,0.0,1.0,0.0,1.0
746071,2024-05-10,2024,624133,9,4.4198856,0.40072668,0.99,0.010000000000000009,0.43,0.5700000000000001,0.0,1.0,0.0,1.0
746071,2024-05-10,2024,669432,3,4.64092,0.46479765,1.0,0.0,0.56,0.43999999999999995,0.04,0.96,0.0,1.0
746801,2024-05-10,2024,676979,11,6.6364727,0.5987636,1.0,0.0,1.0,0.0,0.98,0.020000000000000018,0.56,0.43999999999999995
745506,2024-05-10,2024,683003,4,6.3481164,0.5046565,1.0,0.0,1.0,0.0,0.94,0.06000000000000005,0.37,0.63
745340,2024-05-10,2024,657277,6,4.878992,0.48680112,1.0,0.0,0.74,0.26,0.1,0.9,0.0,1.0
745340,2024-05-10,2024,671096,2,4.4627895,0.37463263,0.99,0.010000000000000009,0.49,0.51,0.0,1.0,0.0,1.0
746801,2024-05-10,2024,471911,5,3.2005234,0.33237678,0.19,0.81,0.0,1.0,0.0,1.0,0.0,1.0
745421,2024-05-10,2024,650633,11,7.044656,0.49353954,1.0,0.0,1.0,0.0,1.0,0.0,0.87,0.13
745421,2024-05-10,2024,607192,10,8.65137,0.6200868,1.0,0.0,1.0,0.0,1.0,0.0,1.0,0.0
745993,2024-05-10,2024,681517,2,1.777437,0.18814872,0.0,1.0,0.0,1.0,0.0,1.0,0.0,1.0
746964,2024-05-10,2024,656557,4,7.036388,0.66527086,1.0,0.0,1.0,0.0,1.0,0.0,0.79,0.20999999999999996
745264,2024-05-10,2024,693433,3,4.2339168,0.3981705,0.99,0.010000000000000009,0.3,0.7,0.0,1.0,0.0,1.0
746240,2024-05-10,2024,679525,7,4.3220487,0.34626588,1.0,0.0,0.3,0.7,0.0,1.0,0.0,1.0
744940,2024-05-10,2024,657746,7,8.236841,0.6792906,1.0,0.0,1.0,0.0,1.0,0.0,0.99,0.010000000000000009
744940,2024-05-10,2024,579328,3,7.8130803,0.7022348,1.0,0.0,1.0,0.0,1.0,0.0,0.98,0.020000000000000018
747043,2024-05-10,2024,608344,6,5.2476673,0.43266866,1.0,0.0,0.97,0.030000000000000027,0.29,0.71,0.0,1.0
745827,2024-05-10,2024,500779,3,3.882967,0.28738672,0.9,0.09999999999999998,0.02,0.98,0.0,1.0,0.0,1.0
747043,2024-05-10,2024,694297,0,4.217503,0.34146857,0.99,0.010000000000000009,0.21,0.79,0.0,1.0,0.0,1.0
746240,2024-05-10,2024,656288,3,4.8809013,0.39929026,1.0,0.0,0.81,0.18999999999999995,0.03,0.97,0.0,1.0
745827,2024-05-10,2024,450203,7,6.895699,0.5557751,1.0,0.0,1.0,0.0,0.98,0.020000000000000018,0.76,0.24
745994,2024-05-11,2024,642547,8,6.4453597,0.47416106,1.0,0.0,1.0,0.0,0.99,0.010000000000000009,0.41,0.5900000000000001
746554,2024-05-11,2024,663372,4,4.5648594,0.35871878,1.0,0.0,0.6,0.4,0.0,1.0,0.0,1.0
746232,2024-05-11,2024,666142,3,7.105526,0.6507926,1.0,0.0,1.0,0.0,0.99,0.010000000000000009,0.85,0.15000000000000002
746232,2024-05-11,2024,542881,4,3.4759405,0.33729753,0.47,0.53,0.0,1.0,0.0,1.0,0.0,1.0
745344,2024-05-11,2024,666157,6,6.817063,0.47712278,1.0,0.0,1.0,0.0,1.0,0.0,0.77,0.22999999999999998
745262,2024-05-11,2024,682243,9,5.706214,0.55445087,1.0,0.0,1.0,0.0,0.62,0.38,0.1,0.9
746480,2024-05-11,2024,686613,7,4.478548,0.3271594,1.0,0.0,0.46,0.54,0.0,1.0,0.0,1.0
746480,2024-05-11,2024,669373,7,7.2877374,0.5282074,1.0,0.0,1.0,0.0,1.0,0.0,0.94,0.06000000000000005
746480,2024-05-11,2024,664299,0,1.8032951,0.24186382,0.0,1.0,0.0,1.0,0.0,1.0,0.0,1.0
747041,2024-05-11,2024,669194,3,5.170271,0.4260681,1.0,0.0,0.94,0.06000000000000005,0.24,0.76,0.0,1.0
747041,2024-05-11,2024,607644,3,4.6633015,0.4458219,0.98,0.020000000000000018,0.67,0.32999999999999996,0.01,0.99,0.0,1.0
745262,2024-05-11,2024,683155,5,3.151883,0.27539125,0.1,0.9,0.0,1.0,0.0,1.0,0.0,1.0
745096,2024-05-11,2024,641793,3,4.2448177,0.39843845,0.98,0.020000000000000018,0.29,0.71,0.01,0.99,0.0,1.0
745096,2024-05-11,2024,641482,5,3.7542474,0.38535973,0.76,0.24,0.01,0.99,0.0,1.0,0.0,1.0
746554,2024-05-11,2024,571760,8,4.2272873,0.34168208,0.98,0.020000000000000018,0.2,0.8,0.0,1.0,0.0,1.0
745422,2024-05-11,2024,572020,4,5.6216083,0.49359557,1.0,0.0,0.98,0.020000000000000018,0.61,0.39,0.02,0.98
745828,2024-05-11,2024,608331,5,6.595852,0.5677351,1.0,0.0,1.0,0.0,0.98,0.020000000000000018,0.55,0.44999999999999996
745422,2024-05-11,2024,663362,6,4.8008256,0.9568409,0.93,0.06999999999999995,0.63,0.37,0.18,0.8200000000000001,0.05,0.95
745422,2024-05-11,2024,666745,2,2.524051,0.37783203,0.01,0.99,0.0,1.0,0.0,1.0,0.0,1.0
746069,2024-05-11,2024,666200,8,5.763216,0.5177282,1.0,0.0,0.98,0.020000000000000018,0.75,0.25,0.05,0.95
745994,2024-05-11,2024,502043,7,5.739155,0.4302151,1.0,0.0,1.0,0.0,0.7,0.30000000000000004,0.03,0.97
746069,2024-05-11,2024,592836,4,4.843709,0.42993718,1.0,0.0,0.76,0.24,0.06,0.94,0.0,1.0
745828,2024-05-11,2024,681035,8,5.6204376,0.5234712,1.0,0.0,0.98,0.020000000000000018,0.62,0.38,0.02,0.98
745344,2024-05-11,2024,696131,2,4.76151,0.42544356,0.99,0.010000000000000009,0.76,0.24,0.01,0.99,0.0,1.0
745505,2024-05-11,2024,657006,3,4.787726,0.4515335,1.0,0.0,0.77,0.22999999999999998,0.05,0.95,0.0,1.0
746963,2024-05-11,2024,663623,6,7.9998364,0.55952686,1.0,0.0,1.0,0.0,1.0,0.0,1.0,0.0
744943,2024-05-11,2024,592332,6,6.180696,0.47462228,1.0,0.0,1.0,0.0,0.95,0.050000000000000044,0.2,0.8
744943,2024-05-11,2024,680573,2,5.568797,0.4231721,1.0,0.0,1.0,0.0,0.57,0.43000000000000005,0.02,0.98
746797,2024-05-11,2024,605182,5,4.148271,0.41289914,0.94,0.06000000000000005,0.21,0.79,0.0,1.0,0.0,1.0
745505,2024-05-11,2024,694973,7,7.8643236,0.5475897,1.0,0.0,1.0,0.0,1.0,0.0,0.99,0.010000000000000009
746963,2024-05-11,2024,681867,9,4.1121736,0.4379802,0.91,0.08999999999999997,0.2,0.8,0.0,1.0,0.0,1.0
746797,2024-05-11,2024,663474,5,6.0609694,0.4541254,1.0,0.0,1.0,0.0,0.87,0.13,0.15,0.85
745499,2024-05-12,2024,543294,5,4.3346953,0.4221864,0.98,0.020000000000000018,0.41,0.5900000000000001,0.0,1.0,0.0,1.0
746234,2024-05-12,2024,663776,3,5.831718,0.52473205,1.0,0.0,0.99,0.010000000000000009,0.76,0.24,0.13,0.87
746476,2024-05-12,2024,661527,2,2.2271678,0.36689368,0.0,1.0,0.0,1.0,0.0,1.0,0.0,1.0
746798,2024-05-12,2024,647336,4,3.7056842,0.24257618,0.84,0.16000000000000003,0.0,1.0,0.0,1.0,0.0,1.0
746476,2024-05-12,2024,656427,7,5.5613832,0.40624067,1.0,0.0,1.0,0.0,0.58,0.42000000000000004,0.01,0.99
746476,2024-05-12,2024,434378,8,6.446767,0.4910819,1.0,0.0,1.0,0.0,0.98,0.020000000000000018,0.49,0.51
746798,2024-05-12,2024,671106,3,4.518138,0.41672635,1.0,0.0,0.48,0.52,0.03,0.97,0.0,1.0
745825,2024-05-12,2024,693821,6,3.3476794,0.32196295,0.29,0.71,0.0,1.0,0.0,1.0,0.0,1.0
745990,2024-05-12,2024,669060,1,3.5950837,0.2893256,0.63,0.37,0.0,1.0,0.0,1.0,0.0,1.0
745092,2024-05-12,2024,641302,3,3.476205,0.369508,0.49,0.51,0.0,1.0,0.0,1.0,0.0,1.0
745825,2024-05-12,2024,622663,4,5.289015,0.33897793,1.0,0.0,0.97,0.030000000000000027,0.28,0.72,0.0,1.0
747042,2024-05-12,2024,665152,10,5.324836,0.43085724,1.0,0.0,0.96,0.040000000000000036,0.33,0.6699999999999999,0.0,1.0
747042,2024-05-12,2024,544150,3,2.2051725,0.23732385,0.0,1.0,0.0,1.0,0.0,1.0,0.0,1.0
746068,2024-05-12,2024,666129,8,3.884931,0.37372527,0.87,0.13,0.04,0.96,0.0,1.0,0.0,1.0
746068,2024-05-12,2024,554430,2,4.493846,0.31709412,1.0,0.0,0.5,0.5,0.0,1.0,0.0,1.0
746965,2024-05-12,2024,669022,9,7.79494,0.6863189,1.0,0.0,1.0,0.0,1.0,0.0,0.98,0.020000000000000018
745092,2024-05-12,2024,661563,3,5.382012,0.44637722,1.0,0.0,1.0,0.0,0.37,0.63,0.01,0.99
745499,2024-05-12,2024,663559,1,2.5306733,0.30399105,0.0,1.0,0.0,1.0,0.0,1.0,0.0,1.0
746965,2024-05-12,2024,678394,1,2.9815757,0.46155134,0.15,0.85,0.0,1.0,0.0,1.0,0.0,1.0
747042,2024-05-12,2024,668678,4,4.830021,0.37620962,1.0,0.0,0.81,0.18999999999999995,0.02,0.98,0.0,1.0
745255,2024-05-12,2024,666205,5,2.217534,0.2575301,0.0,1.0,0.0,1.0,0.0,1.0,0.0,1.0
746798,2024-05-12,2024,641745,3,1.7600687,0.37635112,0.0,1.0,0.0,1.0,0.0,1.0,0.0,1.0
745419,2024-05-12,2024,506433,7,6.483202,0.4626753,1.0,0.0,1.0,0.0,0.98,0.020000000000000018,0.5,0.5
745419,2024-05-12,2024,621111,2,4.192145,0.28644818,1.0,0.0,0.14,0.86,0.0,1.0,0.0,1.0
745255,2024-05-12,2024,622491,8,5.7132673,0.38840142,1.0,0.0,1.0,0.0,0.72,0.28,0.04,0.96
746555,2024-05-12,2024,570632,3,5.539886,0.4137765,1.0,0.0,1.0,0.0,0.52,0.48,0.01,0.99
744941,2024-05-12,2024,641927,10,6.248635,0.47327307,1.0,0.0,1.0,0.0,0.93,0.06999999999999995,0.36,0.64
745345,2024-05-12,2024,593423,3,3.2867107,0.32925147,0.22,0.78,0.0,1.0,0.0,1.0,0.0,1.0
745345,2024-05-12,2024,690986,5,5.283233,0.521067,1.0,0.0,0.94,0.06000000000000005,0.33,0.6699999999999999,0.0,1.0
745255,2024-05-12,2024,622072,1,2.5186453,0.38814032,0.0,1.0,0.0,1.0,0.0,1.0,0.0,1.0
744941,2024-05-12,2024,666201,6,3.4119349,0.3292828,0.35,0.65,0.0,1.0,0.0,1.0,0.0,1.0
746234,2024-05-12,2024,607625,12,7.1605024,0.575803,1.0,0.0,1.0,0.0,1.0,0.0,0.87,0.13
745990,2024-05-12,2024,571945,3,5.326582,0.34364426,1.0,0.0,1.0,0.0,0.3,0.7,0.0,1.0
746555,2024-05-12,2024,621389,2,2.7558477,0.38230956,0.03,0.97,0.0,1.0,0.0,1.0,0.0,1.0
746961,2024-05-13,2024,621107,2,5.315257,0.48069286,1.0,0.0,0.97,0.030000000000000027,0.3,0.7,0.03,0.97
746393,2024-05-13,2024,548389,1,1.1761483,0.26989272,0.0,1.0,0.0,1.0,0.0,1.0,0.0,1.0
745343,2024-05-13,2024,663855,4,6.3211646,0.65374374,1.0,0.0,1.0,0.0,0.9,0.09999999999999998,0.41,0.5900000000000001
746961,2024-05-13,2024,676710,6,6.4184546,0.47456253,1.0,0.0,1.0,0.0,0.96,0.040000000000000036,0.43,0.5700000000000001
745343,2024-05-13,2024,808967,6,6.0185466,0.4947141,1.0,0.0,1.0,0.0,0.85,0.15000000000000002,0.21,0.79
745826,2024-05-13,2024,650911,5,8.493287,0.63771737,1.0,0.0,1.0,0.0,1.0,0.0,1.0,0.0
745826,2024-05-13,2024,640455,6,5.7766237,0.53758967,1.0,0.0,0.99,0.010000000000000009,0.71,0.29000000000000004,0.09,0.91
745019,2024-05-13,2024,547179,4,5.215533,0.36307296,1.0,0.0,0.97,0.030000000000000027,0.19,0.81,0.0,1.0
747040,2024-05-13,2024,669203,2,7.0990467,0.60811293,1.0,0.0,1.0,0.0,1.0,0.0,0.77,0.22999999999999998
746961,2024-05-13,2024,669711,2,2.303164,0.356792,0.01,0.99,0.0,1.0,0.0,1.0,0.0,1.0
747040,2024-05-13,2024,621244,4,5.2713733,0.37888473,1.0,0.0,0.97,0.030000000000000027,0.3,0.7,0.0,1.0
746233,2024-05-13,2024,667755,6,4.7401686,0.43381217,1.0,0.0,0.71,0.29000000000000004,0.04,0.96,0.0,1.0
747128,2024-05-13,2024,625643,4,5.3447723,0.43393093,1.0,0.0,0.97,0.030000000000000027,0.4,0.6,0.0,1.0
746233,2024-05-13,2024,660761,2,2.4588792,0.28430513,0.0,1.0,0.0,1.0,0.0,1.0,0.0,1.0
745256,2024-05-13,2024,663903,6,6.9352374,0.47853452,1.0,0.0,1.0,0.0,1.0,0.0,0.8,0.19999999999999996
745256,2024-05-13,2024,669923,6,6.647145,0.4703968,1.0,0.0,1.0,0.0,0.98,0.020000000000000018,0.59,0.41000000000000003
745420,2024-05-13,2024,641712,3,3.3988972,0.33330733,0.36,0.64,0.0,1.0,0.0,1.0,0.0,1.0
745420,2024-05-13,2024,670970,3,2.1237638,0.37022355,0.0,1.0,0.0,1.0,0.0,1.0,0.0,1.0
746233,2024-05-13,2024,669461,1,3.252834,0.27231175,0.19,0.81,0.0,1.0,0.0,1.0,0.0,1.0
747204,2024-05-13,2024,668933,3,5.462602,0.5062743,1.0,0.0,0.98,0.020000000000000018,0.45,0.55,0.03,0.97
745019,2024-05-13,2024,676440,4,5.7985964,0.46855918,1.0,0.0,0.98,0.020000000000000018,0.75,0.25,0.03,0.97
746393,2024-05-13,2024,681293,5,4.873901,0.40561295,1.0,0.0,0.84,0.16000000000000003,0.07,0.9299999999999999,0.0,1.0
745991,2024-05-13,2024,656605,7,6.8755364,0.48542902,1.0,0.0,1.0,0.0,1.0,0.0,0.79,0.20999999999999996
747128,2024-05-13,2024,669713,2,2.5598319,0.2574847,0.0,1.0,0.0,1.0,0.0,1.0,0.0,1.0
745420,2024-05-13,2024,681190,0,4.329798,0.29741147,1.0,0.0,0.27,0.73,0.0,1.0,0.0,1.0
747128,2024-05-13,2024,684007,8,6.916266,0.8054174,1.0,0.0,1.0,0.0,0.98,0.020000000000000018,0.69,0.31000000000000005
747204,2024-05-13,2024,656756,7,5.608628,0.435177,1.0,0.0,1.0,0.0,0.6,0.4,0.02,0.98
746471,2024-05-13,2024,666159,5,5.002353,0.410054,1.0,0.0,0.88,0.12,0.13,0.87,0.0,1.0
746471,2024-05-13,2024,664350,2,3.7744694,0.32809928,0.81,0.18999999999999995,0.01,0.99,0.0,1.0,0.0,1.0
745991,2024-05-13,2024,607067,5,5.845742,0.46803838,1.0,0.0,1.0,0.0,0.74,0.26,0.05,0.95
745991,2024-05-13,2024,676596,1,1.6684062,0.29120448,0.0,1.0,0.0,1.0,0.0,1.0,0.0,1.0
745418,2024-05-14,2024,656302,8,7.9404106,0.6452774,1.0,0.0,1.0,0.0,1.0,0.0,0.99,0.010000000000000009
746796,2024-05-14,2024,623167,5,3.995119,0.31629318,0.95,0.050000000000000044,0.05,0.95,0.0,1.0,0.0,1.0
746396,2024-05-14,2024,669854,4,2.5966043,0.24907522,0.0,1.0,0.0,1.0,0.0,1.0,0.0,1.0
745909,2024-05-14,2024,663978,4,5.0972085,0.4101287,1.0,0.0,0.95,0.050000000000000044,0.16,0.84,0.0,1.0
745821,2024-05-14,2024,605400,8,8.809348,0.68966424,1.0,0.0,1.0,0.0,1.0,0.0,1.0,0.0
746796,2024-05-14,2024,592866,2,2.6862774,0.24139625,0.0,1.0,0.0,1.0,0.0,1.0,0.0,1.0
745909,2024-05-14,2024,607074,6,6.9939623,0.39247024,1.0,0.0,1.0,0.0,1.0,0.0,0.89,0.10999999999999999
746799,2024-05-14,2024,680730,3,4.368693,0.39955145,0.98,0.020000000000000018,0.36,0.64,0.01,0.99,0.0,1.0
745418,2024-05-14,2024,615698,5,4.4703965,0.51563644,0.96,0.040000000000000036,0.46,0.54,0.02,0.98,0.0,1.0
746799,2024-05-14,2024,607200,6,4.407687,0.40377563,0.98,0.020000000000000018,0.32,0.6799999999999999,0.01,0.99,0.0,1.0
746396,2024-05-14,2024,676664,2,5.594033,0.45401433,1.0,0.0,0.98,0.020000000000000018,0.56,0.43999999999999995,0.03,0.97
745821,2024-05-14,2024,676130,4,5.3992906,0.40364617,1.0,0.0,0.99,0.010000000000000009,0.38,0.62,0.01,0.99
745014,2024-05-14,2024,594902,5,4.5075154,0.3369809,1.0,0.0,0.48,0.52,0.0,1.0,0.0,1.0
745342,2024-05-14,2024,678495,5,3.2119207,0.31676307,0.17,0.83,0.0,1.0,0.0,1.0,0.0,1.0
746962,2024-05-14,2024,650644,6,4.361246,0.36624643,1.0,0.0,0.38,0.62,0.0,1.0,0.0,1.0
746962,2024-05-14,2024,601713,8,6.942007,0.64398503,1.0,0.0,1.0,0.0,0.98,0.020000000000000018,0.77,0.22999999999999998
746235,2024-05-14,2024,672282,7,6.3980885,0.4743262,1.0,0.0,1.0,0.0,0.97,0.030000000000000027,0.42,0.5800000000000001
746235,2024-05-14,2024,543243,9,5.960391,0.50616676,1.0,0.0,1.0,0.0,0.79,0.20999999999999996,0.13,0.87
747205,2024-05-14,2024,663531,2,2.609359,0.3535178,0.0,1.0,0.0,1.0,0.0,1.0,0.0,1.0
747205,2024-05-14,2024,668881,5,7.5403395,0.4999796,1.0,0.0,1.0,0.0,1.0,0.0,0.98,0.020000000000000018
747205,2024-05-14,2024,677944,3,4.8784814,0.4055774,1.0,0.0,0.8,0.19999999999999996,0.08,0.92,0.0,1.0
745989,2024-05-14,2024,682990,5,4.322854,0.33600575,1.0,0.0,0.34,0.6599999999999999,0.0,1.0,0.0,1.0
745989,2024-05-14,2024,605452,6,4.8033714,0.43844488,1.0,0.0,0.78,0.21999999999999997,0.06,0.94,0.0,1.0
745257,2024-05-14,2024,608379,7,4.8474245,0.39120197,1.0,0.0,0.77,0.22999999999999998,0.04,0.96,0.0,1.0
745342,2024-05-14,2024,694813,2,4.0517335,0.3013142,0.96,0.040000000000000036,0.08,0.92,0.0,1.0,0.0,1.0
746473,2024-05-14,2024,681857,6,6.450307,0.4930133,1.0,0.0,1.0,0.0,0.97,0.030000000000000027,0.46,0.54
746473,2024-05-14,2024,677960,4,6.2466583,0.4836939,1.0,0.0,1.0,0.0,0.92,0.07999999999999996,0.33,0.6699999999999999
745257,2024-05-14,2024,669302,7,7.3113203,0.6945652,1.0,0.0,1.0,0.0,1.0,0.0,0.88,0.12
745014,2024-05-14,2024,666720,0,2.3781805,0.38856465,0.01,0.99,0.0,1.0,0.0,1.0,0.0,1.0
745014,2024-05-14,2024,683004,1,2.9051785,0.2663651,0.02,0.98,0.0,1.0,0.0,1.0,0.0,1.0
745342,2024-05-14,2024,676775,4,4.5889635,0.45444882,1.0,0.0,0.58,0.42000000000000004,0.04,0.96,0.0,1.0
747124,2024-05-14,2024,519242,9,6.28053,0.45713037,1.0,0.0,1.0,0.0,0.94,0.06000000000000005,0.32,0.6799999999999999
747124,2024-05-14,2024,592791,2,4.6092534,0.37766704,1.0,0.0,0.62,0.38,0.01,0.99,0.0,1.0
746231,2024-05-15,2024,656288,5,5.4172015,0.37815717,1.0,0.0,0.99,0.010000000000000009,0.44,0.56,0.0,1.0
746960,2024-05-15,2024,671737,6,4.939676,0.4288338,1.0,0.0,0.86,0.14,0.11,0.89,0.0,1.0
746960,2024-05-15,2024,656557,7,8.457886,0.8882629,1.0,0.0,1.0,0.0,1.0,0.0,0.99,0.010000000000000009
745908,2024-05-15,2024,641154,3,6.8598104,0.5768919,1.0,0.0,1.0,0.0,0.98,0.020000000000000018,0.78,0.21999999999999997
746397,2024-05-15,2024,605156,5,4.740881,0.38833305,1.0,0.0,0.76,0.24,0.03,0.97,0.0,1.0
745341,2024-05-15,2024,674285,3,2.2537,0.32577628,0.0,1.0,0.0,1.0,0.0,1.0,0.0,1.0
745341,2024-05-15,2024,657277,5,5.5845814,0.55371904,1.0,0.0,0.98,0.020000000000000018,0.61,0.39,0.03,0.97
745341,2024-05-15,2024,622694,3,5.2125607,0.40132025,1.0,0.0,0.96,0.040000000000000036,0.21,0.79,0.0,1.0
746795,2024-05-15,2024,571578,0,3.176509,0.26498047,0.1,0.9,0.0,1.0,0.0,1.0,0.0,1.0
747038,2024-05-15,2024,680694,3,5.1653914,0.46780553,1.0,0.0,0.94,0.06000000000000005,0.22,0.78,0.01,0.99
746231,2024-05-15,2024,458681,5,6.790702,0.5733814,1.0,0.0,1.0,0.0,0.99,0.010000000000000009,0.64,0.36
745992,2024-05-15,2024,527048,4,3.5844698,0.32082218,0.62,0.38,0.0,1.0,0.0,1.0,0.0,1.0
745992,2024-05-15,2024,682847,5,2.2761564,0.23777232,0.0,1.0,0.0,1.0,0.0,1.0,0.0,1.0
745992,2024-05-15,2024,688107,2,4.4509907,0.35282177,1.0,0.0,0.45,0.55,0.0,1.0,0.0,1.0
747038,2024-05-15,2024,579328,9,5.5901537,0.4436157,1.0,0.0,0.98,0.020000000000000018,0.61,0.39,0.01,0.99
745015,2024-05-15,2024,592351,3,5.739303,0.42984843,1.0,0.0,1.0,0.0,0.72,0.28,0.02,0.98
745015,2024-05-15,2024,471911,3,2.4060872,0.34910324,0.0,1.0,0.0,1.0,0.0,1.0,0.0,1.0
745259,2024-05-15,2024,679525,7,6.616301,0.5856647,1.0,0.0,1.0,0.0,0.98,0.020000000000000018,0.6,0.4
745259,2024-05-15,2024,693433,5,5.180573,0.4727211,1.0,0.0,0.93,0.06999999999999995,0.3,0.7,0.0,1.0
746795,2024-05-15,2024,676979,6,6.8004065,0.5756232,1.0,0.0,1.0,0.0,0.99,0.010000000000000009,0.72,0.28
745908,2024-05-15,2024,573186,2,4.3619447,0.4643442,0.99,0.010000000000000009,0.3,0.7,0.02,0.98,0.0,1.0
746397,2024-05-15,2024,664285,8,7.4134197,0.7167667,1.0,0.0,1.0,0.0,1.0,0.0,0.93,0.06999999999999995
745417,2024-05-15,2024,596295,5,3.591861,0.28399155,0.61,0.39,0.0,1.0,0.0,1.0,0.0,1.0
745417,2024-05-15,2024,650633,7,4.1299357,0.32766092,0.96,0.040000000000000036,0.11,0.89,0.0,1.0,0.0,1.0
747203,2024-05-15,2024,694297,9,6.288492,0.513685,1.0,0.0,1.0,0.0,0.92,0.07999999999999996,0.34,0.6599999999999999
747203,2024-05-15,2024,671096,4,5.6929502,0.46612388,1.0,0.0,0.99,0.010000000000000009,0.66,0.33999999999999997,0.05,0.95
747123,2024-05-15,2024,450203,4,4.9469714,0.43038204,1.0,0.0,0.85,0.15000000000000002,0.12,0.88,0.0,1.0
746472,2024-05-15,2024,663554,6,5.549951,0.5625899,1.0,0.0,0.96,0.040000000000000036,0.53,0.47,0.02,0.98
746472,2024-05-15,2024,669432,6,5.123138,0.43953815,1.0,0.0,0.89,0.10999999999999999,0.19,0.81,0.0,1.0
745582,2024-05-15,2024,605288,1,1.4095246,0.2945311,0.0,1.0,0.0,1.0,0.0,1.0,0.0,1.0
745582,2024-05-15,2024,605513,0,2.8704417,0.4225102,0.07,0.9299999999999999,0.0,1.0,0.0,1.0,0.0,1.0
745582,2024-05-15,2024,624133,3,4.251408,0.37133393,0.98,0.020000000000000018,0.25,0.75,0.0,1.0,0.0,1.0
745582,2024-05-15,2024,664192,2,2.8330157,0.38087595,0.06,0.94,0.0,1.0,0.0,1.0,0.0,1.0
747123,2024-05-15,2024,665871,7,4.2359385,0.28129432,1.0,0.0,0.21,0.79,0.0,1.0,0.0,1.0
745580,2024-05-16,2024,500779,4,3.3745039,0.34101102,0.36,0.64,0.0,1.0,0.0,1.0,0.0,1.0
746391,2024-05-16,2024,683155,4,4.698307,0.36681998,1.0,0.0,0.69,0.31000000000000005,0.02,0.98,0.0,1.0
746391,2024-05-16,2024,664299,8,3.4989855,0.31392676,0.46,0.54,0.0,1.0,0.0,1.0,0.0,1.0
746150,2024-05-16,2024,607259,4,3.1076548,0.23382714,0.03,0.97,0.0,1.0,0.0,1.0,0.0,1.0
746150,2024-05-16,2024,607192,8,7.4537334,0.61165416,1.0,0.0,1.0,0.0,0.99,0.010000000000000009,0.95,0.050000000000000044
746150,2024-05-16,2024,598286,1,1.4824709,0.33196124,0.0,1.0,0.0,1.0,0.0,1.0,0.0,1.0
746881,2024-05-16,2024,657006,7,5.3663025,0.41237557,1.0,0.0,0.99,0.010000000000000009,0.4,0.6,0.01,0.99
745580,2024-05-16,2024,592836,1,3.7924333,0.37104908,0.76,0.24,0.05,0.95,0.0,1.0,0.0,1.0
746391,2024-05-16,2024,663687,3,2.7315161,0.38698167,0.05,0.95,0.0,1.0,0.0,1.0,0.0,1.0
746881,2024-05-16,2024,683003,7,7.26088,0.6012799,1.0,0.0,1.0,0.0,1.0,0.0,0.89,0.10999999999999999
745907,2024-05-16,2024,657746,5,6.6634374,0.6323482,1.0,0.0,1.0,0.0,0.97,0.030000000000000027,0.59,0.41000000000000003
746959,2024-05-16,2024,641793,3,4.7936354,0.4621512,1.0,0.0,0.76,0.24,0.09,0.91,0.0,1.0
746959,2024-05-16,2024,681867,3,4.646374,0.4908134,0.99,0.010000000000000009,0.58,0.42000000000000004,0.04,0.96,0.0,1.0
745907,2024-05-16,2024,657376,8,4.6384215,0.6289571,0.97,0.030000000000000027,0.55,0.44999999999999996,0.11,0.89,0.0,1.0
746388,2024-05-17,2024,686613,5,5.024177,0.33517292,1.0,0.0,0.94,0.06000000000000005,0.1,0.9,0.0,1.0
747201,2024-05-17,2024,669373,6,5.530252,0.56418455,1.0,0.0,0.96,0.040000000000000036,0.49,0.51,0.04,0.96
745579,2024-05-17,2024,554430,6,7.98829,0.5701294,1.0,0.0,1.0,0.0,1.0,0.0,1.0,0.0
745579,2024-05-17,2024,663623,2,5.4775615,0.5757679,1.0,0.0,0.94,0.06000000000000005,0.45,0.55,0.04,0.96
747201,2024-05-17,2024,669194,4,4.3341246,0.38220537,0.99,0.010000000000000009,0.33,0.6699999999999999,0.0,1.0,0.0,1.0
745178,2024-05-17,2024,502624,1,2.8390357,0.28595793,0.01,0.99,0.0,1.0,0.0,1.0,0.0,1.0
747201,2024-05-17,2024,621199,3,2.498063,0.45107895,0.03,0.97,0.0,1.0,0.0,1.0,0.0,1.0
745747,2024-05-17,2024,605182,5,3.4693327,0.34958774,0.44,0.56,0.0,1.0,0.0,1.0,0.0,1.0
745747,2024-05-17,2024,641482,6,4.999492,0.41550544,1.0,0.0,0.87,0.13,0.1,0.9,0.0,1.0
747037,2024-05-17,2024,607644,4,4.687722,0.38038117,1.0,0.0,0.66,0.33999999999999997,0.03,0.97,0.0,1.0
747037,2024-05-17,2024,682243,1,6.446766,0.61498517,1.0,0.0,0.99,0.010000000000000009,0.96,0.040000000000000036,0.48,0.52
745178,2024-05-17,2024,678394,4,6.3426127,0.55932546,1.0,0.0,1.0,0.0,0.95,0.050000000000000044,0.35,0.65
746388,2024-05-17,2024,642547,6,5.818388,0.38270283,1.0,0.0,1.0,0.0,0.82,0.18000000000000005,0.03,0.97
746065,2024-05-17,2024,681035,3,4.8427424,0.37114778,1.0,0.0,0.83,0.17000000000000004,0.05,0.95,0.0,1.0
746065,2024-05-17,2024,677020,2,2.9093544,0.4112987,0.05,0.95,0.0,1.0,0.0,1.0,0.0,1.0
746310,2024-05-17,2024,666142,7,5.6636815,0.46305072,1.0,0.0,0.99,0.010000000000000009,0.67,0.32999999999999996,0.05,0.95
744934,2024-05-17,2024,605135,5,6.2388067,0.6148553,1.0,0.0,1.0,0.0,0.89,0.10999999999999999,0.33,0.6699999999999999
744934,2024-05-17,2024,641302,4,5.704915,0.467455,1.0,0.0,1.0,0.0,0.63,0.37,0.07,0.9299999999999999
746148,2024-05-17,2024,572020,2,5.039076,0.4775903,1.0,0.0,0.88,0.12,0.16,0.84,0.0,1.0
746148,2024-05-17,2024,593423,1,6.7538133,0.50390476,1.0,0.0,1.0,0.0,1.0,0.0,0.72,0.28
745016,2024-05-17,2024,542881,4,3.7485101,0.30091235,0.79,0.20999999999999996,0.0,1.0,0.0,1.0,0.0,1.0
745016,2024-05-17,2024,571760,5,5.135583,0.31956142,1.0,0.0,0.99,0.010000000000000009,0.16,0.84,0.0,1.0
746065,2024-05-17,2024,666200,7,6.412549,0.512472,1.0,0.0,1.0,0.0,0.95,0.050000000000000044,0.46,0.54
746310,2024-05-17,2024,687765,4,5.1086297,0.51986766,1.0,0.0,0.91,0.08999999999999997,0.2,0.8,0.0,1.0
746878,2024-05-17,2024,694973,11,8.458,0.7589823,1.0,0.0,1.0,0.0,1.0,0.0,1.0,0.0
746878,2024-05-17,2024,669387,1,2.292531,0.29752767,0.0,1.0,0.0,1.0,0.0,1.0,0.0,1.0
746878,2024-05-17,2024,543294,4,4.712669,0.54961497,0.99,0.010000000000000009,0.61,0.39,0.1,0.9,0.0,1.0
746641,2024-05-17,2024,663474,5,4.752623,0.43830517,1.0,0.0,0.74,0.26,0.06,0.94,0.0,1.0
745335,2024-05-17,2024,663372,2,3.4328518,0.28486,0.38,0.62,0.0,1.0,0.0,1.0,0.0,1.0
745335,2024-05-17,2024,696131,2,2.3373394,0.32475445,0.0,1.0,0.0,1.0,0.0,1.0,0.0,1.0
746641,2024-05-17,2024,680573,2,5.0632186,0.38269818,1.0,0.0,0.91,0.08999999999999997,0.15,0.85,0.0,1.0
746310,2024-05-17,2024,656232,1,1.9284778,0.33158055,0.0,1.0,0.0,1.0,0.0,1.0,0.0,1.0
745016,2024-05-17,2024,641312,3,2.8154082,0.35122177,0.03,0.97,0.0,1.0,0.0,1.0,0.0,1.0
745178,2024-05-17,2024,502043,3,2.8050187,0.3501945,0.05,0.95,0.0,1.0,0.0,1.0,0.0,1.0
747122,2024-05-17,2024,608331,2,4.7725015,0.34295982,1.0,0.0,0.76,0.24,0.02,0.98,0.0,1.0
747122,2024-05-17,2024,663362,10,5.908641,1.4753592,0.99,0.010000000000000009,0.85,0.15000000000000002,0.56,0.43999999999999995,0.26,0.74
745744,2024-05-18,2024,661563,14,7.19945,0.5619582,1.0,0.0,1.0,0.0,1.0,0.0,0.91,0.08999999999999997
745744,2024-05-18,2024,647336,7,5.0763817,0.35596043,1.0,0.0,0.93,0.06999999999999995,0.14,0.86,0.0,1.0
745744,2024-05-18,2024,641745,4,4.4690795,0.43356442,0.99,0.010000000000000009,0.43,0.5700000000000001,0.01,0.99,0.0,1.0
747202,2024-05-18,2024,656427,9,5.7245955,0.45638373,1.0,0.0,1.0,0.0,0.66,0.33999999999999997,0.03,0.97
744938,2024-05-18,2024,592332,6,8.245312,0.68299353,1.0,0.0,1.0,0.0,1.0,0.0,1.0,0.0
744938,2024-05-18,2024,621107,3,3.2335966,0.28688842,0.18,0.8200000000000001,0.0,1.0,0.0,1.0,0.0,1.0
745339,2024-05-18,2024,621389,3,3.328498,0.42974693,0.3,0.7,0.0,1.0,0.0,1.0,0.0,1.0
745339,2024-05-18,2024,683232,1,2.057344,0.29828683,0.0,1.0,0.0,1.0,0.0,1.0,0.0,1.0
745339,2024-05-18,2024,690986,4,3.4018478,0.39761826,0.39,0.61,0.0,1.0,0.0,1.0,0.0,1.0
746642,2024-05-18,2024,641927,4,5.6324477,0.42046285,1.0,0.0,1.0,0.0,0.63,0.37,0.01,0.99
745177,2024-05-18,2024,676710,5,6.072482,0.40604395,1.0,0.0,1.0,0.0,0.91,0.08999999999999997,0.12,0.88
746642,2024-05-18,2024,658648,2,2.1201813,0.22893463,0.0,1.0,0.0,1.0,0.0,1.0,0.0,1.0
746642,2024-05-18,2024,671106,7,5.316759,0.48029575,1.0,0.0,0.95,0.050000000000000044,0.38,0.62,0.0,1.0
746389,2024-05-18,2024,669060,3,2.38326,0.35876876,0.0,1.0,0.0,1.0,0.0,1.0,0.0,1.0
746389,2024-05-18,2024,434378,3,6.1707277,0.43099338,1.0,0.0,1.0,0.0,0.96,0.040000000000000036,0.18,0.8200000000000001
747036,2024-05-18,2024,680570,7,4.868998,0.36152363,1.0,0.0,0.84,0.16000000000000003,0.05,0.95,0.0,1.0
747036,2024-05-18,2024,622491,2,4.4189014,0.40519956,0.97,0.030000000000000027,0.45,0.55,0.0,1.0,0.0,1.0
746142,2024-05-18,2024,668933,5,6.7026978,0.6121161,1.0,0.0,0.99,0.010000000000000009,0.98,0.020000000000000018,0.63,0.37
746142,2024-05-18,2024,621111,7,4.751411,0.34203914,1.0,0.0,0.75,0.25,0.0,1.0,0.0,1.0
747202,2024-05-18,2024,668678,10,6.87294,0.6516127,1.0,0.0,1.0,0.0,0.98,0.020000000000000018,0.71,0.29000000000000004
745177,2024-05-18,2024,571945,4,3.5363925,0.30588534,0.5,0.5,0.0,1.0,0.0,1.0,0.0,1.0
745013,2024-05-18,2024,570632,3,5.9502783,0.5502392,1.0,0.0,1.0,0.0,0.76,0.24,0.19,0.81
746308,2024-05-18,2024,548389,2,3.8576071,0.27593786,0.9,0.09999999999999998,0.01,0.99,0.0,1.0,0.0,1.0
745581,2024-05-18,2024,650911,8,6.7479734,0.667319,1.0,0.0,1.0,0.0,0.97,0.030000000000000027,0.64,0.36
745013,2024-05-18,2024,663776,5,6.537724,0.60113007,1.0,0.0,1.0,0.0,0.97,0.030000000000000027,0.5,0.5
746067,2024-05-18,2024,622663,3,5.401413,0.4108265,1.0,0.0,0.97,0.030000000000000027,0.39,0.61,0.0,1.0
746067,2024-05-18,2024,666129,5,4.9698586,0.36769915,1.0,0.0,0.9,0.09999999999999998,0.08,0.92,0.0,1.0
745581,2024-05-18,2024,669022,3,5.6885543,0.5393038,1.0,0.0,0.97,0.030000000000000027,0.66,0.33999999999999997,0.04,0.96
746882,2024-05-18,2024,684007,7,6.1391187,0.6715911,1.0,0.0,1.0,0.0,0.79,0.20999999999999996,0.31,0.69
746308,2024-05-18,2024,607625,10,6.3140774,0.49514332,1.0,0.0,1.0,0.0,0.94,0.06000000000000005,0.37,0.63
746882,2024-05-18,2024,663559,2,3.709002,0.284897,0.71,0.29000000000000004,0.01,0.99,0.0,1.0,0.0,1.0
745336,2024-05-19,2024,663855,1,3.6210895,0.57677865,0.51,0.49,0.07,0.9299999999999999,0.01,0.99,0.0,1.0
746636,2024-05-19,2024,663978,6,5.757107,0.3766605,1.0,0.0,1.0,0.0,0.77,0.22999999999999998,0.05,0.95
746636,2024-05-19,2024,676440,8,5.190702,0.4228397,1.0,0.0,0.95,0.050000000000000044,0.25,0.75,0.0,1.0
746880,2024-05-19,2024,676962,3,2.3704858,0.39703032,0.02,0.98,0.0,1.0,0.0,1.0,0.0,1.0
746880,2024-05-19,2024,656605,3,5.188006,0.391396,1.0,0.0,0.98,0.020000000000000018,0.23,0.77,0.0,1.0
746880,2024-05-19,2024,592791,4,5.5130744,0.42515987,1.0,0.0,0.99,0.010000000000000009,0.52,0.48,0.01,0.99
746144,2024-05-19,2024,668881,8,8.373227,0.61804163,1.0,0.0,1.0,0.0,1.0,0.0,1.0,0.0
746306,2024-05-19,2024,663903,9,5.4718075,0.3915308,1.0,0.0,0.99,0.010000000000000009,0.48,0.52,0.01,0.99
746064,2024-05-19,2024,664350,2,4.2109,0.38534266,0.97,0.030000000000000027,0.26,0.74,0.0,1.0,0.0,1.0
747120,2024-05-19,2024,693821,3,4.3091574,0.31697324,1.0,0.0,0.26,0.74,0.0,1.0,0.0,1.0
746064,2024-05-19,2024,640455,4,4.979947,0.50621593,0.99,0.010000000000000009,0.82,0.18000000000000005,0.14,0.86,0.0,1.0
745012,2024-05-19,2024,667755,5,4.859502,0.42334154,1.0,0.0,0.81,0.18999999999999995,0.06,0.94,0.0,1.0
747198,2024-05-19,2024,666159,1,5.5332837,0.49272788,1.0,0.0,1.0,0.0,0.54,0.45999999999999996,0.02,0.98
744937,2024-05-19,2024,666201,7,6.4203815,0.42847192,1.0,0.0,1.0,0.0,0.98,0.020000000000000018,0.46,0.54
744937,2024-05-19,2024,650644,3,5.566668,0.42091322,1.0,0.0,1.0,0.0,0.58,0.42000000000000004,0.01,0.99
745336,2024-05-19,2024,641712,3,3.9859965,0.32629716,0.94,0.06000000000000005,0.07,0.9299999999999999,0.0,1.0,0.0,1.0
746306,2024-05-19,2024,676664,4,3.2499704,0.3026322,0.19,0.81,0.0,1.0,0.0,1.0,0.0,1.0
746144,2024-05-19,2024,689017,5,3.3295982,0.33801743,0.31,0.69,0.01,0.99,0.0,1.0,0.0,1.0
747198,2024-05-19,2024,656756,3,5.9038744,0.4273616,1.0,0.0,1.0,0.0,0.84,0.16000000000000003,0.08,0.92
745012,2024-05-19,2024,547179,6,6.2536125,0.4738693,1.0,0.0,1.0,0.0,0.95,0.050000000000000044,0.3,0.7
747120,2024-05-19,2024,506433,9,5.966228,0.5351618,1.0,0.0,1.0,0.0,0.83,0.17000000000000004,0.18,0.8200000000000001
745745,2024-05-19,2024,543859,2,2.6108947,0.3768473,0.0,1.0,0.0,1.0,0.0,1.0,0.0,1.0
745577,2024-05-19,2024,605400,5,6.6089306,0.6204759,1.0,0.0,1.0,0.0,0.96,0.040000000000000036,0.62,0.38
745577,2024-05-19,2024,592866,3,4.027193,0.32963854,0.95,0.050000000000000044,0.07,0.9299999999999999,0.0,1.0,0.0,1.0
745745,2024-05-19,2024,607074,6,7.1543517,0.5307399,1.0,0.0,1.0,0.0,1.0,0.0,0.9,0.09999999999999998
746392,2024-05-19,2024,681293,6,5.542282,0.42279056,1.0,0.0,0.99,0.010000000000000009,0.52,0.48,0.01,0.99
746392,2024-05-19,2024,669952,2,2.0406003,0.24015348,0.0,1.0,0.0,1.0,0.0,1.0,0.0,1.0
746392,2024-05-19,2024,607067,5,5.430426,0.39343292,1.0,0.0,1.0,0.0,0.42,0.5800000000000001,0.0,1.0
745179,2024-05-19,2024,687798,3,2.115942,0.18518074,0.0,1.0,0.0,1.0,0.0,1.0,0.0,1.0
747120,2024-05-19,2024,678061,4,4.620615,0.46609268,1.0,0.0,0.61,0.39,0.04,0.96,0.0,1.0
745179,2024-05-19,2024,669461,3,3.8929374,0.34334284,0.9,0.09999999999999998,0.07,0.9299999999999999,0.0,1.0,0.0,1.0
747035,2024-05-19,2024,669923,3,4.8056984,0.4755021,1.0,0.0,0.71,0.29000000000000004,0.08,0.92,0.0,1.0
747035,2024-05-19,2024,669203,11,8.016298,0.6546648,1.0,0.0,1.0,0.0,1.0,0.0,0.99,0.010000000000000009
745179,2024-05-19,2024,601713,8,5.101396,0.4467196,1.0,0.0,0.95,0.050000000000000044,0.16,0.84,0.0,1.0
745745,2024-05-19,2024,623167,4,4.698979,0.4117161,1.0,0.0,0.71,0.29000000000000004,0.02,0.98,0.0,1.0
745746,2024-05-20,2024,573186,6,4.3416276,0.4922251,0.95,0.050000000000000044,0.38,0.62,0.01,0.99,0.0,1.0
744857,2024-05-20,2024,641154,5,4.6150465,0.34261635,1.0,0.0,0.65,0.35,0.0,1.0,0.0,1.0
747121,2024-05-20,2024,519242,9,7.1919727,0.53210884,1.0,0.0,1.0,0.0,1.0,0.0,0.89,0.10999999999999999
746307,2024-05-20,2024,608379,3,4.272602,0.3689694,0.97,0.030000000000000027,0.25,0.75,0.0,1.0,0.0,1.0
746307,2024-05-20,2024,681857,2,3.3892074,0.38734123,0.41,0.5900000000000001,0.0,1.0,0.0,1.0,0.0,1.0
746066,2024-05-20,2024,657649,0,2.0723746,0.38907182,0.0,1.0,0.0,1.0,0.0,1.0,0.0,1.0
747119,2024-05-20,2024,656302,5,6.035185,0.47527784,1.0,0.0,1.0,0.0,0.87,0.13,0.18,0.8200000000000001
747119,2024-05-20,2024,670810,2,1.9717422,0.276826,0.0,1.0,0.0,1.0,0.0,1.0,0.0,1.0
744935,2024-05-20,2024,621244,6,6.423069,0.57456654,1.0,0.0,1.0,0.0,0.96,0.040000000000000036,0.46,0.54
744935,2024-05-20,2024,607200,2,4.536175,0.3430529,1.0,0.0,0.56,0.43999999999999995,0.0,1.0,0.0,1.0
746146,2024-05-20,2024,808967,8,5.862708,0.5127213,1.0,0.0,1.0,0.0,0.72,0.28,0.09,0.91
747119,2024-05-20,2024,625643,4,4.847002,0.42221949,1.0,0.0,0.78,0.21999999999999997,0.06,0.94,0.0,1.0
746637,2024-05-20,2024,594902,7,4.355478,0.32386306,0.99,0.010000000000000009,0.35,0.65,0.0,1.0,0.0,1.0
746066,2024-05-20,2024,677960,8,5.2734666,0.46321714,1.0,0.0,0.97,0.030000000000000027,0.3,0.7,0.0,1.0
746390,2024-05-20,2024,664285,3,6.1373277,0.5644847,1.0,0.0,1.0,0.0,0.88,0.12,0.27,0.73
746390,2024-05-20,2024,672282,3,4.506838,0.37163132,1.0,0.0,0.48,0.52,0.0,1.0,0.0,1.0
746146,2024-05-20,2024,677944,2,3.8295078,0.34880447,0.83,0.17000000000000004,0.04,0.96,0.0,1.0,0.0,1.0
746637,2024-05-20,2024,656731,7,5.676616,0.4826663,1.0,0.0,1.0,0.0,0.63,0.37,0.06,0.94
744857,2024-05-20,2024,680730,7,5.5025897,0.5965963,1.0,0.0,0.96,0.040000000000000036,0.56,0.43999999999999995,0.04,0.96
745181,2024-05-20,2024,543243,6,5.5118103,0.4971967,1.0,0.0,1.0,0.0,0.54,0.45999999999999996,0.03,0.97
745746,2024-05-20,2024,669302,1,3.6306086,0.359055,0.61,0.39,0.0,1.0,0.0,1.0,0.0,1.0
745093,2024-05-20,2024,656557,5,6.3928833,0.6563862,1.0,0.0,1.0,0.0,0.93,0.06999999999999995,0.42,0.5800000000000001
745093,2024-05-20,2024,671737,10,5.61224,0.5764003,1.0,0.0,0.97,0.030000000000000027,0.59,0.41000000000000003,0.08,0.92
747121,2024-05-20,2024,681190,2,6.857036,0.48591477,1.0,0.0,1.0,0.0,1.0,0.0,0.76,0.24
745181,2024-05-20,2024,665152,2,5.168512,0.46528837,1.0,0.0,0.93,0.06999999999999995,0.3,0.7,0.0,1.0
746145,2024-05-21,2024,694297,7,6.489144,0.5284679,1.0,0.0,1.0,0.0,0.98,0.020000000000000018,0.52,0.48
746145,2024-05-21,2024,694813,5,4.9270363,0.38935792,1.0,0.0,0.87,0.13,0.08,0.92,0.0,1.0
746385,2024-05-21,2024,664299,1,3.1024609,0.3415746,0.12,0.88,0.0,1.0,0.0,1.0,0.0,1.0
746633,2024-05-21,2024,675540,2,4.193314,0.32276556,0.98,0.020000000000000018,0.18,0.8200000000000001,0.0,1.0,0.0,1.0
745503,2024-05-21,2024,527048,4,5.7865834,0.54372823,1.0,0.0,0.99,0.010000000000000009,0.67,0.32999999999999996,0.06,0.94
745503,2024-05-21,2024,657277,6,6.204096,0.57899606,1.0,0.0,1.0,0.0,0.89,0.10999999999999999,0.3,0.7
745503,2024-05-21,2024,682847,0,2.4849665,0.2891606,0.0,1.0,0.0,1.0,0.0,1.0,0.0,1.0
745180,2024-05-21,2024,680694,6,5.5920653,0.44243047,1.0,0.0,1.0,0.0,0.54,0.45999999999999996,0.02,0.98
745180,2024-05-21,2024,458681,5,4.139649,0.28876826,0.98,0.020000000000000018,0.09,0.91,0.0,1.0,0.0,1.0
744860,2024-05-21,2024,657746,6,7.7095747,0.6669167,1.0,0.0,1.0,0.0,1.0,0.0,0.97,0.030000000000000027
745090,2024-05-21,2024,681867,6,4.6748905,0.46118408,1.0,0.0,0.61,0.39,0.05,0.95,0.0,1.0
745090,2024-05-21,2024,641793,7,3.9033842,0.34242588,0.85,0.15000000000000002,0.04,0.96,0.0,1.0,0.0,1.0
746633,2024-05-21,2024,605288,4,2.4642692,0.30617452,0.0,1.0,0.0,1.0,0.0,1.0,0.0,1.0
746875,2024-05-21,2024,665871,4,4.786889,0.3871414,0.99,0.010000000000000009,0.77,0.22999999999999998,0.03,0.97,0.0,1.0
746309,2024-05-21,2024,663554,2,2.5744588,0.32187992,0.01,0.99,0.0,1.0,0.0,1.0,0.0,1.0
744860,2024-05-21,2024,571578,3,3.7760859,0.43495265,0.79,0.20999999999999996,0.04,0.96,0.0,1.0,0.0,1.0
745742,2024-05-21,2024,693433,7,5.1585994,0.3913317,1.0,0.0,0.98,0.020000000000000018,0.22,0.78,0.0,1.0
745578,2024-05-21,2024,592351,4,3.3239546,0.3120709,0.32,0.6799999999999999,0.0,1.0,0.0,1.0,0.0,1.0
745578,2024-05-21,2024,624133,10,6.0326695,0.5089087,1.0,0.0,1.0,0.0,0.85,0.15000000000000002,0.19,0.81
746875,2024-05-21,2024,450203,8,6.887111,0.53527594,1.0,0.0,1.0,0.0,1.0,0.0,0.75,0.25
744936,2024-05-21,2024,676979,4,5.618339,0.49868894,1.0,0.0,0.98,0.020000000000000018,0.65,0.35,0.03,0.97
744936,2024-05-21,2024,579328,6,7.0820713,0.526812,1.0,0.0,1.0,0.0,1.0,0.0,0.89,0.10999999999999999
745742,2024-05-21,2024,657376,6,6.250817,0.6847087,1.0,0.0,1.0,0.0,0.85,0.15000000000000002,0.37,0.63
746058,2024-05-21,2024,688107,0,3.5692685,0.39537364,0.56,0.43999999999999995,0.02,0.98,0.0,1.0,0.0,1.0
745662,2024-05-21,2024,615698,8,5.331707,0.6452172,1.0,0.0,0.91,0.08999999999999997,0.38,0.62,0.05,0.95
746716,2024-05-21,2024,671096,2,4.731161,0.37193355,1.0,0.0,0.68,0.31999999999999995,0.02,0.98,0.0,1.0
746716,2024-05-21,2024,605397,3,4.637823,0.5396851,1.0,0.0,0.57,0.43000000000000005,0.07,0.9299999999999999,0.0,1.0
746385,2024-05-21,2024,656288,2,5.0446067,0.40333354,1.0,0.0,0.94,0.06000000000000005,0.12,0.88,0.0,1.0
746309,2024-05-21,2024,679525,5,4.5426154,0.36058578,1.0,0.0,0.59,0.41000000000000003,0.0,1.0,0.0,1.0
746058,2024-05-21,2024,669432,4,5.197741,0.4005413,1.0,0.0,0.96,0.040000000000000036,0.23,0.77,0.0,1.0
745662,2024-05-21,2024,605156,3,3.325664,0.3106986,0.32,0.6799999999999999,0.0,1.0,0.0,1.0,0.0,1.0
746712,2024-05-22,2024,650633,6,5.315456,0.4347475,1.0,0.0,0.96,0.040000000000000036,0.33,0.6699999999999999,0.01,0.99
746712,2024-05-22,2024,607259,2,3.1372259,0.25350657,0.04,0.96,0.0,1.0,0.0,1.0,0.0,1.0
744933,2024-05-22,2024,647336,3,3.1857724,0.2727234,0.16,0.84,0.0,1.0,0.0,1.0,0.0,1.0
744933,2024-05-22,2024,605135,4,6.580034,0.549467,1.0,0.0,1.0,0.0,0.96,0.040000000000000036,0.57,0.43000000000000005
745173,2024-05-22,2024,608344,2,3.171513,0.2631439,0.07,0.9299999999999999,0.0,1.0,0.0,1.0,0.0,1.0
746143,2024-05-22,2024,607192,6,7.6981783,0.5860073,1.0,0.0,1.0,0.0,1.0,0.0,0.97,0.030000000000000027
745173,2024-05-22,2024,607644,1,2.128144,0.30419704,0.0,1.0,0.0,1.0,0.0,1.0,0.0,1.0
744933,2024-05-22,2024,680897,0,4.595401,0.35074168,1.0,0.0,0.64,0.36,0.0,1.0,0.0,1.0
746143,2024-05-22,2024,669194,5,4.600654,0.33595595,0.99,0.010000000000000009,0.62,0.38,0.0,1.0,0.0,1.0
746063,2024-05-22,2024,666200,4,6.7969947,0.53387624,1.0,0.0,1.0,0.0,0.99,0.010000000000000009,0.72,0.28
745743,2024-05-22,2024,682243,4,5.020527,0.48438427,1.0,0.0,0.86,0.14,0.15,0.85,0.0,1.0
746634,2024-05-22,2024,663474,5,5.3326583,0.42744166,1.0,0.0,0.97,0.030000000000000027,0.34,0.6599999999999999,0.0,1.0
746634,2024-05-22,2024,500779,4,2.651003,0.29095376,0.01,0.99,0.0,1.0,0.0,1.0,0.0,1.0
745173,2024-05-22,2024,502043,3,3.5471094,0.2777629,0.53,0.47,0.0,1.0,0.0,1.0,0.0,1.0
746304,2024-05-22,2024,666142,12,7.265997,0.5322201,1.0,0.0,1.0,0.0,1.0,0.0,0.93,0.06999999999999995
746304,2024-05-22,2024,669373,6,6.674368,0.55067307,1.0,0.0,1.0,0.0,0.98,0.020000000000000018,0.61,0.39
745502,2024-05-22,2024,683003,5,7.234395,0.5413599,1.0,0.0,1.0,0.0,1.0,0.0,0.92,0.07999999999999996
745502,2024-05-22,2024,605483,5,4.9070888,0.44488582,1.0,0.0,0.77,0.22999999999999998,0.09,0.91,0.0,1.0
746063,2024-05-22,2024,642547,7,6.006402,0.42898348,1.0,0.0,1.0,0.0,0.89,0.10999999999999999,0.15,0.85
745743,2024-05-22,2024,641482,6,5.438357,0.4549911,1.0,0.0,0.98,0.020000000000000018,0.45,0.55,0.0,1.0
745089,2024-05-22,2024,686752,3,4.9208336,0.4147336,1.0,0.0,0.83,0.17000000000000004,0.13,0.87,0.0,1.0
745576,2024-05-22,2024,592836,5,4.274678,0.383864,1.0,0.0,0.26,0.74,0.0,1.0,0.0,1.0
744856,2024-05-22,2024,680573,1,3.787967,0.28327602,0.81,0.18999999999999995,0.01,0.99,0.0,1.0,0.0,1.0
746876,2024-05-22,2024,657006,5,5.2133784,0.41328642,1.0,0.0,0.98,0.020000000000000018,0.21,0.79,0.0,1.0
746876,2024-05-22,2024,621016,2,2.7696662,0.3945208,0.05,0.95,0.0,1.0,0.0,1.0,0.0,1.0
746876,2024-05-22,2024,608331,9,6.972502,0.60280263,1.0,0.0,1.0,0.0,1.0,0.0,0.77,0.22999999999999998
744856,2024-05-22,2024,663623,6,5.745505,0.47073781,1.0,0.0,1.0,0.0,0.68,0.31999999999999995,0.05,0.95
745576,2024-05-22,2024,666720,2,2.678203,0.25897345,0.0,1.0,0.0,1.0,0.0,1.0,0.0,1.0
745661,2024-05-22,2024,687765,4,3.5840106,0.46052742,0.61,0.39,0.03,0.97,0.0,1.0,0.0,1.0
745661,2024-05-22,2024,596295,6,4.394935,0.45397747,0.98,0.020000000000000018,0.41,0.5900000000000001,0.0,1.0,0.0,1.0
746386,2024-05-22,2024,686613,3,4.6154494,0.35658875,1.0,0.0,0.58,0.42000000000000004,0.0,1.0,0.0,1.0
746386,2024-05-22,2024,542881,4,3.3747103,0.3461157,0.38,0.62,0.0,1.0,0.0,1.0,0.0,1.0
745576,2024-05-22,2024,642546,4,2.8650525,0.33565435,0.02,0.98,0.0,1.0,0.0,1.0,0.0,1.0
745089,2024-05-22,2024,678394,6,5.4236226,0.50056404,1.0,0.0,0.97,0.030000000000000027,0.42,0.5800000000000001,0.02,0.98
745576,2024-05-22,2024,641540,4,3.3344064,0.244134,0.25,0.75,0.0,1.0,0.0,1.0,0.0,1.0
745741,2024-05-23,2024,661563,8,6.543253,0.5026246,1.0,0.0,1.0,0.0,0.99,0.010000000000000009,0.56,0.43999999999999995
745660,2024-05-23,2024,663372,6,5.5092945,0.39861727,1.0,0.0,0.99,0.010000000000000009,0.52,0.48,0.01,0.99
745660,2024-05-23,2024,683155,6,6.6333055,0.61167914,1.0,0.0,1.0,0.0,0.99,0.010000000000000009,0.56,0.43999999999999995
746792,2024-05-23,2024,605182,5,5.132728,0.40031448,1.0,0.0,0.96,0.040000000000000036,0.18,0.8200000000000001,0.0,1.0
745500,2024-05-23,2024,694973,3,8.088116,0.7319676,1.0,0.0,1.0,0.0,1.0,0.0,0.98,0.020000000000000018
745500,2024-05-23,2024,696131,2,2.7887945,0.29899442,0.02,0.98,0.0,1.0,0.0,1.0,0.0,1.0
746874,2024-05-23,2024,700363,4,6.7199345,0.6381454,1.0,0.0,1.0,0.0,0.97,0.030000000000000027,0.64,0.36
745573,2024-05-23,2024,554430,5,5.0222554,0.39495233,1.0,0.0,0.9,0.09999999999999998,0.12,0.88,0.0,1.0
745573,2024-05-23,2024,571760,1,4.105526,0.3684406,0.95,0.050000000000000044,0.12,0.88,0.0,1.0,0.0,1.0
745741,2024-05-23,2024,622491,3,5.320407,0.417074,1.0,0.0,0.97,0.030000000000000027,0.32,0.6799999999999999,0.0,1.0
746792,2024-05-23,2024,680570,7,6.117901,0.45314687,1.0,0.0,1.0,0.0,0.91,0.08999999999999997,0.2,0.8
746874,2024-05-23,2024,676962,6,4.094771,0.45437583,0.9,0.09999999999999998,0.17,0.83,0.01,0.99,0.0,1.0
746474,2024-05-23,2024,656427,9,7.4309773,0.6182172,1.0,0.0,1.0,0.0,1.0,0.0,0.94,0.06000000000000005
746474,2024-05-23,2024,592332,10,6.4221745,0.5096112,1.0,0.0,1.0,0.0,0.94,0.06000000000000005,0.47,0.53
746792,2024-05-23,2024,694363,1,1.1181,0.29516298,0.0,1.0,0.0,1.0,0.0,1.0,0.0,1.0
746714,2024-05-23,2024,663362,7,4.6362877,1.0762086,0.86,0.14,0.5,0.5,0.22,0.78,0.07,0.9299999999999999
746714,2024-05-23,2024,593423,3,5.787897,0.45006087,1.0,0.0,1.0,0.0,0.72,0.28,0.04,0.96
746558,2024-05-24,2024,621389,2,3.1843734,0.39182568,0.21,0.79,0.0,1.0,0.0,1.0,0.0,1.0
746956,2024-05-24,2024,676710,4,5.618452,0.44930285,1.0,0.0,1.0,0.0,0.63,0.37,0.04,0.96
746956,2024-05-24,2024,669060,7,4.0091352,0.3527541,0.92,0.07999999999999996,0.08,0.92,0.0,1.0,0.0,1.0
746956,2024-05-24,2024,502624,2,3.406622,0.35813186,0.42,0.5800000000000001,0.0,1.0,0.0,1.0,0.0,1.0
745822,2024-05-24,2024,681035,4,6.118242,0.4243792,1.0,0.0,1.0,0.0,0.93,0.06999999999999995,0.19,0.81
747200,2024-05-24,2024,668678,5,5.5682564,0.4637135,1.0,0.0,0.98,0.020000000000000018,0.57,0.43000000000000005,0.0,1.0
746713,2024-05-24,2024,668933,3,3.4597976,0.47930253,0.43,0.5700000000000001,0.04,0.96,0.0,1.0,0.0,1.0
745087,2024-05-24,2024,641302,4,4.297208,0.3642941,0.99,0.010000000000000009,0.31,0.69,0.0,1.0,0.0,1.0
747200,2024-05-24,2024,666129,6,5.10011,0.3832633,1.0,0.0,0.96,0.040000000000000036,0.16,0.84,0.0,1.0
746793,2024-05-24,2024,623167,2,4.058974,0.30597007,0.96,0.040000000000000036,0.07,0.9299999999999999,0.0,1.0,0.0,1.0
745415,2024-05-24,2024,506433,5,3.312284,0.3343407,0.27,0.73,0.0,1.0,0.0,1.0,0.0,1.0
745087,2024-05-24,2024,607625,3,6.14039,0.48249245,1.0,0.0,1.0,0.0,0.9,0.09999999999999998,0.21,0.79
744853,2024-05-24,2024,669022,8,7.2257257,0.5313723,1.0,0.0,1.0,0.0,1.0,0.0,0.96,0.040000000000000036
744853,2024-05-24,2024,669923,3,4.8796906,0.5478251,1.0,0.0,0.75,0.25,0.12,0.88,0.0,1.0
746793,2024-05-24,2024,669203,6,7.2190766,0.68302333,1.0,0.0,1.0,0.0,1.0,0.0,0.85,0.15000000000000002
746558,2024-05-24,2024,650911,2,5.305824,0.572255,1.0,0.0,0.94,0.06000000000000005,0.38,0.62,0.04,0.96
745663,2024-05-24,2024,666205,1,2.163653,0.25164834,0.0,1.0,0.0,1.0,0.0,1.0,0.0,1.0
745905,2024-05-24,2024,641927,5,5.3863873,0.38373378,1.0,0.0,0.99,0.010000000000000009,0.37,0.63,0.0,1.0
745822,2024-05-24,2024,690986,6,6.2902403,0.67160404,1.0,0.0,1.0,0.0,0.87,0.13,0.38,0.62
745501,2024-05-24,2024,663559,4,5.7781568,0.38699228,1.0,0.0,1.0,0.0,0.73,0.27,0.04,0.96
746227,2024-05-24,2024,663776,4,4.438436,0.3541123,1.0,0.0,0.42,0.5800000000000001,0.0,1.0,0.0,1.0
746475,2024-05-24,2024,628317,1,3.4049788,0.29824215,0.37,0.63,0.0,1.0,0.0,1.0,0.0,1.0
746475,2024-05-24,2024,666201,4,5.731981,0.37869528,1.0,0.0,1.0,0.0,0.73,0.27,0.02,0.98
745501,2024-05-24,2024,670241,2,4.3793516,0.35008365,0.99,0.010000000000000009,0.33,0.6699999999999999,0.0,1.0,0.0,1.0
745501,2024-05-24,2024,678061,6,4.0627804,0.4565216,0.87,0.13,0.16,0.84,0.0,1.0,0.0,1.0
746475,2024-05-24,2024,689225,2,2.057055,0.2994988,0.0,1.0,0.0,1.0,0.0,1.0,0.0,1.0
746227,2024-05-24,2024,660761,2,3.2085178,0.34059843,0.2,0.8,0.0,1.0,0.0,1.0,0.0,1.0
746713,2024-05-24,2024,572020,4,5.0198503,0.45996776,1.0,0.0,0.9,0.09999999999999998,0.16,0.84,0.0,1.0
745663,2024-05-24,2024,434378,9,6.227666,0.48775092,1.0,0.0,1.0,0.0,0.94,0.06000000000000005,0.3,0.7
745415,2024-05-24,2024,607074,2,7.745836,0.58053625,1.0,0.0,1.0,0.0,1.0,0.0,1.0,0.0
746227,2024-05-24,2024,671106,7,5.9294877,0.46197245,1.0,0.0,1.0,0.0,0.81,0.18999999999999995,0.12,0.88
745663,2024-05-24,2024,548389,3,2.6416419,0.24220268,0.0,1.0,0.0,1.0,0.0,1.0,0.0,1.0
745905,2024-05-24,2024,570632,6,4.4863167,0.40871,0.99,0.010000000000000009,0.52,0.48,0.0,1.0,0.0,1.0
745411,2024-05-25,2024,656302,9,9.570185,0.72053516,1.0,0.0,1.0,0.0,1.0,0.0,1.0,0.0
745658,2024-05-25,2024,681293,7,5.704587,0.43130085,1.0,0.0,1.0,0.0,0.66,0.33999999999999997,0.02,0.98
745823,2024-05-25,2024,622663,6,6.444221,0.50307095,1.0,0.0,1.0,0.0,0.99,0.010000000000000009,0.47,0.53
747199,2024-05-25,2024,664350,2,3.5662255,0.34941766,0.53,0.47,0.01,0.99,0.0,1.0,0.0,1.0
747199,2024-05-25,2024,656756,4,4.35824,0.38084176,0.98,0.020000000000000018,0.39,0.61,0.0,1.0,0.0,1.0
746470,2024-05-25,2024,621244,5,3.7393985,0.40136054,0.73,0.27,0.01,0.99,0.0,1.0,0.0,1.0
745823,2024-05-25,2024,663855,8,6.3154016,0.65897536,1.0,0.0,1.0,0.0,0.89,0.10999999999999999,0.37,0.63
746794,2024-05-25,2024,669211,2,2.2801104,0.23500267,0.0,1.0,0.0,1.0,0.0,1.0,0.0,1.0
746794,2024-05-25,2024,607200,6,4.9608974,0.4202497,1.0,0.0,0.89,0.10999999999999999,0.11,0.89,0.0,1.0
745176,2024-05-25,2024,592791,3,6.527993,0.5695385,1.0,0.0,1.0,0.0,0.97,0.030000000000000027,0.57,0.43000000000000005
746794,2024-05-25,2024,544150,3,5.0269365,0.44001693,1.0,0.0,0.9,0.09999999999999998,0.12,0.88,0.0,1.0
745176,2024-05-25,2024,571945,6,4.702554,0.39530146,1.0,0.0,0.68,0.31999999999999995,0.03,0.97,0.0,1.0
745658,2024-05-25,2024,676664,1,3.0405862,0.3723155,0.12,0.88,0.0,1.0,0.0,1.0,0.0,1.0
746470,2024-05-25,2024,681857,4,5.5621386,0.42743328,1.0,0.0,0.98,0.020000000000000018,0.56,0.43999999999999995,0.01,0.99
745086,2024-05-25,2024,663903,3,5.363526,0.412337,1.0,0.0,0.98,0.020000000000000018,0.41,0.5900000000000001,0.0,1.0
746958,2024-05-25,2024,607067,2,2.862543,0.31358036,0.02,0.98,0.0,1.0,0.0,1.0,0.0,1.0
745411,2024-05-25,2024,573186,5,3.689467,0.36902574,0.68,0.31999999999999995,0.03,0.97,0.0,1.0,0.0,1.0
744851,2024-05-25,2024,592866,8,3.0709403,0.20831415,0.01,0.99,0.0,1.0,0.0,1.0,0.0,1.0
745901,2024-05-25,2024,547179,4,4.2292957,0.3766498,0.99,0.010000000000000009,0.24,0.76,0.0,1.0,0.0,1.0
746556,2024-05-25,2024,641712,2,3.5114431,0.31940782,0.5,0.5,0.0,1.0,0.0,1.0,0.0,1.0
746556,2024-05-25,2024,605400,5,7.618837,0.601251,1.0,0.0,1.0,0.0,1.0,0.0,0.96,0.040000000000000036
746710,2024-05-25,2024,668881,5,8.455817,0.6959415,1.0,0.0,1.0,0.0,1.0,0.0,0.99,0.010000000000000009
745493,2024-05-25,2024,625643,3,4.0553966,0.3287043,0.96,0.040000000000000036,0.07,0.9299999999999999,0.0,1.0,0.0,1.0
746710,2024-05-25,2024,621111,4,5.437875,0.42728528,1.0,0.0,1.0,0.0,0.45,0.55,0.01,0.99
745493,2024-05-25,2024,656605,4,5.008122,0.3783424,1.0,0.0,0.92,0.07999999999999996,0.09,0.91,0.0,1.0
746958,2024-05-25,2024,677161,2,2.8437653,0.43594772,0.05,0.95,0.0,1.0,0.0,1.0,0.0,1.0
744851,2024-05-25,2024,669302,4,4.906602,0.47613585,1.0,0.0,0.83,0.17000000000000004,0.1,0.9,0.0,1.0
745086,2024-05-25,2024,650644,5,4.984529,0.40725866,1.0,0.0,0.89,0.10999999999999999,0.14,0.86,0.0,1.0
746958,2024-05-25,2024,601713,3,5.027915,0.44740477,1.0,0.0,0.89,0.10999999999999999,0.18,0.8200000000000001,0.0,1.0
745411,2024-05-25,2024,596133,1,2.2027411,0.25951356,0.0,1.0,0.0,1.0,0.0,1.0,0.0,1.0
746226,2024-05-25,2024,676440,6,5.882895,0.5045959,1.0,0.0,1.0,0.0,0.76,0.24,0.09,0.91
746226,2024-05-25,2024,667755,8,4.818132,0.52738076,1.0,0.0,0.77,0.22999999999999998,0.1,0.9,0.0,1.0
745901,2024-05-25,2024,663978,3,3.1658103,0.2838961,0.1,0.9,0.0,1.0,0.0,1.0,0.0,1.0
744855,2024-05-26,2024,693433,1,4.8834195,0.44262743,1.0,0.0,0.8,0.19999999999999996,0.1,0.9,0.0,1.0
746789,2024-05-26,2024,647336,5,3.8013926,0.30883166,0.84,0.16000000000000003,0.01,0.99,0.0,1.0,0.0,1.0
745498,2024-05-26,2024,519242,8,6.773642,0.562946,1.0,0.0,1.0,0.0,0.99,0.010000000000000009,0.7,0.30000000000000004
745498,2024-05-26,2024,527048,2,1.7938484,0.26400185,0.0,1.0,0.0,1.0,0.0,1.0,0.0,1.0
746789,2024-05-26,2024,680694,11,6.6685944,0.48767465,1.0,0.0,1.0,0.0,0.98,0.020000000000000018,0.65,0.35
745902,2024-05-26,2024,641154,6,6.0271087,0.44784713,1.0,0.0,1.0,0.0,0.92,0.07999999999999996,0.17,0.83
746789,2024-05-26,2024,676979,11,6.097976,0.5184799,1.0,0.0,1.0,0.0,0.87,0.13,0.22,0.78
745902,2024-05-26,2024,642520,2,4.5842977,0.4267021,1.0,0.0,0.59,0.41000000000000003,0.03,0.97,0.0,1.0
745172,2024-05-26,2024,665871,8,3.6580164,0.31799746,0.68,0.31999999999999995,0.01,0.99,0.0,1.0,0.0,1.0
745413,2024-05-26,2024,657376,6,5.934038,0.6317738,1.0,0.0,1.0,0.0,0.72,0.28,0.22,0.78
745824,2024-05-26,2024,657277,8,6.161905,0.52816296,1.0,0.0,1.0,0.0,0.9,0.09999999999999998,0.25,0.75
744855,2024-05-26,2024,571578,4,3.8893795,0.31509352,0.9,0.09999999999999998,0.02,0.98,0.0,1.0,0.0,1.0
746957,2024-05-26,2024,656557,7,6.6662164,0.5682658,1.0,0.0,1.0,0.0,0.98,0.020000000000000018,0.61,0.39
745172,2024-05-26,2024,543243,8,4.2547393,0.42414913,0.96,0.040000000000000036,0.28,0.72,0.01,0.99,0.0,1.0
746711,2024-05-26,2024,607259,3,3.1029975,0.2790075,0.08,0.92,0.0,1.0,0.0,1.0,0.0,1.0
746557,2024-05-26,2024,615698,5,3.97073,0.5999586,0.75,0.25,0.22,0.78,0.01,0.99,0.0,1.0
746557,2024-05-26,2024,624133,9,5.92378,0.46647778,1.0,0.0,1.0,0.0,0.81,0.18999999999999995,0.1,0.9
746711,2024-05-26,2024,686730,3,3.309166,0.334554,0.26,0.74,0.0,1.0,0.0,1.0,0.0,1.0
746711,2024-05-26,2024,808967,8,7.3688917,0.640128,1.0,0.0,1.0,0.0,0.99,0.010000000000000009,0.93,0.06999999999999995
745088,2024-05-26,2024,608379,7,5.556692,0.4029024,1.0,0.0,0.99,0.010000000000000009,0.6,0.4,0.0,1.0
746230,2024-05-26,2024,672282,8,6.688916,0.41588378,1.0,0.0,1.0,0.0,1.0,0.0,0.69,0.31000000000000005
746230,2024-05-26,2024,594902,5,4.6024756,0.3552745,1.0,0.0,0.64,0.36,0.01,0.99,0.0,1.0
746469,2024-05-26,2024,579328,0,2.8281982,0.2822826,0.01,0.99,0.0,1.0,0.0,1.0,0.0,1.0
745088,2024-05-26,2024,671737,6,6.1368804,0.69049263,1.0,0.0,1.0,0.0,0.84,0.16000000000000003,0.3,0.7
746469,2024-05-26,2024,663554,0,5.2589417,0.4036728,1.0,0.0,0.97,0.030000000000000027,0.25,0.75,0.0,1.0
745824,2024-05-26,2024,640455,6,4.9093657,0.39731255,1.0,0.0,0.85,0.15000000000000002,0.05,0.95,0.0,1.0
745824,2024-05-26,2024,605288,2,1.7301662,0.2535525,0.0,1.0,0.0,1.0,0.0,1.0,0.0,1.0
746957,2024-05-26,2024,668964,4,2.6469162,0.25387454,0.0,1.0,0.0,1.0,0.0,1.0,0.0,1.0
747197,2024-05-26,2024,686796,4,2.6260724,0.25379822,0.0,1.0,0.0,1.0,0.0,1.0,0.0,1.0
745653,2024-05-26,2024,672552,2,2.3054626,0.23491184,0.0,1.0,0.0,1.0,0.0,1.0,0.0,1.0
745653,2024-05-26,2024,605156,1,3.5885684,0.27208748,0.61,0.39,0.0,1.0,0.0,1.0,0.0,1.0
745653,2024-05-26,2024,669854,6,5.9343805,0.45040312,1.0,0.0,1.0,0.0,0.82,0.18000000000000005,0.13,0.87
747197,2024-05-26,2024,677960,7,6.2702236,0.5397642,1.0,0.0,1.0,0.0,0.93,0.06999999999999995,0.33,0.6699999999999999
745413,2024-05-26,2024,605397,5,5.650288,0.5142019,1.0,0.0,1.0,0.0,0.6,0.4,0.06,0.94
747118,2024-05-27,2024,450203,7,8.103288,0.5338178,1.0,0.0,1.0,0.0,1.0,0.0,1.0,0.0
745338,2024-05-27,2024,605483,7,6.0742116,0.41654664,1.0,0.0,1.0,0.0,0.92,0.07999999999999996,0.14,0.86
746788,2024-05-27,2024,605135,7,3.558122,0.3424541,0.56,0.43999999999999995,0.0,1.0,0.0,1.0,0.0,1.0
745254,2024-05-27,2024,682243,6,6.99884,0.5604957,1.0,0.0,1.0,0.0,1.0,0.0,0.85,0.15000000000000002
745254,2024-05-27,2024,664285,4,5.9054995,0.6079024,1.0,0.0,0.99,0.010000000000000009,0.73,0.27,0.15,0.85
746549,2024-05-27,2024,683627,0,2.0729122,0.26542464,0.0,1.0,0.0,1.0,0.0,1.0,0.0,1.0
746549,2024-05-27,2024,642028,2,2.9382546,0.36588427,0.04,0.96,0.0,1.0,0.0,1.0,0.0,1.0
746788,2024-05-27,2024,680897,5,3.4482162,0.26669642,0.46,0.54,0.0,1.0,0.0,1.0,0.0,1.0
747118,2024-05-27,2024,680730,6,7.071314,0.68187815,1.0,0.0,1.0,0.0,0.99,0.010000000000000009,0.79,0.20999999999999996
746549,2024-05-27,2024,675540,3,4.0661316,0.262471,0.97,0.030000000000000027,0.04,0.96,0.0,1.0,0.0,1.0
745416,2024-05-27,2024,669432,3,4.1401577,0.38899127,0.91,0.08999999999999997,0.18,0.8200000000000001,0.0,1.0,0.0,1.0
745904,2024-05-27,2024,657746,9,7.269477,0.5397757,1.0,0.0,1.0,0.0,1.0,0.0,0.93,0.06999999999999995
747034,2024-05-27,2024,681867,2,3.3598313,0.41880944,0.41,0.5900000000000001,0.0,1.0,0.0,1.0,0.0,1.0
745904,2024-05-27,2024,679525,7,6.5692625,0.47808152,1.0,0.0,1.0,0.0,0.99,0.010000000000000009,0.57,0.43000000000000005
747034,2024-05-27,2024,641745,2,3.5240543,0.31751028,0.56,0.43999999999999995,0.0,1.0,0.0,1.0,0.0,1.0
747034,2024-05-27,2024,608344,6,4.829148,0.43633375,1.0,0.0,0.78,0.21999999999999997,0.03,0.97,0.0,1.0
746708,2024-05-27,2024,666157,3,5.7463145,0.5738093,1.0,0.0,0.99,0.010000000000000009,0.68,0.31999999999999995,0.09,0.91
745986,2024-05-27,2024,657006,8,5.4325514,0.41902927,1.0,0.0,0.98,0.020000000000000018,0.42,0.5800000000000001,0.01,0.99
746708,2024-05-27,2024,458681,5,4.1975713,0.35599363,0.98,0.020000000000000018,0.19,0.81,0.0,1.0,0.0,1.0
745338,2024-05-27,2024,592836,4,6.073942,0.4846002,1.0,0.0,1.0,0.0,0.87,0.13,0.17,0.83
745986,2024-05-27,2024,688107,7,4.4938393,0.44454423,0.99,0.010000000000000009,0.48,0.52,0.02,0.98,0.0,1.0
745416,2024-05-27,2024,650633,7,5.314217,0.46148044,1.0,0.0,0.97,0.030000000000000027,0.32,0.6799999999999999,0.02,0.98
746229,2024-05-28,2024,641482,4,5.115926,0.41825682,1.0,0.0,0.89,0.10999999999999999,0.17,0.83,0.0,1.0
745987,2024-05-28,2024,642547,11,8.107349,0.6039172,1.0,0.0,1.0,0.0,1.0,0.0,1.0,0.0
745818,2024-05-28,2024,607192,8,6.9867706,0.56829953,1.0,0.0,1.0,0.0,0.99,0.010000000000000009,0.81,0.18999999999999995
745816,2024-05-28,2024,694813,7,4.304516,0.3927611,0.98,0.020000000000000018,0.26,0.74,0.01,0.99,0.0,1.0
747115,2024-05-28,2024,608331,6,6.419179,0.4423991,1.0,0.0,1.0,0.0,0.97,0.030000000000000027,0.39,0.61
747115,2024-05-28,2024,663623,10,6.0939155,0.5803898,1.0,0.0,0.99,0.010000000000000009,0.85,0.15000000000000002,0.23,0.77
745816,2024-05-28,2024,500779,3,4.356205,0.40747398,0.97,0.030000000000000027,0.36,0.64,0.0,1.0,0.0,1.0
745818,2024-05-28,2024,656731,9,5.639848,0.3851316,1.0,0.0,1.0,0.0,0.66,0.33999999999999997,0.0,1.0
746229,2024-05-28,2024,656288,5,4.4179406,0.37330782,1.0,0.0,0.42,0.5800000000000001,0.0,1.0,0.0,1.0
745337,2024-05-28,2024,675921,4,3.0826118,0.24675804,0.03,0.97,0.0,1.0,0.0,1.0,0.0,1.0
747033,2024-05-28,2024,678394,7,6.2484813,0.5046297,1.0,0.0,1.0,0.0,0.91,0.08999999999999997,0.29,0.71
745091,2024-05-28,2024,687765,4,6.173111,0.55441946,1.0,0.0,1.0,0.0,0.87,0.13,0.29,0.71
745091,2024-05-28,2024,641793,9,5.231264,0.5435002,1.0,0.0,0.91,0.08999999999999997,0.33,0.6699999999999999,0.0,1.0
745017,2024-05-28,2024,571760,1,1.535911,0.20726383,0.0,1.0,0.0,1.0,0.0,1.0,0.0,1.0
746552,2024-05-28,2024,663372,1,4.080773,0.2694946,1.0,0.0,0.09,0.91,0.0,1.0,0.0,1.0
746552,2024-05-28,2024,663474,9,5.073418,0.43351248,1.0,0.0,0.91,0.08999999999999997,0.17,0.83,0.0,1.0
746791,2024-05-28,2024,663765,4,4.8137307,0.45142698,1.0,0.0,0.77,0.22999999999999998,0.07,0.9299999999999999,0.0,1.0
747033,2024-05-28,2024,680570,10,6.2616115,0.49178702,1.0,0.0,1.0,0.0,0.94,0.06000000000000005,0.32,0.6799999999999999
746791,2024-05-28,2024,592332,3,5.1736126,0.40458304,1.0,0.0,0.95,0.050000000000000044,0.21,0.79,0.0,1.0
745017,2024-05-28,2024,694297,5,6.509288,0.50809103,1.0,0.0,1.0,0.0,0.99,0.010000000000000009,0.53,0.47
746709,2024-05-28,2024,671096,3,4.9729567,0.42400795,1.0,0.0,0.87,0.13,0.16,0.84,0.0,1.0
746709,2024-05-28,2024,502043,6,5.1096377,0.38264114,1.0,0.0,0.93,0.06999999999999995,0.17,0.83,0.0,1.0
745903,2024-05-28,2024,680573,4,5.349856,0.37931633,1.0,0.0,0.99,0.010000000000000009,0.35,0.65,0.0,1.0
745903,2024-05-28,2024,666142,7,5.845049,0.44383156,1.0,0.0,1.0,0.0,0.77,0.22999999999999998,0.06,0.94
745412,2024-05-28,2024,663362,8,6.5052667,1.615419,0.98,0.020000000000000018,0.86,0.14,0.74,0.26,0.52,0.48
745412,2024-05-28,2024,666200,4,5.211577,0.43576813,1.0,0.0,0.91,0.08999999999999997,0.26,0.74,0.0,1.0
745258,2024-05-28,2024,686613,9,4.147951,0.3702066,0.97,0.030000000000000027,0.16,0.84,0.0,1.0,0.0,1.0
745258,2024-05-28,2024,622491,6,4.997398,0.36364514,1.0,0.0,0.88,0.12,0.07,0.9299999999999999,0.0,1.0
745337,2024-05-28,2024,554430,9,7.1845784,0.57897514,1.0,0.0,1.0,0.0,1.0,0.0,0.91,0.08999999999999997
745987,2024-05-28,2024,676962,10,7.276699,0.5779582,1.0,0.0,1.0,0.0,1.0,0.0,0.93,0.06999999999999995
745817,2024-05-29,2024,656849,3,4.9830027,0.41148353,1.0,0.0,0.9,0.09999999999999998,0.1,0.9,0.0,1.0
745988,2024-05-29,2024,543294,1,1.6070497,0.2746248,0.0,1.0,0.0,1.0,0.0,1.0,0.0,1.0
745988,2024-05-29,2024,669060,1,3.869848,0.33701634,0.89,0.10999999999999999,0.03,0.97,0.0,1.0,0.0,1.0
745084,2024-05-29,2024,686752,7,6.1041307,0.47835073,1.0,0.0,1.0,0.0,0.89,0.10999999999999999,0.2,0.8
745084,2024-05-29,2024,683155,5,5.657604,0.4190957,1.0,0.0,1.0,0.0,0.64,0.36,0.01,0.99
747117,2024-05-29,2024,680885,5,6.5654907,0.47639224,1.0,0.0,1.0,0.0,0.99,0.010000000000000009,0.55,0.44999999999999996
747117,2024-05-29,2024,669022,10,6.50484,0.5448843,1.0,0.0,1.0,0.0,0.97,0.030000000000000027,0.5,0.5
746468,2024-05-29,2024,694973,9,8.39249,0.7250717,1.0,0.0,1.0,0.0,1.0,0.0,0.99,0.010000000000000009
746468,2024-05-29,2024,672456,5,5.23111,0.31467202,1.0,0.0,0.99,0.010000000000000009,0.17,0.83,0.0,1.0
746468,2024-05-29,2024,666214,3,2.4013073,0.24373585,0.0,1.0,0.0,1.0,0.0,1.0,0.0,1.0
745250,2024-05-29,2024,669923,8,6.083911,0.4657011,1.0,0.0,1.0,0.0,0.87,0.13,0.16,0.84
746467,2024-05-29,2024,669373,8,7.2459164,0.52229434,1.0,0.0,1.0,0.0,1.0,0.0,0.92,0.07999999999999996
746467,2024-05-29,2024,682847,3,2.8389542,0.3204571,0.03,0.97,0.0,1.0,0.0,1.0,0.0,1.0
746790,2024-05-29,2024,623167,6,3.9018967,0.3152414,0.87,0.13,0.03,0.97,0.0,1.0,0.0,1.0
745988,2024-05-29,2024,684007,1,5.8847485,0.62357277,1.0,0.0,0.99,0.010000000000000009,0.67,0.32999999999999996,0.15,0.85
745333,2024-05-29,2024,690986,5,5.8838024,0.52850425,1.0,0.0,1.0,0.0,0.75,0.25,0.11,0.89
745333,2024-05-29,2024,650911,7,7.157443,0.60218847,1.0,0.0,1.0,0.0,0.99,0.010000000000000009,0.87,0.13
746706,2024-05-29,2024,669467,4,4.5245037,0.3320775,1.0,0.0,0.51,0.49,0.0,1.0,0.0,1.0
746706,2024-05-29,2024,593423,5,7.586522,0.53912336,1.0,0.0,1.0,0.0,1.0,0.0,0.98,0.020000000000000018
745250,2024-05-29,2024,434378,9,5.873767,0.42548332,1.0,0.0,1.0,0.0,0.81,0.18999999999999995,0.09,0.91
745900,2024-05-29,2024,607625,5,5.6927943,0.44586438,1.0,0.0,0.99,0.010000000000000009,0.69,0.31000000000000005,0.03,0.97
745414,2024-05-29,2024,666745,2,2.2579796,0.49947372,0.01,0.99,0.0,1.0,0.0,1.0,0.0,1.0
745414,2024-05-29,2024,666129,2,4.2217298,0.3639215,0.98,0.020000000000000018,0.24,0.76,0.0,1.0,0.0,1.0
745414,2024-05-29,2024,506433,2,3.6056008,0.2803838,0.66,0.33999999999999997,0.0,1.0,0.0,1.0,0.0,1.0
746551,2024-05-29,2024,621389,5,5.114957,0.45523974,1.0,0.0,0.91,0.08999999999999997,0.21,0.79,0.01,0.99
746467,2024-05-29,2024,683003,2,5.276684,0.42178506,1.0,0.0,1.0,0.0,0.28,0.72,0.01,0.99
745011,2024-05-29,2024,641540,6,4.449087,0.33056048,1.0,0.0,0.47,0.53,0.0,1.0,0.0,1.0
746228,2024-05-29,2024,661563,9,5.5016603,0.47533286,1.0,0.0,1.0,0.0,0.51,0.49,0.04,0.96
746228,2024-05-29,2024,542881,4,4.269694,0.38108507,0.96,0.040000000000000036,0.24,0.76,0.0,1.0,0.0,1.0
745900,2024-05-29,2024,641927,4,4.2311425,0.33303973,0.99,0.010000000000000009,0.2,0.8,0.0,1.0,0.0,1.0
746551,2024-05-29,2024,671106,1,2.5050821,0.22851099,0.0,1.0,0.0,1.0,0.0,1.0,0.0,1.0
745817,2024-05-29,2024,572020,3,1.8453091,0.23707518,0.0,1.0,0.0,1.0,0.0,1.0,0.0,1.0
747031,2024-05-29,2024,676710,5,6.397195,0.47825444,1.0,0.0,1.0,0.0,0.98,0.020000000000000018,0.44,0.56
747031,2024-05-29,2024,669203,5,8.168597,0.6612629,1.0,0.0,1.0,0.0,1.0,0.0,1.0,0.0
745011,2024-05-29,2024,669194,3,6.447801,0.4509564,1.0,0.0,1.0,0.0,0.99,0.010000000000000009,0.51,0.49
745898,2024-05-30,2024,663978,4,4.9776797,0.332614,1.0,0.0,0.9,0.09999999999999998,0.07,0.9299999999999999,0.0,1.0
747114,2024-05-30,2024,678061,7,5.297851,0.55163944,1.0,0.0,0.93,0.06999999999999995,0.37,0.63,0.01,0.99
745819,2024-05-30,2024,681035,4,6.417638,0.5013732,1.0,0.0,1.0,0.0,0.95,0.050000000000000044,0.43,0.5700000000000001
746225,2024-05-30,2024,663776,7,6.047211,0.45058218,1.0,0.0,1.0,0.0,0.89,0.10999999999999999,0.17,0.83
745985,2024-05-30,2024,592791,4,4.960757,0.3735785,1.0,0.0,0.9,0.09999999999999998,0.05,0.95,0.0,1.0
745985,2024-05-30,2024,607067,5,4.649373,0.45625478,0.99,0.010000000000000009,0.6,0.4,0.04,0.96,0.0,1.0
745081,2024-05-30,2024,641302,7,3.0257428,0.2636065,0.04,0.96,0.0,1.0,0.0,1.0,0.0,1.0
745081,2024-05-30,2024,663687,7,6.0779033,0.53845054,1.0,0.0,1.0,0.0,0.82,0.18000000000000005,0.24,0.76
745081,2024-05-30,2024,695243,4,2.8810356,0.31210315,0.01,0.99,0.0,1.0,0.0,1.0,0.0,1.0
745249,2024-05-30,2024,681293,8,4.6622686,0.32966223,1.0,0.0,0.69,0.31000000000000005,0.01,0.99,0.0,1.0
745249,2024-05-30,2024,669302,5,7.336701,0.6269366,1.0,0.0,1.0,0.0,1.0,0.0,0.9,0.09999999999999998
745898,2024-05-30,2024,663738,2,2.6184826,0.24270083,0.0,1.0,0.0,1.0,0.0,1.0,0.0,1.0
746225,2024-05-30,2024,607074,5,5.9349685,0.43621212,1.0,0.0,1.0,0.0,0.8,0.19999999999999996,0.09,0.91
747114,2024-05-30,2024,592866,4,3.3019495,0.27414665,0.23,0.77,0.0,1.0,0.0,1.0,0.0,1.0
746954,2024-05-30,2024,601713,9,7.0734386,0.6081189,1.0,0.0,1.0,0.0,0.99,0.010000000000000009,0.85,0.15000000000000002
746954,2024-05-30,2024,656427,9,6.561,0.53690505,1.0,0.0,1.0,0.0,0.99,0.010000000000000009,0.52,0.48
746059,2024-05-31,2024,642546,3,2.2594824,0.3455774,0.0,1.0,0.0,1.0,0.0,1.0,0.0,1.0
746059,2024-05-31,2024,570632,1,2.7026238,0.26347306,0.0,1.0,0.0,1.0,0.0,1.0,0.0,1.0
744928,2024-05-31,2024,663559,5,4.919429,0.36382818,1.0,0.0,0.9,0.09999999999999998,0.06,0.94,0.0,1.0
746059,2024-05-31,2024,664350,0,1.9190863,0.30129865,0.0,1.0,0.0,1.0,0.0,1.0,0.0,1.0
746140,2024-05-31,2024,641712,3,4.901944,0.39300886,1.0,0.0,0.84,0.16000000000000003,0.06,0.94,0.0,1.0
744928,2024-05-31,2024,669387,3,2.3493655,0.3611498,0.01,0.99,0.0,1.0,0.0,1.0,0.0,1.0
746635,2024-05-31,2024,571578,5,4.4832926,0.44101384,1.0,0.0,0.48,0.52,0.02,0.98,0.0,1.0
746635,2024-05-31,2024,676440,7,4.6934233,0.42558882,0.99,0.010000000000000009,0.69,0.31000000000000005,0.02,0.98,0.0,1.0
746140,2024-05-31,2024,621111,7,5.241774,0.3904496,1.0,0.0,0.97,0.030000000000000027,0.25,0.75,0.0,1.0
744928,2024-05-31,2024,621244,5,5.8086877,0.52453053,1.0,0.0,0.99,0.010000000000000009,0.74,0.26,0.06,0.94
745574,2024-05-31,2024,571945,5,5.122694,0.36072546,1.0,0.0,0.96,0.040000000000000036,0.13,0.87,0.0,1.0
745983,2024-05-31,2024,607200,8,5.630679,0.48143303,1.0,0.0,1.0,0.0,0.62,0.38,0.04,0.96
747116,2024-05-31,2024,676664,5,4.7161508,0.34850517,1.0,0.0,0.77,0.22999999999999998,0.01,0.99,0.0,1.0
746303,2024-05-31,2024,656302,5,7.820347,0.5765395,1.0,0.0,1.0,0.0,1.0,0.0,0.99,0.010000000000000009
746955,2024-05-31,2024,656557,6,7.412611,0.63475,1.0,0.0,1.0,0.0,1.0,0.0,0.91,0.08999999999999997
746955,2024-05-31,2024,628317,6,4.9502664,0.46287623,1.0,0.0,0.83,0.17000000000000004,0.14,0.86,0.0,1.0
745253,2024-05-31,2024,667755,3,6.113119,0.64266914,1.0,0.0,1.0,0.0,0.81,0.18999999999999995,0.26,0.74
745253,2024-05-31,2024,693433,2,4.5047455,0.3410222,0.99,0.010000000000000009,0.51,0.49,0.0,1.0,0.0,1.0
745574,2024-05-31,2024,605400,6,7.122768,0.5436234,1.0,0.0,1.0,0.0,1.0,0.0,0.85,0.15000000000000002
747032,2024-05-31,2024,544150,5,5.7421904,0.4428916,1.0,0.0,1.0,0.0,0.71,0.29000000000000004,0.07,0.9299999999999999
747032,2024-05-31,2024,650644,3,5.4868746,0.4098364,1.0,0.0,1.0,0.0,0.46,0.54,0.0,1.0
746303,2024-05-31,2024,608379,2,3.8951972,0.3178263,0.91,0.08999999999999997,0.01,0.99,0.0,1.0,0.0,1.0
746877,2024-05-31,2024,668933,4,3.3394125,0.46985883,0.34,0.6599999999999999,0.01,0.99,0.0,1.0,0.0,1.0
745331,2024-05-31,2024,573186,2,3.6538413,0.43431732,0.63,0.37,0.04,0.96,0.0,1.0,0.0,1.0
745331,2024-05-31,2024,663855,4,6.477905,0.66671526,1.0,0.0,1.0,0.0,0.95,0.050000000000000044,0.39,0.61
746387,2024-05-31,2024,641154,6,6.421043,0.4628361,1.0,0.0,1.0,0.0,0.99,0.010000000000000009,0.44,0.56
746387,2024-05-31,2024,669854,6,5.650131,0.39197996,1.0,0.0,1.0,0.0,0.67,0.32999999999999996,0.0,1.0
745820,2024-05-31,2024,663531,2,3.0154636,0.3792457,0.11,0.89,0.0,1.0,0.0,1.0,0.0,1.0
745820,2024-05-31,2024,656756,4,3.1243217,0.31270432,0.13,0.87,0.0,1.0,0.0,1.0,0.0,1.0
745820,2024-05-31,2024,622663,4,5.5795884,0.41426858,1.0,0.0,0.99,0.010000000000000009,0.56,0.43999999999999995,0.0,1.0
745983,2024-05-31,2024,668964,4,3.9293482,0.29086465,0.94,0.06000000000000005,0.05,0.95,0.0,1.0,0.0,1.0
747116,2024-05-31,2024,625643,8,5.6386714,0.38683873,1.0,0.0,1.0,0.0,0.64,0.36,0.01,0.99
746877,2024-05-31,2024,665871,7,4.8586335,0.33613417,1.0,0.0,0.85,0.15000000000000002,0.02,0.98,0.0,1.0
745812,2024-06-01,2024,676714,0,2.196793,0.3629074,0.0,1.0,0.0,1.0,0.0,1.0,0.0,1.0
745812,2024-06-01,2024,677020,2,3.1103933,0.3676551,0.14,0.86,0.0,1.0,0.0,1.0,0.0,1.0
746062,2024-06-01,2024,623211,3,2.2269526,0.32838047,0.0,1.0,0.0,1.0,0.0,1.0,0.0,1.0
746062,2024-06-01,2024,547179,7,5.3110456,0.38079536,1.0,0.0,0.95,0.050000000000000044,0.31,0.69,0.0,1.0
744932,2024-06-01,2024,579328,4,5.928343,0.39919883,1.0,0.0,1.0,0.0,0.86,0.14,0.08,0.92
746062,2024-06-01,2024,677960,11,6.9874325,0.5935681,1.0,0.0,1.0,0.0,0.99,0.010000000000000009,0.81,0.18999999999999995
744932,2024-06-01,2024,656605,8,6.988576,0.51665205,1.0,0.0,1.0,0.0,0.99,0.010000000000000009,0.8,0.19999999999999996
745812,2024-06-01,2024,677944,4,4.5807505,0.36026648,0.99,0.010000000000000009,0.59,0.41000000000000003,0.0,1.0,0.0,1.0
745812,2024-06-01,2024,640455,10,6.182654,0.4412671,1.0,0.0,1.0,0.0,0.93,0.06999999999999995,0.3,0.7
746138,2024-06-01,2024,808967,7,6.735905,0.57905006,1.0,0.0,1.0,0.0,0.98,0.020000000000000018,0.66,0.33999999999999997
745980,2024-06-01,2024,676979,8,7.736199,0.5742305,1.0,0.0,1.0,0.0,1.0,0.0,0.99,0.010000000000000009
746870,2024-06-01,2024,657006,5,5.265298,0.42627534,1.0,0.0,0.97,0.030000000000000027,0.28,0.72,0.0,1.0
746870,2024-06-01,2024,668881,5,6.6298394,0.6156599,1.0,0.0,1.0,0.0,0.98,0.020000000000000018,0.58,0.42000000000000004
746629,2024-06-01,2024,680730,5,6.0186286,0.57048565,1.0,0.0,1.0,0.0,0.81,0.18999999999999995,0.2,0.8
746629,2024-06-01,2024,594902,4,4.9068546,0.42181283,1.0,0.0,0.81,0.18999999999999995,0.07,0.9299999999999999,0.0,1.0
746952,2024-06-01,2024,681857,5,6.6694613,0.4885392,1.0,0.0,1.0,0.0,1.0,0.0,0.59,0.41000000000000003
746952,2024-06-01,2024,681867,5,4.233063,0.3813968,0.97,0.030000000000000027,0.3,0.7,0.0,1.0,0.0,1.0
745251,2024-06-01,2024,682243,9,5.3738585,0.4711208,1.0,0.0,0.99,0.010000000000000009,0.36,0.64,0.01,0.99
745251,2024-06-01,2024,672282,3,5.0958815,0.39657047,1.0,0.0,0.91,0.08999999999999997,0.15,0.85,0.0,1.0
745251,2024-06-01,2024,608334,2,1.8498535,0.48331136,0.0,1.0,0.0,1.0,0.0,1.0,0.0,1.0
745980,2024-06-01,2024,688107,3,3.3821344,0.34524277,0.38,0.62,0.0,1.0,0.0,1.0,0.0,1.0
747029,2024-06-01,2024,606965,2,3.1208913,0.33308822,0.1,0.9,0.0,1.0,0.0,1.0,0.0,1.0
745332,2024-06-01,2024,657277,6,5.9851685,0.531278,1.0,0.0,1.0,0.0,0.78,0.21999999999999997,0.19,0.81
747029,2024-06-01,2024,671737,3,4.227536,0.47934356,0.97,0.030000000000000027,0.29,0.71,0.01,0.99,0.0,1.0
745332,2024-06-01,2024,547001,6,3.1431012,0.26333916,0.09,0.91,0.0,1.0,0.0,1.0,0.0,1.0
747111,2024-06-01,2024,605156,1,3.4740267,0.23038773,0.51,0.49,0.0,1.0,0.0,1.0,0.0,1.0
745575,2024-06-01,2024,543243,10,5.1954865,0.42382535,1.0,0.0,0.92,0.07999999999999996,0.23,0.77,0.0,1.0
745575,2024-06-01,2024,605513,6,2.4864008,0.31365767,0.0,1.0,0.0,1.0,0.0,1.0,0.0,1.0
747111,2024-06-01,2024,519242,4,4.560701,0.39370295,1.0,0.0,0.55,0.44999999999999996,0.0,1.0,0.0,1.0
746305,2024-06-01,2024,679525,3,3.4148524,0.29431605,0.37,0.63,0.0,1.0,0.0,1.0,0.0,1.0
746305,2024-06-01,2024,681190,5,4.5025463,0.37941465,0.99,0.010000000000000009,0.49,0.51,0.0,1.0,0.0,1.0
746384,2024-06-01,2024,664285,4,4.793616,0.49589717,0.99,0.010000000000000009,0.74,0.26,0.08,0.92,0.0,1.0
747029,2024-06-01,2024,680694,6,4.723886,0.43316928,0.99,0.010000000000000009,0.73,0.27,0.02,0.98,0.0,1.0
746138,2024-06-01,2024,615698,1,4.912133,0.6481334,0.98,0.020000000000000018,0.78,0.21999999999999997,0.19,0.81,0.01,0.99
746384,2024-06-01,2024,657746,4,6.507401,0.44997168,1.0,0.0,1.0,0.0,0.98,0.020000000000000018,0.47,0.53
746301,2024-06-02,2024,650633,4,6.2938566,0.38794142,1.0,0.0,1.0,0.0,0.97,0.030000000000000027,0.27,0.73
746632,2024-06-02,2024,663623,6,7.4757566,0.6030115,1.0,0.0,1.0,0.0,1.0,0.0,0.98,0.020000000000000018
746632,2024-06-02,2024,471911,5,3.172312,0.4035302,0.22,0.78,0.0,1.0,0.0,1.0,0.0,1.0
746383,2024-06-02,2024,680573,6,4.177138,0.35899717,0.98,0.020000000000000018,0.19,0.81,0.0,1.0,0.0,1.0
744929,2024-06-02,2024,682990,3,4.372785,0.39048532,0.99,0.010000000000000009,0.34,0.6599999999999999,0.0,1.0,0.0,1.0
746061,2024-06-02,2024,571760,7,5.430265,0.40595677,1.0,0.0,0.99,0.010000000000000009,0.41,0.5900000000000001,0.0,1.0
746061,2024-06-02,2024,669432,3,2.9304934,0.47436586,0.13,0.87,0.0,1.0,0.0,1.0,0.0,1.0
746301,2024-06-02,2024,666142,6,5.6334596,0.5336298,1.0,0.0,0.98,0.020000000000000018,0.62,0.38,0.04,0.96
745572,2024-06-02,2024,592836,5,5.6718397,0.44576457,1.0,0.0,0.98,0.020000000000000018,0.67,0.32999999999999996,0.03,0.97
746383,2024-06-02,2024,686613,7,6.0759335,0.41558596,1.0,0.0,1.0,0.0,0.91,0.08999999999999997,0.17,0.83
745572,2024-06-02,2024,458681,4,4.7625184,0.37155297,1.0,0.0,0.75,0.25,0.04,0.96,0.0,1.0
745330,2024-06-02,2024,641482,7,5.3609204,0.3933293,1.0,0.0,0.97,0.030000000000000027,0.37,0.63,0.0,1.0
745330,2024-06-02,2024,605483,7,6.2436748,0.54018784,1.0,0.0,1.0,0.0,0.93,0.06999999999999995,0.29,0.71
744929,2024-06-02,2024,605135,7,6.113776,0.50899124,1.0,0.0,1.0,0.0,0.88,0.12,0.21,0.79
745984,2024-06-02,2024,642547,7,6.4074593,0.62171596,1.0,0.0,1.0,0.0,0.93,0.06999999999999995,0.48,0.52
745984,2024-06-02,2024,680897,1,4.279061,0.37268826,0.98,0.020000000000000018,0.26,0.74,0.0,1.0,0.0,1.0
745813,2024-06-02,2024,500779,4,4.19331,0.43518645,0.93,0.06999999999999995,0.26,0.74,0.0,1.0,0.0,1.0
745813,2024-06-02,2024,694297,8,6.273119,0.510466,1.0,0.0,1.0,0.0,0.91,0.08999999999999997,0.37,0.63
747110,2024-06-02,2024,665622,6,5.4477296,0.39211074,1.0,0.0,1.0,0.0,0.45,0.55,0.0,1.0
747110,2024-06-02,2024,450203,6,7.061364,0.5679626,1.0,0.0,1.0,0.0,1.0,0.0,0.84,0.16000000000000003
747030,2024-06-02,2024,641793,2,4.5990896,0.5042612,0.98,0.020000000000000018,0.58,0.42000000000000004,0.04,0.96,0.0,1.0
747030,2024-06-02,2024,608344,1,4.512981,0.3618193,1.0,0.0,0.49,0.51,0.0,1.0,0.0,1.0
746141,2024-06-02,2024,596295,2,3.516338,0.28822103,0.52,0.48,0.0,1.0,0.0,1.0,0.0,1.0
746141,2024-06-02,2024,663567,3,4.045035,0.38896534,0.93,0.06999999999999995,0.11,0.89,0.0,1.0,0.0,1.0
746953,2024-06-02,2024,678394,5,6.438756,0.60934377,1.0,0.0,1.0,0.0,0.94,0.06000000000000005,0.44,0.56
746141,2024-06-02,2024,694813,6,4.1152,0.35573962,0.94,0.06000000000000005,0.11,0.89,0.0,1.0,0.0,1.0
746871,2024-06-02,2024,543294,3,1.6781887,0.3503215,0.0,1.0,0.0,1.0,0.0,1.0,0.0,1.0
746953,2024-06-02,2024,663554,4,4.826753,0.36731797,1.0,0.0,0.79,0.20999999999999996,0.04,0.96,0.0,1.0
745252,2024-06-02,2024,622491,6,6.144926,0.49234244,1.0,0.0,1.0,0.0,0.9,0.09999999999999998,0.2,0.8
745252,2024-06-02,2024,656288,4,4.434798,0.41183043,1.0,0.0,0.44,0.56,0.01,0.99,0.0,1.0
746871,2024-06-02,2024,666157,3,5.89525,0.5114588,1.0,0.0,1.0,0.0,0.75,0.25,0.16,0.84
746871,2024-06-02,2024,676962,6,4.884656,0.49038395,1.0,0.0,0.76,0.24,0.11,0.89,0.0,1.0
745569,2024-06-03,2024,554430,6,7.2235494,0.461877,1.0,0.0,1.0,0.0,1.0,0.0,0.95,0.050000000000000044
746382,2024-06-03,2024,434378,4,6.9331036,0.5299514,1.0,0.0,1.0,0.0,1.0,0.0,0.77,0.22999999999999998
746382,2024-06-03,2024,502043,8,5.499609,0.51423657,1.0,0.0,0.99,0.010000000000000009,0.5,0.5,0.02,0.98
747194,2024-06-03,2024,669194,1,2.7896433,0.29683325,0.0,1.0,0.0,1.0,0.0,1.0,0.0,1.0
746548,2024-06-03,2024,671096,6,5.4675975,0.4122462,1.0,0.0,1.0,0.0,0.5,0.5,0.01,0.99
744854,2024-06-03,2024,656731,4,3.3703678,0.34047115,0.31,0.69,0.0,1.0,0.0,1.0,0.0,1.0
744854,2024-06-03,2024,669022,2,6.770329,0.5925027,1.0,0.0,1.0,0.0,0.98,0.020000000000000018,0.69,0.31000000000000005
746548,2024-06-03,2024,663372,3,4.3094454,0.33915645,0.99,0.010000000000000009,0.31,0.69,0.0,1.0,0.0,1.0
744854,2024-06-03,2024,605288,0,1.853542,0.31193322,0.0,1.0,0.0,1.0,0.0,1.0,0.0,1.0
745009,2024-06-03,2024,689225,4,2.7908921,0.31107107,0.01,0.99,0.0,1.0,0.0,1.0,0.0,1.0
745569,2024-06-03,2024,669060,1,4.152455,0.36232615,0.96,0.040000000000000036,0.17,0.83,0.0,1.0,0.0,1.0
747194,2024-06-03,2024,675921,3,3.9548626,0.26502845,0.97,0.030000000000000027,0.02,0.98,0.0,1.0,0.0,1.0
745009,2024-06-03,2024,669373,6,6.5868435,0.59197664,1.0,0.0,1.0,0.0,0.98,0.020000000000000018,0.54,0.45999999999999996
744930,2024-06-03,2024,592332,3,6.8875637,0.6033035,1.0,0.0,1.0,0.0,0.99,0.010000000000000009,0.71,0.29000000000000004
745009,2024-06-03,2024,543135,7,5.23034,0.54905796,1.0,0.0,0.88,0.12,0.31,0.69,0.02,0.98
746224,2024-06-03,2024,542881,2,3.5810428,0.38967854,0.56,0.43999999999999995,0.01,0.99,0.0,1.0,0.0,1.0
744930,2024-06-03,2024,680570,4,5.598411,0.45332295,1.0,0.0,1.0,0.0,0.63,0.37,0.04,0.96
746224,2024-06-03,2024,663362,4,5.1481295,1.1385114,0.93,0.06999999999999995,0.69,0.31000000000000005,0.39,0.61,0.11,0.89
746630,2024-06-04,2024,607625,5,6.014174,0.45078573,1.0,0.0,0.99,0.010000000000000009,0.87,0.13,0.13,0.87
745010,2024-06-04,2024,656427,4,3.546612,0.382007,0.53,0.47,0.02,0.98,0.0,1.0,0.0,1.0
745497,2024-06-04,2024,607192,9,8.392803,0.6786618,1.0,0.0,1.0,0.0,1.0,0.0,1.0,0.0
746060,2024-06-04,2024,623211,3,2.3219278,0.3737654,0.0,1.0,0.0,1.0,0.0,1.0,0.0,1.0
746060,2024-06-04,2024,666200,2,4.894076,0.43492514,1.0,0.0,0.81,0.18999999999999995,0.09,0.91,0.0,1.0
746060,2024-06-04,2024,686752,8,5.8482137,0.41853717,1.0,0.0,0.99,0.010000000000000009,0.81,0.18999999999999995,0.04,0.96
746222,2024-06-04,2024,663776,7,7.134798,0.51823807,1.0,0.0,1.0,0.0,0.99,0.010000000000000009,0.92,0.07999999999999996
745497,2024-06-04,2024,683003,6,8.364004,0.64785516,1.0,0.0,1.0,0.0,1.0,0.0,1.0,0.0
746222,2024-06-04,2024,800049,2,3.5965095,0.31251106,0.61,0.39,0.0,1.0,0.0,1.0,0.0,1.0
745568,2024-06-04,2024,650911,3,5.8259454,0.5590209,1.0,0.0,1.0,0.0,0.76,0.24,0.08,0.92
745568,2024-06-04,2024,607067,2,3.6450143,0.3318754,0.66,0.33999999999999997,0.0,1.0,0.0,1.0,0.0,1.0
747196,2024-06-04,2024,686796,2,4.0259933,0.39371508,0.89,0.10999999999999999,0.1,0.9,0.0,1.0,0.0,1.0
746949,2024-06-04,2024,676710,5,5.310996,0.41653445,1.0,0.0,0.98,0.020000000000000018,0.33,0.6699999999999999,0.0,1.0
746949,2024-06-04,2024,608331,13,6.387505,0.5038612,1.0,0.0,1.0,0.0,0.95,0.050000000000000044,0.4,0.6
746949,2024-06-04,2024,502624,1,1.6989444,0.3394565,0.0,1.0,0.0,1.0,0.0,1.0,0.0,1.0
747196,2024-06-04,2024,690986,5,6.0847034,0.58650696,1.0,0.0,1.0,0.0,0.84,0.16000000000000003,0.23,0.77
746872,2024-06-04,2024,684007,6,4.229411,0.6675154,0.87,0.13,0.31,0.69,0.03,0.97,0.0,1.0
746872,2024-06-04,2024,623167,4,3.7599392,0.32603785,0.78,0.21999999999999997,0.0,1.0,0.0,1.0,0.0,1.0
744931,2024-06-04,2024,670102,2,4.1877136,0.36422697,0.97,0.030000000000000027,0.23,0.77,0.0,1.0,0.0,1.0
745010,2024-06-04,2024,641540,4,4.2865267,0.3396919,0.99,0.010000000000000009,0.24,0.76,0.0,1.0,0.0,1.0
744931,2024-06-04,2024,670950,4,3.084005,0.51903784,0.21,0.79,0.0,1.0,0.0,1.0,0.0,1.0
745739,2024-06-04,2024,661563,6,5.4505644,0.41049218,1.0,0.0,0.99,0.010000000000000009,0.41,0.5900000000000001,0.0,1.0
746630,2024-06-04,2024,663474,7,4.552823,0.38002226,1.0,0.0,0.56,0.43999999999999995,0.0,1.0,0.0,1.0
745656,2024-06-04,2024,687765,3,5.165933,0.57371694,1.0,0.0,0.89,0.10999999999999999,0.26,0.74,0.01,0.99
746380,2024-06-04,2024,681293,4,3.5277576,0.32014844,0.52,0.48,0.0,1.0,0.0,1.0,0.0,1.0
746380,2024-06-04,2024,669467,1,3.1828759,0.2975102,0.11,0.89,0.0,1.0,0.0,1.0,0.0,1.0
745656,2024-06-04,2024,669923,9,5.9806604,0.58429104,1.0,0.0,1.0,0.0,0.76,0.24,0.22,0.78
745010,2024-06-04,2024,656412,2,2.9188898,0.34668922,0.08,0.92,0.0,1.0,0.0,1.0,0.0,1.0
744931,2024-06-04,2024,669203,5,7.9398146,0.69796234,1.0,0.0,1.0,0.0,1.0,0.0,0.98,0.020000000000000018
744850,2024-06-04,2024,656849,2,3.1133478,0.41522813,0.16,0.84,0.0,1.0,0.0,1.0,0.0,1.0
744850,2024-06-04,2024,687792,3,3.9979157,0.38313603,0.92,0.07999999999999996,0.12,0.88,0.0,1.0,0.0,1.0
745739,2024-06-04,2024,641927,2,4.6035304,0.35606447,1.0,0.0,0.6,0.4,0.0,1.0,0.0,1.0
746550,2024-06-04,2024,621389,2,4.124197,0.39939907,0.94,0.06000000000000005,0.19,0.81,0.0,1.0,0.0,1.0
746550,2024-06-04,2024,593423,9,6.4702435,0.44986707,1.0,0.0,1.0,0.0,0.98,0.020000000000000018,0.46,0.54
744852,2024-06-05,2024,622663,4,3.9540293,0.35301787,0.89,0.10999999999999999,0.06,0.94,0.0,1.0,0.0,1.0
747195,2024-06-05,2024,676714,1,2.7996454,0.30270734,0.01,0.99,0.0,1.0,0.0,1.0,0.0,1.0
746056,2024-06-05,2024,621107,3,2.8940616,0.27357003,0.01,0.99,0.0,1.0,0.0,1.0,0.0,1.0
747195,2024-06-05,2024,663531,5,4.5278864,0.49286383,0.99,0.010000000000000009,0.52,0.48,0.01,0.99,0.0,1.0
746544,2024-06-05,2024,668933,2,3.3142545,0.48704565,0.32,0.6799999999999999,0.02,0.98,0.0,1.0,0.0,1.0
746544,2024-06-05,2024,641712,4,3.1185822,0.34444603,0.14,0.86,0.0,1.0,0.0,1.0,0.0,1.0
745740,2024-06-05,2024,663978,7,4.6310067,0.33143526,1.0,0.0,0.62,0.38,0.01,0.99,0.0,1.0
745740,2024-06-05,2024,607074,9,8.421431,0.6008658,1.0,0.0,1.0,0.0,1.0,0.0,1.0,0.0
747195,2024-06-05,2024,656756,1,2.5203853,0.3219839,0.0,1.0,0.0,1.0,0.0,1.0,0.0,1.0
745494,2024-06-05,2024,572020,2,1.8337874,0.29598072,0.0,1.0,0.0,1.0,0.0,1.0,0.0,1.0
745494,2024-06-05,2024,642232,2,2.0352619,0.31740907,0.0,1.0,0.0,1.0,0.0,1.0,0.0,1.0
745494,2024-06-05,2024,694973,8,7.374636,0.48560295,1.0,0.0,1.0,0.0,1.0,0.0,0.96,0.040000000000000036
746056,2024-06-05,2024,666129,3,1.7594985,0.26367512,0.0,1.0,0.0,1.0,0.0,1.0,0.0,1.0
747195,2024-06-05,2024,663855,7,5.8622117,0.5683661,1.0,0.0,0.99,0.010000000000000009,0.76,0.24,0.12,0.88
744852,2024-06-05,2024,571578,3,4.0787945,0.39917132,0.95,0.050000000000000044,0.19,0.81,0.0,1.0,0.0,1.0
746379,2024-06-05,2024,571945,3,2.8539982,0.25035185,0.0,1.0,0.0,1.0,0.0,1.0,0.0,1.0
746873,2024-06-05,2024,592791,6,4.2601104,0.3457712,0.99,0.010000000000000009,0.24,0.76,0.0,1.0,0.0,1.0
746379,2024-06-05,2024,669854,2,5.8780904,0.4782696,1.0,0.0,1.0,0.0,0.8,0.19999999999999996,0.08,0.92
745654,2024-06-05,2024,683155,5,5.296503,0.47567028,1.0,0.0,0.96,0.040000000000000036,0.32,0.6799999999999999,0.0,1.0
745654,2024-06-05,2024,669302,5,4.608849,0.45704925,0.99,0.010000000000000009,0.54,0.45999999999999996,0.04,0.96,0.0,1.0
745007,2024-06-05,2024,570632,6,5.4659343,0.43958703,1.0,0.0,0.98,0.020000000000000018,0.46,0.54,0.0,1.0
745007,2024-06-05,2024,666214,2,2.471813,0.29802203,0.0,1.0,0.0,1.0,0.0,1.0,0.0,1.0
744927,2024-06-05,2024,621244,2,5.3607073,0.536404,1.0,0.0,0.96,0.040000000000000036,0.36,0.64,0.01,0.99
745007,2024-06-05,2024,669438,1,2.5138488,0.26416573,0.0,1.0,0.0,1.0,0.0,1.0,0.0,1.0
744927,2024-06-05,2024,544150,4,4.6296906,0.35327068,1.0,0.0,0.6,0.4,0.01,0.99,0.0,1.0
746221,2024-06-05,2024,667755,1,3.3253624,0.3723789,0.33,0.6699999999999999,0.0,1.0,0.0,1.0,0.0,1.0
745570,2024-06-05,2024,676879,3,5.5695863,0.5488103,1.0,0.0,0.99,0.010000000000000009,0.58,0.42000000000000004,0.03,0.97
745570,2024-06-05,2024,605400,5,6.990197,0.6388459,1.0,0.0,1.0,0.0,0.98,0.020000000000000018,0.76,0.24
746950,2024-06-05,2024,680885,4,6.184019,0.46991327,1.0,0.0,1.0,0.0,0.93,0.06999999999999995,0.23,0.77
746950,2024-06-05,2024,678061,2,3.4563067,0.42602178,0.42,0.5800000000000001,0.01,0.99,0.0,1.0,0.0,1.0
746950,2024-06-05,2024,601713,9,6.1512194,0.5320384,1.0,0.0,1.0,0.0,0.9,0.09999999999999998,0.25,0.75
746873,2024-06-05,2024,607200,7,4.7175426,0.42903942,1.0,0.0,0.66,0.33999999999999997,0.04,0.96,0.0,1.0
746221,2024-06-05,2024,656302,6,8.583073,0.62996536,1.0,0.0,1.0,0.0,1.0,0.0,1.0,0.0
744844,2024-06-06,2024,625643,7,5.3852205,0.51743555,1.0,0.0,0.96,0.040000000000000036,0.42,0.5800000000000001,0.0,1.0
745408,2024-06-06,2024,677944,3,5.2285185,0.49427244,1.0,0.0,0.93,0.06999999999999995,0.28,0.72,0.01,0.99
745174,2024-06-06,2024,543243,5,5.0171967,0.47263026,1.0,0.0,0.84,0.16000000000000003,0.19,0.81,0.0,1.0
746707,2024-06-06,2024,665871,7,3.650788,0.29256722,0.69,0.31000000000000005,0.0,1.0,0.0,1.0,0.0,1.0
745408,2024-06-06,2024,681190,3,5.187908,0.4012463,1.0,0.0,0.95,0.050000000000000044,0.2,0.8,0.0,1.0
745495,2024-06-06,2024,621111,3,3.899123,0.33293507,0.89,0.10999999999999999,0.04,0.96,0.0,1.0,0.0,1.0
746707,2024-06-06,2024,668881,8,7.8057423,0.67772084,1.0,0.0,1.0,0.0,1.0,0.0,0.97,0.030000000000000027
746631,2024-06-06,2024,676440,7,5.977785,0.48013562,1.0,0.0,1.0,0.0,0.79,0.20999999999999996,0.12,0.88
746784,2024-06-06,2024,663765,3,4.5907817,0.42460385,1.0,0.0,0.59,0.41000000000000003,0.01,0.99,0.0,1.0
745738,2024-06-06,2024,641154,4,6.056887,0.44781208,1.0,0.0,1.0,0.0,0.88,0.12,0.16,0.84
746631,2024-06-06,2024,663903,2,2.9856348,0.3570221,0.1,0.9,0.0,1.0,0.0,1.0,0.0,1.0
745657,2024-06-06,2024,676664,8,5.2520623,0.3859535,1.0,0.0,0.97,0.030000000000000027,0.26,0.74,0.0,1.0
745495,2024-06-06,2024,663559,6,3.7358828,0.35461673,0.7,0.30000000000000004,0.02,0.98,0.0,1.0,0.0,1.0
745495,2024-06-06,2024,693312,3,2.9024158,0.36843064,0.05,0.95,0.0,1.0,0.0,1.0,0.0,1.0
745657,2024-06-06,2024,693433,6,6.6428194,0.6017409,1.0,0.0,1.0,0.0,0.96,0.040000000000000036,0.55,0.44999999999999996
745174,2024-06-06,2024,615698,1,4.335946,0.59579,0.92,0.07999999999999996,0.44,0.56,0.0,1.0,0.0,1.0
744923,2024-06-06,2024,700249,2,4.433506,0.37000895,0.98,0.020000000000000018,0.43,0.5700000000000001,0.0,1.0,0.0,1.0
744923,2024-06-06,2024,579328,6,5.713126,0.4861806,1.0,0.0,0.99,0.010000000000000009,0.68,0.31999999999999995,0.05,0.95
745738,2024-06-06,2024,573186,2,2.4815662,0.39174157,0.01,0.99,0.0,1.0,0.0,1.0,0.0,1.0
744844,2024-06-06,2024,680730,2,3.4453309,0.3476627,0.39,0.61,0.0,1.0,0.0,1.0,0.0,1.0
746784,2024-06-06,2024,656557,9,6.7820506,0.61171234,1.0,0.0,1.0,0.0,0.99,0.010000000000000009,0.65,0.35
745169,2024-06-07,2024,458681,6,6.102811,0.46653846,1.0,0.0,1.0,0.0,0.92,0.07999999999999996,0.17,0.83
745406,2024-06-07,2024,528748,1,2.7268462,0.25431252,0.0,1.0,0.0,1.0,0.0,1.0,0.0,1.0
745169,2024-06-07,2024,596295,4,4.48083,0.38184655,0.99,0.010000000000000009,0.49,0.51,0.0,1.0,0.0,1.0
745169,2024-06-07,2024,683627,1,2.2688167,0.23996207,0.0,1.0,0.0,1.0,0.0,1.0,0.0,1.0
746704,2024-06-07,2024,666157,7,8.243041,0.71042436,1.0,0.0,1.0,0.0,1.0,0.0,0.99,0.010000000000000009
745406,2024-06-07,2024,694297,5,5.450693,0.39952326,1.0,0.0,0.98,0.020000000000000018,0.45,0.55,0.0,1.0
745406,2024-06-07,2024,650633,5,5.918803,0.4708904,1.0,0.0,1.0,0.0,0.81,0.18999999999999995,0.11,0.89
746785,2024-06-07,2024,676979,10,7.145868,0.55866414,1.0,0.0,1.0,0.0,1.0,0.0,0.87,0.13
746785,2024-06-07,2024,681867,2,4.2471094,0.40635252,0.94,0.06000000000000005,0.27,0.73,0.0,1.0,0.0,1.0
746785,2024-06-07,2024,686563,4,3.6179533,0.4162299,0.61,0.39,0.02,0.98,0.0,1.0,0.0,1.0
745083,2024-06-07,2024,608344,6,4.7950335,0.32160628,1.0,0.0,0.79,0.20999999999999996,0.02,0.98,0.0,1.0
745083,2024-06-07,2024,650644,8,6.9493465,0.572728,1.0,0.0,1.0,0.0,1.0,0.0,0.81,0.18999999999999995
746220,2024-06-07,2024,656288,2,2.6614373,0.36094007,0.02,0.98,0.0,1.0,0.0,1.0,0.0,1.0
746220,2024-06-07,2024,664285,8,7.795755,0.6515829,1.0,0.0,1.0,0.0,1.0,0.0,0.96,0.040000000000000036
746704,2024-06-07,2024,657006,7,4.2642775,0.4686078,0.95,0.050000000000000044,0.29,0.71,0.0,1.0,0.0,1.0
745008,2024-06-07,2024,657277,6,5.533218,0.51172984,1.0,0.0,0.98,0.020000000000000018,0.53,0.47,0.02,0.98
745737,2024-06-07,2024,808967,7,7.2776394,0.54512805,1.0,0.0,1.0,0.0,1.0,0.0,0.93,0.06999999999999995
745496,2024-06-07,2024,657746,8,7.0428376,0.53023946,1.0,0.0,1.0,0.0,1.0,0.0,0.84,0.16000000000000003
746302,2024-06-07,2024,663738,4,4.1796827,0.28672493,0.99,0.010000000000000009,0.15,0.85,0.0,1.0,0.0,1.0
745008,2024-06-07,2024,547179,1,4.8323455,0.35823733,1.0,0.0,0.84,0.16000000000000003,0.02,0.98,0.0,1.0
746302,2024-06-07,2024,608717,3,2.6034544,0.27095684,0.0,1.0,0.0,1.0,0.0,1.0,0.0,1.0
745496,2024-06-07,2024,656605,8,6.86362,0.51189214,1.0,0.0,1.0,0.0,0.99,0.010000000000000009,0.8,0.19999999999999996
746053,2024-06-07,2024,677960,3,2.2493637,0.25702026,0.0,1.0,0.0,1.0,0.0,1.0,0.0,1.0
745737,2024-06-07,2024,547001,1,4.5055137,0.46439353,0.98,0.020000000000000018,0.53,0.47,0.0,1.0,0.0,1.0
746466,2024-06-07,2024,681857,6,4.8109145,0.35434836,1.0,0.0,0.79,0.20999999999999996,0.01,0.99,0.0,1.0
746466,2024-06-07,2024,668964,5,5.549218,0.41650423,1.0,0.0,1.0,0.0,0.5,0.5,0.02,0.98
744845,2024-06-07,2024,663623,4,6.382148,0.48506507,1.0,0.0,1.0,0.0,0.97,0.030000000000000027,0.4,0.6
744845,2024-06-07,2024,519242,10,7.2539954,0.47421804,1.0,0.0,1.0,0.0,1.0,0.0,0.93,0.06999999999999995
746053,2024-06-07,2024,671106,3,3.577726,0.37173387,0.56,0.43999999999999995,0.03,0.97,0.0,1.0,0.0,1.0
746466,2024-06-07,2024,689225,2,2.8856845,0.40500355,0.08,0.92,0.0,1.0,0.0,1.0,0.0,1.0
745655,2024-06-07,2024,605135,7,6.420648,0.5400879,1.0,0.0,1.0,0.0,0.95,0.050000000000000044,0.4,0.6
745655,2024-06-07,2024,663687,3,5.011426,0.4173272,1.0,0.0,0.91,0.08999999999999997,0.09,0.91,0.0,1.0
746302,2024-06-07,2024,682243,1,6.247903,0.51442266,1.0,0.0,1.0,0.0,0.94,0.06000000000000005,0.28,0.72
746057,2024-06-08,2024,594902,1,3.1395795,0.2859412,0.1,0.9,0.0,1.0,0.0,1.0,0.0,1.0
745735,2024-06-08,2024,641482,4,3.9378262,0.3259138,0.92,0.07999999999999996,0.05,0.95,0.0,1.0,0.0,1.0
746300,2024-06-08,2024,679525,8,5.5593605,0.43696657,1.0,0.0,1.0,0.0,0.52,0.48,0.02,0.98
746057,2024-06-08,2024,623211,0,2.556203,0.3403194,0.0,1.0,0.0,1.0,0.0,1.0,0.0,1.0
745082,2024-06-08,2024,671737,7,7.0479207,0.6817296,1.0,0.0,1.0,0.0,0.99,0.010000000000000009,0.78,0.21999999999999997
746786,2024-06-08,2024,502624,1,1.8032634,0.31152496,0.0,1.0,0.0,1.0,0.0,1.0,0.0,1.0
746786,2024-06-08,2024,678394,2,6.4893627,0.60547286,1.0,0.0,1.0,0.0,0.92,0.07999999999999996,0.52,0.48
746786,2024-06-08,2024,680897,5,4.567496,0.34309417,1.0,0.0,0.56,0.43999999999999995,0.0,1.0,0.0,1.0
746300,2024-06-08,2024,622491,4,5.2029176,0.40874812,1.0,0.0,0.96,0.040000000000000036,0.25,0.75,0.0,1.0
745082,2024-06-08,2024,680694,9,5.912882,0.53115755,1.0,0.0,1.0,0.0,0.79,0.20999999999999996,0.16,0.84
746057,2024-06-08,2024,682610,3,4.650491,0.34866086,1.0,0.0,0.71,0.29000000000000004,0.0,1.0,0.0,1.0
746461,2024-06-08,2024,663554,1,5.1561327,0.34228206,1.0,0.0,0.99,0.010000000000000009,0.2,0.8,0.0,1.0
745001,2024-06-08,2024,675921,2,4.3420568,0.3348978,1.0,0.0,0.31,0.69,0.0,1.0,0.0,1.0
745001,2024-06-08,2024,571760,5,5.7197948,0.4232195,1.0,0.0,1.0,0.0,0.7,0.30000000000000004,0.01,0.99
746057,2024-06-08,2024,658648,6,2.185249,0.22260906,0.0,1.0,0.0,1.0,0.0,1.0,0.0,1.0
745492,2024-06-08,2024,682847,3,3.2898927,0.31848437,0.2,0.8,0.0,1.0,0.0,1.0,0.0,1.0
745492,2024-06-08,2024,680573,6,7.1142774,0.5201601,1.0,0.0,1.0,0.0,1.0,0.0,0.87,0.13
746223,2024-06-08,2024,686613,7,4.5769043,0.3916465,1.0,0.0,0.56,0.43999999999999995,0.02,0.98,0.0,1.0
746703,2024-06-08,2024,676962,3,3.8199716,0.3838959,0.77,0.22999999999999998,0.05,0.95,0.0,1.0,0.0,1.0
745166,2024-06-08,2024,502043,7,5.1332836,0.35888025,1.0,0.0,0.95,0.050000000000000044,0.16,0.84,0.0,1.0
746223,2024-06-08,2024,542881,3,4.271718,0.40800035,0.96,0.040000000000000036,0.31,0.69,0.0,1.0,0.0,1.0
745814,2024-06-08,2024,640455,3,4.895929,0.6374068,0.99,0.010000000000000009,0.77,0.22999999999999998,0.14,0.86,0.01,0.99
746703,2024-06-08,2024,696136,2,2.955572,0.32881105,0.06,0.94,0.0,1.0,0.0,1.0,0.0,1.0
745735,2024-06-08,2024,694813,6,5.273999,0.40970445,1.0,0.0,0.95,0.050000000000000044,0.31,0.69,0.0,1.0
746703,2024-06-08,2024,671096,5,4.4980707,0.37593222,1.0,0.0,0.51,0.49,0.01,0.99,0.0,1.0
745814,2024-06-08,2024,624133,6,3.6639326,0.57089674,0.58,0.42000000000000004,0.11,0.89,0.0,1.0,0.0,1.0
745652,2024-06-08,2024,592332,10,7.322554,0.64644486,1.0,0.0,1.0,0.0,1.0,0.0,0.89,0.10999999999999999
745410,2024-06-08,2024,669194,1,5.916724,0.39536107,1.0,0.0,1.0,0.0,0.87,0.13,0.09,0.91
745410,2024-06-08,2024,663531,1,2.4407113,0.29063916,0.0,1.0,0.0,1.0,0.0,1.0,0.0,1.0
745410,2024-06-08,2024,663362,4,5.364277,1.2846793,0.96,0.040000000000000036,0.71,0.29000000000000004,0.39,0.61,0.19,0.81
744848,2024-06-08,2024,450203,3,6.1602807,0.5422213,1.0,0.0,1.0,0.0,0.9,0.09999999999999998,0.26,0.74
745652,2024-06-08,2024,665622,1,3.883427,0.25503343,0.93,0.06999999999999995,0.01,0.99,0.0,1.0,0.0,1.0
745652,2024-06-08,2024,672552,1,2.2882183,0.22873111,0.0,1.0,0.0,1.0,0.0,1.0,0.0,1.0
746461,2024-06-08,2024,642547,3,6.091396,0.49460357,1.0,0.0,1.0,0.0,0.88,0.12,0.2,0.8
744848,2024-06-08,2024,669022,7,5.973329,0.61494553,1.0,0.0,1.0,0.0,0.78,0.21999999999999997,0.2,0.8
745166,2024-06-08,2024,663372,7,4.8532443,0.34479973,1.0,0.0,0.83,0.17000000000000004,0.05,0.95,0.0,1.0
746463,2024-06-09,2024,669373,10,6.229235,0.49200574,1.0,0.0,1.0,0.0,0.95,0.050000000000000044,0.31,0.69
746463,2024-06-09,2024,669060,4,4.63438,0.37545216,1.0,0.0,0.65,0.35,0.0,1.0,0.0,1.0
746216,2024-06-09,2024,434378,3,5.305226,0.3641898,1.0,0.0,0.99,0.010000000000000009,0.27,0.73,0.0,1.0
745167,2024-06-09,2024,621389,3,3.8712692,0.4354919,0.8,0.19999999999999996,0.09,0.91,0.0,1.0,0.0,1.0
745571,2024-06-09,2024,500779,1,3.556742,0.5888858,0.49,0.51,0.05,0.95,0.0,1.0,0.0,1.0
745571,2024-06-09,2024,592836,6,3.3316755,0.47960165,0.35,0.65,0.01,0.99,0.0,1.0,0.0,1.0
745167,2024-06-09,2024,669467,6,4.556074,0.39413944,1.0,0.0,0.56,0.43999999999999995,0.01,0.99,0.0,1.0
745651,2024-06-09,2024,687765,3,5.26306,0.46741396,1.0,0.0,0.96,0.040000000000000036,0.28,0.72,0.01,0.99
745651,2024-06-09,2024,670102,3,2.5304937,0.32642072,0.01,0.99,0.0,1.0,0.0,1.0,0.0,1.0
745003,2024-06-09,2024,676775,7,4.696368,0.41392982,1.0,0.0,0.66,0.33999999999999997,0.03,0.97,0.0,1.0
745003,2024-06-09,2024,543135,5,6.2725554,0.51717114,1.0,0.0,1.0,0.0,0.95,0.050000000000000044,0.32,0.6799999999999999
746216,2024-06-09,2024,663776,4,6.5536103,0.49853644,1.0,0.0,1.0,0.0,0.97,0.030000000000000027,0.61,0.39
746297,2024-06-09,2024,666142,9,8.739937,0.73123926,1.0,0.0,1.0,0.0,1.0,0.0,1.0,0.0
746297,2024-06-09,2024,669923,4,6.370972,0.47379172,1.0,0.0,1.0,0.0,0.97,0.030000000000000027,0.4,0.6
746054,2024-06-09,2024,572143,2,2.373001,0.34505004,0.01,0.99,0.0,1.0,0.0,1.0,0.0,1.0
745407,2024-06-09,2024,800049,2,4.117774,0.28491625,0.98,0.020000000000000018,0.1,0.9,0.0,1.0,0.0,1.0
745491,2024-06-09,2024,621294,2,3.000232,0.38327315,0.11,0.89,0.0,1.0,0.0,1.0,0.0,1.0
746705,2024-06-09,2024,593423,2,3.2132642,0.38024035,0.25,0.75,0.0,1.0,0.0,1.0,0.0,1.0
746705,2024-06-09,2024,684007,7,6.9706984,0.7191645,1.0,0.0,1.0,0.0,0.96,0.040000000000000036,0.74,0.26
745491,2024-06-09,2024,641927,5,5.0379415,0.4434306,1.0,0.0,0.92,0.07999999999999996,0.22,0.78,0.0,1.0
745491,2024-06-09,2024,683003,3,4.5412936,0.42243767,1.0,0.0,0.51,0.49,0.02,0.98,0.0,1.0
744849,2024-06-09,2024,694462,1,4.245238,0.52971566,0.93,0.06999999999999995,0.28,0.72,0.01,0.99,0.0,1.0
744849,2024-06-09,2024,687792,5,4.278226,0.33471483,0.99,0.010000000000000009,0.19,0.81,0.0,1.0,0.0,1.0
745736,2024-06-09,2024,661563,5,5.569674,0.448635,1.0,0.0,1.0,0.0,0.57,0.43000000000000005,0.02,0.98
745407,2024-06-09,2024,674072,1,2.2693796,0.23077828,0.0,1.0,0.0,1.0,0.0,1.0,0.0,1.0
745407,2024-06-09,2024,666745,3,2.3910105,0.3133732,0.0,1.0,0.0,1.0,0.0,1.0,0.0,1.0
746054,2024-06-09,2024,471911,3,1.7670628,0.2539487,0.0,1.0,0.0,1.0,0.0,1.0,0.0,1.0
746054,2024-06-09,2024,669432,5,3.0057676,0.33043894,0.08,0.92,0.0,1.0,0.0,1.0,0.0,1.0
746787,2024-06-09,2024,623167,3,4.215762,0.38321805,0.94,0.06000000000000005,0.24,0.76,0.0,1.0,0.0,1.0
746705,2024-06-09,2024,686730,7,5.0990973,0.3687452,1.0,0.0,0.93,0.06999999999999995,0.14,0.86,0.0,1.0
745736,2024-06-09,2024,607192,12,8.605376,0.6781693,1.0,0.0,1.0,0.0,1.0,0.0,1.0,0.0
745085,2024-06-09,2024,641793,3,5.3622594,0.4734305,1.0,0.0,0.97,0.030000000000000027,0.38,0.62,0.01,0.99
746787,2024-06-09,2024,657514,2,2.1469567,0.40753186,0.0,1.0,0.0,1.0,0.0,1.0,0.0,1.0
745085,2024-06-09,2024,680570,6,7.5201826,0.7234302,1.0,0.0,1.0,0.0,1.0,0.0,0.91,0.08999999999999997
745897,2024-06-10,2024,663978,6,5.048506,0.36027765,1.0,0.0,0.9,0.09999999999999998,0.08,0.92,0.0,1.0
746295,2024-06-10,2024,607625,4,5.9789248,0.43434593,1.0,0.0,1.0,0.0,0.84,0.16000000000000003,0.11,0.89
746295,2024-06-10,2024,607074,3,7.905871,0.5434135,1.0,0.0,1.0,0.0,1.0,0.0,0.99,0.010000000000000009
745409,2024-06-10,2024,683155,3,6.0096154,0.44103152,1.0,0.0,1.0,0.0,0.88,0.12,0.15,0.85
745409,2024-06-10,2024,656302,8,7.8885756,0.54820377,1.0,0.0,1.0,0.0,1.0,0.0,1.0,0.0
745982,2024-06-10,2024,607067,4,5.437724,0.4073153,1.0,0.0,0.97,0.030000000000000027,0.44,0.56,0.0,1.0
745334,2024-06-10,2024,681293,6,5.8139935,0.42082316,1.0,0.0,1.0,0.0,0.8,0.19999999999999996,0.04,0.96
745080,2024-06-10,2024,669203,6,6.433288,0.5810313,1.0,0.0,1.0,0.0,0.94,0.06000000000000005,0.48,0.52
745982,2024-06-10,2024,621244,4,5.9255314,0.49402577,1.0,0.0,1.0,0.0,0.83,0.17000000000000004,0.13,0.87
745248,2024-06-10,2024,607200,4,4.768223,0.42828926,1.0,0.0,0.74,0.26,0.04,0.96,0.0,1.0
745248,2024-06-10,2024,669302,8,5.83407,0.50609124,1.0,0.0,1.0,0.0,0.73,0.27,0.1,0.9
745897,2024-06-10,2024,641712,1,2.4974825,0.2908773,0.0,1.0,0.0,1.0,0.0,1.0,0.0,1.0
745080,2024-06-10,2024,686752,9,5.94372,0.45712736,1.0,0.0,1.0,0.0,0.8,0.19999999999999996,0.07,0.9299999999999999
745334,2024-06-10,2024,690986,3,3.9606378,0.52316904,0.82,0.18000000000000005,0.18,0.8200000000000001,0.0,1.0,0.0,1.0
747190,2024-06-11,2024,656756,3,4.4268174,0.36829656,0.99,0.010000000000000009,0.43,0.5700000000000001,0.0,1.0,0.0,1.0
745981,2024-06-11,2024,692230,4,3.9462488,0.28561577,0.95,0.050000000000000044,0.04,0.96,0.0,1.0,0.0,1.0
747190,2024-06-11,2024,660761,3,3.0185778,0.32117668,0.1,0.9,0.0,1.0,0.0,1.0,0.0,1.0
745981,2024-06-11,2024,579328,5,6.327158,0.48437154,1.0,0.0,1.0,0.0,0.95,0.050000000000000044,0.34,0.6599999999999999
747190,2024-06-11,2024,608334,2,2.691799,0.34782878,0.02,0.98,0.0,1.0,0.0,1.0,0.0,1.0
746296,2024-06-11,2024,676760,3,2.6422112,0.34082028,0.01,0.99,0.0,1.0,0.0,1.0,0.0,1.0
746139,2024-06-11,2024,572020,2,3.9065893,0.3514295,0.87,0.13,0.04,0.96,0.0,1.0,0.0,1.0
746139,2024-06-11,2024,641540,2,3.9746964,0.366283,0.92,0.07999999999999996,0.1,0.9,0.0,1.0,0.0,1.0
746296,2024-06-11,2024,663903,6,5.3247695,0.48816127,1.0,0.0,0.97,0.030000000000000027,0.37,0.63,0.01,0.99
747027,2024-06-11,2024,608331,3,4.832151,0.40834194,1.0,0.0,0.8,0.19999999999999996,0.04,0.96,0.0,1.0
747027,2024-06-11,2024,544150,4,5.8633366,0.41922325,1.0,0.0,1.0,0.0,0.82,0.18000000000000005,0.08,0.92
746951,2024-06-11,2024,676710,8,6.87049,0.51822805,1.0,0.0,1.0,0.0,1.0,0.0,0.74,0.26
746951,2024-06-11,2024,554430,4,6.346462,0.4640542,1.0,0.0,1.0,0.0,1.0,0.0,0.36,0.64
746464,2024-06-11,2024,628317,5,3.8775866,0.38371414,0.88,0.12,0.05,0.95,0.0,1.0,0.0,1.0
746464,2024-06-11,2024,680730,1,2.7237601,0.34296364,0.02,0.98,0.0,1.0,0.0,1.0,0.0,1.0
746296,2024-06-11,2024,573186,1,3.8762753,0.5095617,0.74,0.26,0.14,0.86,0.0,1.0,0.0,1.0
746702,2024-06-11,2024,663474,4,3.1349337,0.25733325,0.06,0.94,0.0,1.0,0.0,1.0,0.0,1.0
747190,2024-06-11,2024,686826,1,1.9498792,0.22451253,0.0,1.0,0.0,1.0,0.0,1.0,0.0,1.0
745327,2024-06-11,2024,663855,5,5.217326,0.501638,1.0,0.0,0.95,0.050000000000000044,0.25,0.75,0.01,0.99
745815,2024-06-11,2024,666200,4,6.556169,0.5209969,1.0,0.0,1.0,0.0,0.98,0.020000000000000018,0.52,0.48
745815,2024-06-11,2024,656731,8,5.5317836,0.50706214,1.0,0.0,0.98,0.020000000000000018,0.52,0.48,0.03,0.97
745170,2024-06-11,2024,571945,6,4.323897,0.28559902,1.0,0.0,0.32,0.6799999999999999,0.0,1.0,0.0,1.0
745077,2024-06-11,2024,592791,5,6.154118,0.40976843,1.0,0.0,1.0,0.0,0.94,0.06000000000000005,0.19,0.81
745404,2024-06-11,2024,676664,1,4.0163937,0.32906953,0.93,0.06999999999999995,0.07,0.9299999999999999,0.0,1.0,0.0,1.0
745404,2024-06-11,2024,681190,5,6.2331305,0.3982356,1.0,0.0,1.0,0.0,0.94,0.06000000000000005,0.25,0.75
745170,2024-06-11,2024,694973,8,8.97017,0.79639846,1.0,0.0,1.0,0.0,1.0,0.0,1.0,0.0
745899,2024-06-11,2024,615698,5,5.8588853,0.71182394,1.0,0.0,0.98,0.020000000000000018,0.67,0.32999999999999996,0.17,0.83
745899,2024-06-11,2024,686973,3,3.071425,0.2740316,0.05,0.95,0.0,1.0,0.0,1.0,0.0,1.0
745077,2024-06-11,2024,621107,3,3.6241884,0.3565928,0.58,0.42000000000000004,0.01,0.99,0.0,1.0,0.0,1.0
745327,2024-06-11,2024,669854,8,4.916826,0.36390576,1.0,0.0,0.83,0.17000000000000004,0.02,0.98,0.0,1.0
745244,2024-06-11,2024,646242,4,4.3233423,0.34610483,0.99,0.010000000000000009,0.33,0.6699999999999999,0.0,1.0,0.0,1.0
745244,2024-06-11,2024,689672,4,5.212393,0.38611197,1.0,0.0,0.97,0.030000000000000027,0.22,0.78,0.0,1.0
745079,2024-06-12,2024,650644,6,4.8991694,0.38946477,1.0,0.0,0.87,0.13,0.08,0.92,0.0,1.0
745079,2024-06-12,2024,665871,4,3.882458,0.2560466,0.91,0.08999999999999997,0.0,1.0,0.0,1.0,0.0,1.0
746294,2024-06-12,2024,547001,2,4.055913,0.35174486,0.93,0.06999999999999995,0.11,0.89,0.0,1.0,0.0,1.0
745328,2024-06-12,2024,657277,5,4.5929537,0.47023007,0.99,0.010000000000000009,0.54,0.45999999999999996,0.03,0.97,0.0,1.0
746294,2024-06-12,2024,663738,3,3.9557846,0.3621714,0.91,0.08999999999999997,0.06,0.94,0.0,1.0,0.0,1.0
745978,2024-06-12,2024,668964,4,3.6744175,0.32909554,0.69,0.31000000000000005,0.02,0.98,0.0,1.0,0.0,1.0
745978,2024-06-12,2024,605135,5,5.979407,0.5276657,1.0,0.0,0.99,0.010000000000000009,0.84,0.16000000000000003,0.17,0.83
746462,2024-06-12,2024,681857,3,5.6586695,0.49584836,1.0,0.0,0.99,0.010000000000000009,0.61,0.39,0.05,0.95
746462,2024-06-12,2024,663623,5,6.101317,0.4323748,1.0,0.0,1.0,0.0,0.93,0.06999999999999995,0.17,0.83
745328,2024-06-12,2024,664285,1,3.2190127,0.44415882,0.28,0.72,0.0,1.0,0.0,1.0,0.0,1.0
745896,2024-06-12,2024,641154,5,4.666315,0.35518578,1.0,0.0,0.62,0.38,0.0,1.0,0.0,1.0
747193,2024-06-12,2024,677944,4,4.154866,0.40995932,0.94,0.06000000000000005,0.19,0.81,0.0,1.0,0.0,1.0
745246,2024-06-12,2024,682243,8,6.934333,0.5678439,1.0,0.0,1.0,0.0,0.99,0.010000000000000009,0.73,0.27
747193,2024-06-12,2024,667755,5,4.60594,0.4293332,1.0,0.0,0.6,0.4,0.02,0.98,0.0,1.0
747193,2024-06-12,2024,600986,1,2.648755,0.32341832,0.0,1.0,0.0,1.0,0.0,1.0,0.0,1.0
747193,2024-06-12,2024,543518,2,2.978055,0.5295693,0.14,0.86,0.0,1.0,0.0,1.0,0.0,1.0
746137,2024-06-12,2024,621111,2,3.7421582,0.37309232,0.73,0.27,0.03,0.97,0.0,1.0,0.0,1.0
746137,2024-06-12,2024,592351,3,3.3206677,0.29182696,0.28,0.72,0.0,1.0,0.0,1.0,0.0,1.0
746948,2024-06-12,2024,601713,4,6.6551757,0.48806643,1.0,0.0,1.0,0.0,1.0,0.0,0.62,0.38
746948,2024-06-12,2024,650911,2,2.6049857,0.47424135,0.05,0.95,0.0,1.0,0.0,1.0,0.0,1.0
746701,2024-06-12,2024,666157,6,7.1314983,0.50227576,1.0,0.0,1.0,0.0,1.0,0.0,0.92,0.07999999999999996
746701,2024-06-12,2024,676440,11,6.1504936,0.43672243,1.0,0.0,1.0,0.0,0.92,0.07999999999999996,0.19,0.81
745405,2024-06-12,2024,663687,5,3.878215,0.44809532,0.8,0.19999999999999996,0.11,0.89,0.0,1.0,0.0,1.0
745405,2024-06-12,2024,650633,12,5.8706264,0.45567226,1.0,0.0,1.0,0.0,0.8,0.19999999999999996,0.07,0.9299999999999999
745811,2024-06-12,2024,656849,1,5.313466,0.38069937,1.0,0.0,1.0,0.0,0.3,0.7,0.0,1.0
745811,2024-06-12,2024,666129,4,3.6548033,0.27541712,0.7,0.30000000000000004,0.0,1.0,0.0,1.0,0.0,1.0
745896,2024-06-12,2024,596295,2,3.791227,0.33235073,0.81,0.18999999999999995,0.01,0.99,0.0,1.0,0.0,1.0
745171,2024-06-12,2024,543243,9,5.390772,0.5036802,1.0,0.0,0.96,0.040000000000000036,0.42,0.5800000000000001,0.0,1.0
745246,2024-06-12,2024,686563,7,6.490104,0.4761445,1.0,0.0,1.0,0.0,0.99,0.010000000000000009,0.52,0.48
747028,2024-06-12,2024,700249,6,4.6520844,0.35380933,1.0,0.0,0.65,0.35,0.0,1.0,0.0,1.0
747028,2024-06-12,2024,680885,3,6.658743,0.5337724,1.0,0.0,1.0,0.0,1.0,0.0,0.57,0.43000000000000005
745171,2024-06-12,2024,663559,5,4.7739472,0.38043603,1.0,0.0,0.75,0.25,0.03,0.97,0.0,1.0
745245,2024-06-13,2024,676979,13,8.142092,0.72316086,1.0,0.0,1.0,0.0,1.0,0.0,1.0,0.0
746299,2024-06-13,2024,679525,7,5.6711335,0.3916484,1.0,0.0,1.0,0.0,0.6,0.4,0.01,0.99
745245,2024-06-13,2024,676106,1,3.9821534,0.39728728,0.87,0.13,0.09,0.91,0.0,1.0,0.0,1.0
747026,2024-06-13,2024,625643,8,5.5017247,0.4780982,1.0,0.0,1.0,0.0,0.47,0.53,0.04,0.96
746944,2024-06-13,2024,656557,5,6.6677012,0.6499457,1.0,0.0,1.0,0.0,0.97,0.030000000000000027,0.57,0.43000000000000005
746944,2024-06-13,2024,641745,3,1.8001895,0.16988441,0.0,1.0,0.0,1.0,0.0,1.0,0.0,1.0
746944,2024-06-13,2024,605400,2,4.990174,0.37954715,1.0,0.0,0.89,0.10999999999999999,0.08,0.92,0.0,1.0
746465,2024-06-13,2024,663554,4,5.358074,0.40855452,1.0,0.0,0.99,0.010000000000000009,0.39,0.61,0.0,1.0
746465,2024-06-13,2024,571578,4,4.926091,0.32403752,1.0,0.0,0.9,0.09999999999999998,0.06,0.94,0.0,1.0
746136,2024-06-13,2024,547179,2,5.1234593,0.351577,1.0,0.0,0.95,0.050000000000000044,0.12,0.88,0.0,1.0
746299,2024-06-13,2024,641482,2,4.409863,0.3572174,1.0,0.0,0.41,0.5900000000000001,0.0,1.0,0.0,1.0
745075,2024-06-13,2024,671737,11,7.396631,0.71332943,1.0,0.0,1.0,0.0,1.0,0.0,0.9,0.09999999999999998
746136,2024-06-13,2024,642232,3,2.885747,0.33931673,0.04,0.96,0.0,1.0,0.0,1.0,0.0,1.0
745075,2024-06-13,2024,657006,5,6.8797994,0.49021116,1.0,0.0,1.0,0.0,1.0,0.0,0.79,0.20999999999999996
747192,2024-06-13,2024,694297,8,7.675251,0.6266072,1.0,0.0,1.0,0.0,1.0,0.0,0.98,0.020000000000000018
745894,2024-06-13,2024,665622,3,6.343198,0.4212849,1.0,0.0,1.0,0.0,0.97,0.030000000000000027,0.38,0.62
745168,2024-06-13,2024,656605,4,6.5111885,0.5285791,1.0,0.0,1.0,0.0,0.98,0.020000000000000018,0.52,0.48
745168,2024-06-13,2024,458681,5,4.861893,0.47559956,1.0,0.0,0.8,0.19999999999999996,0.08,0.92,0.0,1.0
747192,2024-06-13,2024,656288,3,4.604134,0.3685293,1.0,0.0,0.65,0.35,0.01,0.99,0.0,1.0
745894,2024-06-13,2024,657746,5,6.4121594,0.46143016,1.0,0.0,1.0,0.0,0.98,0.020000000000000018,0.45,0.55
747026,2024-06-13,2024,608344,8,6.0877466,0.4229615,1.0,0.0,1.0,0.0,0.94,0.06000000000000005,0.15,0.85
745809,2024-06-13,2024,622663,2,5.8178844,0.43763253,1.0,0.0,1.0,0.0,0.81,0.18999999999999995,0.07,0.9299999999999999
745809,2024-06-13,2024,682610,5,4.614343,0.35639966,1.0,0.0,0.69,0.31000000000000005,0.0,1.0,0.0,1.0
745892,2024-06-14,2024,687765,3,4.97418,0.47464976,1.0,0.0,0.85,0.15000000000000002,0.15,0.85,0.0,1.0
746134,2024-06-14,2024,666142,4,5.5167265,0.4012936,1.0,0.0,1.0,0.0,0.47,0.53,0.01,0.99
744924,2024-06-14,2024,671106,3,3.416895,0.42875844,0.39,0.61,0.0,1.0,0.0,1.0,0.0,1.0
746134,2024-06-14,2024,694813,3,4.3883624,0.38721412,0.99,0.010000000000000009,0.39,0.61,0.01,0.99,0.0,1.0
745892,2024-06-14,2024,680573,4,4.4170437,0.34388247,0.99,0.010000000000000009,0.42,0.5800000000000001,0.0,1.0,0.0,1.0
745326,2024-06-14,2024,675921,1,2.9242551,0.21327294,0.0,1.0,0.0,1.0,0.0,1.0,0.0,1.0
744924,2024-06-14,2024,592332,6,7.054816,0.58780545,1.0,0.0,1.0,0.0,1.0,0.0,0.81,0.18999999999999995
745326,2024-06-14,2024,678495,1,2.6671789,0.31372216,0.0,1.0,0.0,1.0,0.0,1.0,0.0,1.0
747191,2024-06-14,2024,623167,2,3.8750312,0.30960062,0.86,0.14,0.02,0.98,0.0,1.0,0.0,1.0
746947,2024-06-14,2024,502624,3,2.273811,0.3464568,0.0,1.0,0.0,1.0,0.0,1.0,0.0,1.0
746947,2024-06-14,2024,661563,6,6.9854693,0.50078666,1.0,0.0,1.0,0.0,1.0,0.0,0.81,0.18999999999999995
746545,2024-06-14,2024,682847,3,3.121451,0.30331308,0.1,0.9,0.0,1.0,0.0,1.0,0.0,1.0
746545,2024-06-14,2024,663372,8,5.3664546,0.44038486,1.0,0.0,0.97,0.030000000000000027,0.42,0.5800000000000001,0.0,1.0
745326,2024-06-14,2024,542881,5,4.564219,0.34672382,0.99,0.010000000000000009,0.57,0.43000000000000005,0.0,1.0,0.0,1.0
746947,2024-06-14,2024,678394,5,6.0741553,0.5207624,1.0,0.0,1.0,0.0,0.9,0.09999999999999998,0.21,0.79
745247,2024-06-14,2024,622491,7,6.13074,0.4715897,1.0,0.0,1.0,0.0,0.93,0.06999999999999995,0.22,0.78
745810,2024-06-14,2024,640455,7,4.373812,0.46595812,0.97,0.030000000000000027,0.37,0.63,0.01,0.99,0.0,1.0
746378,2024-06-14,2024,669373,2,5.524494,0.4568658,1.0,0.0,0.98,0.020000000000000018,0.52,0.48,0.02,0.98
747191,2024-06-14,2024,669194,8,6.4704604,0.47060072,1.0,0.0,1.0,0.0,0.99,0.010000000000000009,0.42,0.5800000000000001
746869,2024-06-14,2024,502043,6,3.8119805,0.28171808,0.89,0.10999999999999999,0.02,0.98,0.0,1.0,0.0,1.0
746378,2024-06-14,2024,686613,9,5.2859106,0.44954696,1.0,0.0,0.97,0.030000000000000027,0.35,0.65,0.01,0.99
747112,2024-06-14,2024,641793,2,3.4565225,0.36665186,0.45,0.55,0.01,0.99,0.0,1.0,0.0,1.0
747112,2024-06-14,2024,519242,7,7.2510333,0.5346459,1.0,0.0,1.0,0.0,1.0,0.0,0.88,0.12
744847,2024-06-14,2024,669022,10,7.3895984,0.5030902,1.0,0.0,1.0,0.0,1.0,0.0,0.96,0.040000000000000036
746869,2024-06-14,2024,543294,1,2.1008365,0.27251995,0.0,1.0,0.0,1.0,0.0,1.0,0.0,1.0
747191,2024-06-14,2024,647336,4,2.8618374,0.27003887,0.01,0.99,0.0,1.0,0.0,1.0,0.0,1.0
747025,2024-06-14,2024,624133,6,2.7464447,0.3871045,0.02,0.98,0.0,1.0,0.0,1.0,0.0,1.0
747025,2024-06-14,2024,680694,4,3.6163144,0.35172707,0.57,0.43000000000000005,0.0,1.0,0.0,1.0,0.0,1.0
744847,2024-06-14,2024,623211,1,2.8153243,0.31852648,0.02,0.98,0.0,1.0,0.0,1.0,0.0,1.0
745979,2024-06-14,2024,642547,6,6.5070558,0.46162263,1.0,0.0,1.0,0.0,0.98,0.020000000000000018,0.55,0.44999999999999996
745979,2024-06-14,2024,668881,5,8.422276,0.65697485,1.0,0.0,1.0,0.0,1.0,0.0,1.0,0.0
745247,2024-06-14,2024,571760,4,4.119892,0.3060059,1.0,0.0,0.1,0.9,0.0,1.0,0.0,1.0
745247,2024-06-14,2024,570632,2,2.5696752,0.37228626,0.0,1.0,0.0,1.0,0.0,1.0,0.0,1.0
745810,2024-06-14,2024,663362,2,5.4404817,1.3392565,0.93,0.06999999999999995,0.79,0.20999999999999996,0.45,0.55,0.22,0.78
746381,2024-06-15,2024,669438,2,2.5940351,0.2935596,0.0,1.0,0.0,1.0,0.0,1.0,0.0,1.0
746381,2024-06-15,2024,681293,2,2.580643,0.2397972,0.0,1.0,0.0,1.0,0.0,1.0,0.0,1.0
746381,2024-06-15,2024,681869,0,2.4620445,0.2793548,0.0,1.0,0.0,1.0,0.0,1.0,0.0,1.0
744846,2024-06-15,2024,669432,3,5.1526275,0.35583246,1.0,0.0,0.99,0.010000000000000009,0.16,0.84,0.0,1.0
747113,2024-06-15,2024,686752,4,5.5571394,0.3967258,1.0,0.0,1.0,0.0,0.53,0.47,0.01,0.99
746865,2024-06-15,2024,669467,4,2.921375,0.29697844,0.05,0.95,0.0,1.0,0.0,1.0,0.0,1.0
746865,2024-06-15,2024,684007,6,7.894795,0.6756589,1.0,0.0,1.0,0.0,1.0,0.0,0.99,0.010000000000000009
747113,2024-06-15,2024,450203,8,7.0955715,0.6165963,1.0,0.0,1.0,0.0,1.0,0.0,0.82,0.18000000000000005
745241,2024-06-15,2024,543135,6,4.3103943,0.43193123,0.99,0.010000000000000009,0.34,0.6599999999999999,0.01,0.99,0.0,1.0
747187,2024-06-15,2024,600986,3,3.0772097,0.33143747,0.11,0.89,0.0,1.0,0.0,1.0,0.0,1.0
747187,2024-06-15,2024,607200,6,6.228681,0.517042,1.0,0.0,1.0,0.0,0.93,0.06999999999999995,0.29,0.71
747187,2024-06-15,2024,674072,3,2.281015,0.3114783,0.01,0.99,0.0,1.0,0.0,1.0,0.0,1.0
745241,2024-06-15,2024,669923,6,5.144409,0.4148921,1.0,0.0,0.96,0.040000000000000036,0.19,0.81,0.0,1.0
746135,2024-06-15,2024,607625,4,5.349165,0.38738608,1.0,0.0,1.0,0.0,0.33,0.6699999999999999,0.02,0.98
744846,2024-06-15,2024,687792,13,4.9886365,0.48650324,1.0,0.0,0.85,0.15000000000000002,0.15,0.85,0.0,1.0
746547,2024-06-15,2024,683003,6,6.3252907,0.5198945,1.0,0.0,1.0,0.0,0.93,0.06999999999999995,0.4,0.6
745976,2024-06-15,2024,669060,6,3.3790734,0.31191662,0.36,0.64,0.0,1.0,0.0,1.0,0.0,1.0
745976,2024-06-15,2024,671096,3,5.3345094,0.3989032,1.0,0.0,1.0,0.0,0.31,0.69,0.0,1.0
746946,2024-06-15,2024,686580,3,3.20091,0.5367506,0.3,0.7,0.01,0.99,0.0,1.0,0.0,1.0
746946,2024-06-15,2024,681867,6,4.725084,0.49930033,0.99,0.010000000000000009,0.72,0.28,0.06,0.94,0.0,1.0
745805,2024-06-15,2024,500779,6,3.8999598,0.25696874,0.96,0.040000000000000036,0.02,0.98,0.0,1.0,0.0,1.0
747024,2024-06-15,2024,592836,4,4.013642,0.36883837,0.95,0.050000000000000044,0.1,0.9,0.0,1.0,0.0,1.0
746946,2024-06-15,2024,676760,3,2.9754913,0.31660908,0.05,0.95,0.0,1.0,0.0,1.0,0.0,1.0
746946,2024-06-15,2024,607074,7,7.381934,0.5333619,1.0,0.0,1.0,0.0,1.0,0.0,0.97,0.030000000000000027
744925,2024-06-15,2024,471911,2,3.850063,0.23585469,0.92,0.07999999999999996,0.0,1.0,0.0,1.0,0.0,1.0
744925,2024-06-15,2024,670102,2,5.2609234,0.60620826,1.0,0.0,0.91,0.08999999999999997,0.33,0.6699999999999999,0.01,0.99
746381,2024-06-15,2024,656427,6,3.655192,0.29032505,0.7,0.30000000000000004,0.0,1.0,0.0,1.0,0.0,1.0
747024,2024-06-15,2024,680570,6,7.6364293,0.4865806,1.0,0.0,1.0,0.0,1.0,0.0,0.99,0.010000000000000009
746381,2024-06-15,2024,663321,5,3.3823795,0.27384365,0.33,0.6699999999999999,0.0,1.0,0.0,1.0,0.0,1.0
746547,2024-06-15,2024,621389,5,3.5493891,0.41912633,0.55,0.44999999999999996,0.01,0.99,0.0,1.0,0.0,1.0
745805,2024-06-15,2024,800049,4,4.538359,0.3255636,1.0,0.0,0.54,0.45999999999999996,0.0,1.0,0.0,1.0
745329,2024-06-15,2024,663776,5,5.347732,0.40743655,1.0,0.0,0.98,0.020000000000000018,0.39,0.61,0.0,1.0
745329,2024-06-15,2024,676775,6,5.188811,0.4618415,1.0,0.0,0.94,0.06000000000000005,0.2,0.8,0.0,1.0
744926,2024-06-16,2024,621244,1,5.440622,0.46999583,1.0,0.0,0.98,0.020000000000000018,0.45,0.55,0.0,1.0
746377,2024-06-16,2024,628317,1,5.7742414,0.47632775,1.0,0.0,1.0,0.0,0.7,0.30000000000000004,0.03,0.97
746377,2024-06-16,2024,669854,8,6.204101,0.5157609,1.0,0.0,1.0,0.0,0.91,0.08999999999999997,0.3,0.7
747109,2024-06-16,2024,621107,7,4.4357095,0.31398237,1.0,0.0,0.46,0.54,0.0,1.0,0.0,1.0
744839,2024-06-16,2024,680730,4,6.3971057,0.6466393,1.0,0.0,1.0,0.0,0.89,0.10999999999999999,0.46,0.54
744839,2024-06-16,2024,666200,2,3.86662,0.3993628,0.83,0.17000000000000004,0.05,0.95,0.0,1.0,0.0,1.0
744926,2024-06-16,2024,594902,4,4.7182794,0.37762243,1.0,0.0,0.72,0.28,0.04,0.96,0.0,1.0
746866,2024-06-16,2024,571945,5,4.688831,0.3629115,1.0,0.0,0.7,0.30000000000000004,0.01,0.99,0.0,1.0
747189,2024-06-16,2024,656756,7,4.7984023,0.48113894,0.99,0.010000000000000009,0.71,0.29000000000000004,0.08,0.92,0.0,1.0
747189,2024-06-16,2024,641771,3,2.253175,0.2988908,0.0,1.0,0.0,1.0,0.0,1.0,0.0,1.0
746945,2024-06-16,2024,676710,9,5.252282,0.4155744,1.0,0.0,0.98,0.020000000000000018,0.29,0.71,0.0,1.0
746945,2024-06-16,2024,573186,3,4.319165,0.44826308,0.97,0.030000000000000027,0.34,0.6599999999999999,0.01,0.99,0.0,1.0
746130,2024-06-16,2024,607192,9,6.263773,0.53644574,1.0,0.0,1.0,0.0,0.93,0.06999999999999995,0.34,0.6599999999999999
746130,2024-06-16,2024,663903,4,4.984625,0.35333517,1.0,0.0,0.91,0.08999999999999997,0.1,0.9,0.0,1.0
745807,2024-06-16,2024,656731,5,6.2812138,0.5680809,1.0,0.0,1.0,0.0,0.93,0.06999999999999995,0.37,0.63
745807,2024-06-16,2024,656302,5,6.836166,0.45378724,1.0,0.0,1.0,0.0,1.0,0.0,0.8,0.19999999999999996
745242,2024-06-16,2024,641540,8,4.651232,0.3387002,1.0,0.0,0.65,0.35,0.0,1.0,0.0,1.0
745242,2024-06-16,2024,669302,9,6.6747837,0.61937034,1.0,0.0,1.0,0.0,0.97,0.030000000000000027,0.6,0.4
746866,2024-06-16,2024,592791,3,4.510529,0.3497709,1.0,0.0,0.5,0.5,0.0,1.0,0.0,1.0
747109,2024-06-16,2024,694462,2,3.8158832,0.48712224,0.71,0.29000000000000004,0.07,0.9299999999999999,0.0,1.0,0.0,1.0
747023,2024-06-16,2024,554430,4,5.6525702,0.3948142,1.0,0.0,1.0,0.0,0.64,0.36,0.02,0.98
747189,2024-06-16,2024,689672,0,1.8530867,0.28376594,0.0,1.0,0.0,1.0,0.0,1.0,0.0,1.0
745891,2024-06-16,2024,686973,4,2.7159655,0.31824377,0.01,0.99,0.0,1.0,0.0,1.0,0.0,1.0
745321,2024-06-16,2024,690829,3,2.069703,0.2941219,0.0,1.0,0.0,1.0,0.0,1.0,0.0,1.0
745895,2024-06-16,2024,676664,1,4.5337453,0.34215763,1.0,0.0,0.52,0.48,0.0,1.0,0.0,1.0
745895,2024-06-16,2024,641927,8,6.2041197,0.50071263,1.0,0.0,1.0,0.0,0.9,0.09999999999999998,0.28,0.72
746546,2024-06-16,2024,641712,5,5.129726,0.409922,1.0,0.0,0.92,0.07999999999999996,0.21,0.79,0.0,1.0
745977,2024-06-16,2024,607067,6,5.02061,0.3797327,1.0,0.0,0.88,0.12,0.1,0.9,0.0,1.0
745977,2024-06-16,2024,593423,5,6.25969,0.46435776,1.0,0.0,1.0,0.0,0.93,0.06999999999999995,0.29,0.71
745891,2024-06-16,2024,683155,2,4.0694103,0.38912785,0.95,0.050000000000000044,0.14,0.86,0.0,1.0,0.0,1.0
746546,2024-06-16,2024,676596,2,1.8534397,0.30983996,0.0,1.0,0.0,1.0,0.0,1.0,0.0,1.0
747023,2024-06-16,2024,669203,7,6.6257277,0.6121247,1.0,0.0,1.0,0.0,0.96,0.040000000000000036,0.54,0.45999999999999996
745891,2024-06-16,2024,663978,0,2.8204412,0.308423,0.03,0.97,0.0,1.0,0.0,1.0,0.0,1.0
744918,2024-06-17,2024,601713,4,7.106728,0.5012557,1.0,0.0,1.0,0.0,1.0,0.0,0.9,0.09999999999999998
746868,2024-06-17,2024,663855,4,4.4882255,0.46679413,0.99,0.010000000000000009,0.46,0.54,0.02,0.98,0.0,1.0
746543,2024-06-17,2024,664875,2,2.7355325,0.67071927,0.13,0.87,0.01,0.99,0.0,1.0,0.0,1.0
746543,2024-06-17,2024,615698,3,4.860717,0.5308274,0.98,0.020000000000000018,0.8,0.19999999999999996,0.09,0.91,0.0,1.0
746543,2024-06-17,2024,572020,8,5.3276353,0.44214785,1.0,0.0,0.96,0.040000000000000036,0.34,0.6599999999999999,0.0,1.0
744918,2024-06-17,2024,579328,7,5.49443,0.40016133,1.0,0.0,1.0,0.0,0.49,0.51,0.02,0.98
746215,2024-06-17,2024,668676,1,3.6034744,0.34875423,0.59,0.41000000000000003,0.02,0.98,0.0,1.0,0.0,1.0
746215,2024-06-17,2024,692230,3,4.3667665,0.3100828,1.0,0.0,0.33,0.6699999999999999,0.0,1.0,0.0,1.0
745005,2024-06-17,2024,668390,1,2.7897692,0.26085225,0.0,1.0,0.0,1.0,0.0,1.0,0.0,1.0
746055,2024-06-17,2024,666129,6,4.846085,0.3758869,1.0,0.0,0.83,0.17000000000000004,0.05,0.95,0.0,1.0
746055,2024-06-17,2024,543243,4,4.092679,0.40981162,0.93,0.06999999999999995,0.15,0.85,0.0,1.0,0.0,1.0
746868,2024-06-17,2024,665871,7,3.5840137,0.27745622,0.64,0.36,0.0,1.0,0.0,1.0,0.0,1.0
745005,2024-06-17,2024,656849,6,5.875843,0.38727507,1.0,0.0,1.0,0.0,0.85,0.15000000000000002,0.03,0.97
745005,2024-06-17,2024,642546,4,3.580327,0.42007667,0.53,0.47,0.03,0.97,0.0,1.0,0.0,1.0
745005,2024-06-17,2024,592351,2,3.0702353,0.34025255,0.1,0.9,0.0,1.0,0.0,1.0,0.0,1.0
745567,2024-06-17,2024,650911,5,5.923169,0.57624054,1.0,0.0,1.0,0.0,0.76,0.24,0.17,0.83
745567,2024-06-17,2024,681190,2,5.5947523,0.39474976,1.0,0.0,0.99,0.010000000000000009,0.63,0.37,0.0,1.0
747108,2024-06-17,2024,681857,8,6.450533,0.5789101,1.0,0.0,1.0,0.0,0.93,0.06999999999999995,0.48,0.52
747108,2024-06-17,2024,608331,6,5.7893963,0.5034629,1.0,0.0,1.0,0.0,0.72,0.28,0.07,0.9299999999999999
745490,2024-06-17,2024,694973,7,8.199296,0.6623427,1.0,0.0,1.0,0.0,1.0,0.0,1.0,0.0
745490,2024-06-17,2024,686730,5,6.346076,0.49054885,1.0,0.0,1.0,0.0,0.96,0.040000000000000036,0.41,0.5900000000000001
745893,2024-06-18,2024,650644,5,5.4933867,0.42519045,1.0,0.0,1.0,0.0,0.52,0.48,0.0,1.0
745893,2024-06-18,2024,641154,3,2.6553924,0.36243606,0.02,0.98,0.0,1.0,0.0,1.0,0.0,1.0
746867,2024-06-18,2024,657006,8,5.0606136,0.42518288,1.0,0.0,0.92,0.07999999999999996,0.12,0.88,0.0,1.0
745650,2024-06-18,2024,663687,3,5.6697254,0.49244618,1.0,0.0,1.0,0.0,0.64,0.36,0.05,0.95
746542,2024-06-18,2024,621111,2,3.6138744,0.26482734,0.68,0.31999999999999995,0.0,1.0,0.0,1.0,0.0,1.0
746049,2024-06-18,2024,682610,3,3.5194736,0.32075194,0.5,0.5,0.0,1.0,0.0,1.0,0.0,1.0
744917,2024-06-18,2024,656557,5,8.126056,0.7229516,1.0,0.0,1.0,0.0,1.0,0.0,1.0,0.0
746542,2024-06-18,2024,596295,3,5.1354265,0.42706656,1.0,0.0,0.92,0.07999999999999996,0.19,0.81,0.0,1.0
745563,2024-06-18,2024,605400,6,6.3734546,0.5717178,1.0,0.0,1.0,0.0,0.93,0.06999999999999995,0.42,0.5800000000000001
745563,2024-06-18,2024,650633,6,6.4626746,0.52551615,1.0,0.0,1.0,0.0,0.98,0.020000000000000018,0.45,0.55
747107,2024-06-18,2024,680885,7,5.8630834,0.395131,1.0,0.0,1.0,0.0,0.85,0.15000000000000002,0.03,0.97
747107,2024-06-18,2024,663554,3,5.1960235,0.47170052,1.0,0.0,0.93,0.06999999999999995,0.25,0.75,0.0,1.0
745004,2024-06-18,2024,547179,3,4.5331025,0.33791816,1.0,0.0,0.57,0.43000000000000005,0.0,1.0,0.0,1.0
745004,2024-06-18,2024,622663,1,4.586031,0.39444366,1.0,0.0,0.58,0.42000000000000004,0.01,0.99,0.0,1.0
745650,2024-06-18,2024,679525,4,3.7198071,0.27744398,0.77,0.22999999999999998,0.0,1.0,0.0,1.0,0.0,1.0
746049,2024-06-18,2024,458681,5,5.372639,0.39847752,1.0,0.0,1.0,0.0,0.35,0.65,0.0,1.0
744917,2024-06-18,2024,605135,6,6.3533134,0.5385719,1.0,0.0,1.0,0.0,0.97,0.030000000000000027,0.41,0.5900000000000001
746867,2024-06-18,2024,657277,5,5.870849,0.51184,1.0,0.0,1.0,0.0,0.78,0.21999999999999997,0.13,0.87
745488,2024-06-18,2024,666157,8,6.292362,0.54506147,1.0,0.0,1.0,0.0,0.93,0.06999999999999995,0.33,0.6699999999999999
746783,2024-06-18,2024,686563,4,6.397503,0.53020746,1.0,0.0,1.0,0.0,0.93,0.06999999999999995,0.41,0.5900000000000001
746217,2024-06-18,2024,656288,4,5.3658476,0.39234674,1.0,0.0,0.97,0.030000000000000027,0.31,0.69,0.0,1.0
746217,2024-06-18,2024,668964,6,5.0978856,0.39403492,1.0,0.0,0.97,0.030000000000000027,0.14,0.86,0.0,1.0
745733,2024-06-18,2024,544150,3,5.3690658,0.4045007,1.0,0.0,0.99,0.010000000000000009,0.41,0.5900000000000001,0.0,1.0
746783,2024-06-18,2024,664285,5,5.6652946,0.50376195,1.0,0.0,0.99,0.010000000000000009,0.68,0.31999999999999995,0.05,0.95
745733,2024-06-18,2024,641482,6,5.7485137,0.41507107,1.0,0.0,1.0,0.0,0.7,0.30000000000000004,0.05,0.95
746627,2024-06-18,2024,663474,0,2.1602514,0.31015056,0.0,1.0,0.0,1.0,0.0,1.0,0.0,1.0
746217,2024-06-18,2024,672710,4,2.188404,0.22144637,0.0,1.0,0.0,1.0,0.0,1.0,0.0,1.0
744843,2024-06-18,2024,677944,6,4.480179,0.45602545,0.98,0.020000000000000018,0.47,0.53,0.0,1.0,0.0,1.0
746627,2024-06-18,2024,682243,2,5.4087954,0.5128777,1.0,0.0,0.98,0.020000000000000018,0.37,0.63,0.03,0.97
745488,2024-06-18,2024,663559,3,4.4941864,0.3723878,0.99,0.010000000000000009,0.45,0.55,0.0,1.0,0.0,1.0
744843,2024-06-18,2024,663623,2,5.593451,0.41474095,1.0,0.0,1.0,0.0,0.59,0.41000000000000003,0.01,0.99
746538,2024-06-19,2024,676272,2,4.8012404,0.39329514,1.0,0.0,0.77,0.22999999999999998,0.02,0.98,0.0,1.0
745887,2024-06-19,2024,671737,3,5.577695,0.5280733,1.0,0.0,0.98,0.020000000000000018,0.54,0.45999999999999996,0.07,0.9299999999999999
746538,2024-06-19,2024,663372,6,5.7088356,0.37801042,1.0,0.0,1.0,0.0,0.75,0.25,0.03,0.97
745887,2024-06-19,2024,657746,5,6.308783,0.45986214,1.0,0.0,1.0,0.0,0.96,0.040000000000000036,0.35,0.65
747106,2024-06-19,2024,669438,3,2.7226772,0.32500875,0.0,1.0,0.0,1.0,0.0,1.0,0.0,1.0
746219,2024-06-19,2024,542881,5,4.400488,0.37977767,0.99,0.010000000000000009,0.41,0.5900000000000001,0.0,1.0,0.0,1.0
746219,2024-06-19,2024,642547,8,6.47508,0.5416109,1.0,0.0,1.0,0.0,0.93,0.06999999999999995,0.54,0.45999999999999996
745489,2024-06-19,2024,656605,7,4.6474133,0.40606844,1.0,0.0,0.64,0.36,0.02,0.98,0.0,1.0
747106,2024-06-19,2024,625643,6,5.675975,0.41346374,1.0,0.0,1.0,0.0,0.68,0.31999999999999995,0.03,0.97
746050,2024-06-19,2024,669461,1,2.4606075,0.2412974,0.0,1.0,0.0,1.0,0.0,1.0,0.0,1.0
746050,2024-06-19,2024,630023,6,4.864424,0.45791182,1.0,0.0,0.8,0.19999999999999996,0.12,0.88,0.0,1.0
745561,2024-06-19,2024,663362,6,5.8393974,1.4486408,0.94,0.06000000000000005,0.77,0.22999999999999998,0.55,0.44999999999999996,0.31,0.69
747106,2024-06-19,2024,669373,7,6.013912,0.5158608,1.0,0.0,1.0,0.0,0.82,0.18000000000000005,0.12,0.88
745561,2024-06-19,2024,624133,4,5.236749,0.40658432,1.0,0.0,0.94,0.06000000000000005,0.24,0.76,0.0,1.0
745646,2024-06-19,2024,666142,7,6.640195,0.48695362,1.0,0.0,1.0,0.0,0.99,0.010000000000000009,0.63,0.37
746864,2024-06-19,2024,702352,1,2.0366824,0.26394317,0.0,1.0,0.0,1.0,0.0,1.0,0.0,1.0
744842,2024-06-19,2024,571578,7,4.1846175,0.36013457,0.96,0.040000000000000036,0.18,0.8200000000000001,0.0,1.0,0.0,1.0
744842,2024-06-19,2024,694297,0,5.7850785,0.49014413,1.0,0.0,1.0,0.0,0.74,0.26,0.06,0.94
744920,2024-06-19,2024,592332,4,6.6940026,0.52477276,1.0,0.0,1.0,0.0,1.0,0.0,0.66,0.33999999999999997
744920,2024-06-19,2024,678394,6,4.1807876,0.42937618,0.97,0.030000000000000027,0.23,0.77,0.0,1.0,0.0,1.0
746625,2024-06-19,2024,693433,1,4.314541,0.3182898,1.0,0.0,0.31,0.69,0.0,1.0,0.0,1.0
746625,2024-06-19,2024,676440,12,5.565604,0.38866335,1.0,0.0,1.0,0.0,0.58,0.42000000000000004,0.0,1.0
745002,2024-06-19,2024,571760,9,3.6972191,0.44285688,0.67,0.32999999999999996,0.03,0.97,0.0,1.0,0.0,1.0
745646,2024-06-19,2024,665622,3,4.593047,0.31397682,1.0,0.0,0.62,0.38,0.0,1.0,0.0,1.0
746781,2024-06-19,2024,686613,6,4.996785,0.36983147,1.0,0.0,0.93,0.06999999999999995,0.06,0.94,0.0,1.0
745732,2024-06-19,2024,543037,5,3.5479653,0.27369756,0.58,0.42000000000000004,0.0,1.0,0.0,1.0,0.0,1.0
746864,2024-06-19,2024,543294,8,3.0350199,0.30093196,0.07,0.9299999999999999,0.0,1.0,0.0,1.0,0.0,1.0
745002,2024-06-19,2024,640455,6,4.7267265,0.41515514,1.0,0.0,0.69,0.31000000000000005,0.04,0.96,0.0,1.0
745489,2024-06-19,2024,668881,9,8.647104,0.6695236,1.0,0.0,1.0,0.0,1.0,0.0,1.0,0.0
746781,2024-06-19,2024,676979,8,5.844681,0.62438893,1.0,0.0,0.99,0.010000000000000009,0.71,0.29000000000000004,0.13,0.87
745732,2024-06-19,2024,700249,1,4.799777,0.4274079,1.0,0.0,0.76,0.24,0.03,0.97,0.0,1.0
745164,2024-06-20,2024,676775,2,3.670527,0.47253516,0.62,0.38,0.05,0.95,0.0,1.0,0.0,1.0
745889,2024-06-20,2024,641793,5,5.23436,0.5957299,1.0,0.0,0.91,0.08999999999999997,0.34,0.6599999999999999,0.0,1.0
745164,2024-06-20,2024,669467,5,5.9025664,0.42190656,1.0,0.0,1.0,0.0,0.84,0.16000000000000003,0.09,0.91
745734,2024-06-20,2024,608344,2,4.437996,0.4520195,0.99,0.010000000000000009,0.41,0.5900000000000001,0.01,0.99,0.0,1.0
745401,2024-06-20,2024,800049,3,4.010485,0.3186371,0.96,0.040000000000000036,0.08,0.92,0.0,1.0,0.0,1.0
745889,2024-06-20,2024,680573,6,5.88898,0.4476466,1.0,0.0,1.0,0.0,0.82,0.18000000000000005,0.08,0.92
745401,2024-06-20,2024,669060,5,3.823376,0.35396862,0.83,0.17000000000000004,0.05,0.95,0.0,1.0,0.0,1.0
744841,2024-06-20,2024,669022,7,7.544316,0.6654878,1.0,0.0,1.0,0.0,1.0,0.0,0.94,0.06000000000000005
745734,2024-06-20,2024,661563,1,1.8319873,0.348383,0.0,1.0,0.0,1.0,0.0,1.0,0.0,1.0
746782,2024-06-20,2024,681293,2,4.5793104,0.34523246,1.0,0.0,0.56,0.43999999999999995,0.0,1.0,0.0,1.0
746782,2024-06-20,2024,623167,6,5.2514677,0.35620898,1.0,0.0,1.0,0.0,0.2,0.8,0.0,1.0
746539,2024-06-20,2024,694813,7,4.414971,0.3904537,0.99,0.010000000000000009,0.39,0.61,0.01,0.99,0.0,1.0
745645,2024-06-20,2024,687765,7,5.432499,0.514779,1.0,0.0,0.95,0.050000000000000044,0.45,0.55,0.02,0.98
746539,2024-06-20,2024,683627,1,2.2476876,0.25570032,0.0,1.0,0.0,1.0,0.0,1.0,0.0,1.0
745645,2024-06-20,2024,607625,8,5.4492397,0.35519022,1.0,0.0,0.99,0.010000000000000009,0.44,0.56,0.0,1.0
746626,2024-06-20,2024,671106,2,4.4272194,0.5190465,0.97,0.030000000000000027,0.48,0.52,0.02,0.98,0.0,1.0
746539,2024-06-20,2024,621389,2,2.689601,0.38715312,0.02,0.98,0.0,1.0,0.0,1.0,0.0,1.0
744841,2024-06-20,2024,669194,2,2.4211533,0.3004401,0.0,1.0,0.0,1.0,0.0,1.0,0.0,1.0
746626,2024-06-20,2024,622491,4,5.2759304,0.4125565,1.0,0.0,0.97,0.030000000000000027,0.26,0.74,0.01,0.99
745006,2024-06-21,2024,543135,6,5.7422066,0.5180042,1.0,0.0,0.99,0.010000000000000009,0.7,0.30000000000000004,0.07,0.9299999999999999
746624,2024-06-21,2024,684320,1,3.8654068,0.41315305,0.81,0.18999999999999995,0.05,0.95,0.0,1.0,0.0,1.0
745006,2024-06-21,2024,663903,4,4.95631,0.32562447,1.0,0.0,0.88,0.12,0.04,0.96,0.0,1.0
745403,2024-06-21,2024,607067,0,3.9873803,0.32006493,0.94,0.06000000000000005,0.08,0.92,0.0,1.0,0.0,1.0
745729,2024-06-21,2024,672782,5,3.9331272,0.29876342,0.93,0.06999999999999995,0.01,0.99,0.0,1.0,0.0,1.0
745729,2024-06-21,2024,607074,3,6.4300165,0.5093432,1.0,0.0,1.0,0.0,0.95,0.050000000000000044,0.48,0.52
746624,2024-06-21,2024,670102,4,4.7896786,0.59556615,0.99,0.010000000000000009,0.64,0.36,0.11,0.89,0.0,1.0
746624,2024-06-21,2024,658648,3,1.7631055,0.20975873,0.0,1.0,0.0,1.0,0.0,1.0,0.0,1.0
746624,2024-06-21,2024,471911,7,5.0843806,0.4721916,1.0,0.0,0.89,0.10999999999999999,0.2,0.8,0.0,1.0
746131,2024-06-21,2024,689017,2,4.2560954,0.37743452,0.98,0.020000000000000018,0.25,0.75,0.0,1.0,0.0,1.0
746131,2024-06-21,2024,642232,2,1.8719484,0.2612693,0.0,1.0,0.0,1.0,0.0,1.0,0.0,1.0
745562,2024-06-21,2024,605513,2,2.2842422,0.27703318,0.0,1.0,0.0,1.0,0.0,1.0,0.0,1.0
745562,2024-06-21,2024,656756,5,4.0014052,0.3749483,0.89,0.10999999999999999,0.1,0.9,0.0,1.0,0.0,1.0
745562,2024-06-21,2024,592836,3,2.944086,0.35359642,0.06,0.94,0.0,1.0,0.0,1.0,0.0,1.0
746698,2024-06-21,2024,671096,10,5.373847,0.42158222,1.0,0.0,1.0,0.0,0.35,0.65,0.01,0.99
746698,2024-06-21,2024,676710,7,4.866698,0.35033986,1.0,0.0,0.84,0.16000000000000003,0.05,0.95,0.0,1.0
745483,2024-06-21,2024,686752,3,4.9595757,0.40719447,1.0,0.0,0.88,0.12,0.1,0.9,0.0,1.0
745483,2024-06-21,2024,682847,3,5.048278,0.41995674,1.0,0.0,0.88,0.12,0.15,0.85,0.0,1.0
746460,2024-06-21,2024,656427,8,6.7916255,0.4520339,1.0,0.0,1.0,0.0,1.0,0.0,0.73,0.27
745649,2024-06-21,2024,663978,3,3.1739304,0.3181468,0.16,0.84,0.0,1.0,0.0,1.0,0.0,1.0
746540,2024-06-21,2024,687792,5,3.6571298,0.32260686,0.66,0.33999999999999997,0.03,0.97,0.0,1.0,0.0,1.0
746375,2024-06-21,2024,663321,2,2.5916643,0.31558585,0.01,0.99,0.0,1.0,0.0,1.0,0.0,1.0
746375,2024-06-21,2024,680570,8,7.0160627,0.5954351,1.0,0.0,1.0,0.0,0.99,0.010000000000000009,0.82,0.18000000000000005
746375,2024-06-21,2024,814005,2,4.6800103,0.37236375,1.0,0.0,0.72,0.28,0.02,0.98,0.0,1.0
745483,2024-06-21,2024,669387,0,2.1826272,0.32856384,0.0,1.0,0.0,1.0,0.0,1.0,0.0,1.0
745483,2024-06-21,2024,641726,1,2.5776014,0.348054,0.02,0.98,0.0,1.0,0.0,1.0,0.0,1.0
745403,2024-06-21,2024,663568,1,2.2606661,0.40136924,0.0,1.0,0.0,1.0,0.0,1.0,0.0,1.0
745403,2024-06-21,2024,656302,10,7.8341985,0.51078683,1.0,0.0,1.0,0.0,1.0,0.0,1.0,0.0
745729,2024-06-21,2024,519242,8,6.713092,0.56933707,1.0,0.0,1.0,0.0,0.97,0.030000000000000027,0.63,0.37
746460,2024-06-21,2024,607200,3,4.0647893,0.39012355,0.91,0.08999999999999997,0.11,0.89,0.0,1.0,0.0,1.0
746540,2024-06-21,2024,641712,0,2.943489,0.26420474,0.03,0.97,0.0,1.0,0.0,1.0,0.0,1.0
745649,2024-06-21,2024,683155,1,5.445836,0.5109784,1.0,0.0,0.98,0.020000000000000018,0.42,0.5800000000000001,0.03,0.97
746052,2024-06-21,2024,669923,5,5.700813,0.41951802,1.0,0.0,1.0,0.0,0.71,0.29000000000000004,0.04,0.96
746052,2024-06-21,2024,669432,5,4.780372,0.42260507,0.99,0.010000000000000009,0.8,0.19999999999999996,0.04,0.96,0.0,1.0
746861,2024-06-21,2024,684007,3,5.0938234,0.64537483,1.0,0.0,0.83,0.17000000000000004,0.22,0.78,0.02,0.98
746861,2024-06-21,2024,687863,5,2.6062384,0.30116674,0.0,1.0,0.0,1.0,0.0,1.0,0.0,1.0
746861,2024-06-21,2024,669713,2,2.048975,0.24661201,0.0,1.0,0.0,1.0,0.0,1.0,0.0,1.0
746861,2024-06-21,2024,500779,8,6.220422,0.5814689,1.0,0.0,1.0,0.0,0.86,0.14,0.37,0.63
746861,2024-06-21,2024,493603,3,2.2825894,0.42772648,0.0,1.0,0.0,1.0,0.0,1.0,0.0,1.0
744997,2024-06-22,2024,592351,3,4.9830494,0.38564694,1.0,0.0,0.9,0.09999999999999998,0.07,0.9299999999999999,0.0,1.0
745486,2024-06-22,2024,683003,8,6.424105,0.48299086,1.0,0.0,1.0,0.0,0.98,0.020000000000000018,0.42,0.5800000000000001
746622,2024-06-22,2024,594902,4,4.206799,0.31684294,0.99,0.010000000000000009,0.16,0.84,0.0,1.0,0.0,1.0
746541,2024-06-22,2024,680730,8,6.1416836,0.44972485,1.0,0.0,1.0,0.0,0.9,0.09999999999999998,0.24,0.76
746541,2024-06-22,2024,615698,5,4.86688,0.5902632,1.0,0.0,0.74,0.26,0.15,0.85,0.01,0.99
744997,2024-06-22,2024,608379,5,4.722999,0.3800452,1.0,0.0,0.73,0.27,0.04,0.96,0.0,1.0
745564,2024-06-22,2024,543518,0,1.6503831,0.26400158,0.0,1.0,0.0,1.0,0.0,1.0,0.0,1.0
745564,2024-06-22,2024,554430,8,6.5904174,0.49163568,1.0,0.0,1.0,0.0,1.0,0.0,0.58,0.42000000000000004
745402,2024-06-22,2024,681190,3,6.193155,0.47587183,1.0,0.0,1.0,0.0,0.92,0.07999999999999996,0.25,0.75
745402,2024-06-22,2024,692230,2,3.191601,0.30914047,0.17,0.83,0.0,1.0,0.0,1.0,0.0,1.0
745564,2024-06-22,2024,674072,2,2.6066723,0.2712692,0.0,1.0,0.0,1.0,0.0,1.0,0.0,1.0
746459,2024-06-22,2024,689672,5,4.54758,0.3950637,1.0,0.0,0.53,0.47,0.03,0.97,0.0,1.0
745163,2024-06-22,2024,663855,1,4.7628508,0.39771768,1.0,0.0,0.76,0.24,0.03,0.97,0.0,1.0
745163,2024-06-22,2024,571945,3,4.2582793,0.3185855,1.0,0.0,0.24,0.76,0.0,1.0,0.0,1.0
746459,2024-06-22,2024,628317,5,6.3957233,0.5607526,1.0,0.0,1.0,0.0,0.91,0.08999999999999997,0.39,0.61
746048,2024-06-22,2024,641312,3,3.4144726,0.30247104,0.39,0.61,0.0,1.0,0.0,1.0,0.0,1.0
746048,2024-06-22,2024,669302,6,6.921973,0.5759306,1.0,0.0,1.0,0.0,0.99,0.010000000000000009,0.76,0.24
746048,2024-06-22,2024,686539,4,3.1333168,0.3467001,0.16,0.84,0.0,1.0,0.0,1.0,0.0,1.0
746700,2024-06-22,2024,601713,5,6.1054835,0.5062485,1.0,0.0,1.0,0.0,0.85,0.15000000000000002,0.19,0.81
746700,2024-06-22,2024,593423,4,5.1393914,0.39387104,1.0,0.0,0.97,0.030000000000000027,0.19,0.81,0.0,1.0
746132,2024-06-22,2024,668676,1,3.1566012,0.25936592,0.1,0.9,0.0,1.0,0.0,1.0,0.0,1.0
746132,2024-06-22,2024,607192,10,5.949005,0.4658446,1.0,0.0,1.0,0.0,0.82,0.18000000000000005,0.13,0.87
745486,2024-06-22,2024,621107,6,5.102042,0.3963117,1.0,0.0,0.94,0.06000000000000005,0.16,0.84,0.0,1.0
745644,2024-06-22,2024,641927,10,4.341551,0.32327938,1.0,0.0,0.34,0.6599999999999999,0.0,1.0,0.0,1.0
746622,2024-06-22,2024,621244,3,3.6271937,0.37298188,0.63,0.37,0.0,1.0,0.0,1.0,0.0,1.0
745644,2024-06-22,2024,676664,1,1.7386249,0.28291374,0.0,1.0,0.0,1.0,0.0,1.0,0.0,1.0
746376,2024-06-22,2024,669854,4,4.7590327,0.42542505,1.0,0.0,0.77,0.22999999999999998,0.06,0.94,0.0,1.0
746376,2024-06-22,2024,669203,5,6.5869603,0.6148386,1.0,0.0,1.0,0.0,0.97,0.030000000000000027,0.53,0.47
745731,2024-06-22,2024,573186,6,3.5333884,0.43992954,0.54,0.45999999999999996,0.03,0.97,0.0,1.0,0.0,1.0
745731,2024-06-22,2024,450203,4,6.7271504,0.6296966,1.0,0.0,1.0,0.0,0.96,0.040000000000000036,0.64,0.36
746863,2024-06-22,2024,656731,6,4.4419637,0.38764626,0.98,0.020000000000000018,0.47,0.53,0.0,1.0,0.0,1.0
745644,2024-06-22,2024,674370,6,6.581199,0.49965507,1.0,0.0,1.0,0.0,0.99,0.010000000000000009,0.56,0.43999999999999995
746863,2024-06-22,2024,592791,10,4.886786,0.4009907,1.0,0.0,0.83,0.17000000000000004,0.07,0.9299999999999999,0.0,1.0
746863,2024-06-22,2024,605288,2,2.2981992,0.24300618,0.0,1.0,0.0,1.0,0.0,1.0,0.0,1.0
746621,2024-06-23,2024,579328,3,4.495325,0.39113775,0.99,0.010000000000000009,0.53,0.47,0.0,1.0,0.0,1.0
745566,2024-06-23,2024,677944,2,2.9933197,0.30953056,0.05,0.95,0.0,1.0,0.0,1.0,0.0,1.0
745165,2024-06-23,2024,543243,8,4.7164564,0.33632684,1.0,0.0,0.72,0.28,0.02,0.98,0.0,1.0
745648,2024-06-23,2024,663687,2,3.234143,0.38553426,0.24,0.76,0.0,1.0,0.0,1.0,0.0,1.0
746373,2024-06-23,2024,544150,3,4.5631657,0.3044841,1.0,0.0,0.56,0.43999999999999995,0.0,1.0,0.0,1.0
746373,2024-06-23,2024,664285,7,7.107062,0.64762175,1.0,0.0,1.0,0.0,0.99,0.010000000000000009,0.83,0.17000000000000004
745000,2024-06-23,2024,679525,4,6.2382784,0.45534337,1.0,0.0,1.0,0.0,0.92,0.07999999999999996,0.25,0.75
745000,2024-06-23,2024,570632,1,1.3973324,0.26180577,0.0,1.0,0.0,1.0,0.0,1.0,0.0,1.0
745566,2024-06-23,2024,650911,4,4.6252937,0.50718844,0.97,0.030000000000000027,0.63,0.37,0.0,1.0,0.0,1.0
746699,2024-06-23,2024,666157,3,4.975092,0.464295,1.0,0.0,0.81,0.18999999999999995,0.12,0.88,0.0,1.0
746051,2024-06-23,2024,667725,2,3.0061839,0.31933397,0.06,0.94,0.0,1.0,0.0,1.0,0.0,1.0
746051,2024-06-23,2024,682243,3,3.0667212,0.33243918,0.11,0.89,0.0,1.0,0.0,1.0,0.0,1.0
745000,2024-06-23,2024,453286,4,2.9197083,0.23779252,0.0,1.0,0.0,1.0,0.0,1.0,0.0,1.0
745485,2024-06-23,2024,694973,8,8.923807,0.6959367,1.0,0.0,1.0,0.0,1.0,0.0,1.0,0.0
746457,2024-06-23,2024,694363,3,2.779806,0.3593298,0.03,0.97,0.0,1.0,0.0,1.0,0.0,1.0
746457,2024-06-23,2024,686563,1,2.423763,0.31098956,0.0,1.0,0.0,1.0,0.0,1.0,0.0,1.0
746457,2024-06-23,2024,681857,3,5.996434,0.456828,1.0,0.0,1.0,0.0,0.86,0.14,0.12,0.88
745485,2024-06-23,2024,650644,3,3.5176022,0.4495902,0.54,0.45999999999999996,0.01,0.99,0.0,1.0,0.0,1.0
746862,2024-06-23,2024,622663,10,6.180647,0.51643455,1.0,0.0,1.0,0.0,0.89,0.10999999999999999,0.26,0.74
745165,2024-06-23,2024,657277,8,6.797004,0.5490208,1.0,0.0,1.0,0.0,0.98,0.020000000000000018,0.72,0.28
745648,2024-06-23,2024,641154,14,7.6332784,0.52767605,1.0,0.0,1.0,0.0,1.0,0.0,0.98,0.020000000000000018
746621,2024-06-23,2024,663474,6,4.0727096,0.41565663,0.91,0.08999999999999997,0.2,0.8,0.0,1.0,0.0,1.0
746621,2024-06-23,2024,670766,0,2.0925999,0.38601467,0.0,1.0,0.0,1.0,0.0,1.0,0.0,1.0
745396,2024-06-23,2024,668964,3,4.176863,0.27471647,1.0,0.0,0.1,0.9,0.0,1.0,0.0,1.0
746457,2024-06-23,2024,641771,7,5.2700872,0.39046276,1.0,0.0,0.98,0.020000000000000018,0.24,0.76,0.0,1.0
745396,2024-06-23,2024,650633,8,5.2640924,0.4093833,1.0,0.0,0.95,0.050000000000000044,0.28,0.72,0.0,1.0
746862,2024-06-23,2024,624522,2,3.065702,0.320221,0.07,0.9299999999999999,0.0,1.0,0.0,1.0,0.0,1.0
746536,2024-06-23,2024,663623,10,6.0823846,0.5814956,1.0,0.0,0.99,0.010000000000000009,0.8,0.19999999999999996,0.21,0.79
746536,2024-06-23,2024,607536,4,4.0081234,0.38269722,0.9,0.09999999999999998,0.09,0.91,0.0,1.0,0.0,1.0
746862,2024-06-23,2024,665871,0,4.3170314,0.33312142,0.99,0.010000000000000009,0.31,0.69,0.0,1.0,0.0,1.0
745727,2024-06-23,2024,641482,7,6.184677,0.43711308,1.0,0.0,1.0,0.0,0.97,0.030000000000000027,0.2,0.8
745727,2024-06-23,2024,608331,4,4.1140995,0.4075362,0.95,0.050000000000000044,0.2,0.8,0.0,1.0,0.0,1.0
745323,2024-06-24,2024,702352,3,2.0344543,0.3847604,0.0,1.0,0.0,1.0,0.0,1.0,0.0,1.0
745323,2024-06-24,2024,657006,9,6.184631,0.50746536,1.0,0.0,1.0,0.0,0.92,0.07999999999999996,0.29,0.71
746218,2024-06-24,2024,665622,4,4.3773766,0.33633178,1.0,0.0,0.36,0.64,0.0,1.0,0.0,1.0
746218,2024-06-24,2024,605156,2,3.169861,0.27785838,0.13,0.87,0.0,1.0,0.0,1.0,0.0,1.0
746298,2024-06-24,2024,682610,4,5.5077467,0.41598818,1.0,0.0,0.99,0.010000000000000009,0.51,0.49,0.0,1.0
745974,2024-06-24,2024,642547,6,6.5259385,0.56205994,1.0,0.0,1.0,0.0,0.99,0.010000000000000009,0.5,0.5
746780,2024-06-24,2024,676979,6,6.7438893,0.5994008,1.0,0.0,1.0,0.0,0.99,0.010000000000000009,0.67,0.32999999999999996
746780,2024-06-24,2024,572020,6,4.9162154,0.4649588,0.99,0.010000000000000009,0.8,0.19999999999999996,0.11,0.89,0.0,1.0
745078,2024-06-24,2024,671737,8,5.964053,0.6379613,1.0,0.0,0.99,0.010000000000000009,0.75,0.25,0.21,0.79
746941,2024-06-24,2024,605135,2,5.9932795,0.4286248,1.0,0.0,1.0,0.0,0.85,0.15000000000000002,0.09,0.91
745974,2024-06-24,2024,642546,1,2.315416,0.3283988,0.0,1.0,0.0,1.0,0.0,1.0,0.0,1.0
745974,2024-06-24,2024,547179,5,5.284494,0.38014328,1.0,0.0,0.97,0.030000000000000027,0.31,0.69,0.0,1.0
746218,2024-06-24,2024,656288,5,5.7832856,0.3907448,1.0,0.0,1.0,0.0,0.71,0.29000000000000004,0.02,0.98
745078,2024-06-24,2024,693433,3,5.93074,0.4766154,1.0,0.0,1.0,0.0,0.84,0.16000000000000003,0.13,0.87
745323,2024-06-24,2024,675921,8,4.491764,0.39621666,0.99,0.010000000000000009,0.51,0.49,0.01,0.99,0.0,1.0
746458,2024-06-24,2024,605400,6,6.0888042,0.4892126,1.0,0.0,1.0,0.0,0.92,0.07999999999999996,0.23,0.77
746458,2024-06-24,2024,663554,10,6.4713535,0.47270462,1.0,0.0,1.0,0.0,0.98,0.020000000000000018,0.52,0.48
746941,2024-06-24,2024,656557,7,8.289611,0.7529531,1.0,0.0,1.0,0.0,1.0,0.0,0.98,0.020000000000000018
746298,2024-06-24,2024,666142,11,8.298009,0.62815636,1.0,0.0,1.0,0.0,1.0,0.0,1.0,0.0
745160,2024-06-24,2024,458681,5,5.468301,0.39217097,1.0,0.0,0.99,0.010000000000000009,0.49,0.51,0.01,0.99
745078,2024-06-24,2024,606965,0,3.2487485,0.41415492,0.25,0.75,0.01,0.99,0.0,1.0,0.0,1.0
745397,2024-06-24,2024,571578,5,5.0308666,0.48203444,1.0,0.0,0.85,0.15000000000000002,0.18,0.8200000000000001,0.0,1.0
745397,2024-06-24,2024,663362,8,6.509922,1.5233656,0.98,0.020000000000000018,0.93,0.06999999999999995,0.79,0.20999999999999996,0.48,0.52
746696,2024-06-24,2024,686730,5,4.644592,0.39087245,1.0,0.0,0.66,0.33999999999999997,0.0,1.0,0.0,1.0
746696,2024-06-24,2024,663559,2,4.5491953,0.45438266,1.0,0.0,0.58,0.42000000000000004,0.02,0.98,0.0,1.0
745160,2024-06-24,2024,680885,6,5.618478,0.42508608,1.0,0.0,1.0,0.0,0.62,0.38,0.02,0.98
747021,2024-06-24,2024,700249,5,4.8604054,0.39131755,1.0,0.0,0.83,0.17000000000000004,0.03,0.97,0.0,1.0
747021,2024-06-24,2024,676440,7,6.6490088,0.5294948,1.0,0.0,1.0,0.0,1.0,0.0,0.61,0.39
746372,2024-06-25,2024,686613,7,5.511236,0.4740617,1.0,0.0,1.0,0.0,0.47,0.53,0.06,0.94
746372,2024-06-25,2024,596295,4,4.3601665,0.34628996,1.0,0.0,0.37,0.63,0.0,1.0,0.0,1.0
745806,2024-06-25,2024,656849,8,6.5898967,0.53392386,1.0,0.0,1.0,0.0,0.98,0.020000000000000018,0.54,0.45999999999999996
745806,2024-06-25,2024,543037,0,3.8328683,0.3546683,0.83,0.17000000000000004,0.02,0.98,0.0,1.0,0.0,1.0
745973,2024-06-25,2024,571760,4,6.8258147,0.5167263,1.0,0.0,1.0,0.0,1.0,0.0,0.76,0.24
745973,2024-06-25,2024,669060,4,3.318558,0.26700246,0.29,0.71,0.0,1.0,0.0,1.0,0.0,1.0
746775,2024-06-25,2024,676272,1,2.989572,0.4028507,0.11,0.89,0.0,1.0,0.0,1.0,0.0,1.0
746775,2024-06-25,2024,623167,3,5.698707,0.379633,1.0,0.0,1.0,0.0,0.71,0.29000000000000004,0.02,0.98
745399,2024-06-25,2024,669022,1,6.0856085,0.57120097,1.0,0.0,0.99,0.010000000000000009,0.86,0.14,0.21,0.79
745399,2024-06-25,2024,800049,0,2.2001517,0.26382565,0.0,1.0,0.0,1.0,0.0,1.0,0.0,1.0
745076,2024-06-25,2024,622491,4,6.952753,0.5660146,1.0,0.0,1.0,0.0,1.0,0.0,0.81,0.18999999999999995
746293,2024-06-25,2024,630023,5,3.2370973,0.30983666,0.21,0.79,0.0,1.0,0.0,1.0,0.0,1.0
746293,2024-06-25,2024,607625,8,4.9793315,0.4549763,1.0,0.0,0.85,0.15000000000000002,0.13,0.87,0.0,1.0
747188,2024-06-25,2024,657746,5,6.448068,0.5109099,1.0,0.0,1.0,0.0,0.96,0.040000000000000036,0.48,0.52
746943,2024-06-25,2024,678394,2,2.4876382,0.350473,0.0,1.0,0.0,1.0,0.0,1.0,0.0,1.0
746943,2024-06-25,2024,670174,8,4.398629,0.41548565,0.99,0.010000000000000009,0.35,0.65,0.0,1.0,0.0,1.0
746943,2024-06-25,2024,592332,5,7.5994477,0.6752207,1.0,0.0,1.0,0.0,1.0,0.0,0.95,0.050000000000000044
746213,2024-06-25,2024,542881,2,5.5505414,0.46473712,1.0,0.0,0.98,0.020000000000000018,0.57,0.43000000000000005,0.01,0.99
746213,2024-06-25,2024,687765,6,4.1786103,0.5319877,0.91,0.08999999999999997,0.27,0.73,0.01,0.99,0.0,1.0
747022,2024-06-25,2024,608344,1,2.364279,0.30612943,0.0,1.0,0.0,1.0,0.0,1.0,0.0,1.0
746697,2024-06-25,2024,691172,4,2.744218,0.37783185,0.01,0.99,0.0,1.0,0.0,1.0,0.0,1.0
747188,2024-06-25,2024,694297,2,3.9376307,0.43893445,0.83,0.17000000000000004,0.1,0.9,0.0,1.0,0.0,1.0
746697,2024-06-25,2024,656605,6,7.6032066,0.60932267,1.0,0.0,1.0,0.0,1.0,0.0,0.97,0.030000000000000027
745322,2024-06-25,2024,543294,4,5.5326347,0.51393396,1.0,0.0,0.99,0.010000000000000009,0.53,0.47,0.03,0.97
745322,2024-06-25,2024,678495,5,4.1529408,0.35553834,0.98,0.020000000000000018,0.15,0.85,0.0,1.0,0.0,1.0
746697,2024-06-25,2024,668881,5,6.6092973,0.51448244,1.0,0.0,1.0,0.0,1.0,0.0,0.53,0.47
745076,2024-06-25,2024,641793,6,4.218617,0.51508206,0.94,0.06000000000000005,0.28,0.72,0.02,0.98,0.0,1.0
746454,2024-06-25,2024,624133,4,4.889007,0.35730332,1.0,0.0,0.86,0.14,0.01,0.99,0.0,1.0
746454,2024-06-25,2024,669373,7,5.6366577,0.45548406,1.0,0.0,0.99,0.010000000000000009,0.65,0.35,0.03,0.97
747022,2024-06-25,2024,671106,5,2.8206735,0.30961898,0.02,0.98,0.0,1.0,0.0,1.0,0.0,1.0
745400,2024-06-26,2024,656302,9,7.9553704,0.5920051,1.0,0.0,1.0,0.0,1.0,0.0,1.0,0.0
745975,2024-06-26,2024,572971,4,2.248973,0.34008414,0.0,1.0,0.0,1.0,0.0,1.0,0.0,1.0
745158,2024-06-26,2024,693821,4,4.654931,0.34250835,1.0,0.0,0.66,0.33999999999999997,0.01,0.99,0.0,1.0
745808,2024-06-26,2024,661563,2,5.458104,0.44898424,1.0,0.0,0.99,0.010000000000000009,0.46,0.54,0.01,0.99
745158,2024-06-26,2024,669461,8,5.189023,0.4004978,1.0,0.0,0.96,0.040000000000000036,0.22,0.78,0.0,1.0
745808,2024-06-26,2024,672782,1,2.9214084,0.359919,0.06,0.94,0.0,1.0,0.0,1.0,0.0,1.0
745400,2024-06-26,2024,687792,1,2.9981396,0.3728051,0.11,0.89,0.0,1.0,0.0,1.0,0.0,1.0
746777,2024-06-26,2024,607200,5,4.429859,0.42009273,1.0,0.0,0.44,0.56,0.01,0.99,0.0,1.0
745975,2024-06-26,2024,543135,4,7.652417,0.6569262,1.0,0.0,1.0,0.0,1.0,0.0,0.98,0.020000000000000018
746777,2024-06-26,2024,647336,7,3.8415527,0.42145398,0.8,0.19999999999999996,0.08,0.92,0.0,1.0,0.0,1.0
746777,2024-06-26,2024,694813,7,5.957812,0.45616624,1.0,0.0,1.0,0.0,0.84,0.16000000000000003,0.11,0.89
747184,2024-06-26,2024,669194,3,4.9958935,0.38711116,1.0,0.0,0.9,0.09999999999999998,0.1,0.9,0.0,1.0
746942,2024-06-26,2024,642232,4,2.546761,0.25262067,0.0,1.0,0.0,1.0,0.0,1.0,0.0,1.0
747184,2024-06-26,2024,680573,4,5.3876715,0.36515892,1.0,0.0,0.99,0.010000000000000009,0.36,0.64,0.0,1.0
746291,2024-06-26,2024,678368,2,3.1604812,0.29708815,0.13,0.87,0.0,1.0,0.0,1.0,0.0,1.0
747019,2024-06-26,2024,471911,3,5.398054,0.4546356,1.0,0.0,0.97,0.030000000000000027,0.43,0.5700000000000001,0.0,1.0
747019,2024-06-26,2024,675540,1,3.0629163,0.29501072,0.06,0.94,0.0,1.0,0.0,1.0,0.0,1.0
747019,2024-06-26,2024,680570,4,5.7031703,0.40748796,1.0,0.0,1.0,0.0,0.72,0.28,0.03,0.97
745808,2024-06-26,2024,640455,3,3.655016,0.33456418,0.67,0.32999999999999996,0.01,0.99,0.0,1.0,0.0,1.0
746291,2024-06-26,2024,663903,5,6.0245333,0.46042335,1.0,0.0,1.0,0.0,0.89,0.10999999999999999,0.14,0.86
746212,2024-06-26,2024,683155,8,5.8098016,0.46386802,1.0,0.0,0.99,0.010000000000000009,0.73,0.27,0.08,0.92
745157,2024-06-26,2024,681517,1,3.1240802,0.30369136,0.09,0.91,0.0,1.0,0.0,1.0,0.0,1.0
746212,2024-06-26,2024,672710,2,3.1370232,0.2611721,0.04,0.96,0.0,1.0,0.0,1.0,0.0,1.0
745157,2024-06-26,2024,625643,5,5.638059,0.40467262,1.0,0.0,0.99,0.010000000000000009,0.62,0.38,0.01,0.99
746374,2024-06-26,2024,663372,2,3.7799842,0.2952417,0.82,0.18000000000000005,0.0,1.0,0.0,1.0,0.0,1.0
745325,2024-06-26,2024,806185,5,5.9584155,0.5130683,1.0,0.0,1.0,0.0,0.78,0.21999999999999997,0.19,0.81
745325,2024-06-26,2024,669713,7,4.3591533,0.42901966,0.98,0.020000000000000018,0.34,0.6599999999999999,0.01,0.99,0.0,1.0
746942,2024-06-26,2024,601713,10,6.0799446,0.43396974,1.0,0.0,1.0,0.0,0.89,0.10999999999999999,0.14,0.86
746374,2024-06-26,2024,681293,10,6.583833,0.5055839,1.0,0.0,1.0,0.0,0.98,0.020000000000000018,0.56,0.43999999999999995
746456,2024-06-26,2024,672456,6,6.3505363,0.48454425,1.0,0.0,1.0,0.0,0.98,0.020000000000000018,0.44,0.56
746695,2024-06-26,2024,682847,7,5.1162305,0.4146351,1.0,0.0,0.9,0.09999999999999998,0.18,0.8200000000000001,0.0,1.0
745157,2024-06-26,2024,502043,4,3.7695577,0.26424077,0.84,0.16000000000000003,0.0,1.0,0.0,1.0,0.0,1.0
745073,2024-06-26,2024,686752,8,5.8188977,0.45620364,1.0,0.0,1.0,0.0,0.72,0.28,0.08,0.92
745073,2024-06-26,2024,669923,7,4.898094,0.4219383,1.0,0.0,0.84,0.16000000000000003,0.08,0.92,0.0,1.0
746695,2024-06-26,2024,668933,3,3.4384627,0.6411514,0.36,0.64,0.06,0.94,0.01,0.99,0.0,1.0
745808,2024-06-26,2024,605288,3,1.9528164,0.24598862,0.0,1.0,0.0,1.0,0.0,1.0,0.0,1.0
744919,2024-06-27,2024,607074,8,7.46378,0.5581335,1.0,0.0,1.0,0.0,1.0,0.0,0.95,0.050000000000000044
746210,2024-06-27,2024,669721,8,6.376715,0.4029649,1.0,0.0,1.0,0.0,0.98,0.020000000000000018,0.39,0.61
746816,2024-06-27,2024,641771,3,1.9361264,0.3052351,0.0,1.0,0.0,1.0,0.0,1.0,0.0,1.0
746288,2024-06-27,2024,594902,5,3.4418747,0.298578,0.46,0.54,0.0,1.0,0.0,1.0,0.0,1.0
746288,2024-06-27,2024,608379,6,5.550155,0.4674877,1.0,0.0,0.99,0.010000000000000009,0.56,0.43999999999999995,0.02,0.98
746210,2024-06-27,2024,656427,7,6.531792,0.5176784,1.0,0.0,1.0,0.0,0.99,0.010000000000000009,0.57,0.43000000000000005
746816,2024-06-27,2024,519242,11,7.250918,0.6811342,1.0,0.0,1.0,0.0,1.0,0.0,0.89,0.10999999999999999
745324,2024-06-27,2024,663855,7,5.817079,0.45071408,1.0,0.0,1.0,0.0,0.76,0.24,0.07,0.9299999999999999
747185,2024-06-27,2024,656756,1,4.409749,0.47253746,0.99,0.010000000000000009,0.39,0.61,0.01,0.99,0.0,1.0
745162,2024-06-27,2024,571945,1,4.9448533,0.39943013,1.0,0.0,0.85,0.15000000000000002,0.1,0.9,0.0,1.0
747185,2024-06-27,2024,686826,0,2.0309513,0.21890166,0.0,1.0,0.0,1.0,0.0,1.0,0.0,1.0
747185,2024-06-27,2024,701581,2,4.0841494,0.33500728,0.99,0.010000000000000009,0.1,0.9,0.0,1.0,0.0,1.0
745565,2024-06-27,2024,554430,5,9.081799,0.7302082,1.0,0.0,1.0,0.0,1.0,0.0,1.0,0.0
745565,2024-06-27,2024,669432,4,6.202052,0.46396342,1.0,0.0,1.0,0.0,0.92,0.07999999999999996,0.27,0.73
747020,2024-06-27,2024,669203,5,5.826824,0.604418,1.0,0.0,0.99,0.010000000000000009,0.72,0.28,0.12,0.88
747020,2024-06-27,2024,642546,2,2.5832014,0.4109694,0.02,0.98,0.0,1.0,0.0,1.0,0.0,1.0
747020,2024-06-27,2024,592351,1,3.0428956,0.36042947,0.1,0.9,0.0,1.0,0.0,1.0,0.0,1.0
745162,2024-06-27,2024,671096,2,6.5988183,0.56513715,1.0,0.0,1.0,0.0,0.99,0.010000000000000009,0.54,0.45999999999999996
747185,2024-06-27,2024,543518,2,3.039136,0.45583177,0.15,0.85,0.0,1.0,0.0,1.0,0.0,1.0
744919,2024-06-27,2024,621244,8,4.415874,0.40687922,1.0,0.0,0.36,0.64,0.0,1.0,0.0,1.0
745324,2024-06-27,2024,684007,3,5.4549665,0.52641153,1.0,0.0,0.97,0.030000000000000027,0.43,0.5700000000000001,0.04,0.96
745319,2024-06-28,2024,689017,7,4.080354,0.28394622,0.98,0.020000000000000018,0.07,0.9299999999999999,0.0,1.0,0.0,1.0
746214,2024-06-28,2024,668676,3,2.3872952,0.21447775,0.0,1.0,0.0,1.0,0.0,1.0,0.0,1.0
746214,2024-06-28,2024,628317,4,5.198346,0.46962932,1.0,0.0,0.92,0.07999999999999996,0.26,0.74,0.0,1.0
745070,2024-06-28,2024,621107,6,5.726077,0.41775662,1.0,0.0,1.0,0.0,0.74,0.26,0.02,0.98
746776,2024-06-28,2024,689672,4,5.290809,0.35932997,1.0,0.0,0.99,0.010000000000000009,0.27,0.73,0.0,1.0
746776,2024-06-28,2024,641712,3,2.8356423,0.3774311,0.04,0.96,0.0,1.0,0.0,1.0,0.0,1.0
745070,2024-06-28,2024,680730,5,5.366124,0.55059844,1.0,0.0,0.95,0.050000000000000044,0.39,0.61,0.02,0.98
747183,2024-06-28,2024,676664,6,4.169177,0.3855034,0.93,0.06999999999999995,0.2,0.8,0.0,1.0,0.0,1.0
747183,2024-06-28,2024,677944,7,5.3693213,0.46767628,1.0,0.0,0.96,0.040000000000000036,0.4,0.6,0.0,1.0
745319,2024-06-28,2024,657277,6,5.591358,0.52453715,1.0,0.0,0.96,0.040000000000000036,0.6,0.4,0.03,0.97
745161,2024-06-28,2024,593423,5,5.2770033,0.4688853,1.0,0.0,0.95,0.050000000000000044,0.34,0.6599999999999999,0.0,1.0
745238,2024-06-28,2024,669302,3,4.919407,0.4439547,1.0,0.0,0.77,0.22999999999999998,0.11,0.89,0.0,1.0
745238,2024-06-28,2024,641927,9,4.8700457,0.3136288,1.0,0.0,0.9,0.09999999999999998,0.01,0.99,0.0,1.0
745970,2024-06-28,2024,607067,8,4.9615297,0.3796591,1.0,0.0,0.89,0.10999999999999999,0.08,0.92,0.0,1.0
745804,2024-06-28,2024,500779,7,5.6505537,0.47445387,1.0,0.0,1.0,0.0,0.6,0.4,0.04,0.96
745804,2024-06-28,2024,669854,5,6.1952662,0.48389736,1.0,0.0,1.0,0.0,0.93,0.06999999999999995,0.27,0.73
747105,2024-06-28,2024,527048,4,4.8195767,0.36644194,1.0,0.0,0.8,0.19999999999999996,0.02,0.98,0.0,1.0
747105,2024-06-28,2024,450203,7,8.137794,0.677071,1.0,0.0,1.0,0.0,1.0,0.0,1.0,0.0
746292,2024-06-28,2024,679525,5,5.055085,0.33653808,1.0,0.0,0.94,0.06000000000000005,0.11,0.89,0.0,1.0
746292,2024-06-28,2024,670766,1,4.154561,0.45937654,0.93,0.06999999999999995,0.17,0.83,0.01,0.99,0.0,1.0
746292,2024-06-28,2024,663474,3,2.3167129,0.23891969,0.0,1.0,0.0,1.0,0.0,1.0,0.0,1.0
746939,2024-06-28,2024,502624,2,3.3329487,0.360145,0.32,0.6799999999999999,0.0,1.0,0.0,1.0,0.0,1.0
746939,2024-06-28,2024,601713,4,5.096213,0.45418903,1.0,0.0,0.9,0.09999999999999998,0.2,0.8,0.0,1.0
745161,2024-06-28,2024,669467,5,3.635645,0.37984467,0.64,0.36,0.01,0.99,0.0,1.0,0.0,1.0
747017,2024-06-28,2024,453286,4,4.697478,0.36876088,1.0,0.0,0.71,0.29000000000000004,0.0,1.0,0.0,1.0
747105,2024-06-28,2024,641726,3,2.8853922,0.3170683,0.02,0.98,0.0,1.0,0.0,1.0,0.0,1.0
747017,2024-06-28,2024,544150,2,3.8790216,0.35927036,0.87,0.13,0.03,0.97,0.0,1.0,0.0,1.0
745970,2024-06-28,2024,592791,5,6.015243,0.4461038,1.0,0.0,1.0,0.0,0.86,0.14,0.14,0.86
745560,2024-06-28,2024,650911,9,8.847099,0.7118739,1.0,0.0,1.0,0.0,1.0,0.0,1.0,0.0
744922,2024-06-28,2024,573186,3,4.7627215,0.4643717,1.0,0.0,0.7,0.30000000000000004,0.05,0.95,0.0,1.0
744922,2024-06-28,2024,579328,7,5.5357604,0.38949388,1.0,0.0,1.0,0.0,0.46,0.54,0.0,1.0
745560,2024-06-28,2024,667725,4,4.946543,0.41513667,1.0,0.0,0.86,0.14,0.1,0.9,0.0,1.0
746939,2024-06-28,2024,681190,1,3.3054044,0.28383842,0.24,0.76,0.0,1.0,0.0,1.0,0.0,1.0
747104,2024-06-29,2024,694973,9,8.204987,0.7004399,1.0,0.0,1.0,0.0,1.0,0.0,1.0,0.0
747104,2024-06-29,2024,608331,4,6.2011356,0.4643694,1.0,0.0,1.0,0.0,0.95,0.050000000000000044,0.29,0.71
745972,2024-06-29,2024,668964,6,4.8980427,0.38590857,1.0,0.0,0.85,0.15000000000000002,0.08,0.92,0.0,1.0
745317,2024-06-29,2024,663546,1,3.1618836,0.41831684,0.21,0.79,0.0,1.0,0.0,1.0,0.0,1.0
745159,2024-06-29,2024,700669,4,3.006994,0.26348972,0.04,0.96,0.0,1.0,0.0,1.0,0.0,1.0
747018,2024-06-29,2024,547179,3,3.5710807,0.28624105,0.66,0.33999999999999997,0.0,1.0,0.0,1.0,0.0,1.0
745159,2024-06-29,2024,543243,6,6.1209965,0.53142357,1.0,0.0,0.99,0.010000000000000009,0.86,0.14,0.21,0.79
746778,2024-06-29,2024,686563,3,4.657408,0.3934821,1.0,0.0,0.67,0.32999999999999996,0.02,0.98,0.0,1.0
745317,2024-06-29,2024,675921,0,3.3326776,0.3250537,0.31,0.69,0.0,1.0,0.0,1.0,0.0,1.0
745972,2024-06-29,2024,657006,5,5.057323,0.3580239,1.0,0.0,0.96,0.040000000000000036,0.09,0.91,0.0,1.0
746778,2024-06-29,2024,615698,8,4.1748943,0.44765353,0.91,0.08999999999999997,0.21,0.79,0.01,0.99,0.0,1.0
747018,2024-06-29,2024,700249,3,4.62124,0.2817931,1.0,0.0,0.64,0.36,0.0,1.0,0.0,1.0
747018,2024-06-29,2024,641540,1,1.7231014,0.32599214,0.0,1.0,0.0,1.0,0.0,1.0,0.0,1.0
745159,2024-06-29,2024,686730,4,3.9731793,0.34457812,0.91,0.08999999999999997,0.06,0.94,0.0,1.0,0.0,1.0
744921,2024-06-29,2024,605135,8,5.4575405,0.36689535,1.0,0.0,0.99,0.010000000000000009,0.45,0.55,0.01,0.99
745071,2024-06-29,2024,650644,2,6.7253833,0.5323806,1.0,0.0,1.0,0.0,0.99,0.010000000000000009,0.69,0.31000000000000005
745317,2024-06-29,2024,607192,1,4.1142144,0.32078156,0.98,0.020000000000000018,0.11,0.89,0.0,1.0,0.0,1.0
746211,2024-06-29,2024,656288,4,5.752073,0.46312287,1.0,0.0,1.0,0.0,0.7,0.30000000000000004,0.04,0.96
746940,2024-06-29,2024,650633,6,5.7042027,0.41142142,1.0,0.0,1.0,0.0,0.71,0.29000000000000004,0.02,0.98
745559,2024-06-29,2024,682610,4,4.16866,0.29546058,0.98,0.020000000000000018,0.12,0.88,0.0,1.0,0.0,1.0
745801,2024-06-29,2024,664285,5,6.6335077,0.62854314,1.0,0.0,0.99,0.010000000000000009,0.97,0.030000000000000027,0.6,0.4
745559,2024-06-29,2024,605400,9,7.374477,0.55734825,1.0,0.0,1.0,0.0,1.0,0.0,0.94,0.06000000000000005
745239,2024-06-29,2024,641154,9,6.7098165,0.5003139,1.0,0.0,1.0,0.0,0.98,0.020000000000000018,0.66,0.33999999999999997
746289,2024-06-29,2024,666142,6,5.625368,0.48993665,1.0,0.0,0.98,0.020000000000000018,0.62,0.38,0.02,0.98
746211,2024-06-29,2024,681857,9,6.0802574,0.4263422,1.0,0.0,1.0,0.0,0.92,0.07999999999999996,0.18,0.8200000000000001
746940,2024-06-29,2024,690544,2,3.568917,0.5684904,0.53,0.47,0.09,0.91,0.0,1.0,0.0,1.0
747186,2024-06-29,2024,663687,3,3.4780326,0.5263225,0.45,0.55,0.01,0.99,0.0,1.0,0.0,1.0
744921,2024-06-29,2024,641482,5,4.1891713,0.31082302,1.0,0.0,0.16,0.84,0.0,1.0,0.0,1.0
747186,2024-06-29,2024,668678,7,4.7300944,0.39591482,1.0,0.0,0.69,0.31000000000000005,0.05,0.95,0.0,1.0
745071,2024-06-29,2024,663623,5,5.8961196,0.62432164,1.0,0.0,0.98,0.020000000000000018,0.75,0.25,0.19,0.81
746940,2024-06-29,2024,656557,4,6.179716,0.566466,1.0,0.0,1.0,0.0,0.9,0.09999999999999998,0.26,0.74
747186,2024-06-29,2024,674370,2,2.353682,0.24577215,0.0,1.0,0.0,1.0,0.0,1.0,0.0,1.0
745801,2024-06-29,2024,656731,6,7.958581,0.5738769,1.0,0.0,1.0,0.0,1.0,0.0,1.0,0.0
745239,2024-06-29,2024,682243,6,5.8651123,0.6327467,1.0,0.0,0.99,0.010000000000000009,0.73,0.27,0.15,0.85
746289,2024-06-29,2024,676440,3,6.0878496,0.56763667,1.0,0.0,1.0,0.0,0.88,0.12,0.21,0.79
746938,2024-06-30,2024,670174,1,2.7456229,0.30421442,0.01,0.99,0.0,1.0,0.0,1.0,0.0,1.0
745320,2024-06-30,2024,702352,3,2.0444877,0.32311663,0.0,1.0,0.0,1.0,0.0,1.0,0.0,1.0
747101,2024-06-30,2024,680885,7,4.4704027,0.3473358,1.0,0.0,0.52,0.48,0.0,1.0,0.0,1.0
746209,2024-06-30,2024,542881,2,4.284372,0.3761247,1.0,0.0,0.24,0.76,0.0,1.0,0.0,1.0
746938,2024-06-30,2024,663362,3,4.626095,1.1102096,0.82,0.18000000000000005,0.52,0.48,0.22,0.78,0.03,0.97
745154,2024-06-30,2024,458681,6,5.4611554,0.4967066,1.0,0.0,0.96,0.040000000000000036,0.52,0.48,0.01,0.99
745154,2024-06-30,2024,668881,6,7.4171333,0.5238847,1.0,0.0,1.0,0.0,1.0,0.0,0.97,0.030000000000000027
746209,2024-06-30,2024,663554,2,5.086729,0.4447123,1.0,0.0,0.91,0.08999999999999997,0.17,0.83,0.0,1.0
747101,2024-06-30,2024,663559,5,3.5423112,0.25487489,0.58,0.42000000000000004,0.0,1.0,0.0,1.0,0.0,1.0
745243,2024-06-30,2024,622491,3,4.535113,0.43474954,0.99,0.010000000000000009,0.54,0.45999999999999996,0.01,0.99,0.0,1.0
745555,2024-06-30,2024,630023,4,4.751489,0.42412335,0.99,0.010000000000000009,0.75,0.25,0.03,0.97,0.0,1.0
744916,2024-06-30,2024,543037,6,5.995908,0.45500404,1.0,0.0,1.0,0.0,0.88,0.12,0.16,0.84
744916,2024-06-30,2024,592332,7,8.643495,0.7934691,1.0,0.0,1.0,0.0,1.0,0.0,1.0,0.0
745072,2024-06-30,2024,571578,5,5.206662,0.42694795,1.0,0.0,0.96,0.040000000000000036,0.24,0.76,0.0,1.0
745555,2024-06-30,2024,624133,0,4.9944515,0.32456484,1.0,0.0,0.96,0.040000000000000036,0.04,0.96,0.0,1.0
747182,2024-06-30,2024,665622,5,5.973221,0.3799022,1.0,0.0,1.0,0.0,0.9,0.09999999999999998,0.06,0.94
747182,2024-06-30,2024,694297,8,4.0093503,0.34612045,0.93,0.06999999999999995,0.08,0.92,0.0,1.0,0.0,1.0
745971,2024-06-30,2024,642547,8,7.090554,0.46490216,1.0,0.0,1.0,0.0,1.0,0.0,0.9,0.09999999999999998
745802,2024-06-30,2024,622663,3,2.8996646,0.39781684,0.06,0.94,0.0,1.0,0.0,1.0,0.0,1.0
745072,2024-06-30,2024,671737,11,6.8541317,0.6431145,1.0,0.0,1.0,0.0,0.99,0.010000000000000009,0.7,0.30000000000000004
747016,2024-06-30,2024,571760,10,6.1203156,0.4562141,1.0,0.0,1.0,0.0,0.9,0.09999999999999998,0.24,0.76
745320,2024-06-30,2024,572020,4,4.3949714,0.48122907,0.97,0.030000000000000027,0.4,0.6,0.0,1.0,0.0,1.0
745971,2024-06-30,2024,543294,3,2.2810116,0.40115646,0.0,1.0,0.0,1.0,0.0,1.0,0.0,1.0
745320,2024-06-30,2024,694738,3,3.5915334,0.57273173,0.51,0.49,0.09,0.91,0.0,1.0,0.0,1.0
746779,2024-06-30,2024,607536,3,2.896914,0.3338992,0.04,0.96,0.0,1.0,0.0,1.0,0.0,1.0
746779,2024-06-30,2024,647336,6,2.5974545,0.29437393,0.0,1.0,0.0,1.0,0.0,1.0,0.0,1.0
746779,2024-06-30,2024,676979,11,6.8184996,0.5889797,1.0,0.0,1.0,0.0,0.99,0.010000000000000009,0.7,0.30000000000000004
745802,2024-06-30,2024,681869,2,2.7973223,0.28447717,0.0,1.0,0.0,1.0,0.0,1.0,0.0,1.0
746290,2024-06-30,2024,671106,3,3.5110383,0.3087369,0.49,0.51,0.0,1.0,0.0,1.0,0.0,1.0
746290,2024-06-30,2024,607625,10,6.454901,0.56010103,1.0,0.0,1.0,0.0,0.96,0.040000000000000036,0.46,0.54
747016,2024-06-30,2024,608344,2,3.3410473,0.2566068,0.24,0.76,0.0,1.0,0.0,1.0,0.0,1.0
745243,2024-06-30,2024,657746,10,8.019879,0.750247,1.0,0.0,1.0,0.0,1.0,0.0,0.99,0.010000000000000009
746535,2024-07-01,2024,596295,3,3.7783904,0.36984402,0.8,0.19999999999999996,0.01,0.99,0.0,1.0,0.0,1.0
746535,2024-07-01,2024,669060,3,3.6971226,0.34033287,0.75,0.25,0.02,0.98,0.0,1.0,0.0,1.0
744914,2024-07-01,2024,684320,6,4.7272243,0.3496437,1.0,0.0,0.77,0.22999999999999998,0.03,0.97,0.0,1.0
744840,2024-07-01,2024,669022,8,7.159008,0.6065431,1.0,0.0,1.0,0.0,0.99,0.010000000000000009,0.88,0.12
744840,2024-07-01,2024,656849,2,4.8166094,0.46483094,1.0,0.0,0.77,0.22999999999999998,0.08,0.92,0.0,1.0
744914,2024-07-01,2024,686613,5,5.7078395,0.4165174,1.0,0.0,1.0,0.0,0.68,0.31999999999999995,0.02,0.98
745240,2024-07-02,2024,680570,8,6.7075396,0.4514118,1.0,0.0,1.0,0.0,0.99,0.010000000000000009,0.71,0.29000000000000004
745240,2024-07-02,2024,669923,5,6.3784666,0.49638417,1.0,0.0,1.0,0.0,0.96,0.040000000000000036,0.41,0.5900000000000001
746047,2024-07-02,2024,676710,7,5.17362,0.46019644,1.0,0.0,0.93,0.06999999999999995,0.3,0.7,0.0,1.0
745730,2024-07-02,2024,668933,3,3.581845,0.64706063,0.54,0.45999999999999996,0.07,0.9299999999999999,0.01,0.99,0.0,1.0
745647,2024-07-02,2024,687765,5,5.3317995,0.5096322,1.0,0.0,0.95,0.050000000000000044,0.33,0.6699999999999999,0.01,0.99
746047,2024-07-02,2024,678368,8,5.1095185,0.3725059,1.0,0.0,0.95,0.050000000000000044,0.14,0.86,0.0,1.0
746133,2024-07-02,2024,676272,4,5.276761,0.42724544,1.0,0.0,0.97,0.030000000000000027,0.31,0.69,0.0,1.0
746133,2024-07-02,2024,669194,3,3.6303208,0.34089938,0.66,0.33999999999999997,0.01,0.99,0.0,1.0,0.0,1.0
744838,2024-07-02,2024,687792,10,6.177475,0.49010366,1.0,0.0,1.0,0.0,0.93,0.06999999999999995,0.23,0.77
744838,2024-07-02,2024,640455,5,5.1094427,0.42626756,1.0,0.0,0.93,0.06999999999999995,0.2,0.8,0.0,1.0
744999,2024-07-02,2024,656302,5,5.4653926,0.42958033,1.0,0.0,0.97,0.030000000000000027,0.5,0.5,0.01,0.99
744999,2024-07-02,2024,543135,6,5.914985,0.5058029,1.0,0.0,1.0,0.0,0.79,0.20999999999999996,0.16,0.84
745730,2024-07-02,2024,661563,3,4.626573,0.40743157,1.0,0.0,0.62,0.38,0.02,0.98,0.0,1.0
745647,2024-07-02,2024,667755,4,2.9189737,0.31998795,0.04,0.96,0.0,1.0,0.0,1.0,0.0,1.0
746623,2024-07-02,2024,471911,7,3.4908872,0.35032582,0.49,0.51,0.0,1.0,0.0,1.0,0.0,1.0
745482,2024-07-02,2024,656605,5,6.2973723,0.5001466,1.0,0.0,1.0,0.0,0.93,0.06999999999999995,0.36,0.64
746537,2024-07-02,2024,663372,3,3.1681771,0.2438982,0.09,0.91,0.0,1.0,0.0,1.0,0.0,1.0
747102,2024-07-02,2024,806185,5,5.6206183,0.477786,1.0,0.0,1.0,0.0,0.61,0.39,0.05,0.95
745886,2024-07-02,2024,680573,4,5.785778,0.45042408,1.0,0.0,1.0,0.0,0.74,0.26,0.07,0.9299999999999999
745886,2024-07-02,2024,669373,7,6.61112,0.5646773,1.0,0.0,1.0,0.0,0.97,0.030000000000000027,0.57,0.43000000000000005
746860,2024-07-02,2024,669713,7,5.4574256,0.4957374,1.0,0.0,0.98,0.020000000000000018,0.42,0.5800000000000001,0.0,1.0
746623,2024-07-02,2024,623167,3,5.772726,0.43708932,1.0,0.0,1.0,0.0,0.77,0.22999999999999998,0.04,0.96
746537,2024-07-02,2024,572971,5,2.1230335,0.41852522,0.0,1.0,0.0,1.0,0.0,1.0,0.0,1.0
744913,2024-07-02,2024,681293,5,5.6484637,0.50397676,1.0,0.0,0.98,0.020000000000000018,0.6,0.4,0.04,0.96
744913,2024-07-02,2024,621244,1,1.34273,0.30085772,0.0,1.0,0.0,1.0,0.0,1.0,0.0,1.0
747102,2024-07-02,2024,625643,6,6.465428,0.4768045,1.0,0.0,1.0,0.0,0.98,0.020000000000000018,0.46,0.54
746860,2024-07-02,2024,675650,4,4.4866347,0.3649036,1.0,0.0,0.49,0.51,0.0,1.0,0.0,1.0
745482,2024-07-02,2024,502043,8,3.6794367,0.29793206,0.72,0.28,0.0,1.0,0.0,1.0,0.0,1.0
746282,2024-07-02,2024,641793,4,3.6379056,0.36261177,0.67,0.32999999999999996,0.01,0.99,0.0,1.0,0.0,1.0
746282,2024-07-02,2024,663903,4,5.2926836,0.40881884,1.0,0.0,0.97,0.030000000000000027,0.36,0.64,0.0,1.0
744998,2024-07-03,2024,641540,3,1.9558094,0.46725765,0.0,1.0,0.0,1.0,0.0,1.0,0.0,1.0
744998,2024-07-03,2024,592351,2,4.2507515,0.3442299,0.99,0.010000000000000009,0.22,0.78,0.0,1.0,0.0,1.0
746858,2024-07-03,2024,684007,8,6.030738,0.60407895,1.0,0.0,0.99,0.010000000000000009,0.79,0.20999999999999996,0.24,0.76
746858,2024-07-03,2024,554430,7,7.519097,0.56093895,1.0,0.0,1.0,0.0,1.0,0.0,0.96,0.040000000000000036
744998,2024-07-03,2024,800049,4,3.4929533,0.26169115,0.46,0.54,0.0,1.0,0.0,1.0,0.0,1.0
745487,2024-07-03,2024,683003,5,6.3641686,0.45685667,1.0,0.0,1.0,0.0,0.95,0.050000000000000044,0.43,0.5700000000000001
746283,2024-07-03,2024,608379,8,4.2247024,0.3170634,0.99,0.010000000000000009,0.18,0.8200000000000001,0.0,1.0,0.0,1.0
745643,2024-07-03,2024,669721,3,4.482839,0.31566298,0.99,0.010000000000000009,0.43,0.5700000000000001,0.0,1.0,0.0,1.0
745643,2024-07-03,2024,683155,4,5.9071193,0.49609247,1.0,0.0,1.0,0.0,0.81,0.18999999999999995,0.09,0.91
746283,2024-07-03,2024,686752,0,5.7955623,0.45389232,1.0,0.0,1.0,0.0,0.73,0.27,0.05,0.95
745888,2024-07-03,2024,672456,4,5.732153,0.42950135,1.0,0.0,1.0,0.0,0.74,0.26,0.05,0.95
746534,2024-07-03,2024,663567,2,2.1470509,0.2210944,0.0,1.0,0.0,1.0,0.0,1.0,0.0,1.0
745728,2024-07-03,2024,671096,2,5.335153,0.49793738,1.0,0.0,0.95,0.050000000000000044,0.4,0.6,0.01,0.99
746534,2024-07-03,2024,641712,4,3.80931,0.37795454,0.83,0.17000000000000004,0.05,0.95,0.0,1.0,0.0,1.0
746534,2024-07-03,2024,607067,4,5.8765135,0.4548333,1.0,0.0,1.0,0.0,0.77,0.22999999999999998,0.11,0.89
745728,2024-07-03,2024,607074,8,6.2473965,0.54807794,1.0,0.0,1.0,0.0,0.92,0.07999999999999996,0.29,0.71
745487,2024-07-03,2024,571945,4,5.3051567,0.4393716,1.0,0.0,0.97,0.030000000000000027,0.33,0.6699999999999999,0.0,1.0
745888,2024-07-03,2024,701581,6,5.405433,0.4322904,1.0,0.0,1.0,0.0,0.38,0.62,0.0,1.0
744837,2024-07-03,2024,680730,5,5.2000318,0.43825975,1.0,0.0,0.96,0.040000000000000036,0.22,0.78,0.0,1.0
746045,2024-07-03,2024,669432,6,5.04369,0.4322149,1.0,0.0,0.91,0.08999999999999997,0.16,0.84,0.0,1.0
744915,2024-07-03,2024,670102,2,3.26992,0.35213575,0.24,0.76,0.0,1.0,0.0,1.0,0.0,1.0
746045,2024-07-03,2024,678394,7,5.284277,0.43658343,1.0,0.0,0.96,0.040000000000000036,0.27,0.73,0.0,1.0
746128,2024-07-03,2024,642232,3,1.934353,0.31599936,0.0,1.0,0.0,1.0,0.0,1.0,0.0,1.0
746617,2024-07-03,2024,668909,2,4.184948,0.31885216,0.99,0.010000000000000009,0.17,0.83,0.0,1.0,0.0,1.0
746617,2024-07-03,2024,607200,3,4.1929555,0.37709692,0.95,0.050000000000000044,0.24,0.76,0.0,1.0,0.0,1.0
744915,2024-07-03,2024,579328,5,6.6284437,0.5024019,1.0,0.0,1.0,0.0,0.98,0.020000000000000018,0.64,0.36
746128,2024-07-03,2024,694813,3,4.302494,0.33564284,0.99,0.010000000000000009,0.29,0.71,0.0,1.0,0.0,1.0
746128,2024-07-03,2024,686826,1,2.5092287,0.27516934,0.0,1.0,0.0,1.0,0.0,1.0,0.0,1.0
745234,2024-07-03,2024,669302,6,5.654292,0.47869352,1.0,0.0,0.98,0.020000000000000018,0.6,0.4,0.05,0.95
745234,2024-07-03,2024,665152,8,5.0027246,0.58799165,1.0,0.0,0.8,0.19999999999999996,0.21,0.79,0.0,1.0
747100,2024-07-03,2024,663855,6,5.6663375,0.46866792,1.0,0.0,0.99,0.010000000000000009,0.66,0.33999999999999997,0.05,0.95
747100,2024-07-03,2024,519242,9,7.6271687,0.5706305,1.0,0.0,1.0,0.0,1.0,0.0,0.97,0.030000000000000027
744837,2024-07-03,2024,681035,2,6.788406,0.5239943,1.0,0.0,1.0,0.0,0.99,0.010000000000000009,0.72,0.28
746128,2024-07-03,2024,691441,2,4.8726993,0.39066967,1.0,0.0,0.84,0.16000000000000003,0.05,0.95,0.0,1.0
744915,2024-07-03,2024,669854,4,6.0926747,0.47403917,1.0,0.0,1.0,0.0,0.87,0.13,0.21,0.79
746126,2024-07-04,2024,668678,4,5.776004,0.45113593,1.0,0.0,1.0,0.0,0.68,0.31999999999999995,0.05,0.95
746126,2024-07-04,2024,598286,1,2.0205412,0.3504344,0.0,1.0,0.0,1.0,0.0,1.0,0.0,1.0
746619,2024-07-04,2024,594902,6,4.69769,0.37455094,1.0,0.0,0.71,0.29000000000000004,0.03,0.97,0.0,1.0
746619,2024-07-04,2024,641771,1,4.4705524,0.3515312,0.99,0.010000000000000009,0.49,0.51,0.0,1.0,0.0,1.0
746285,2024-07-04,2024,621107,3,6.3571687,0.4777492,1.0,0.0,1.0,0.0,0.97,0.030000000000000027,0.37,0.63
746857,2024-07-04,2024,592791,7,4.855926,0.43800047,1.0,0.0,0.76,0.24,0.06,0.94,0.0,1.0
745890,2024-07-04,2024,666214,1,2.3426216,0.29778272,0.0,1.0,0.0,1.0,0.0,1.0,0.0,1.0
745890,2024-07-04,2024,641927,8,6.77236,0.4506376,1.0,0.0,1.0,0.0,1.0,0.0,0.73,0.27
746619,2024-07-04,2024,694363,2,2.183636,0.28237954,0.0,1.0,0.0,1.0,0.0,1.0,0.0,1.0
746126,2024-07-04,2024,679885,5,2.014207,0.45907506,0.0,1.0,0.0,1.0,0.0,1.0,0.0,1.0
744912,2024-07-04,2024,605135,3,5.710356,0.43064114,1.0,0.0,1.0,0.0,0.68,0.31999999999999995,0.04,0.96
745890,2024-07-04,2024,628317,3,5.938542,0.48832875,1.0,0.0,1.0,0.0,0.84,0.16000000000000003,0.15,0.85
744912,2024-07-04,2024,664285,4,5.61674,0.56899405,1.0,0.0,0.98,0.020000000000000018,0.59,0.41000000000000003,0.08,0.92
746532,2024-07-04,2024,668964,5,6.7988415,0.47810736,1.0,0.0,1.0,0.0,0.99,0.010000000000000009,0.74,0.26
746532,2024-07-04,2024,615698,2,5.413327,0.4823838,1.0,0.0,0.97,0.030000000000000027,0.46,0.54,0.03,0.97
745726,2024-07-04,2024,573186,6,3.9467208,0.34518874,0.91,0.08999999999999997,0.07,0.9299999999999999,0.0,1.0,0.0,1.0
745726,2024-07-04,2024,593423,4,5.264529,0.38069215,1.0,0.0,0.99,0.010000000000000009,0.3,0.7,0.0,1.0
746043,2024-07-04,2024,667725,3,3.5425394,0.45826474,0.52,0.48,0.02,0.98,0.0,1.0,0.0,1.0
746043,2024-07-04,2024,601713,10,5.330069,0.50971264,1.0,0.0,0.92,0.07999999999999996,0.35,0.65,0.01,0.99
745236,2024-07-04,2024,682243,6,6.276875,0.52032804,1.0,0.0,1.0,0.0,0.94,0.06000000000000005,0.36,0.64
745236,2024-07-04,2024,669203,6,7.5365696,0.586539,1.0,0.0,1.0,0.0,1.0,0.0,0.97,0.030000000000000027
746285,2024-07-04,2024,679525,1,3.7704883,0.27277237,0.83,0.17000000000000004,0.01,0.99,0.0,1.0,0.0,1.0
746285,2024-07-04,2024,672582,2,2.2898822,0.40081367,0.0,1.0,0.0,1.0,0.0,1.0,0.0,1.0
746126,2024-07-04,2024,689017,6,4.5173492,0.3125886,1.0,0.0,0.54,0.45999999999999996,0.0,1.0,0.0,1.0
746857,2024-07-04,2024,650911,3,4.529099,0.605004,0.99,0.010000000000000009,0.54,0.45999999999999996,0.05,0.95,0.0,1.0
746285,2024-07-04,2024,672578,1,2.1884964,0.35933748,0.0,1.0,0.0,1.0,0.0,1.0,0.0,1.0
745641,2024-07-04,2024,676664,6,5.195031,0.48388773,1.0,0.0,0.93,0.06999999999999995,0.29,0.71,0.01,0.99
744996,2024-07-04,2024,453286,3,5.243271,0.35577488,1.0,0.0,0.95,0.050000000000000044,0.27,0.73,0.0,1.0
744996,2024-07-04,2024,650633,5,5.34503,0.34345415,1.0,0.0,1.0,0.0,0.33,0.6699999999999999,0.0,1.0
745484,2024-07-04,2024,527048,2,4.1198463,0.36659575,0.96,0.040000000000000036,0.18,0.8200000000000001,0.0,1.0,0.0,1.0
744834,2024-07-04,2024,663623,8,6.849522,0.5676396,1.0,0.0,1.0,0.0,1.0,0.0,0.73,0.27
747103,2024-07-04,2024,656550,4,3.2780967,0.39240414,0.35,0.65,0.0,1.0,0.0,1.0,0.0,1.0
745484,2024-07-04,2024,669467,5,5.2238145,0.39623404,1.0,0.0,0.97,0.030000000000000027,0.25,0.75,0.0,1.0
747103,2024-07-04,2024,657277,6,6.005596,0.5789002,1.0,0.0,1.0,0.0,0.79,0.20999999999999996,0.17,0.83
744834,2024-07-04,2024,500779,1,3.994437,0.39863992,0.88,0.12,0.09,0.91,0.0,1.0,0.0,1.0
745641,2024-07-04,2024,672710,1,2.3227625,0.2628025,0.0,1.0,0.0,1.0,0.0,1.0,0.0,1.0
747103,2024-07-04,2024,450203,5,7.0694804,0.60189474,1.0,0.0,1.0,0.0,1.0,0.0,0.8,0.19999999999999996
745884,2024-07-05,2024,664351,2,1.9780717,0.21536896,0.0,1.0,0.0,1.0,0.0,1.0,0.0,1.0
746533,2024-07-05,2024,666142,8,6.541687,0.50028855,1.0,0.0,1.0,0.0,1.0,0.0,0.56,0.43999999999999995
745884,2024-07-05,2024,641154,6,6.167744,0.40416184,1.0,0.0,1.0,0.0,0.95,0.050000000000000044,0.2,0.8
746046,2024-07-05,2024,689672,5,5.354162,0.36489776,1.0,0.0,0.99,0.010000000000000009,0.36,0.64,0.0,1.0
746533,2024-07-05,2024,607536,5,4.116045,0.35901573,0.98,0.020000000000000018,0.15,0.85,0.0,1.0,0.0,1.0
746046,2024-07-05,2024,682610,2,5.450033,0.44144514,1.0,0.0,0.98,0.020000000000000018,0.39,0.61,0.01,0.99
746859,2024-07-05,2024,657006,7,3.327709,0.4353942,0.34,0.6599999999999999,0.01,0.99,0.0,1.0,0.0,1.0
746046,2024-07-05,2024,663773,4,2.1058378,0.31645882,0.0,1.0,0.0,1.0,0.0,1.0,0.0,1.0
745398,2024-07-05,2024,677944,2,4.8918924,0.34816924,1.0,0.0,0.88,0.12,0.04,0.96,0.0,1.0
744836,2024-07-05,2024,571578,3,5.043292,0.42248398,1.0,0.0,0.89,0.10999999999999999,0.12,0.88,0.0,1.0
745725,2024-07-05,2024,641482,8,6.20239,0.54891604,1.0,0.0,1.0,0.0,0.9,0.09999999999999998,0.28,0.72
745725,2024-07-05,2024,656557,1,5.2983875,0.60245585,1.0,0.0,0.9,0.09999999999999998,0.35,0.65,0.03,0.97
744992,2024-07-05,2024,547179,4,4.7864695,0.38605762,1.0,0.0,0.75,0.25,0.02,0.98,0.0,1.0
744992,2024-07-05,2024,669358,6,5.166526,0.392907,1.0,0.0,0.94,0.06000000000000005,0.21,0.79,0.0,1.0
745237,2024-07-05,2024,592332,10,8.440793,0.7009458,1.0,0.0,1.0,0.0,1.0,0.0,1.0,0.0
744836,2024-07-05,2024,543243,6,5.1869535,0.4056239,1.0,0.0,0.96,0.040000000000000036,0.26,0.74,0.0,1.0
745398,2024-07-05,2024,681190,6,6.9064794,0.55438805,1.0,0.0,1.0,0.0,0.99,0.010000000000000009,0.74,0.26
745884,2024-07-05,2024,681869,2,2.0966392,0.37150162,0.0,1.0,0.0,1.0,0.0,1.0,0.0,1.0
745884,2024-07-05,2024,680739,2,3.0460064,0.40184575,0.16,0.84,0.0,1.0,0.0,1.0,0.0,1.0
746127,2024-07-05,2024,607192,7,7.8853316,0.72072506,1.0,0.0,1.0,0.0,1.0,0.0,0.98,0.020000000000000018
746859,2024-07-05,2024,656288,4,4.4948716,0.33935854,1.0,0.0,0.53,0.47,0.0,1.0,0.0,1.0
747097,2024-07-05,2024,608331,4,6.028541,0.4407936,1.0,0.0,1.0,0.0,0.88,0.12,0.12,0.88
747097,2024-07-05,2024,605400,8,7.248459,0.5838152,1.0,0.0,1.0,0.0,1.0,0.0,0.92,0.07999999999999996
745639,2024-07-05,2024,544150,6,4.273738,0.30680826,0.98,0.020000000000000018,0.23,0.77,0.0,1.0,0.0,1.0
745639,2024-07-05,2024,663687,4,5.163884,0.5183821,1.0,0.0,0.91,0.08999999999999997,0.22,0.78,0.0,1.0
746127,2024-07-05,2024,650644,8,6.3527284,0.5108908,1.0,0.0,1.0,0.0,0.96,0.040000000000000036,0.38,0.62
745479,2024-07-05,2024,694973,8,8.786854,0.73335016,1.0,0.0,1.0,0.0,1.0,0.0,0.99,0.010000000000000009
745479,2024-07-05,2024,686654,1,2.8843417,0.39873087,0.08,0.92,0.0,1.0,0.0,1.0,0.0,1.0
745479,2024-07-05,2024,622663,3,3.4754138,0.3836409,0.5,0.5,0.01,0.99,0.0,1.0,0.0,1.0
746620,2024-07-05,2024,676440,6,5.6976914,0.4446123,1.0,0.0,1.0,0.0,0.67,0.32999999999999996,0.06,0.94
745237,2024-07-05,2024,622491,8,6.26776,0.47765806,1.0,0.0,1.0,0.0,0.95,0.050000000000000044,0.29,0.71
746693,2024-07-05,2024,686730,3,4.0805206,0.31324401,0.97,0.030000000000000027,0.09,0.91,0.0,1.0,0.0,1.0
746693,2024-07-05,2024,681857,8,5.3467016,0.4845598,1.0,0.0,0.97,0.030000000000000027,0.37,0.63,0.01,0.99
746693,2024-07-05,2024,608718,4,2.7631302,0.2862921,0.02,0.98,0.0,1.0,0.0,1.0,0.0,1.0
746620,2024-07-05,2024,702352,2,2.2768846,0.2771176,0.0,1.0,0.0,1.0,0.0,1.0,0.0,1.0
744835,2024-07-06,2024,458681,2,4.26797,0.35054153,0.99,0.010000000000000009,0.24,0.76,0.0,1.0,0.0,1.0
747099,2024-07-06,2024,680885,6,5.271279,0.40317044,1.0,0.0,0.95,0.050000000000000044,0.34,0.6599999999999999,0.0,1.0
745395,2024-07-06,2024,663362,6,5.691845,1.2895796,0.99,0.010000000000000009,0.82,0.18000000000000005,0.51,0.49,0.23,0.77
745642,2024-07-06,2024,665622,3,6.613454,0.4840107,1.0,0.0,1.0,0.0,0.98,0.020000000000000018,0.58,0.42000000000000004
744835,2024-07-06,2024,606149,1,2.0674841,0.22641118,0.0,1.0,0.0,1.0,0.0,1.0,0.0,1.0
744835,2024-07-06,2024,669022,5,5.0406613,0.39977467,1.0,0.0,0.89,0.10999999999999999,0.12,0.88,0.0,1.0
745235,2024-07-06,2024,676106,4,5.3330727,0.43598238,1.0,0.0,0.97,0.030000000000000027,0.32,0.6799999999999999,0.01,0.99
744835,2024-07-06,2024,669461,2,3.4127276,0.3939859,0.4,0.6,0.0,1.0,0.0,1.0,0.0,1.0
745642,2024-07-06,2024,672552,3,2.9277308,0.25937638,0.01,0.99,0.0,1.0,0.0,1.0,0.0,1.0
747099,2024-07-06,2024,624133,7,4.06975,0.3198695,0.96,0.040000000000000036,0.08,0.92,0.0,1.0,0.0,1.0
745642,2024-07-06,2024,700249,1,2.0776315,0.2086915,0.0,1.0,0.0,1.0,0.0,1.0,0.0,1.0
745235,2024-07-06,2024,684320,6,3.9970794,0.31994724,0.93,0.06999999999999995,0.06,0.94,0.0,1.0,0.0,1.0
746044,2024-07-06,2024,630023,5,4.416456,0.4388876,1.0,0.0,0.37,0.63,0.01,0.99,0.0,1.0
745395,2024-07-06,2024,694297,6,3.4247057,0.32785967,0.45,0.55,0.0,1.0,0.0,1.0,0.0,1.0
746129,2024-07-06,2024,572020,3,3.1485643,0.36557478,0.19,0.81,0.0,1.0,0.0,1.0,0.0,1.0
745642,2024-07-06,2024,622253,1,2.6643796,0.3853367,0.01,0.99,0.0,1.0,0.0,1.0,0.0,1.0
746856,2024-07-06,2024,543294,1,1.5051707,0.33585754,0.0,1.0,0.0,1.0,0.0,1.0,0.0,1.0
745724,2024-07-06,2024,670174,4,2.6875498,0.3181292,0.01,0.99,0.0,1.0,0.0,1.0,0.0,1.0
745724,2024-07-06,2024,543037,8,5.386073,0.4402964,1.0,0.0,0.97,0.030000000000000027,0.4,0.6,0.01,0.99
745724,2024-07-06,2024,502624,3,2.6492138,0.2667427,0.0,1.0,0.0,1.0,0.0,1.0,0.0,1.0
745642,2024-07-06,2024,608344,4,2.7914824,0.28080893,0.0,1.0,0.0,1.0,0.0,1.0,0.0,1.0
746856,2024-07-06,2024,542881,10,4.440123,0.36111557,1.0,0.0,0.46,0.54,0.01,0.99,0.0,1.0
746694,2024-07-06,2024,689225,5,2.2387388,0.30900422,0.0,1.0,0.0,1.0,0.0,1.0,0.0,1.0
746694,2024-07-06,2024,668881,7,7.685539,0.48911747,1.0,0.0,1.0,0.0,1.0,0.0,1.0,0.0
746129,2024-07-06,2024,669060,1,2.9441488,0.31076816,0.03,0.97,0.0,1.0,0.0,1.0,0.0,1.0
746129,2024-07-06,2024,642547,4,6.319318,0.43327284,1.0,0.0,1.0,0.0,0.97,0.030000000000000027,0.36,0.64
746044,2024-07-06,2024,647336,4,3.1047175,0.25379285,0.05,0.95,0.0,1.0,0.0,1.0,0.0,1.0
746044,2024-07-06,2024,676979,5,7.329115,0.73829657,1.0,0.0,1.0,0.0,1.0,0.0,0.85,0.15000000000000002
744995,2024-07-06,2024,571760,7,6.412279,0.412308,1.0,0.0,1.0,0.0,0.97,0.030000000000000027,0.46,0.54
745885,2024-07-06,2024,657746,8,7.6975365,0.6103748,1.0,0.0,1.0,0.0,1.0,0.0,0.97,0.030000000000000027
746615,2024-07-06,2024,690986,2,3.0205,0.47114757,0.18,0.8200000000000001,0.0,1.0,0.0,1.0,0.0,1.0
745476,2024-07-06,2024,656849,5,5.333667,0.4706891,1.0,0.0,0.96,0.040000000000000036,0.32,0.6799999999999999,0.01,0.99
746529,2024-07-06,2024,607625,5,6.5986676,0.49613336,1.0,0.0,1.0,0.0,0.98,0.020000000000000018,0.6,0.4
746615,2024-07-06,2024,671106,9,5.375697,0.48951846,1.0,0.0,0.97,0.030000000000000027,0.35,0.65,0.01,0.99
745476,2024-07-06,2024,663559,2,2.2123213,0.20882924,0.0,1.0,0.0,1.0,0.0,1.0,0.0,1.0
746529,2024-07-06,2024,596295,3,4.848331,0.3810023,1.0,0.0,0.81,0.18999999999999995,0.05,0.95,0.0,1.0
745885,2024-07-06,2024,686613,6,5.4415584,0.43080813,1.0,0.0,0.99,0.010000000000000009,0.43,0.5700000000000001,0.01,0.99
744995,2024-07-06,2024,671737,5,4.1596203,0.5087298,0.94,0.06000000000000005,0.3,0.7,0.0,1.0,0.0,1.0
746530,2024-07-07,2024,685299,4,4.512801,0.349623,1.0,0.0,0.48,0.52,0.0,1.0,0.0,1.0
746616,2024-07-07,2024,471911,4,4.14692,0.3659049,0.96,0.040000000000000036,0.18,0.8200000000000001,0.0,1.0,0.0,1.0
745637,2024-07-07,2024,687765,5,5.0148196,0.56483185,1.0,0.0,0.86,0.14,0.2,0.8,0.01,0.99
744832,2024-07-07,2024,502043,8,4.9998655,0.42366174,1.0,0.0,0.89,0.10999999999999999,0.15,0.85,0.0,1.0
745637,2024-07-07,2024,680570,8,5.5972395,0.44514167,1.0,0.0,0.99,0.010000000000000009,0.63,0.37,0.01,0.99
745723,2024-07-07,2024,676710,4,4.214488,0.3676939,0.99,0.010000000000000009,0.21,0.79,0.0,1.0,0.0,1.0
747098,2024-07-07,2024,675650,1,2.4749873,0.23887816,0.0,1.0,0.0,1.0,0.0,1.0,0.0,1.0
746530,2024-07-07,2024,663903,7,4.9013276,0.41422704,1.0,0.0,0.83,0.17000000000000004,0.09,0.91,0.0,1.0
744832,2024-07-07,2024,687792,4,7.09419,0.59525514,1.0,0.0,1.0,0.0,0.99,0.010000000000000009,0.84,0.16000000000000003
747098,2024-07-07,2024,625643,6,6.6785817,0.4897882,1.0,0.0,1.0,0.0,0.97,0.030000000000000027,0.63,0.37
746122,2024-07-07,2024,572971,0,2.5034728,0.41826028,0.0,1.0,0.0,1.0,0.0,1.0,0.0,1.0
745233,2024-07-07,2024,669923,8,5.602513,0.5324716,1.0,0.0,0.97,0.030000000000000027,0.58,0.42000000000000004,0.05,0.95
746616,2024-07-07,2024,806185,5,4.5347867,0.33956432,1.0,0.0,0.52,0.48,0.0,1.0,0.0,1.0
745477,2024-07-07,2024,682847,5,5.889287,0.4744934,1.0,0.0,1.0,0.0,0.79,0.20999999999999996,0.12,0.88
747098,2024-07-07,2024,663969,7,3.7215183,0.5052714,0.66,0.33999999999999997,0.08,0.92,0.0,1.0,0.0,1.0
745723,2024-07-07,2024,661563,9,6.6198406,0.5190414,1.0,0.0,1.0,0.0,0.98,0.020000000000000018,0.6,0.4
745233,2024-07-07,2024,621244,10,6.31154,0.52067393,1.0,0.0,1.0,0.0,0.94,0.06000000000000005,0.36,0.64
746855,2024-07-07,2024,669713,2,5.39424,0.43963206,1.0,0.0,0.99,0.010000000000000009,0.4,0.6,0.0,1.0
744993,2024-07-07,2024,641793,5,4.055802,0.41614947,0.92,0.07999999999999996,0.15,0.85,0.0,1.0,0.0,1.0
745391,2024-07-07,2024,656302,8,9.010407,0.63753104,1.0,0.0,1.0,0.0,1.0,0.0,1.0,0.0
745391,2024-07-07,2024,669194,5,5.477968,0.3956556,1.0,0.0,1.0,0.0,0.47,0.53,0.01,0.99
746855,2024-07-07,2024,667755,3,2.4815087,0.37076768,0.0,1.0,0.0,1.0,0.0,1.0,0.0,1.0
746039,2024-07-07,2024,665795,4,4.356722,0.4920838,0.98,0.020000000000000018,0.39,0.61,0.01,0.99,0.0,1.0
746122,2024-07-07,2024,680736,4,5.4817824,0.46098375,1.0,0.0,0.99,0.010000000000000009,0.46,0.54,0.04,0.96
746691,2024-07-07,2024,669373,13,6.9871674,0.5750253,1.0,0.0,1.0,0.0,1.0,0.0,0.79,0.20999999999999996
746122,2024-07-07,2024,642232,3,2.1912043,0.33602345,0.0,1.0,0.0,1.0,0.0,1.0,0.0,1.0
744993,2024-07-07,2024,543135,5,5.932181,0.52988183,1.0,0.0,1.0,0.0,0.77,0.22999999999999998,0.16,0.84
746039,2024-07-07,2024,686563,3,3.4178753,0.3942314,0.42,0.5800000000000001,0.0,1.0,0.0,1.0,0.0,1.0
746122,2024-07-07,2024,596001,3,2.3410764,0.3710094,0.0,1.0,0.0,1.0,0.0,1.0,0.0,1.0
745883,2024-07-07,2024,680573,4,5.8905516,0.41293064,1.0,0.0,1.0,0.0,0.84,0.16000000000000003,0.08,0.92
745883,2024-07-07,2024,681293,6,5.9401793,0.51622295,1.0,0.0,1.0,0.0,0.77,0.22999999999999998,0.12,0.88
745477,2024-07-07,2024,640455,6,5.3593755,0.49336624,1.0,0.0,0.96,0.040000000000000036,0.38,0.62,0.01,0.99
745477,2024-07-07,2024,547973,2,2.8290863,0.41307124,0.04,0.96,0.0,1.0,0.0,1.0,0.0,1.0
746691,2024-07-07,2024,668933,2,2.4522214,0.45885968,0.01,0.99,0.0,1.0,0.0,1.0,0.0,1.0
747181,2024-07-08,2024,700270,5,5.2350426,0.4414472,1.0,0.0,0.94,0.06000000000000005,0.32,0.6799999999999999,0.0,1.0
746455,2024-07-08,2024,668909,5,6.0819745,0.50102234,1.0,0.0,1.0,0.0,0.87,0.13,0.19,0.81
746455,2024-07-08,2024,672456,4,4.0676594,0.35227925,0.96,0.040000000000000036,0.11,0.89,0.0,1.0,0.0,1.0
747181,2024-07-08,2024,693821,1,2.4388416,0.4119593,0.01,0.99,0.0,1.0,0.0,1.0,0.0,1.0
746692,2024-07-08,2024,671096,8,7.719098,0.6837388,1.0,0.0,1.0,0.0,0.99,0.010000000000000009,0.97,0.030000000000000027
746692,2024-07-08,2024,663372,6,5.2839055,0.3794655,1.0,0.0,0.97,0.030000000000000027,0.3,0.7,0.0,1.0
746208,2024-07-08,2024,592351,2,4.6958103,0.33772916,1.0,0.0,0.71,0.29000000000000004,0.02,0.98,0.0,1.0
746771,2024-07-08,2024,623167,4,5.1435227,0.37939957,1.0,0.0,0.95,0.050000000000000044,0.2,0.8,0.0,1.0
746771,2024-07-08,2024,663978,3,3.7800634,0.28295732,0.83,0.17000000000000004,0.0,1.0,0.0,1.0,0.0,1.0
746208,2024-07-08,2024,608334,5,2.5446265,0.3142729,0.0,1.0,0.0,1.0,0.0,1.0,0.0,1.0
746208,2024-07-08,2024,669721,3,2.6370852,0.2260892,0.0,1.0,0.0,1.0,0.0,1.0,0.0,1.0
744833,2024-07-08,2024,571945,3,3.7031872,0.40724227,0.69,0.31000000000000005,0.03,0.97,0.0,1.0,0.0,1.0
745480,2024-07-08,2024,681035,3,5.460164,0.4684712,1.0,0.0,0.97,0.030000000000000027,0.42,0.5800000000000001,0.01,0.99
745480,2024-07-08,2024,656605,6,6.672957,0.5407626,1.0,0.0,1.0,0.0,0.97,0.030000000000000027,0.61,0.39
744833,2024-07-08,2024,680730,6,4.753787,0.43260348,1.0,0.0,0.67,0.32999999999999996,0.03,0.97,0.0,1.0
745968,2024-07-09,2024,607067,3,3.145459,0.3476006,0.17,0.83,0.0,1.0,0.0,1.0,0.0,1.0
747014,2024-07-09,2024,669211,4,3.2296538,0.3338611,0.2,0.8,0.0,1.0,0.0,1.0,0.0,1.0
746690,2024-07-09,2024,664875,1,2.7508686,0.3806573,0.03,0.97,0.0,1.0,0.0,1.0,0.0,1.0
746690,2024-07-09,2024,666157,4,3.6872153,0.37620336,0.71,0.29000000000000004,0.04,0.96,0.0,1.0,0.0,1.0
745316,2024-07-09,2024,579328,13,7.067769,0.49928212,1.0,0.0,1.0,0.0,1.0,0.0,0.88,0.12
746368,2024-07-09,2024,669854,7,3.290984,0.32874438,0.22,0.78,0.0,1.0,0.0,1.0,0.0,1.0
746368,2024-07-09,2024,669432,5,5.994847,0.4476495,1.0,0.0,1.0,0.0,0.88,0.12,0.12,0.88
745393,2024-07-09,2024,669302,7,4.6796403,0.37002647,1.0,0.0,0.69,0.31000000000000005,0.01,0.99,0.0,1.0
746937,2024-07-09,2024,683155,1,3.304717,0.39352086,0.25,0.75,0.0,1.0,0.0,1.0,0.0,1.0
746937,2024-07-09,2024,678394,11,6.867163,0.564001,1.0,0.0,1.0,0.0,0.98,0.020000000000000018,0.77,0.22999999999999998
747180,2024-07-09,2024,519242,9,7.7754846,0.6181846,1.0,0.0,1.0,0.0,1.0,0.0,0.98,0.020000000000000018
747014,2024-07-09,2024,665152,3,4.376708,0.4507001,0.99,0.010000000000000009,0.35,0.65,0.02,0.98,0.0,1.0
746206,2024-07-09,2024,672710,1,1.9857265,0.25136513,0.0,1.0,0.0,1.0,0.0,1.0,0.0,1.0
746206,2024-07-09,2024,453286,6,5.581881,0.37263918,1.0,0.0,1.0,0.0,0.6,0.4,0.0,1.0
745074,2024-07-09,2024,607074,5,6.0920453,0.5553044,1.0,0.0,1.0,0.0,0.89,0.10999999999999999,0.23,0.77
745074,2024-07-09,2024,686752,7,6.8881893,0.538339,1.0,0.0,1.0,0.0,1.0,0.0,0.74,0.26
745968,2024-07-09,2024,682990,8,5.2429266,0.4666194,1.0,0.0,0.93,0.06999999999999995,0.28,0.72,0.0,1.0
745393,2024-07-09,2024,800049,6,4.3986697,0.41262257,0.98,0.020000000000000018,0.42,0.5800000000000001,0.0,1.0,0.0,1.0
747014,2024-07-09,2024,592791,7,4.9387712,0.3726446,1.0,0.0,0.92,0.07999999999999996,0.06,0.94,0.0,1.0
746690,2024-07-09,2024,615698,4,2.3836987,0.45674834,0.03,0.97,0.0,1.0,0.0,1.0,0.0,1.0
746937,2024-07-09,2024,671305,4,2.347461,0.35917786,0.0,1.0,0.0,1.0,0.0,1.0,0.0,1.0
745557,2024-07-09,2024,554430,7,4.779611,0.3861592,0.99,0.010000000000000009,0.77,0.22999999999999998,0.02,0.98,0.0,1.0
746937,2024-07-09,2024,621053,2,2.1253126,0.3277206,0.0,1.0,0.0,1.0,0.0,1.0,0.0,1.0
746451,2024-07-09,2024,666214,3,3.4988327,0.40961623,0.49,0.51,0.0,1.0,0.0,1.0,0.0,1.0
745803,2024-07-09,2024,500779,5,5.319563,0.44553074,1.0,0.0,0.98,0.020000000000000018,0.3,0.7,0.01,0.99
745557,2024-07-09,2024,676272,2,5.1263747,0.34754574,1.0,0.0,0.99,0.010000000000000009,0.15,0.85,0.0,1.0
746690,2024-07-09,2024,663567,2,2.470708,0.3074218,0.0,1.0,0.0,1.0,0.0,1.0,0.0,1.0
746451,2024-07-09,2024,628317,2,3.1820889,0.3908655,0.24,0.76,0.0,1.0,0.0,1.0,0.0,1.0
746451,2024-07-09,2024,594902,4,3.8475008,0.26132232,0.92,0.07999999999999996,0.01,0.99,0.0,1.0,0.0,1.0
745316,2024-07-09,2024,605483,3,4.1893177,0.36045176,0.99,0.010000000000000009,0.14,0.86,0.0,1.0,0.0,1.0
747180,2024-07-09,2024,668678,4,7.0466723,0.58725417,1.0,0.0,1.0,0.0,1.0,0.0,0.82,0.18000000000000005
745803,2024-07-09,2024,663623,2,5.5699964,0.58658916,1.0,0.0,0.98,0.020000000000000018,0.53,0.47,0.06,0.94
745155,2024-07-10,2024,679525,8,5.525582,0.39345035,1.0,0.0,1.0,0.0,0.53,0.47,0.01,0.99
746773,2024-07-10,2024,641154,5,5.7320356,0.4208612,1.0,0.0,1.0,0.0,0.72,0.28,0.04,0.96
745969,2024-07-10,2024,668964,6,6.678327,0.48441237,1.0,0.0,1.0,0.0,1.0,0.0,0.68,0.31999999999999995
745969,2024-07-10,2024,641703,1,1.5610317,0.4448271,0.01,0.99,0.0,1.0,0.0,1.0,0.0,1.0
745969,2024-07-10,2024,527048,5,5.1514797,0.40454045,1.0,0.0,0.96,0.040000000000000036,0.2,0.8,0.0,1.0
746772,2024-07-10,2024,641927,6,4.2043343,0.30162853,0.98,0.020000000000000018,0.18,0.8200000000000001,0.0,1.0,0.0,1.0
745155,2024-07-10,2024,669467,5,6.201903,0.5152794,1.0,0.0,1.0,0.0,0.9,0.09999999999999998,0.32,0.6799999999999999
745556,2024-07-10,2024,650911,5,6.7356305,0.5838434,1.0,0.0,1.0,0.0,0.98,0.020000000000000018,0.67,0.32999999999999996
745156,2024-07-10,2024,669461,0,2.6236823,0.29874584,0.0,1.0,0.0,1.0,0.0,1.0,0.0,1.0
747179,2024-07-10,2024,450203,5,6.8405647,0.668189,1.0,0.0,1.0,0.0,0.99,0.010000000000000009,0.63,0.37
747179,2024-07-10,2024,677944,3,4.1097884,0.3480666,0.94,0.06000000000000005,0.15,0.85,0.0,1.0,0.0,1.0
745796,2024-07-10,2024,622663,4,4.602459,0.37558013,1.0,0.0,0.59,0.41000000000000003,0.02,0.98,0.0,1.0
746934,2024-07-10,2024,676664,8,6.446051,0.5138298,1.0,0.0,1.0,0.0,0.95,0.050000000000000044,0.49,0.51
746934,2024-07-10,2024,601713,10,6.852517,0.618788,1.0,0.0,1.0,0.0,1.0,0.0,0.69,0.31000000000000005
746689,2024-07-10,2024,593423,7,6.4971123,0.57538235,1.0,0.0,1.0,0.0,0.96,0.040000000000000036,0.51,0.49
746205,2024-07-10,2024,656288,3,3.6295671,0.34285015,0.61,0.39,0.0,1.0,0.0,1.0,0.0,1.0
746689,2024-07-10,2024,607536,9,5.833479,0.45289364,1.0,0.0,1.0,0.0,0.77,0.22999999999999998,0.07,0.9299999999999999
745156,2024-07-10,2024,608379,3,5.076106,0.41110507,1.0,0.0,0.92,0.07999999999999996,0.15,0.85,0.0,1.0
745796,2024-07-10,2024,571578,5,4.2880616,0.39462623,0.96,0.040000000000000036,0.3,0.7,0.0,1.0,0.0,1.0
746205,2024-07-10,2024,547179,3,4.1939335,0.31189483,0.99,0.010000000000000009,0.18,0.8200000000000001,0.0,1.0,0.0,1.0
745394,2024-07-10,2024,650633,9,5.766165,0.39509562,1.0,0.0,1.0,0.0,0.74,0.26,0.04,0.96
745318,2024-07-10,2024,657277,4,4.778543,0.46928316,1.0,0.0,0.69,0.31000000000000005,0.08,0.92,0.0,1.0
746772,2024-07-10,2024,607200,5,4.026799,0.3982816,0.91,0.08999999999999997,0.08,0.92,0.0,1.0,0.0,1.0
745394,2024-07-10,2024,682243,1,5.5427494,0.49539667,1.0,0.0,0.98,0.020000000000000018,0.53,0.47,0.04,0.96
745069,2024-07-10,2024,621107,6,5.864566,0.4080946,1.0,0.0,1.0,0.0,0.82,0.18000000000000005,0.06,0.94
746453,2024-07-10,2024,676440,8,6.2881603,0.48685864,1.0,0.0,1.0,0.0,0.95,0.050000000000000044,0.35,0.65
746453,2024-07-10,2024,681857,3,5.4864984,0.4726811,1.0,0.0,0.99,0.010000000000000009,0.46,0.54,0.03,0.97
745318,2024-07-10,2024,605135,6,5.3833857,0.41861656,1.0,0.0,0.99,0.010000000000000009,0.35,0.65,0.01,0.99
745556,2024-07-10,2024,694813,3,3.835166,0.31995842,0.84,0.16000000000000003,0.02,0.98,0.0,1.0,0.0,1.0
747015,2024-07-10,2024,684007,6,6.560443,0.6857188,1.0,0.0,1.0,0.0,0.98,0.020000000000000018,0.54,0.45999999999999996
747015,2024-07-10,2024,669203,5,7.1762276,0.6692666,1.0,0.0,1.0,0.0,1.0,0.0,0.84,0.16000000000000003
746366,2024-07-10,2024,686539,5,3.205516,0.3950931,0.24,0.76,0.0,1.0,0.0,1.0,0.0,1.0
746366,2024-07-10,2024,664285,10,7.3559346,0.6858148,1.0,0.0,1.0,0.0,0.99,0.010000000000000009,0.9,0.09999999999999998
746366,2024-07-10,2024,663773,1,2.544768,0.30086538,0.0,1.0,0.0,1.0,0.0,1.0,0.0,1.0
746773,2024-07-10,2024,689672,1,3.4976602,0.28045106,0.53,0.47,0.0,1.0,0.0,1.0,0.0,1.0
745069,2024-07-10,2024,573186,2,3.2892067,0.32451072,0.29,0.71,0.0,1.0,0.0,1.0,0.0,1.0
746688,2024-07-11,2024,596295,5,6.547204,0.59500885,1.0,0.0,0.99,0.010000000000000009,0.94,0.06000000000000005,0.53,0.47
745313,2024-07-11,2024,592332,3,6.7794857,0.50840795,1.0,0.0,1.0,0.0,0.98,0.020000000000000018,0.69,0.31000000000000005
745558,2024-07-11,2024,689017,5,4.3296995,0.41029382,0.97,0.030000000000000027,0.3,0.7,0.0,1.0,0.0,1.0
746935,2024-07-11,2024,665622,7,5.543348,0.38065654,1.0,0.0,1.0,0.0,0.51,0.49,0.01,0.99
745558,2024-07-11,2024,605400,9,6.667378,0.5568505,1.0,0.0,1.0,0.0,0.98,0.020000000000000018,0.63,0.37
745313,2024-07-11,2024,663855,1,4.876806,0.4575037,1.0,0.0,0.78,0.21999999999999997,0.12,0.88,0.0,1.0
746367,2024-07-11,2024,814005,4,4.325898,0.31164128,0.99,0.010000000000000009,0.28,0.72,0.0,1.0,0.0,1.0
746367,2024-07-11,2024,682610,2,4.968248,0.3969881,1.0,0.0,0.9,0.09999999999999998,0.1,0.9,0.0,1.0
745799,2024-07-11,2024,656849,5,6.2353945,0.47709104,1.0,0.0,1.0,0.0,0.94,0.06000000000000005,0.32,0.6799999999999999
746935,2024-07-11,2024,656557,6,7.92021,0.8751054,1.0,0.0,1.0,0.0,1.0,0.0,0.95,0.050000000000000044
746688,2024-07-11,2024,668881,10,6.5133643,0.39792222,1.0,0.0,1.0,0.0,1.0,0.0,0.48,0.52
745065,2024-07-11,2024,669358,5,3.8831687,0.32373255,0.89,0.10999999999999999,0.04,0.96,0.0,1.0,0.0,1.0
745799,2024-07-11,2024,669022,4,5.974004,0.49702817,1.0,0.0,0.99,0.010000000000000009,0.85,0.15000000000000002,0.16,0.84
746204,2024-07-11,2024,686799,1,3.0660818,0.3563538,0.12,0.88,0.0,1.0,0.0,1.0,0.0,1.0
747178,2024-07-11,2024,608331,7,6.8980193,0.5630136,1.0,0.0,1.0,0.0,0.99,0.010000000000000009,0.73,0.27
747178,2024-07-11,2024,694297,4,6.7636194,0.48935348,1.0,0.0,1.0,0.0,1.0,0.0,0.73,0.27
747011,2024-07-11,2024,608344,1,1.5935526,0.32851815,0.0,1.0,0.0,1.0,0.0,1.0,0.0,1.0
745967,2024-07-11,2024,694973,11,8.1428385,0.6002311,1.0,0.0,1.0,0.0,1.0,0.0,1.0,0.0
745065,2024-07-11,2024,641482,4,5.3265467,0.4604261,1.0,0.0,0.98,0.020000000000000018,0.35,0.65,0.01,0.99
745967,2024-07-11,2024,650644,6,6.745767,0.5569241,1.0,0.0,1.0,0.0,1.0,0.0,0.67,0.32999999999999996
747011,2024-07-11,2024,544150,4,5.656496,0.44422975,1.0,0.0,1.0,0.0,0.63,0.37,0.04,0.96
746452,2024-07-11,2024,675921,4,3.714541,0.2995663,0.8,0.19999999999999996,0.01,0.99,0.0,1.0,0.0,1.0
746452,2024-07-11,2024,658648,2,2.063267,0.22454503,0.0,1.0,0.0,1.0,0.0,1.0,0.0,1.0
747011,2024-07-11,2024,657006,4,3.5991654,0.39475292,0.58,0.42000000000000004,0.0,1.0,0.0,1.0,0.0,1.0
746204,2024-07-11,2024,670046,4,4.0995946,0.36534047,0.96,0.040000000000000036,0.14,0.86,0.0,1.0,0.0,1.0
746452,2024-07-11,2024,656427,4,4.6967745,0.39005443,1.0,0.0,0.69,0.31000000000000005,0.02,0.98,0.0,1.0
746204,2024-07-11,2024,622491,5,5.016765,0.4468771,1.0,0.0,0.9,0.09999999999999998,0.15,0.85,0.0,1.0
746371,2024-07-12,2024,571760,5,5.590763,0.4296136,1.0,0.0,0.99,0.010000000000000009,0.58,0.42000000000000004,0.0,1.0
745312,2024-07-12,2024,657746,6,7.053697,0.5509864,1.0,0.0,1.0,0.0,1.0,0.0,0.83,0.17000000000000004
746685,2024-07-12,2024,630023,1,4.350187,0.39439678,0.97,0.030000000000000027,0.35,0.65,0.0,1.0,0.0,1.0
747175,2024-07-12,2024,669194,5,7.1827874,0.59094524,1.0,0.0,1.0,0.0,1.0,0.0,0.89,0.10999999999999999
745312,2024-07-12,2024,690986,3,3.4480472,0.4444699,0.44,0.56,0.02,0.98,0.0,1.0,0.0,1.0
746450,2024-07-12,2024,669373,8,7.106166,0.59456205,1.0,0.0,1.0,0.0,1.0,0.0,0.84,0.16000000000000003
745064,2024-07-12,2024,471911,3,3.506404,0.45884767,0.46,0.54,0.04,0.96,0.0,1.0,0.0,1.0
745064,2024-07-12,2024,671737,8,5.71096,0.55579567,1.0,0.0,0.99,0.010000000000000009,0.69,0.31000000000000005,0.09,0.91
745390,2024-07-12,2024,680885,3,5.77036,0.49935025,1.0,0.0,0.99,0.010000000000000009,0.74,0.26,0.06,0.94
746371,2024-07-12,2024,686613,5,4.5180054,0.36221153,1.0,0.0,0.5,0.5,0.01,0.99,0.0,1.0
746685,2024-07-12,2024,686730,9,3.9362223,0.27220583,0.92,0.07999999999999996,0.01,0.99,0.0,1.0,0.0,1.0
746774,2024-07-12,2024,686563,4,5.3860817,0.41542616,1.0,0.0,0.99,0.010000000000000009,0.39,0.61,0.0,1.0
745390,2024-07-12,2024,663362,1,4.1122913,1.0017865,0.7,0.30000000000000004,0.32,0.6799999999999999,0.09,0.91,0.04,0.96
746774,2024-07-12,2024,594835,4,2.69099,0.3403313,0.01,0.99,0.0,1.0,0.0,1.0,0.0,1.0
747175,2024-07-12,2024,684320,7,4.375677,0.3234924,1.0,0.0,0.36,0.64,0.0,1.0,0.0,1.0
745965,2024-07-12,2024,671131,6,4.2360168,0.30398512,1.0,0.0,0.19,0.81,0.0,1.0,0.0,1.0
746207,2024-07-12,2024,542881,4,3.7458057,0.39780658,0.73,0.27,0.03,0.97,0.0,1.0,0.0,1.0
746207,2024-07-12,2024,693433,1,3.7521925,0.30907193,0.77,0.22999999999999998,0.0,1.0,0.0,1.0,0.0,1.0
745965,2024-07-12,2024,642547,6,5.441351,0.44645038,1.0,0.0,1.0,0.0,0.43,0.5700000000000001,0.0,1.0
746450,2024-07-12,2024,572020,1,3.8082778,0.39009595,0.83,0.17000000000000004,0.05,0.95,0.0,1.0,0.0,1.0
745800,2024-07-12,2024,663567,4,2.9140165,0.364074,0.05,0.95,0.0,1.0,0.0,1.0,0.0,1.0
745800,2024-07-12,2024,640455,9,6.2184978,0.5139223,1.0,0.0,1.0,0.0,0.9,0.09999999999999998,0.27,0.73
746936,2024-07-12,2024,666142,7,6.3206053,0.50996476,1.0,0.0,1.0,0.0,0.94,0.06000000000000005,0.37,0.63
746936,2024-07-12,2024,681867,1,5.4472933,0.4863124,1.0,0.0,0.99,0.010000000000000009,0.43,0.5700000000000001,0.05,0.95
745153,2024-07-12,2024,543243,6,6.833642,0.54446614,1.0,0.0,1.0,0.0,0.99,0.010000000000000009,0.73,0.27
745800,2024-07-12,2024,685299,3,4.3874974,0.32951263,1.0,0.0,0.36,0.64,0.0,1.0,0.0,1.0
745552,2024-07-12,2024,663687,0,3.0027997,0.4405207,0.13,0.87,0.0,1.0,0.0,1.0,0.0,1.0
745552,2024-07-12,2024,674370,2,2.3672936,0.30954224,0.0,1.0,0.0,1.0,0.0,1.0,0.0,1.0
747012,2024-07-12,2024,543037,7,7.121542,0.55116135,1.0,0.0,1.0,0.0,1.0,0.0,0.87,0.13
745153,2024-07-12,2024,543294,3,4.015588,0.37677962,0.95,0.050000000000000044,0.09,0.91,0.0,1.0,0.0,1.0
747012,2024-07-12,2024,700249,6,4.633675,0.29589608,1.0,0.0,0.66,0.33999999999999997,0.0,1.0,0.0,1.0
745552,2024-07-12,2024,624133,6,3.9540114,0.41699728,0.85,0.15000000000000002,0.12,0.88,0.0,1.0,0.0,1.0
746447,2024-07-13,2024,672456,4,5.119708,0.37391162,1.0,0.0,0.95,0.050000000000000044,0.15,0.85,0.0,1.0
747013,2024-07-13,2024,680570,7,6.6529536,0.5650088,1.0,0.0,1.0,0.0,0.98,0.020000000000000018,0.6,0.4
745311,2024-07-13,2024,806185,3,3.7077665,0.33140197,0.71,0.29000000000000004,0.02,0.98,0.0,1.0,0.0,1.0
745311,2024-07-13,2024,680573,7,5.6156487,0.43842086,1.0,0.0,0.99,0.010000000000000009,0.59,0.41000000000000003,0.02,0.98
746930,2024-07-13,2024,676710,4,6.4383717,0.47314373,1.0,0.0,1.0,0.0,0.97,0.030000000000000027,0.48,0.52
746930,2024-07-13,2024,607625,6,3.909175,0.38231918,0.84,0.16000000000000003,0.07,0.9299999999999999,0.0,1.0,0.0,1.0
746766,2024-07-13,2024,682847,5,6.3584023,0.48382902,1.0,0.0,1.0,0.0,0.96,0.040000000000000036,0.39,0.61
747177,2024-07-13,2024,670102,1,3.1655848,0.3355709,0.16,0.84,0.0,1.0,0.0,1.0,0.0,1.0
745067,2024-07-13,2024,641793,3,3.4442708,0.4463834,0.45,0.55,0.0,1.0,0.0,1.0,0.0,1.0
746687,2024-07-13,2024,665795,7,3.2952256,0.38452572,0.3,0.7,0.0,1.0,0.0,1.0,0.0,1.0
745549,2024-07-13,2024,663969,5,4.732201,0.41422534,1.0,0.0,0.71,0.29000000000000004,0.02,0.98,0.0,1.0
746766,2024-07-13,2024,623167,4,2.8203716,0.35055754,0.04,0.96,0.0,1.0,0.0,1.0,0.0,1.0
745549,2024-07-13,2024,687765,6,4.7424245,0.45634174,1.0,0.0,0.7,0.30000000000000004,0.07,0.9299999999999999,0.0,1.0
745392,2024-07-13,2024,625643,2,5.8148828,0.43319842,1.0,0.0,1.0,0.0,0.74,0.26,0.05,0.95
745392,2024-07-13,2024,656302,11,9.1270485,0.57927185,1.0,0.0,1.0,0.0,1.0,0.0,1.0,0.0
747177,2024-07-13,2024,700270,2,4.5905905,0.35639486,1.0,0.0,0.63,0.37,0.01,0.99,0.0,1.0
747177,2024-07-13,2024,621244,0,4.617641,0.35782766,1.0,0.0,0.63,0.37,0.02,0.98,0.0,1.0
746687,2024-07-13,2024,671096,4,3.7636838,0.36829516,0.76,0.24,0.0,1.0,0.0,1.0,0.0,1.0
745067,2024-07-13,2024,668909,2,5.6720653,0.45738125,1.0,0.0,0.99,0.010000000000000009,0.65,0.35,0.03,0.97
746447,2024-07-13,2024,680736,4,4.329817,0.4033257,0.97,0.030000000000000027,0.36,0.64,0.0,1.0,0.0,1.0
747013,2024-07-13,2024,661563,7,5.374939,0.41653773,1.0,0.0,0.98,0.020000000000000018,0.35,0.65,0.01,0.99
746369,2024-07-13,2024,681293,7,5.171241,0.42117602,1.0,0.0,0.95,0.050000000000000044,0.22,0.78,0.0,1.0
746369,2024-07-13,2024,543135,7,4.874189,0.5019895,0.99,0.010000000000000009,0.77,0.22999999999999998,0.14,0.86,0.0,1.0
745963,2024-07-13,2024,680730,2,2.2633777,0.44387195,0.0,1.0,0.0,1.0,0.0,1.0,0.0,1.0
745963,2024-07-13,2024,572971,2,2.2980835,0.32092923,0.0,1.0,0.0,1.0,0.0,1.0,0.0,1.0
745798,2024-07-13,2024,681035,5,4.4793715,0.35967305,1.0,0.0,0.46,0.54,0.0,1.0,0.0,1.0
745798,2024-07-13,2024,676130,5,1.8738356,0.31979162,0.0,1.0,0.0,1.0,0.0,1.0,0.0,1.0
745798,2024-07-13,2024,663372,7,4.6713753,0.36316922,0.99,0.010000000000000009,0.69,0.31000000000000005,0.01,0.99,0.0,1.0
745152,2024-07-13,2024,458681,6,7.203207,0.56999636,1.0,0.0,1.0,0.0,1.0,0.0,0.9,0.09999999999999998
745175,2024-07-13,2024,502043,3,5.1509995,0.4394069,1.0,0.0,0.93,0.06999999999999995,0.26,0.74,0.0,1.0
745175,2024-07-13,2024,665871,0,2.0255125,0.3174088,0.01,0.99,0.0,1.0,0.0,1.0,0.0,1.0
745152,2024-07-13,2024,669713,4,5.9579034,0.48504314,1.0,0.0,1.0,0.0,0.83,0.17000000000000004,0.15,0.85
746202,2024-07-13,2024,669923,7,5.6437798,0.5121581,1.0,0.0,1.0,0.0,0.57,0.43000000000000005,0.06,0.94
746202,2024-07-13,2024,667755,5,4.387251,0.51293004,0.98,0.020000000000000018,0.37,0.63,0.02,0.98,0.0,1.0
746370,2024-07-14,2024,453286,6,3.6972806,0.32239306,0.73,0.27,0.01,0.99,0.0,1.0,0.0,1.0
745151,2024-07-14,2024,592791,3,4.2187915,0.3459498,0.99,0.010000000000000009,0.19,0.81,0.0,1.0,0.0,1.0
746686,2024-07-14,2024,669432,4,4.318348,0.29802546,0.99,0.010000000000000009,0.27,0.73,0.0,1.0,0.0,1.0
745151,2024-07-14,2024,571945,2,3.4618447,0.27621552,0.46,0.54,0.0,1.0,0.0,1.0,0.0,1.0
745797,2024-07-14,2024,500779,8,5.058956,0.41978395,1.0,0.0,0.91,0.08999999999999997,0.16,0.84,0.0,1.0
745797,2024-07-14,2024,608566,3,3.5993595,0.30372995,0.59,0.41000000000000003,0.0,1.0,0.0,1.0,0.0,1.0
746686,2024-07-14,2024,666157,4,5.3021436,0.46482864,1.0,0.0,0.92,0.07999999999999996,0.38,0.62,0.0,1.0
746370,2024-07-14,2024,669854,5,4.8335047,0.35961008,1.0,0.0,0.8,0.19999999999999996,0.05,0.95,0.0,1.0
745314,2024-07-14,2024,605483,8,4.714617,0.44009772,1.0,0.0,0.68,0.31999999999999995,0.05,0.95,0.0,1.0
745066,2024-07-14,2024,594902,7,4.3606715,0.2845473,1.0,0.0,0.28,0.72,0.0,1.0,0.0,1.0
746449,2024-07-14,2024,642232,0,2.516768,0.3945919,0.01,0.99,0.0,1.0,0.0,1.0,0.0,1.0
745385,2024-07-14,2024,681190,5,3.9227629,0.38002697,0.89,0.10999999999999999,0.11,0.89,0.0,1.0,0.0,1.0
745314,2024-07-14,2024,663978,6,4.3455753,0.3670293,0.99,0.010000000000000009,0.4,0.6,0.0,1.0,0.0,1.0
746201,2024-07-14,2024,608334,7,3.7154126,0.44124073,0.66,0.33999999999999997,0.06,0.94,0.0,1.0,0.0,1.0
746201,2024-07-14,2024,669302,9,6.413612,0.626829,1.0,0.0,0.99,0.010000000000000009,0.94,0.06000000000000005,0.43,0.5700000000000001
745551,2024-07-14,2024,683155,5,6.5707545,0.58846635,1.0,0.0,1.0,0.0,0.95,0.050000000000000044,0.61,0.39
745551,2024-07-14,2024,675650,2,4.282745,0.3758058,0.99,0.010000000000000009,0.29,0.71,0.0,1.0,0.0,1.0
747009,2024-07-14,2024,665152,4,4.021538,0.4377406,0.92,0.07999999999999996,0.14,0.86,0.0,1.0,0.0,1.0
747009,2024-07-14,2024,607074,7,7.056797,0.5163632,1.0,0.0,1.0,0.0,1.0,0.0,0.87,0.13
746932,2024-07-14,2024,678394,3,5.2675796,0.45321903,1.0,0.0,0.96,0.040000000000000036,0.28,0.72,0.0,1.0
746932,2024-07-14,2024,663903,3,3.295081,0.2825889,0.2,0.8,0.0,1.0,0.0,1.0,0.0,1.0
745962,2024-07-14,2024,607067,7,4.3808613,0.4125144,0.99,0.010000000000000009,0.42,0.5800000000000001,0.0,1.0,0.0,1.0
745962,2024-07-14,2024,663623,3,5.4124994,0.4155669,1.0,0.0,0.98,0.020000000000000018,0.41,0.5900000000000001,0.02,0.98
745066,2024-07-14,2024,686752,4,6.2243147,0.55025417,1.0,0.0,1.0,0.0,0.89,0.10999999999999999,0.37,0.63
745385,2024-07-14,2024,519242,4,5.51169,0.41188475,1.0,0.0,1.0,0.0,0.53,0.47,0.0,1.0
746449,2024-07-14,2024,628317,5,3.547775,0.43943202,0.48,0.52,0.02,0.98,0.0,1.0,0.0,1.0
746769,2024-07-14,2024,641771,4,3.359602,0.24316768,0.26,0.74,0.0,1.0,0.0,1.0,0.0,1.0
746769,2024-07-14,2024,656605,3,3.6321979,0.3373614,0.64,0.36,0.01,0.99,0.0,1.0,0.0,1.0
747176,2024-07-14,2024,668678,1,3.7326417,0.34749717,0.74,0.26,0.02,0.98,0.0,1.0,0.0,1.0
747176,2024-07-14,2024,579328,6,5.017854,0.34828964,1.0,0.0,0.96,0.040000000000000036,0.1,0.9,0.0,1.0
745228,2024-07-19,2024,686613,5,6.2300005,0.5338397,1.0,0.0,1.0,0.0,0.92,0.07999999999999996,0.29,0.71
745640,2024-07-19,2024,676664,4,3.940663,0.31818253,0.92,0.07999999999999996,0.03,0.97,0.0,1.0,0.0,1.0
746618,2024-07-19,2024,663362,5,7.541304,1.8059269,0.99,0.010000000000000009,0.98,0.020000000000000018,0.89,0.10999999999999999,0.71,0.29000000000000004
746618,2024-07-19,2024,676440,3,6.406418,0.4863121,1.0,0.0,1.0,0.0,0.99,0.010000000000000009,0.41,0.5900000000000001
746531,2024-07-19,2024,690986,6,4.4113884,0.44020596,0.99,0.010000000000000009,0.39,0.61,0.01,0.99,0.0,1.0
746531,2024-07-19,2024,615698,5,6.0332165,0.6457337,1.0,0.0,1.0,0.0,0.75,0.25,0.23,0.77
745228,2024-07-19,2024,622491,3,4.578758,0.4630859,0.99,0.010000000000000009,0.58,0.42000000000000004,0.03,0.97,0.0,1.0
744911,2024-07-19,2024,605135,6,6.0710516,0.51175725,1.0,0.0,1.0,0.0,0.88,0.12,0.2,0.8
746123,2024-07-19,2024,694813,3,3.921476,0.35428727,0.9,0.09999999999999998,0.05,0.95,0.0,1.0,0.0,1.0
745721,2024-07-19,2024,543037,8,7.0030513,0.5178663,1.0,0.0,1.0,0.0,0.99,0.010000000000000009,0.83,0.17000000000000004
744911,2024-07-19,2024,656427,8,6.6093755,0.49053746,1.0,0.0,1.0,0.0,0.99,0.010000000000000009,0.64,0.36
746854,2024-07-19,2024,657006,6,5.972454,0.48732203,1.0,0.0,1.0,0.0,0.81,0.18999999999999995,0.12,0.88
746854,2024-07-19,2024,669194,9,6.7836647,0.49200216,1.0,0.0,1.0,0.0,0.99,0.010000000000000009,0.65,0.35
746040,2024-07-19,2024,640455,1,4.6006365,0.3587377,0.99,0.010000000000000009,0.61,0.39,0.0,1.0,0.0,1.0
746123,2024-07-19,2024,601713,8,6.3223133,0.49544019,1.0,0.0,1.0,0.0,0.94,0.06000000000000005,0.37,0.63
745721,2024-07-19,2024,621107,5,4.5786805,0.35630614,0.99,0.010000000000000009,0.62,0.38,0.01,0.99,0.0,1.0
745640,2024-07-19,2024,656288,3,2.5353014,0.2701172,0.0,1.0,0.0,1.0,0.0,1.0,0.0,1.0
746284,2024-07-19,2024,623167,4,4.7652836,0.36386773,1.0,0.0,0.75,0.25,0.02,0.98,0.0,1.0
745481,2024-07-19,2024,693312,3,1.871981,0.2812078,0.0,1.0,0.0,1.0,0.0,1.0,0.0,1.0
746040,2024-07-19,2024,665795,1,2.9011817,0.29248896,0.02,0.98,0.0,1.0,0.0,1.0,0.0,1.0
744990,2024-07-19,2024,669203,6,7.807981,0.555872,1.0,0.0,1.0,0.0,1.0,0.0,1.0,0.0
744990,2024-07-19,2024,543135,2,4.986546,0.41805372,1.0,0.0,0.86,0.14,0.09,0.91,0.0,1.0
746284,2024-07-19,2024,641771,2,1.9822606,0.3307642,0.0,1.0,0.0,1.0,0.0,1.0,0.0,1.0
745481,2024-07-19,2024,527048,4,4.1446486,0.39258865,0.96,0.040000000000000036,0.19,0.81,0.0,1.0,0.0,1.0
744829,2024-07-19,2024,571578,6,4.0568137,0.5485826,0.87,0.13,0.17,0.83,0.02,0.98,0.0,1.0
745481,2024-07-19,2024,605400,4,5.0557156,0.48539507,1.0,0.0,0.89,0.10999999999999999,0.17,0.83,0.0,1.0
746284,2024-07-19,2024,608379,7,4.362243,0.33773303,1.0,0.0,0.38,0.62,0.0,1.0,0.0,1.0
744829,2024-07-19,2024,593423,3,5.290056,0.41061804,1.0,0.0,0.97,0.030000000000000027,0.36,0.64,0.0,1.0
746527,2024-07-20,2024,657277,4,5.0280237,0.43278703,1.0,0.0,0.88,0.12,0.13,0.87,0.0,1.0
746527,2024-07-20,2024,607536,4,4.8273983,0.41060618,1.0,0.0,0.8,0.19999999999999996,0.09,0.91,0.0,1.0
746286,2024-07-20,2024,663903,7,5.3084984,0.41018692,1.0,0.0,0.98,0.020000000000000018,0.35,0.65,0.0,1.0
744910,2024-07-20,2024,579328,8,7.0374513,0.51164865,1.0,0.0,1.0,0.0,1.0,0.0,0.82,0.18000000000000005
744910,2024-07-20,2024,628317,1,2.6315384,0.41124564,0.03,0.97,0.0,1.0,0.0,1.0,0.0,1.0
744994,2024-07-20,2024,453286,1,2.5727952,0.22222446,0.0,1.0,0.0,1.0,0.0,1.0,0.0,1.0
744994,2024-07-20,2024,570632,4,3.2004082,0.44084606,0.26,0.74,0.0,1.0,0.0,1.0,0.0,1.0
744994,2024-07-20,2024,642016,2,2.6567032,0.396241,0.02,0.98,0.0,1.0,0.0,1.0,0.0,1.0
744994,2024-07-20,2024,680570,8,7.746824,0.6253639,1.0,0.0,1.0,0.0,1.0,0.0,0.98,0.020000000000000018
747093,2024-07-20,2024,450203,4,6.363996,0.5781673,1.0,0.0,1.0,0.0,0.93,0.06999999999999995,0.4,0.6
745229,2024-07-20,2024,669923,6,6.2936497,0.52543455,1.0,0.0,1.0,0.0,0.94,0.06000000000000005,0.39,0.61
745478,2024-07-20,2024,650911,2,5.6330104,0.5344573,1.0,0.0,0.98,0.020000000000000018,0.65,0.35,0.03,0.97
746286,2024-07-20,2024,686563,4,4.8412595,0.391383,1.0,0.0,0.78,0.21999999999999997,0.06,0.94,0.0,1.0
746852,2024-07-20,2024,668678,4,6.418751,0.5245796,1.0,0.0,1.0,0.0,0.95,0.050000000000000044,0.49,0.51
746852,2024-07-20,2024,543294,2,3.6360013,0.30669546,0.7,0.30000000000000004,0.0,1.0,0.0,1.0,0.0,1.0
746041,2024-07-20,2024,682610,5,3.3824747,0.26497817,0.32,0.6799999999999999,0.0,1.0,0.0,1.0,0.0,1.0
746041,2024-07-20,2024,622663,7,4.7524557,0.41673332,0.99,0.010000000000000009,0.74,0.26,0.03,0.97,0.0,1.0
744830,2024-07-20,2024,669022,2,3.447813,0.28147027,0.41,0.5900000000000001,0.0,1.0,0.0,1.0,0.0,1.0
746613,2024-07-20,2024,675921,2,2.6586921,0.28693974,0.0,1.0,0.0,1.0,0.0,1.0,0.0,1.0
746613,2024-07-20,2024,668909,5,4.806789,0.396025,1.0,0.0,0.8,0.19999999999999996,0.04,0.96,0.0,1.0
746613,2024-07-20,2024,656302,10,8.865476,0.66017747,1.0,0.0,1.0,0.0,1.0,0.0,1.0,0.0
745720,2024-07-20,2024,641482,1,5.251295,0.41374692,1.0,0.0,0.95,0.050000000000000044,0.28,0.72,0.0,1.0
745720,2024-07-20,2024,656671,2,1.9369243,0.4169226,0.0,1.0,0.0,1.0,0.0,1.0,0.0,1.0
745720,2024-07-20,2024,671737,5,6.321722,0.59289443,1.0,0.0,1.0,0.0,0.91,0.08999999999999997,0.36,0.64
745229,2024-07-20,2024,664285,6,7.445291,0.71264476,1.0,0.0,1.0,0.0,0.99,0.010000000000000009,0.91,0.08999999999999997
744830,2024-07-20,2024,666157,8,6.886665,0.53839415,1.0,0.0,1.0,0.0,0.99,0.010000000000000009,0.76,0.24
745478,2024-07-20,2024,682847,2,5.502475,0.46195793,1.0,0.0,1.0,0.0,0.45,0.55,0.05,0.95
745880,2024-07-20,2024,642547,8,6.2501726,0.55068785,1.0,0.0,1.0,0.0,0.91,0.08999999999999997,0.39,0.61
747093,2024-07-20,2024,502043,6,5.2174425,0.41855907,1.0,0.0,0.97,0.030000000000000027,0.3,0.7,0.0,1.0
745880,2024-07-20,2024,641154,7,8.078134,0.58469886,1.0,0.0,1.0,0.0,1.0,0.0,1.0,0.0
747096,2024-07-20,2024,656550,2,2.5193439,0.31151104,0.0,1.0,0.0,1.0,0.0,1.0,0.0,1.0
747096,2024-07-20,2024,693821,9,4.434779,0.34544155,1.0,0.0,0.43,0.5700000000000001,0.0,1.0,0.0,1.0
745638,2024-07-20,2024,670046,3,2.8601983,0.27680573,0.0,1.0,0.0,1.0,0.0,1.0,0.0,1.0
747096,2024-07-20,2024,543243,10,4.808737,0.42249265,1.0,0.0,0.8,0.19999999999999996,0.07,0.9299999999999999,0.0,1.0
746121,2024-07-20,2024,680736,5,5.445386,0.4712171,1.0,0.0,0.97,0.030000000000000027,0.45,0.55,0.01,0.99
745638,2024-07-20,2024,686799,4,3.73446,0.3812394,0.71,0.29000000000000004,0.03,0.97,0.0,1.0,0.0,1.0
745638,2024-07-20,2024,687765,3,4.1869626,0.60284245,0.91,0.08999999999999997,0.28,0.72,0.04,0.96,0.0,1.0
746121,2024-07-20,2024,678394,7,4.794996,0.42628837,1.0,0.0,0.78,0.21999999999999997,0.03,0.97,0.0,1.0
745230,2024-07-21,2024,669854,5,6.094918,0.42586362,1.0,0.0,1.0,0.0,0.92,0.07999999999999996,0.15,0.85
745722,2024-07-21,2024,573186,5,4.250298,0.36703295,1.0,0.0,0.25,0.75,0.01,0.99,0.0,1.0
745882,2024-07-21,2024,650644,4,5.1520863,0.49267748,1.0,0.0,0.87,0.13,0.24,0.76,0.0,1.0
745882,2024-07-21,2024,657746,6,6.5535502,0.48541704,1.0,0.0,1.0,0.0,0.98,0.020000000000000018,0.54,0.45999999999999996
745722,2024-07-21,2024,669358,1,4.187028,0.3057923,0.99,0.010000000000000009,0.15,0.85,0.0,1.0,0.0,1.0
746287,2024-07-21,2024,689672,5,5.35174,0.40204832,1.0,0.0,0.99,0.010000000000000009,0.33,0.6699999999999999,0.0,1.0
746528,2024-07-21,2024,663372,6,4.1520224,0.34359685,0.96,0.040000000000000036,0.14,0.86,0.0,1.0,0.0,1.0
746042,2024-07-21,2024,681035,4,4.4847093,0.36403394,1.0,0.0,0.49,0.51,0.0,1.0,0.0,1.0
746610,2024-07-21,2024,594902,2,5.398821,0.413837,1.0,0.0,0.99,0.010000000000000009,0.45,0.55,0.0,1.0
746287,2024-07-21,2024,607625,6,6.367492,0.46431294,1.0,0.0,1.0,0.0,0.97,0.030000000000000027,0.38,0.62
744991,2024-07-21,2024,571760,4,5.28074,0.59622717,1.0,0.0,0.9,0.09999999999999998,0.36,0.64,0.03,0.97
745230,2024-07-21,2024,693433,5,5.0040607,0.3788887,1.0,0.0,0.93,0.06999999999999995,0.12,0.88,0.0,1.0
746042,2024-07-21,2024,669432,5,5.462043,0.43118277,1.0,0.0,0.98,0.020000000000000018,0.51,0.49,0.01,0.99
745470,2024-07-21,2024,594835,4,3.998038,0.38904116,0.88,0.12,0.12,0.88,0.0,1.0,0.0,1.0
745470,2024-07-21,2024,663969,3,5.525162,0.5163276,1.0,0.0,0.97,0.030000000000000027,0.5,0.5,0.03,0.97
745470,2024-07-21,2024,676596,0,1.7769405,0.43964055,0.0,1.0,0.0,1.0,0.0,1.0,0.0,1.0
745633,2024-07-21,2024,683155,4,6.308319,0.58706075,1.0,0.0,0.99,0.010000000000000009,0.94,0.06000000000000005,0.36,0.64
745633,2024-07-21,2024,608334,3,3.6162844,0.33601698,0.55,0.44999999999999996,0.0,1.0,0.0,1.0,0.0,1.0
746610,2024-07-21,2024,650633,6,4.20082,0.40176427,0.95,0.050000000000000044,0.22,0.78,0.01,0.99,0.0,1.0
744991,2024-07-21,2024,665152,2,3.9155738,0.31872275,0.9,0.09999999999999998,0.03,0.97,0.0,1.0,0.0,1.0
744831,2024-07-21,2024,663623,7,6.6251903,0.4725878,1.0,0.0,1.0,0.0,1.0,0.0,0.59,0.41000000000000003
744831,2024-07-21,2024,671096,1,6.61332,0.55802846,1.0,0.0,1.0,0.0,0.99,0.010000000000000009,0.54,0.45999999999999996
746528,2024-07-21,2024,806185,12,6.6679597,0.600832,1.0,0.0,1.0,0.0,0.98,0.020000000000000018,0.59,0.41000000000000003
747094,2024-07-21,2024,571945,3,4.7235985,0.3253485,1.0,0.0,0.71,0.29000000000000004,0.0,1.0,0.0,1.0
746125,2024-07-21,2024,676710,2,5.110036,0.41817045,1.0,0.0,0.96,0.040000000000000036,0.14,0.86,0.01,0.99
746853,2024-07-21,2024,694297,7,6.0738807,0.48623455,1.0,0.0,1.0,0.0,0.9,0.09999999999999998,0.18,0.8200000000000001
744909,2024-07-21,2024,592332,5,6.6286426,0.5307799,1.0,0.0,1.0,0.0,0.98,0.020000000000000018,0.56,0.43999999999999995
746125,2024-07-21,2024,572020,7,5.627537,0.5116802,1.0,0.0,0.99,0.010000000000000009,0.55,0.44999999999999996,0.06,0.94
746853,2024-07-21,2024,684007,10,5.4770536,0.5362697,1.0,0.0,0.94,0.06000000000000005,0.52,0.48,0.03,0.97
747094,2024-07-21,2024,680885,8,6.9967046,0.5236229,1.0,0.0,1.0,0.0,1.0,0.0,0.85,0.15000000000000002
744909,2024-07-21,2024,672456,3,5.5432825,0.4899439,1.0,0.0,0.97,0.030000000000000027,0.5,0.5,0.01,0.99
746280,2024-07-22,2024,700270,0,4.125162,0.32570738,0.99,0.010000000000000009,0.13,0.87,0.0,1.0,0.0,1.0
746280,2024-07-22,2024,666142,5,6.79915,0.47963297,1.0,0.0,1.0,0.0,1.0,0.0,0.77,0.22999999999999998
747095,2024-07-22,2024,625643,5,4.5576897,0.3531678,1.0,0.0,0.57,0.43000000000000005,0.0,1.0,0.0,1.0
746612,2024-07-22,2024,669373,6,6.137877,0.47435668,1.0,0.0,1.0,0.0,0.92,0.07999999999999996,0.21,0.79
746280,2024-07-22,2024,528748,3,1.782591,0.3157421,0.0,1.0,0.0,1.0,0.0,1.0,0.0,1.0
747095,2024-07-22,2024,668881,7,9.316688,0.6983984,1.0,0.0,1.0,0.0,1.0,0.0,1.0,0.0
746612,2024-07-22,2024,471911,6,5.4734783,0.3771498,1.0,0.0,0.99,0.010000000000000009,0.47,0.53,0.0,1.0
745881,2024-07-22,2024,624133,4,4.0469866,0.34793633,0.96,0.040000000000000036,0.1,0.9,0.0,1.0,0.0,1.0
745881,2024-07-22,2024,641927,4,4.1503873,0.34814584,0.96,0.040000000000000036,0.14,0.86,0.0,1.0,0.0,1.0
746850,2024-07-22,2024,668964,6,5.180451,0.38296157,1.0,0.0,0.98,0.020000000000000018,0.19,0.81,0.0,1.0
745717,2024-07-22,2024,607074,10,6.5825996,0.50476193,1.0,0.0,1.0,0.0,0.99,0.010000000000000009,0.57,0.43000000000000005
744988,2024-07-22,2024,607200,5,5.197584,0.42545986,1.0,0.0,0.96,0.040000000000000036,0.27,0.73,0.0,1.0
745635,2024-07-22,2024,663687,7,3.8961716,0.4014176,0.84,0.16000000000000003,0.06,0.94,0.0,1.0,0.0,1.0
745635,2024-07-22,2024,681293,3,6.1428876,0.43746367,1.0,0.0,1.0,0.0,0.93,0.06999999999999995,0.2,0.8
746850,2024-07-22,2024,665871,2,3.4333572,0.24784125,0.37,0.63,0.0,1.0,0.0,1.0,0.0,1.0
746034,2024-07-22,2024,656849,4,5.1469975,0.46999738,1.0,0.0,0.92,0.07999999999999996,0.23,0.77,0.0,1.0
746526,2024-07-22,2024,596295,5,6.288073,0.41747904,1.0,0.0,1.0,0.0,0.95,0.050000000000000044,0.31,0.69
746526,2024-07-22,2024,656557,2,5.0963974,0.60992515,1.0,0.0,0.87,0.13,0.21,0.79,0.01,0.99
745473,2024-07-22,2024,669467,3,5.141198,0.4211753,1.0,0.0,0.93,0.06999999999999995,0.21,0.79,0.0,1.0
745232,2024-07-22,2024,542881,8,5.0126762,0.44133684,1.0,0.0,0.88,0.12,0.11,0.89,0.0,1.0
745232,2024-07-22,2024,682243,5,5.979795,0.48809412,1.0,0.0,1.0,0.0,0.84,0.16000000000000003,0.16,0.84
746124,2024-07-22,2024,689981,2,2.538516,0.33507106,0.0,1.0,0.0,1.0,0.0,1.0,0.0,1.0
746034,2024-07-22,2024,630023,4,4.092839,0.36977127,0.96,0.040000000000000036,0.14,0.86,0.0,1.0,0.0,1.0
745717,2024-07-22,2024,641793,6,6.4309707,0.5150709,1.0,0.0,1.0,0.0,0.99,0.010000000000000009,0.42,0.5800000000000001
744988,2024-07-22,2024,547179,8,5.602424,0.43945184,1.0,0.0,1.0,0.0,0.57,0.43000000000000005,0.05,0.95
746124,2024-07-22,2024,605483,4,6.10714,0.5248144,1.0,0.0,1.0,0.0,0.87,0.13,0.2,0.8
745473,2024-07-22,2024,656605,3,5.901993,0.44690374,1.0,0.0,0.99,0.010000000000000009,0.83,0.17000000000000004,0.08,0.92
745632,2024-07-23,2024,674370,6,3.5478158,0.27819037,0.55,0.44999999999999996,0.0,1.0,0.0,1.0,0.0,1.0
745475,2024-07-23,2024,694973,8,8.94345,0.5759672,1.0,0.0,1.0,0.0,1.0,0.0,1.0,0.0
745632,2024-07-23,2024,814005,5,4.0352755,0.30971682,0.95,0.050000000000000044,0.06,0.94,0.0,1.0,0.0,1.0
745475,2024-07-23,2024,458681,2,4.594846,0.33875045,1.0,0.0,0.61,0.39,0.0,1.0,0.0,1.0
745878,2024-07-23,2024,554430,7,7.0922375,0.51290256,1.0,0.0,1.0,0.0,1.0,0.0,0.88,0.12
744985,2024-07-23,2024,592351,5,4.7118,0.4371497,1.0,0.0,0.7,0.30000000000000004,0.05,0.95,0.0,1.0
744904,2024-07-23,2024,621244,5,5.0359864,0.5075654,0.99,0.010000000000000009,0.83,0.17000000000000004,0.18,0.8200000000000001,0.0,1.0
744828,2024-07-23,2024,681190,1,3.7582383,0.4206855,0.68,0.31999999999999995,0.03,0.97,0.0,1.0,0.0,1.0
744828,2024-07-23,2024,687792,4,4.9541945,0.42110845,1.0,0.0,0.85,0.15000000000000002,0.11,0.89,0.0,1.0
744985,2024-07-23,2024,676979,7,5.3636603,0.4846658,1.0,0.0,0.97,0.030000000000000027,0.39,0.61,0.02,0.98
746281,2024-07-23,2024,679525,6,4.98657,0.3419269,1.0,0.0,0.93,0.06999999999999995,0.06,0.94,0.0,1.0
746281,2024-07-23,2024,656756,2,3.50457,0.3611151,0.5,0.5,0.0,1.0,0.0,1.0,0.0,1.0
746848,2024-07-23,2024,607067,8,5.3311253,0.38533202,1.0,0.0,0.99,0.010000000000000009,0.32,0.6799999999999999,0.0,1.0
744904,2024-07-23,2024,641302,4,2.0509293,0.26799166,0.0,1.0,0.0,1.0,0.0,1.0,0.0,1.0
746848,2024-07-23,2024,592791,3,4.188875,0.28553286,0.99,0.010000000000000009,0.15,0.85,0.0,1.0,0.0,1.0
746036,2024-07-23,2024,544150,3,2.9834292,0.25469905,0.03,0.97,0.0,1.0,0.0,1.0,0.0,1.0
746118,2024-07-23,2024,663855,7,5.498018,0.6029553,1.0,0.0,0.96,0.040000000000000036,0.5,0.5,0.06,0.94
746524,2024-07-23,2024,683627,2,3.0171387,0.23860931,0.03,0.97,0.0,1.0,0.0,1.0,0.0,1.0
745227,2024-07-23,2024,667755,5,3.762148,0.46330988,0.72,0.28,0.08,0.92,0.0,1.0,0.0,1.0
746036,2024-07-23,2024,667725,5,5.760391,0.50614476,1.0,0.0,1.0,0.0,0.7,0.30000000000000004,0.09,0.91
746524,2024-07-23,2024,681867,4,5.419085,0.49870044,1.0,0.0,0.97,0.030000000000000027,0.46,0.54,0.01,0.99
746524,2024-07-23,2024,663562,3,2.8094735,0.32134482,0.03,0.97,0.0,1.0,0.0,1.0,0.0,1.0
746614,2024-07-23,2024,675540,1,3.5377538,0.30393746,0.54,0.45999999999999996,0.0,1.0,0.0,1.0,0.0,1.0
746524,2024-07-23,2024,621389,1,2.4888706,0.31571984,0.0,1.0,0.0,1.0,0.0,1.0,0.0,1.0
745227,2024-07-23,2024,669302,8,7.003949,0.54269755,1.0,0.0,1.0,0.0,1.0,0.0,0.82,0.18000000000000005
745878,2024-07-23,2024,680573,5,4.913077,0.38194296,1.0,0.0,0.86,0.14,0.06,0.94,0.0,1.0
745715,2024-07-23,2024,500779,6,5.193859,0.40017825,1.0,0.0,0.95,0.050000000000000044,0.2,0.8,0.0,1.0
745715,2024-07-23,2024,661563,6,4.9297123,0.3887119,1.0,0.0,0.87,0.13,0.1,0.9,0.0,1.0
746614,2024-07-23,2024,666214,3,1.5831982,0.28315863,0.0,1.0,0.0,1.0,0.0,1.0,0.0,1.0
746118,2024-07-23,2024,689017,6,5.0421076,0.40662366,1.0,0.0,0.89,0.10999999999999999,0.13,0.87,0.0,1.0
747091,2024-07-24,2024,593423,6,6.605033,0.44088888,1.0,0.0,1.0,0.0,1.0,0.0,0.56,0.43999999999999995
746525,2024-07-24,2024,615698,3,5.160922,0.541424,1.0,0.0,0.87,0.13,0.3,0.7,0.0,1.0
746525,2024-07-24,2024,601713,6,4.980517,0.5120326,1.0,0.0,0.84,0.16000000000000003,0.19,0.81,0.0,1.0
745716,2024-07-24,2024,640455,4,5.586531,0.436658,1.0,0.0,0.99,0.010000000000000009,0.55,0.44999999999999996,0.04,0.96
746525,2024-07-24,2024,502624,2,1.7934166,0.29258078,0.0,1.0,0.0,1.0,0.0,1.0,0.0,1.0
745716,2024-07-24,2024,543037,4,6.9366865,0.49429956,1.0,0.0,1.0,0.0,0.99,0.010000000000000009,0.81,0.18999999999999995
747091,2024-07-24,2024,656550,5,3.0633285,0.33495554,0.09,0.91,0.0,1.0,0.0,1.0,0.0,1.0
744905,2024-07-24,2024,621107,4,4.4659767,0.32263708,1.0,0.0,0.44,0.56,0.0,1.0,0.0,1.0
744824,2024-07-24,2024,680730,5,4.3638005,0.38293007,1.0,0.0,0.37,0.63,0.0,1.0,0.0,1.0
745472,2024-07-24,2024,527048,2,3.3587275,0.41419995,0.37,0.63,0.0,1.0,0.0,1.0,0.0,1.0
745472,2024-07-24,2024,669461,3,3.5350106,0.36593762,0.55,0.44999999999999996,0.0,1.0,0.0,1.0,0.0,1.0
745472,2024-07-24,2024,688297,2,2.635024,0.36938056,0.02,0.98,0.0,1.0,0.0,1.0,0.0,1.0
746035,2024-07-24,2024,665795,6,5.3456445,0.49627125,1.0,0.0,0.97,0.030000000000000027,0.37,0.63,0.0,1.0
744905,2024-07-24,2024,684320,6,4.157157,0.33796525,0.96,0.040000000000000036,0.14,0.86,0.0,1.0,0.0,1.0
745634,2024-07-24,2024,666205,3,1.6710511,0.18924929,0.0,1.0,0.0,1.0,0.0,1.0,0.0,1.0
747091,2024-07-24,2024,642216,3,3.190133,0.30408874,0.15,0.85,0.0,1.0,0.0,1.0,0.0,1.0
745231,2024-07-24,2024,622491,7,6.532394,0.5199404,1.0,0.0,1.0,0.0,0.97,0.030000000000000027,0.51,0.49
745231,2024-07-24,2024,656288,6,5.245945,0.38755238,1.0,0.0,0.98,0.020000000000000018,0.24,0.76,0.0,1.0
746119,2024-07-24,2024,607192,4,6.7789364,0.5118986,1.0,0.0,1.0,0.0,1.0,0.0,0.73,0.27
746611,2024-07-24,2024,676440,4,3.815665,0.29341775,0.85,0.15000000000000002,0.01,0.99,0.0,1.0,0.0,1.0
746611,2024-07-24,2024,656427,6,5.872403,0.45970568,1.0,0.0,1.0,0.0,0.77,0.22999999999999998,0.09,0.91
746035,2024-07-24,2024,694646,3,5.1162395,0.45784256,1.0,0.0,0.93,0.06999999999999995,0.18,0.8200000000000001,0.0,1.0
745634,2024-07-24,2024,686613,8,4.2911572,0.4065206,0.97,0.030000000000000027,0.27,0.73,0.0,1.0,0.0,1.0
746851,2024-07-24,2024,596001,1,2.696498,0.4007674,0.04,0.96,0.0,1.0,0.0,1.0,0.0,1.0
746851,2024-07-24,2024,657006,4,4.788248,0.34552428,1.0,0.0,0.82,0.18000000000000005,0.02,0.98,0.0,1.0
746851,2024-07-24,2024,669060,3,2.1380956,0.28603446,0.0,1.0,0.0,1.0,0.0,1.0,0.0,1.0
744824,2024-07-24,2024,663362,4,4.487316,1.0009135,0.84,0.16000000000000003,0.51,0.49,0.13,0.87,0.04,0.96
745877,2024-07-24,2024,701581,7,4.1843987,0.3250202,1.0,0.0,0.15,0.85,0.0,1.0,0.0,1.0
744989,2024-07-24,2024,623167,3,4.6976566,0.40687922,1.0,0.0,0.7,0.30000000000000004,0.03,0.97,0.0,1.0
744989,2024-07-24,2024,543135,10,7.116075,0.6067939,1.0,0.0,1.0,0.0,1.0,0.0,0.88,0.12
745877,2024-07-24,2024,605400,6,6.8310156,0.5256312,1.0,0.0,1.0,0.0,1.0,0.0,0.73,0.27
745634,2024-07-24,2024,676664,3,4.8019023,0.37955406,1.0,0.0,0.75,0.25,0.04,0.96,0.0,1.0
746279,2024-07-24,2024,669194,2,5.325418,0.38885522,1.0,0.0,1.0,0.0,0.33,0.6699999999999999,0.0,1.0
746279,2024-07-24,2024,608379,1,4.6188784,0.37373453,0.99,0.010000000000000009,0.59,0.41000000000000003,0.01,0.99,0.0,1.0
746119,2024-07-24,2024,592662,8,5.1196527,0.42158037,1.0,0.0,0.95,0.050000000000000044,0.18,0.8200000000000001,0.01,0.99
746199,2024-07-25,2024,548389,3,2.8408668,0.28597292,0.01,0.99,0.0,1.0,0.0,1.0,0.0,1.0
746609,2024-07-25,2024,668909,9,7.984184,0.5832511,1.0,0.0,1.0,0.0,1.0,0.0,0.99,0.010000000000000009
745794,2024-07-25,2024,622663,6,5.388399,0.381301,1.0,0.0,1.0,0.0,0.42,0.5800000000000001,0.0,1.0
745794,2024-07-25,2024,676130,4,1.8995881,0.18577588,0.0,1.0,0.0,1.0,0.0,1.0,0.0,1.0
745794,2024-07-25,2024,519242,9,7.205782,0.5442817,1.0,0.0,1.0,0.0,1.0,0.0,0.9,0.09999999999999998
746199,2024-07-25,2024,670046,1,2.669944,0.35609195,0.01,0.99,0.0,1.0,0.0,1.0,0.0,1.0
746037,2024-07-25,2024,669203,5,8.066913,0.749813,1.0,0.0,1.0,0.0,1.0,0.0,0.99,0.010000000000000009
746037,2024-07-25,2024,682610,3,5.2896013,0.3703311,1.0,0.0,0.97,0.030000000000000027,0.27,0.73,0.0,1.0
746117,2024-07-25,2024,657277,4,4.836605,0.42761326,1.0,0.0,0.78,0.21999999999999997,0.04,0.96,0.0,1.0
744827,2024-07-25,2024,656302,9,10.082083,0.67278636,1.0,0.0,1.0,0.0,1.0,0.0,1.0,0.0
744827,2024-07-25,2024,571578,7,5.1112704,0.5809633,1.0,0.0,0.86,0.14,0.24,0.76,0.0,1.0
744907,2024-07-25,2024,671737,7,5.292909,0.52168083,1.0,0.0,0.95,0.050000000000000044,0.31,0.69,0.01,0.99
744984,2024-07-25,2024,686563,1,5.220675,0.40294808,1.0,0.0,0.94,0.06000000000000005,0.24,0.76,0.0,1.0
744984,2024-07-25,2024,453286,9,5.463374,0.45197,1.0,0.0,0.97,0.030000000000000027,0.43,0.5700000000000001,0.0,1.0
746117,2024-07-25,2024,477132,6,4.060461,0.2603066,0.98,0.020000000000000018,0.03,0.97,0.0,1.0,0.0,1.0
744907,2024-07-25,2024,605135,6,5.432111,0.47059312,1.0,0.0,0.99,0.010000000000000009,0.45,0.55,0.02,0.98
746933,2024-07-26,2024,641482,5,3.2682638,0.33793652,0.26,0.74,0.0,1.0,0.0,1.0,0.0,1.0
746767,2024-07-26,2024,669923,7,4.523677,0.4017775,1.0,0.0,0.54,0.45999999999999996,0.0,1.0,0.0,1.0
746767,2024-07-26,2024,671111,3,1.9331393,0.23300603,0.0,1.0,0.0,1.0,0.0,1.0,0.0,1.0
746767,2024-07-26,2024,694363,3,3.1241636,0.3340784,0.1,0.9,0.0,1.0,0.0,1.0,0.0,1.0
745964,2024-07-26,2024,669432,1,4.4414473,0.3491153,1.0,0.0,0.47,0.53,0.0,1.0,0.0,1.0
747010,2024-07-26,2024,680570,2,5.668994,0.43670955,1.0,0.0,1.0,0.0,0.61,0.39,0.03,0.97
745792,2024-07-26,2024,673540,9,6.4811554,0.8948151,1.0,0.0,0.99,0.010000000000000009,0.85,0.15000000000000002,0.55,0.44999999999999996
745792,2024-07-26,2024,450203,2,2.984702,0.38295117,0.1,0.9,0.0,1.0,0.0,1.0,0.0,1.0
744906,2024-07-26,2024,579328,5,6.9087415,0.5070373,1.0,0.0,1.0,0.0,1.0,0.0,0.8,0.19999999999999996
745068,2024-07-26,2024,669358,7,5.0945034,0.3845851,1.0,0.0,0.92,0.07999999999999996,0.15,0.85,0.0,1.0
745068,2024-07-26,2024,666157,5,6.1544642,0.45652214,1.0,0.0,1.0,0.0,0.94,0.06000000000000005,0.24,0.76
747174,2024-07-26,2024,682847,4,5.945413,0.4250505,1.0,0.0,1.0,0.0,0.85,0.15000000000000002,0.11,0.89
745146,2024-07-26,2024,669022,3,4.956001,0.4633999,0.99,0.010000000000000009,0.84,0.16000000000000003,0.13,0.87,0.0,1.0
745146,2024-07-26,2024,543243,7,5.561256,0.39839584,1.0,0.0,0.99,0.010000000000000009,0.56,0.43999999999999995,0.0,1.0
744906,2024-07-26,2024,571760,4,4.5441575,0.4373746,0.99,0.010000000000000009,0.55,0.44999999999999996,0.01,0.99,0.0,1.0
746448,2024-07-26,2024,666214,3,3.4032807,0.38211542,0.41,0.5900000000000001,0.0,1.0,0.0,1.0,0.0,1.0
746448,2024-07-26,2024,672456,5,5.755134,0.43334153,1.0,0.0,1.0,0.0,0.74,0.26,0.04,0.96
745964,2024-07-26,2024,642547,4,5.059937,0.3874603,1.0,0.0,0.9,0.09999999999999998,0.13,0.87,0.0,1.0
746200,2024-07-26,2024,608334,3,3.3994966,0.2906397,0.39,0.61,0.0,1.0,0.0,1.0,0.0,1.0
745315,2024-07-26,2024,607536,8,4.6569185,0.46046567,1.0,0.0,0.62,0.38,0.04,0.96,0.0,1.0
745315,2024-07-26,2024,690986,11,6.2714596,0.660472,1.0,0.0,1.0,0.0,0.87,0.13,0.35,0.65
746448,2024-07-26,2024,641154,7,5.7893996,0.47862756,1.0,0.0,1.0,0.0,0.72,0.28,0.08,0.92
745554,2024-07-26,2024,650911,2,6.5021706,0.5196994,1.0,0.0,1.0,0.0,0.97,0.030000000000000027,0.5,0.5
745554,2024-07-26,2024,594902,6,4.571987,0.38921186,1.0,0.0,0.54,0.45999999999999996,0.0,1.0,0.0,1.0
746277,2024-07-26,2024,663903,5,5.9983735,0.50695956,1.0,0.0,1.0,0.0,0.84,0.16000000000000003,0.19,0.81
746277,2024-07-26,2024,543294,4,4.4452324,0.38033867,0.99,0.010000000000000009,0.46,0.54,0.0,1.0,0.0,1.0
746933,2024-07-26,2024,678394,4,3.7881513,0.4294464,0.76,0.24,0.05,0.95,0.0,1.0,0.0,1.0
746361,2024-07-26,2024,664285,10,8.391079,0.70504546,1.0,0.0,1.0,0.0,1.0,0.0,1.0,0.0
746200,2024-07-26,2024,621112,2,2.6489446,0.23645757,0.0,1.0,0.0,1.0,0.0,1.0,0.0,1.0
746361,2024-07-26,2024,694813,3,5.061995,0.4192609,1.0,0.0,0.91,0.08999999999999997,0.1,0.9,0.0,1.0
747174,2024-07-26,2024,668678,6,7.2964697,0.59812057,1.0,0.0,1.0,0.0,1.0,0.0,0.91,0.08999999999999997
746203,2024-07-27,2024,542881,10,5.4775996,0.3952564,1.0,0.0,1.0,0.0,0.44,0.56,0.0,1.0
745966,2024-07-27,2024,676974,3,5.355848,0.39649707,1.0,0.0,0.97,0.030000000000000027,0.34,0.6599999999999999,0.0,1.0
745966,2024-07-27,2024,663773,3,1.9297147,0.31173268,0.0,1.0,0.0,1.0,0.0,1.0,0.0,1.0
745793,2024-07-27,2024,656731,4,5.8703823,0.44528827,1.0,0.0,1.0,0.0,0.76,0.24,0.08,0.92
746768,2024-07-27,2024,607200,4,4.1541214,0.4233731,0.91,0.08999999999999997,0.21,0.79,0.0,1.0,0.0,1.0
745793,2024-07-27,2024,680885,11,5.473681,0.40373507,1.0,0.0,1.0,0.0,0.46,0.54,0.0,1.0
745150,2024-07-27,2024,606149,4,1.8987638,0.21426488,0.0,1.0,0.0,1.0,0.0,1.0,0.0,1.0
745150,2024-07-27,2024,663623,5,6.1204143,0.56708986,1.0,0.0,0.99,0.010000000000000009,0.87,0.13,0.23,0.77
745966,2024-07-27,2024,650644,3,5.440094,0.41529652,1.0,0.0,0.99,0.010000000000000009,0.44,0.56,0.0,1.0
745150,2024-07-27,2024,502043,0,4.9344673,0.40938872,1.0,0.0,0.86,0.14,0.1,0.9,0.0,1.0
744908,2024-07-27,2024,547179,1,2.306902,0.24557924,0.0,1.0,0.0,1.0,0.0,1.0,0.0,1.0
744908,2024-07-27,2024,592332,8,9.072404,0.7456681,1.0,0.0,1.0,0.0,1.0,0.0,1.0,0.0
744908,2024-07-27,2024,570632,2,2.638514,0.29614815,0.01,0.99,0.0,1.0,0.0,1.0,0.0,1.0
747171,2024-07-27,2024,594835,1,2.8754272,0.2798779,0.01,0.99,0.0,1.0,0.0,1.0,0.0,1.0
747171,2024-07-27,2024,682990,2,3.9472861,0.31912816,0.9,0.09999999999999998,0.04,0.96,0.0,1.0,0.0,1.0
747171,2024-07-27,2024,694297,4,5.4763308,0.41034812,1.0,0.0,0.99,0.010000000000000009,0.5,0.5,0.01,0.99
746768,2024-07-27,2024,693433,3,4.422878,0.2954335,1.0,0.0,0.4,0.6,0.0,1.0,0.0,1.0
745059,2024-07-27,2024,671096,2,5.4134564,0.47339758,1.0,0.0,0.96,0.040000000000000036,0.43,0.5700000000000001,0.01,0.99
745059,2024-07-27,2024,641793,5,4.709663,0.49843016,1.0,0.0,0.65,0.35,0.05,0.95,0.0,1.0
746931,2024-07-27,2024,676710,5,5.1956825,0.44392198,1.0,0.0,0.96,0.040000000000000036,0.24,0.76,0.01,0.99
744908,2024-07-27,2024,641540,2,3.074975,0.2912011,0.07,0.9299999999999999,0.0,1.0,0.0,1.0,0.0,1.0
746203,2024-07-27,2024,687765,3,5.993062,0.5635472,1.0,0.0,1.0,0.0,0.78,0.21999999999999997,0.19,0.81
746768,2024-07-27,2024,663436,3,4.059714,0.38864258,0.93,0.06999999999999995,0.1,0.9,0.0,1.0,0.0,1.0
745307,2024-07-27,2024,663372,6,4.643019,0.34763974,1.0,0.0,0.65,0.35,0.0,1.0,0.0,1.0
746931,2024-07-27,2024,573186,0,1.3153691,0.3298618,0.0,1.0,0.0,1.0,0.0,1.0,0.0,1.0
745307,2024-07-27,2024,605483,15,7.5847754,0.5916057,1.0,0.0,1.0,0.0,1.0,0.0,0.99,0.010000000000000009
747006,2024-07-27,2024,608344,0,2.479211,0.36842534,0.0,1.0,0.0,1.0,0.0,1.0,0.0,1.0
747006,2024-07-27,2024,650633,9,5.8312626,0.5094036,1.0,0.0,1.0,0.0,0.72,0.28,0.08,0.92
747006,2024-07-27,2024,665152,7,5.9051986,0.60973495,1.0,0.0,0.99,0.010000000000000009,0.71,0.29000000000000004,0.16,0.84
746446,2024-07-27,2024,669373,8,5.938715,0.55396956,1.0,0.0,1.0,0.0,0.8,0.19999999999999996,0.17,0.83
746362,2024-07-27,2024,669854,9,5.6570573,0.43311614,1.0,0.0,1.0,0.0,0.67,0.32999999999999996,0.03,0.97
746362,2024-07-27,2024,680736,2,5.6757917,0.4921211,1.0,0.0,1.0,0.0,0.64,0.36,0.08,0.92
745310,2024-07-27,2024,685299,5,4.296538,0.34647784,1.0,0.0,0.29,0.71,0.0,1.0,0.0,1.0
745310,2024-07-27,2024,806185,8,7.874665,0.8109153,1.0,0.0,1.0,0.0,1.0,0.0,0.97,0.030000000000000027
746446,2024-07-27,2024,657746,8,6.153192,0.4412306,1.0,0.0,1.0,0.0,0.93,0.06999999999999995,0.23,0.77
746278,2024-07-27,2024,607625,2,4.0522814,0.4297586,0.91,0.08999999999999997,0.13,0.87,0.01,0.99,0.0,1.0
746278,2024-07-27,2024,684007,3,7.308723,0.743581,1.0,0.0,1.0,0.0,0.99,0.010000000000000009,0.88,0.12
745553,2024-07-27,2024,663969,4,6.5235705,0.4727604,1.0,0.0,1.0,0.0,0.99,0.010000000000000009,0.5,0.5
745553,2024-07-27,2024,471911,5,4.722377,0.48902106,1.0,0.0,0.66,0.33999999999999997,0.05,0.95,0.0,1.0
746929,2024-07-28,2024,669711,2,1.9405663,0.3155731,0.0,1.0,0.0,1.0,0.0,1.0,0.0,1.0
747173,2024-07-28,2024,656605,6,6.1646113,0.4234675,1.0,0.0,1.0,0.0,0.94,0.06000000000000005,0.19,0.81
745305,2024-07-28,2024,596295,6,3.9958777,0.32223377,0.92,0.07999999999999996,0.07,0.9299999999999999,0.0,1.0,0.0,1.0
745305,2024-07-28,2024,663562,3,2.7291203,0.37808555,0.01,0.99,0.0,1.0,0.0,1.0,0.0,1.0
745305,2024-07-28,2024,678495,3,2.9716132,0.29395822,0.02,0.98,0.0,1.0,0.0,1.0,0.0,1.0
747173,2024-07-28,2024,700270,7,4.4550457,0.3712507,1.0,0.0,0.43,0.5700000000000001,0.0,1.0,0.0,1.0
745063,2024-07-28,2024,668881,5,7.6842556,0.574868,1.0,0.0,1.0,0.0,1.0,0.0,0.97,0.030000000000000027
745961,2024-07-28,2024,668964,5,4.4102225,0.3943659,0.99,0.010000000000000009,0.4,0.6,0.0,1.0,0.0,1.0
744902,2024-07-28,2024,547179,1,2.4295979,0.2394544,0.0,1.0,0.0,1.0,0.0,1.0,0.0,1.0
744902,2024-07-28,2024,621244,5,6.831358,0.5224251,1.0,0.0,1.0,0.0,1.0,0.0,0.74,0.26
745550,2024-07-28,2024,663465,1,3.0282264,0.2811602,0.03,0.97,0.0,1.0,0.0,1.0,0.0,1.0
745145,2024-07-28,2024,687792,8,5.2405715,0.4553043,1.0,0.0,0.96,0.040000000000000036,0.33,0.6699999999999999,0.0,1.0
745145,2024-07-28,2024,571945,3,3.445127,0.8462642,0.48,0.52,0.09,0.91,0.01,0.99,0.0,1.0
747008,2024-07-28,2024,544150,2,4.1279016,0.37495318,0.95,0.050000000000000044,0.19,0.81,0.0,1.0,0.0,1.0
747008,2024-07-28,2024,660853,4,2.3608434,0.29995206,0.0,1.0,0.0,1.0,0.0,1.0,0.0,1.0
747008,2024-07-28,2024,681190,2,3.6514158,0.36485738,0.7,0.30000000000000004,0.02,0.98,0.0,1.0,0.0,1.0
746445,2024-07-28,2024,628317,4,5.5715775,0.5284463,1.0,0.0,0.97,0.030000000000000027,0.56,0.43999999999999995,0.05,0.95
746445,2024-07-28,2024,641927,11,6.368422,0.4742219,1.0,0.0,1.0,0.0,0.97,0.030000000000000027,0.41,0.5900000000000001
746929,2024-07-28,2024,656557,2,6.5777607,0.65254325,1.0,0.0,1.0,0.0,0.93,0.06999999999999995,0.55,0.44999999999999996
746274,2024-07-28,2024,665871,5,3.048689,0.25327092,0.03,0.97,0.0,1.0,0.0,1.0,0.0,1.0
746195,2024-07-28,2024,674370,6,4.8055353,0.3116109,1.0,0.0,0.83,0.17000000000000004,0.01,0.99,0.0,1.0
746274,2024-07-28,2024,666142,7,5.6060314,0.45427322,1.0,0.0,0.99,0.010000000000000009,0.56,0.43999999999999995,0.03,0.97
746195,2024-07-28,2024,667755,2,3.087146,0.39318392,0.17,0.83,0.0,1.0,0.0,1.0,0.0,1.0
745550,2024-07-28,2024,676282,3,3.3854423,0.33363932,0.32,0.6799999999999999,0.0,1.0,0.0,1.0,0.0,1.0
745795,2024-07-28,2024,625643,2,2.9248857,0.34741855,0.05,0.95,0.0,1.0,0.0,1.0,0.0,1.0
745961,2024-07-28,2024,667725,5,4.026348,0.41121554,0.9,0.09999999999999998,0.12,0.88,0.0,1.0,0.0,1.0
745795,2024-07-28,2024,656849,7,4.4737377,0.3336413,1.0,0.0,0.5,0.5,0.0,1.0,0.0,1.0
745961,2024-07-28,2024,642629,3,5.5022626,0.7300476,1.0,0.0,0.92,0.07999999999999996,0.5,0.5,0.11,0.89
746364,2024-07-28,2024,689981,8,5.4053864,0.401557,1.0,0.0,0.99,0.010000000000000009,0.43,0.5700000000000001,0.01,0.99
746364,2024-07-28,2024,681293,8,6.3743205,0.46790403,1.0,0.0,1.0,0.0,0.99,0.010000000000000009,0.39,0.61
746770,2024-07-28,2024,641771,4,4.1529827,0.36627728,0.94,0.06000000000000005,0.17,0.83,0.0,1.0,0.0,1.0
746929,2024-07-28,2024,607074,7,8.492178,0.6284476,1.0,0.0,1.0,0.0,1.0,0.0,1.0,0.0
746770,2024-07-28,2024,676979,3,4.7390313,0.58641255,0.99,0.010000000000000009,0.61,0.39,0.1,0.9,0.01,0.99
746770,2024-07-28,2024,682243,6,5.714816,0.4409952,1.0,0.0,1.0,0.0,0.69,0.31000000000000005,0.04,0.96
747039,2024-07-29,2024,608344,5,2.9179173,0.3279656,0.06,0.94,0.0,1.0,0.0,1.0,0.0,1.0
747007,2024-07-29,2024,621107,7,4.8477216,0.39665923,1.0,0.0,0.77,0.22999999999999998,0.05,0.95,0.0,1.0
747007,2024-07-29,2024,684320,1,1.9698354,0.22667897,0.0,1.0,0.0,1.0,0.0,1.0,0.0,1.0
747007,2024-07-29,2024,685126,0,2.5826185,0.29868904,0.0,1.0,0.0,1.0,0.0,1.0,0.0,1.0
745959,2024-07-29,2024,607067,6,4.7338657,0.3459641,1.0,0.0,0.79,0.20999999999999996,0.01,0.99,0.0,1.0
745959,2024-07-29,2024,656550,8,4.468542,0.3879125,0.99,0.010000000000000009,0.46,0.54,0.0,1.0,0.0,1.0
746444,2024-07-29,2024,676440,2,5.185686,0.38732222,1.0,0.0,0.96,0.040000000000000036,0.19,0.81,0.0,1.0
746360,2024-07-29,2024,694973,6,8.10647,0.5792336,1.0,0.0,1.0,0.0,1.0,0.0,1.0,0.0
745147,2024-07-29,2024,543135,2,5.76314,0.5029259,1.0,0.0,1.0,0.0,0.72,0.28,0.05,0.95
746765,2024-07-29,2024,623167,2,5.2421923,0.3751042,1.0,0.0,0.97,0.030000000000000027,0.26,0.74,0.0,1.0
746765,2024-07-29,2024,679525,3,3.051116,0.23429768,0.03,0.97,0.0,1.0,0.0,1.0,0.0,1.0
747172,2024-07-29,2024,680730,3,3.8860579,0.37313727,0.86,0.14,0.07,0.9299999999999999,0.0,1.0,0.0,1.0
747172,2024-07-29,2024,656756,1,3.7074509,0.35825494,0.7,0.30000000000000004,0.0,1.0,0.0,1.0,0.0,1.0
747172,2024-07-29,2024,612434,0,1.3886243,0.46715882,0.0,1.0,0.0,1.0,0.0,1.0,0.0,1.0
745547,2024-07-29,2024,661563,8,5.871068,0.49253163,1.0,0.0,1.0,0.0,0.78,0.21999999999999997,0.09,0.91
746444,2024-07-29,2024,676614,5,5.141289,0.42916432,1.0,0.0,0.91,0.08999999999999997,0.15,0.85,0.0,1.0
745147,2024-07-29,2024,669467,5,5.519287,0.42924547,1.0,0.0,1.0,0.0,0.45,0.55,0.0,1.0
745547,2024-07-29,2024,554430,6,6.6066065,0.5209836,1.0,0.0,1.0,0.0,0.96,0.040000000000000036,0.56,0.43999999999999995
746928,2024-07-29,2024,663423,1,2.40549,0.31123117,0.0,1.0,0.0,1.0,0.0,1.0,0.0,1.0
747039,2024-07-29,2024,670102,2,5.480504,0.625666,1.0,0.0,0.93,0.06999999999999995,0.49,0.51,0.05,0.95
747039,2024-07-29,2024,700249,1,4.831281,0.34055078,1.0,0.0,0.85,0.15000000000000002,0.01,0.99,0.0,1.0
746684,2024-07-29,2024,686730,4,2.6556582,0.25626764,0.0,1.0,0.0,1.0,0.0,1.0,0.0,1.0
746684,2024-07-29,2024,592791,4,4.7582774,0.38138032,1.0,0.0,0.72,0.28,0.02,0.98,0.0,1.0
746928,2024-07-29,2024,601713,10,7.6760173,0.56907886,1.0,0.0,1.0,0.0,1.0,0.0,0.98,0.020000000000000018
746928,2024-07-29,2024,669302,4,5.3235893,0.4942676,1.0,0.0,0.96,0.040000000000000036,0.4,0.6,0.0,1.0
745791,2024-07-29,2024,680573,2,4.876192,0.37477842,1.0,0.0,0.87,0.13,0.07,0.9299999999999999,0.0,1.0
745791,2024-07-29,2024,500779,5,5.4692144,0.56226736,1.0,0.0,0.96,0.040000000000000036,0.44,0.56,0.04,0.96
745791,2024-07-29,2024,676130,2,1.9687179,0.39835313,0.0,1.0,0.0,1.0,0.0,1.0,0.0,1.0
745149,2024-07-30,2024,674003,2,2.498646,0.28267765,0.0,1.0,0.0,1.0,0.0,1.0,0.0,1.0
745787,2024-07-30,2024,640455,11,6.014833,0.5344923,1.0,0.0,1.0,0.0,0.82,0.18000000000000005,0.18,0.8200000000000001
745787,2024-07-30,2024,701581,6,3.8780537,0.3202963,0.84,0.16000000000000003,0.03,0.97,0.0,1.0,0.0,1.0
746365,2024-07-30,2024,686613,8,5.6785364,0.6233158,1.0,0.0,0.97,0.030000000000000027,0.6,0.4,0.12,0.88
746365,2024-07-30,2024,663559,3,3.807442,0.49696878,0.73,0.27,0.09,0.91,0.0,1.0,0.0,1.0
746683,2024-07-30,2024,657006,7,5.7129474,0.37923518,1.0,0.0,1.0,0.0,0.72,0.28,0.01,0.99
746926,2024-07-30,2024,622491,4,6.856728,0.53333557,1.0,0.0,1.0,0.0,0.99,0.010000000000000009,0.76,0.24
745149,2024-07-30,2024,458681,3,3.9338865,0.3442134,0.91,0.08999999999999997,0.02,0.98,0.0,1.0,0.0,1.0
745309,2024-07-30,2024,592662,4,5.99549,0.4527778,1.0,0.0,1.0,0.0,0.87,0.13,0.15,0.85
745309,2024-07-30,2024,676664,9,4.911592,0.36655077,1.0,0.0,0.85,0.15000000000000002,0.06,0.94,0.0,1.0
746763,2024-07-30,2024,608379,5,4.471721,0.3508227,0.99,0.010000000000000009,0.55,0.44999999999999996,0.0,1.0,0.0,1.0
746763,2024-07-30,2024,686563,2,4.8299956,0.42200297,0.99,0.010000000000000009,0.76,0.24,0.04,0.96,0.0,1.0
746197,2024-07-30,2024,656288,6,5.8776827,0.4407961,1.0,0.0,1.0,0.0,0.81,0.18999999999999995,0.09,0.91
746683,2024-07-30,2024,607259,3,2.8033853,0.26320815,0.0,1.0,0.0,1.0,0.0,1.0,0.0,1.0
745958,2024-07-30,2024,693821,7,4.067976,0.32721227,0.95,0.050000000000000044,0.1,0.9,0.0,1.0,0.0,1.0
745958,2024-07-30,2024,669060,3,2.1084273,0.30838203,0.0,1.0,0.0,1.0,0.0,1.0,0.0,1.0
747005,2024-07-30,2024,669203,7,7.7808795,0.66616744,1.0,0.0,1.0,0.0,1.0,0.0,0.97,0.030000000000000027
746926,2024-07-30,2024,572020,5,3.3252473,0.36999404,0.34,0.6599999999999999,0.0,1.0,0.0,1.0,0.0,1.0
747167,2024-07-30,2024,674285,0,2.1073442,0.34899572,0.0,1.0,0.0,1.0,0.0,1.0,0.0,1.0
747167,2024-07-30,2024,669194,9,7.9105415,0.54874504,1.0,0.0,1.0,0.0,1.0,0.0,1.0,0.0
745149,2024-07-30,2024,453286,5,3.9654725,0.33125123,0.92,0.07999999999999996,0.04,0.96,0.0,1.0,0.0,1.0
746441,2024-07-30,2024,668909,8,6.1242857,0.46597844,1.0,0.0,1.0,0.0,0.92,0.07999999999999996,0.21,0.79
746197,2024-07-30,2024,615698,4,3.9605246,0.4360265,0.88,0.12,0.11,0.89,0.0,1.0,0.0,1.0
747005,2024-07-30,2024,605135,3,4.8707643,0.45249042,0.99,0.010000000000000009,0.82,0.18000000000000005,0.09,0.91,0.0,1.0
745546,2024-07-30,2024,701542,6,5.3907747,0.44671276,1.0,0.0,0.98,0.020000000000000018,0.35,0.65,0.0,1.0
747167,2024-07-30,2024,571578,3,3.7655694,0.38611934,0.72,0.28,0.03,0.97,0.0,1.0,0.0,1.0
745060,2024-07-30,2024,685116,2,2.087401,0.28411752,0.0,1.0,0.0,1.0,0.0,1.0,0.0,1.0
745060,2024-07-30,2024,665795,7,4.9410825,0.46621922,1.0,0.0,0.8,0.19999999999999996,0.1,0.9,0.0,1.0
745389,2024-07-30,2024,663362,6,4.587274,1.0136864,0.85,0.15000000000000002,0.55,0.44999999999999996,0.2,0.8,0.01,0.99
745389,2024-07-30,2024,607192,8,7.298197,0.6389099,1.0,0.0,1.0,0.0,1.0,0.0,0.92,0.07999999999999996
745958,2024-07-30,2024,605452,4,5.1089687,0.439259,1.0,0.0,0.92,0.07999999999999996,0.2,0.8,0.0,1.0
745060,2024-07-30,2024,605488,3,4.545353,0.39759234,1.0,0.0,0.59,0.41000000000000003,0.02,0.98,0.0,1.0
745546,2024-07-30,2024,605400,4,5.087467,0.46876284,1.0,0.0,0.92,0.07999999999999996,0.19,0.81,0.0,1.0
745960,2024-07-31,2024,642547,7,5.6644783,0.37232757,1.0,0.0,1.0,0.0,0.73,0.27,0.02,0.98
745960,2024-07-31,2024,519242,6,7.09615,0.5711075,1.0,0.0,1.0,0.0,0.97,0.030000000000000027,0.88,0.12
746363,2024-07-31,2024,664285,10,5.05208,0.87262887,0.96,0.040000000000000036,0.72,0.28,0.31,0.69,0.07,0.9299999999999999
747003,2024-07-31,2024,502179,1,3.8352196,0.4200238,0.82,0.18000000000000005,0.07,0.9299999999999999,0.0,1.0,0.0,1.0
747170,2024-07-31,2024,668678,6,5.95899,0.5542333,1.0,0.0,1.0,0.0,0.79,0.20999999999999996,0.16,0.84
746198,2024-07-31,2024,669721,5,4.3982897,0.28564128,1.0,0.0,0.36,0.64,0.0,1.0,0.0,1.0
746198,2024-07-31,2024,607536,6,4.8262033,0.40220648,0.99,0.010000000000000009,0.81,0.18999999999999995,0.04,0.96,0.0,1.0
745543,2024-07-31,2024,650911,7,5.7083735,0.52165926,1.0,0.0,0.99,0.010000000000000009,0.68,0.31999999999999995,0.08,0.92
746678,2024-07-31,2024,543294,4,2.5929563,0.2772729,0.0,1.0,0.0,1.0,0.0,1.0,0.0,1.0
745386,2024-07-31,2024,656302,6,8.153999,0.58306974,1.0,0.0,1.0,0.0,1.0,0.0,0.99,0.010000000000000009
745148,2024-07-31,2024,700241,3,5.6277833,0.46012762,1.0,0.0,1.0,0.0,0.58,0.42000000000000004,0.04,0.96
746925,2024-07-31,2024,669923,2,5.8924675,0.4394802,1.0,0.0,0.99,0.010000000000000009,0.81,0.18999999999999995,0.08,0.92
745061,2024-07-31,2024,682610,7,4.025478,0.3205085,0.94,0.06000000000000005,0.06,0.94,0.0,1.0,0.0,1.0
745061,2024-07-31,2024,671737,6,5.5089784,0.59126794,1.0,0.0,0.99,0.010000000000000009,0.51,0.49,0.05,0.95
745061,2024-07-31,2024,670955,5,2.7423666,0.30317742,0.02,0.98,0.0,1.0,0.0,1.0,0.0,1.0
745543,2024-07-31,2024,641482,6,5.860799,0.46655247,1.0,0.0,1.0,0.0,0.75,0.25,0.05,0.95
745386,2024-07-31,2024,641703,2,4.884303,1.28556,0.87,0.13,0.61,0.39,0.33,0.6699999999999999,0.07,0.9299999999999999
745789,2024-07-31,2024,622663,2,3.505821,0.27620915,0.44,0.56,0.0,1.0,0.0,1.0,0.0,1.0
745789,2024-07-31,2024,641154,7,7.1977663,0.4918168,1.0,0.0,1.0,0.0,1.0,0.0,0.95,0.050000000000000044
746925,2024-07-31,2024,678394,7,6.076024,0.47409135,1.0,0.0,1.0,0.0,0.89,0.10999999999999999,0.17,0.83
745306,2024-07-31,2024,657277,6,5.8850603,0.5787897,1.0,0.0,1.0,0.0,0.72,0.28,0.18,0.8200000000000001
745386,2024-07-31,2024,477132,0,4.7412534,0.35250926,1.0,0.0,0.74,0.26,0.02,0.98,0.0,1.0
746363,2024-07-31,2024,663765,3,4.0188327,0.45728713,0.91,0.08999999999999997,0.13,0.87,0.0,1.0,0.0,1.0
746764,2024-07-31,2024,663903,4,3.6855054,0.37195975,0.7,0.30000000000000004,0.01,0.99,0.0,1.0,0.0,1.0
746764,2024-07-31,2024,689672,0,3.98734,0.37175733,0.9,0.09999999999999998,0.08,0.92,0.0,1.0,0.0,1.0
746678,2024-07-31,2024,666157,6,7.8307676,0.6324193,1.0,0.0,1.0,0.0,1.0,0.0,0.98,0.020000000000000018
747003,2024-07-31,2024,680570,8,6.0478673,0.4383613,1.0,0.0,1.0,0.0,0.88,0.12,0.12,0.88
745306,2024-07-31,2024,548389,0,3.2066278,0.28368473,0.15,0.85,0.0,1.0,0.0,1.0,0.0,1.0
745148,2024-07-31,2024,571760,2,5.3531895,0.500039,1.0,0.0,0.93,0.06999999999999995,0.4,0.6,0.01,0.99
747170,2024-07-31,2024,669022,1,6.9088287,0.49427062,1.0,0.0,1.0,0.0,1.0,0.0,0.77,0.22999999999999998
747092,2024-08-01,2024,676974,7,5.869704,0.39745468,1.0,0.0,1.0,0.0,0.81,0.18999999999999995,0.04,0.96
746196,2024-08-01,2024,608334,8,3.4760532,0.30552134,0.42,0.5800000000000001,0.0,1.0,0.0,1.0,0.0,1.0
746607,2024-08-01,2024,544150,1,2.1561785,0.25720465,0.0,1.0,0.0,1.0,0.0,1.0,0.0,1.0
746607,2024-08-01,2024,594902,4,3.6567276,0.2567623,0.7,0.30000000000000004,0.0,1.0,0.0,1.0,0.0,1.0
746607,2024-08-01,2024,669432,3,5.2224145,0.37495568,1.0,0.0,0.94,0.06000000000000005,0.2,0.8,0.0,1.0
746196,2024-08-01,2024,663372,3,4.252507,0.36529103,0.96,0.040000000000000036,0.29,0.71,0.0,1.0,0.0,1.0
747092,2024-08-01,2024,450203,6,5.823015,0.55497026,1.0,0.0,1.0,0.0,0.72,0.28,0.1,0.9
746442,2024-08-01,2024,672456,3,5.248352,0.4165263,1.0,0.0,0.96,0.040000000000000036,0.24,0.76,0.0,1.0
746442,2024-08-01,2024,607625,3,4.9227524,0.48137182,1.0,0.0,0.8,0.19999999999999996,0.11,0.89,0.0,1.0
746849,2024-08-01,2024,543243,9,6.282019,0.625971,1.0,0.0,1.0,0.0,0.9,0.09999999999999998,0.37,0.63
746849,2024-08-01,2024,684007,7,6.352493,0.7570295,1.0,0.0,0.98,0.020000000000000018,0.9,0.09999999999999998,0.34,0.6599999999999999
745631,2024-08-02,2024,683155,6,3.7991345,0.3899389,0.78,0.21999999999999997,0.05,0.95,0.0,1.0,0.0,1.0
745224,2024-08-02,2024,693433,6,5.1171417,0.42237574,1.0,0.0,0.92,0.07999999999999996,0.19,0.81,0.0,1.0
746845,2024-08-02,2024,607200,4,4.590616,0.43543065,0.99,0.010000000000000009,0.55,0.44999999999999996,0.02,0.98,0.0,1.0
746443,2024-08-02,2024,666142,6,6.3872266,0.47012925,1.0,0.0,1.0,0.0,0.97,0.030000000000000027,0.4,0.6
744986,2024-08-02,2024,676710,5,5.86006,0.42340583,1.0,0.0,1.0,0.0,0.78,0.21999999999999997,0.07,0.9299999999999999
744986,2024-08-02,2024,656641,0,2.400561,0.3074981,0.0,1.0,0.0,1.0,0.0,1.0,0.0,1.0
746845,2024-08-02,2024,665871,3,4.3496513,0.47116098,0.96,0.040000000000000036,0.33,0.6699999999999999,0.01,0.99,0.0,1.0
746443,2024-08-02,2024,669373,8,6.4101453,0.56999475,1.0,0.0,1.0,0.0,0.91,0.08999999999999997,0.46,0.54
745875,2024-08-02,2024,657746,7,8.190437,0.64150524,1.0,0.0,1.0,0.0,1.0,0.0,1.0,0.0
745875,2024-08-02,2024,663436,5,3.7777452,0.3186784,0.79,0.20999999999999996,0.01,0.99,0.0,1.0,0.0,1.0
745387,2024-08-02,2024,681190,4,5.460003,0.37319466,1.0,0.0,0.99,0.010000000000000009,0.47,0.53,0.0,1.0
744825,2024-08-02,2024,663623,4,7.14907,0.57432556,1.0,0.0,1.0,0.0,1.0,0.0,0.88,0.12
745387,2024-08-02,2024,596295,6,5.3232207,0.43431035,1.0,0.0,0.97,0.030000000000000027,0.3,0.7,0.0,1.0
746605,2024-08-02,2024,665152,2,6.318928,0.61715335,1.0,0.0,1.0,0.0,0.91,0.08999999999999997,0.42,0.5800000000000001
746605,2024-08-02,2024,471911,5,4.257182,0.55021274,0.96,0.040000000000000036,0.26,0.74,0.04,0.96,0.0,1.0
744825,2024-08-02,2024,593423,5,5.7444005,0.39328763,1.0,0.0,1.0,0.0,0.73,0.27,0.02,0.98
744986,2024-08-02,2024,570632,2,3.3354077,0.40892783,0.3,0.7,0.02,0.98,0.0,1.0,0.0,1.0
746193,2024-08-02,2024,542881,3,5.1186523,0.42669332,1.0,0.0,0.93,0.06999999999999995,0.19,0.81,0.0,1.0
745719,2024-08-02,2024,592332,2,5.0906606,0.45153505,1.0,0.0,0.92,0.07999999999999996,0.16,0.84,0.0,1.0
745224,2024-08-02,2024,663969,1,3.202105,0.3688323,0.15,0.85,0.0,1.0,0.0,1.0,0.0,1.0
746193,2024-08-02,2024,621112,6,4.1234746,0.3482537,0.99,0.010000000000000009,0.14,0.86,0.0,1.0,0.0,1.0
746354,2024-08-02,2024,579328,11,7.4038324,0.5626958,1.0,0.0,1.0,0.0,1.0,0.0,0.94,0.06000000000000005
746354,2024-08-02,2024,669358,5,4.277582,0.3582536,0.99,0.010000000000000009,0.27,0.73,0.0,1.0,0.0,1.0
745631,2024-08-02,2024,694813,5,4.353576,0.4376513,0.99,0.010000000000000009,0.36,0.64,0.0,1.0,0.0,1.0
745471,2024-08-02,2024,694297,3,6.927854,0.58254576,1.0,0.0,1.0,0.0,1.0,0.0,0.81,0.18999999999999995
745471,2024-08-02,2024,682847,2,4.9304047,0.45609698,1.0,0.0,0.82,0.18000000000000005,0.09,0.91,0.0,1.0
747089,2024-08-02,2024,680885,10,6.1316223,0.43718976,1.0,0.0,1.0,0.0,0.93,0.06999999999999995,0.22,0.78
747089,2024-08-02,2024,678368,5,2.466943,0.30812117,0.0,1.0,0.0,1.0,0.0,1.0,0.0,1.0
746679,2024-08-02,2024,605483,11,9.530417,0.704653,1.0,0.0,1.0,0.0,1.0,0.0,1.0,0.0
745719,2024-08-02,2024,573186,3,2.7577436,0.33956048,0.02,0.98,0.0,1.0,0.0,1.0,0.0,1.0
746679,2024-08-02,2024,671096,8,5.065863,0.4376605,1.0,0.0,0.9,0.09999999999999998,0.14,0.86,0.01,0.99
744823,2024-08-03,2024,687792,6,4.4913344,0.39266822,1.0,0.0,0.51,0.49,0.01,0.99,0.0,1.0
746846,2024-08-03,2024,502043,7,5.4355183,0.38261345,1.0,0.0,0.99,0.010000000000000009,0.46,0.54,0.0,1.0
746358,2024-08-03,2024,669854,7,5.3035097,0.36272684,1.0,0.0,1.0,0.0,0.33,0.6699999999999999,0.0,1.0
746846,2024-08-03,2024,592791,4,4.446005,0.33135077,1.0,0.0,0.46,0.54,0.0,1.0,0.0,1.0
745388,2024-08-03,2024,685299,4,5.214072,0.41803005,1.0,0.0,0.95,0.050000000000000044,0.23,0.77,0.0,1.0
746608,2024-08-03,2024,621107,3,4.444719,0.35416886,1.0,0.0,0.44,0.56,0.0,1.0,0.0,1.0
746608,2024-08-03,2024,675540,2,2.729637,0.26131406,0.0,1.0,0.0,1.0,0.0,1.0,0.0,1.0
745388,2024-08-03,2024,527048,7,4.8974905,0.4054142,1.0,0.0,0.8,0.19999999999999996,0.07,0.9299999999999999,0.0,1.0
746194,2024-08-03,2024,667755,6,5.239366,0.5306257,1.0,0.0,0.92,0.07999999999999996,0.24,0.76,0.01,0.99
745714,2024-08-03,2024,607074,8,7.687564,0.60653704,1.0,0.0,1.0,0.0,1.0,0.0,0.98,0.020000000000000018
745714,2024-08-03,2024,621244,6,5.337747,0.39510328,1.0,0.0,1.0,0.0,0.35,0.65,0.0,1.0
746194,2024-08-03,2024,656849,4,3.0499392,0.33451596,0.08,0.92,0.0,1.0,0.0,1.0,0.0,1.0
745636,2024-08-03,2024,687765,6,6.1816998,0.53944314,1.0,0.0,1.0,0.0,0.91,0.08999999999999997,0.28,0.72
746608,2024-08-03,2024,676282,4,4.6829295,0.41955504,1.0,0.0,0.72,0.28,0.04,0.96,0.0,1.0
745636,2024-08-03,2024,656427,7,6.052728,0.49943557,1.0,0.0,1.0,0.0,0.85,0.15000000000000002,0.23,0.77
745225,2024-08-03,2024,663465,4,2.8189273,0.24335866,0.01,0.99,0.0,1.0,0.0,1.0,0.0,1.0
744987,2024-08-03,2024,674003,5,2.9051762,0.27091333,0.02,0.98,0.0,1.0,0.0,1.0,0.0,1.0
747087,2024-08-03,2024,445926,3,2.229097,0.37445483,0.0,1.0,0.0,1.0,0.0,1.0,0.0,1.0
747087,2024-08-03,2024,656550,4,4.165958,0.3617694,0.97,0.030000000000000027,0.16,0.84,0.0,1.0,0.0,1.0
747087,2024-08-03,2024,667725,2,3.3675013,0.33752644,0.32,0.6799999999999999,0.0,1.0,0.0,1.0,0.0,1.0
746440,2024-08-03,2024,547179,5,4.792612,0.32202753,1.0,0.0,0.87,0.13,0.01,0.99,0.0,1.0
746440,2024-08-03,2024,628317,4,4.8633986,0.35541707,1.0,0.0,0.86,0.14,0.05,0.95,0.0,1.0
744987,2024-08-03,2024,656557,7,7.189915,0.58503413,1.0,0.0,1.0,0.0,1.0,0.0,0.85,0.15000000000000002
744823,2024-08-03,2024,650644,3,4.8603086,0.3225913,1.0,0.0,0.9,0.09999999999999998,0.02,0.98,0.0,1.0
746681,2024-08-03,2024,668881,11,7.491329,0.5007401,1.0,0.0,1.0,0.0,1.0,0.0,0.97,0.030000000000000027
745225,2024-08-03,2024,682243,4,5.758283,0.50520563,1.0,0.0,1.0,0.0,0.69,0.31000000000000005,0.07,0.9299999999999999
746681,2024-08-03,2024,690986,4,2.3353925,0.3626682,0.0,1.0,0.0,1.0,0.0,1.0,0.0,1.0
745474,2024-08-03,2024,656605,4,3.7602155,0.2605126,0.83,0.17000000000000004,0.0,1.0,0.0,1.0,0.0,1.0
745474,2024-08-03,2024,656756,3,2.9149065,0.32944953,0.04,0.96,0.0,1.0,0.0,1.0,0.0,1.0
745876,2024-08-03,2024,657053,3,3.304366,0.44018918,0.3,0.7,0.01,0.99,0.0,1.0,0.0,1.0
745876,2024-08-03,2024,676979,2,5.6695323,0.53298897,1.0,0.0,0.98,0.020000000000000018,0.6,0.4,0.09,0.91
746358,2024-08-03,2024,641793,3,3.676775,0.34015125,0.66,0.33999999999999997,0.0,1.0,0.0,1.0,0.0,1.0
745474,2024-08-03,2024,677944,3,3.2823813,0.44160214,0.32,0.6799999999999999,0.0,1.0,0.0,1.0,0.0,1.0
745876,2024-08-03,2024,641927,7,4.3816714,0.3374521,1.0,0.0,0.31,0.69,0.0,1.0,0.0,1.0
745384,2024-08-04,2024,663362,7,5.2983813,1.4334142,0.91,0.08999999999999997,0.7,0.30000000000000004,0.42,0.5800000000000001,0.2,0.8
747088,2024-08-04,2024,665795,8,6.306015,0.5267253,1.0,0.0,1.0,0.0,0.92,0.07999999999999996,0.37,0.63
746680,2024-08-04,2024,592662,9,5.139494,0.45450962,1.0,0.0,0.94,0.06000000000000005,0.24,0.76,0.0,1.0
745468,2024-08-04,2024,669194,7,6.1101723,0.48855376,1.0,0.0,1.0,0.0,0.88,0.12,0.22,0.78
745468,2024-08-04,2024,694973,4,6.931566,0.6155233,1.0,0.0,1.0,0.0,0.99,0.010000000000000009,0.72,0.28
747088,2024-08-04,2024,608331,6,4.520626,0.4070663,1.0,0.0,0.52,0.48,0.0,1.0,0.0,1.0
746439,2024-08-04,2024,608379,2,4.545175,0.38523856,1.0,0.0,0.6,0.4,0.0,1.0,0.0,1.0
746356,2024-08-04,2024,681293,12,6.7055526,0.5235678,1.0,0.0,1.0,0.0,1.0,0.0,0.63,0.37
745627,2024-08-04,2024,674370,6,6.0853286,0.46618634,1.0,0.0,1.0,0.0,0.91,0.08999999999999997,0.17,0.83
744979,2024-08-04,2024,543135,7,7.0626416,0.66744506,1.0,0.0,1.0,0.0,1.0,0.0,0.78,0.21999999999999997
746844,2024-08-04,2024,571945,3,5.1317286,0.4101848,1.0,0.0,0.95,0.050000000000000044,0.17,0.83,0.01,0.99
744979,2024-08-04,2024,601713,5,3.9691896,0.4275155,0.89,0.10999999999999999,0.13,0.87,0.0,1.0,0.0,1.0
746191,2024-08-04,2024,656288,8,5.011125,0.40775585,1.0,0.0,0.9,0.09999999999999998,0.12,0.88,0.0,1.0
746844,2024-08-04,2024,657006,6,5.106933,0.3731872,1.0,0.0,0.96,0.040000000000000036,0.13,0.87,0.0,1.0
745384,2024-08-04,2024,615698,2,4.1924734,0.40083003,0.94,0.06000000000000005,0.22,0.78,0.0,1.0,0.0,1.0
746356,2024-08-04,2024,641302,5,2.439169,0.25202775,0.0,1.0,0.0,1.0,0.0,1.0,0.0,1.0
746191,2024-08-04,2024,500779,4,4.41864,0.36994833,0.99,0.010000000000000009,0.41,0.5900000000000001,0.01,0.99,0.0,1.0
746680,2024-08-04,2024,686730,5,4.565596,0.33916774,1.0,0.0,0.6,0.4,0.0,1.0,0.0,1.0
745718,2024-08-04,2024,543037,4,6.986209,0.5166116,1.0,0.0,1.0,0.0,1.0,0.0,0.84,0.16000000000000003
746606,2024-08-04,2024,687362,3,2.627908,0.23993465,0.0,1.0,0.0,1.0,0.0,1.0,0.0,1.0
745718,2024-08-04,2024,684320,4,4.9171042,0.3257688,1.0,0.0,0.9,0.09999999999999998,0.04,0.96,0.0,1.0
746606,2024-08-04,2024,668909,8,5.4750047,0.45747364,1.0,0.0,1.0,0.0,0.49,0.51,0.01,0.99
745222,2024-08-04,2024,669302,7,7.1122894,0.5671925,1.0,0.0,1.0,0.0,1.0,0.0,0.84,0.16000000000000003
745222,2024-08-04,2024,554430,9,6.422522,0.4405945,1.0,0.0,1.0,0.0,0.98,0.020000000000000018,0.38,0.62
745879,2024-08-04,2024,680573,6,4.7979393,0.35812464,1.0,0.0,0.8,0.19999999999999996,0.03,0.97,0.0,1.0
746606,2024-08-04,2024,669203,4,6.7278314,0.52398527,1.0,0.0,1.0,0.0,0.99,0.010000000000000009,0.67,0.32999999999999996
744826,2024-08-04,2024,668964,2,3.0258853,0.25463936,0.04,0.96,0.0,1.0,0.0,1.0,0.0,1.0
745879,2024-08-04,2024,671111,4,1.7917185,0.21294235,0.0,1.0,0.0,1.0,0.0,1.0,0.0,1.0
747088,2024-08-04,2024,592426,5,2.691829,0.34390938,0.01,0.99,0.0,1.0,0.0,1.0,0.0,1.0
745627,2024-08-04,2024,689981,4,4.8322864,0.323536,1.0,0.0,0.86,0.14,0.02,0.98,0.0,1.0
745879,2024-08-04,2024,623167,3,3.3027468,0.2752163,0.25,0.75,0.0,1.0,0.0,1.0,0.0,1.0
744826,2024-08-04,2024,680730,3,4.467573,0.43592617,1.0,0.0,0.47,0.53,0.01,0.99,0.0,1.0
745628,2024-08-05,2024,681066,3,3.7283552,0.29779935,0.78,0.21999999999999997,0.01,0.99,0.0,1.0,0.0,1.0
746600,2024-08-05,2024,671106,2,4.029912,0.35959333,0.93,0.06999999999999995,0.12,0.88,0.0,1.0,0.0,1.0
746600,2024-08-05,2024,668678,4,5.2375197,0.47308195,1.0,0.0,0.92,0.07999999999999996,0.28,0.72,0.01,0.99
744821,2024-08-05,2024,657277,4,5.487932,0.5686014,1.0,0.0,0.97,0.030000000000000027,0.48,0.52,0.06,0.94
746116,2024-08-05,2024,607192,9,7.2233915,0.624484,1.0,0.0,1.0,0.0,1.0,0.0,0.86,0.14
744982,2024-08-05,2024,571760,4,3.6690338,0.41072848,0.69,0.31000000000000005,0.04,0.96,0.0,1.0,0.0,1.0
746276,2024-08-05,2024,572020,4,4.956391,0.48869053,1.0,0.0,0.84,0.16000000000000003,0.12,0.88,0.0,1.0
745628,2024-08-05,2024,676664,5,3.749665,0.320948,0.79,0.20999999999999996,0.0,1.0,0.0,1.0,0.0,1.0
746116,2024-08-05,2024,605400,4,6.4548244,0.4611499,1.0,0.0,1.0,0.0,0.99,0.010000000000000009,0.44,0.56
744821,2024-08-05,2024,571578,6,5.0643454,0.3756249,1.0,0.0,0.93,0.06999999999999995,0.11,0.89,0.0,1.0
744982,2024-08-05,2024,686613,4,4.396487,0.36763194,0.99,0.010000000000000009,0.41,0.5900000000000001,0.0,1.0,0.0,1.0
746276,2024-08-05,2024,663903,6,6.2774243,0.46550673,1.0,0.0,1.0,0.0,0.98,0.020000000000000018,0.31,0.69
746038,2024-08-05,2024,607259,5,3.7585075,0.31322917,0.76,0.24,0.0,1.0,0.0,1.0,0.0,1.0
745184,2024-08-05,2024,640455,10,7.12405,0.6103296,1.0,0.0,1.0,0.0,1.0,0.0,0.88,0.12
746038,2024-08-05,2024,682610,2,3.5962427,0.33137468,0.66,0.33999999999999997,0.0,1.0,0.0,1.0,0.0,1.0
746847,2024-08-05,2024,701581,9,4.2225327,0.48129272,0.93,0.06999999999999995,0.31,0.69,0.01,0.99,0.0,1.0
746847,2024-08-05,2024,543294,5,4.7977595,0.45189497,1.0,0.0,0.72,0.28,0.07,0.9299999999999999,0.0,1.0
746038,2024-08-05,2024,641312,2,2.4620013,0.3084388,0.0,1.0,0.0,1.0,0.0,1.0,0.0,1.0
746038,2024-08-05,2024,596001,1,2.168307,0.28451335,0.0,1.0,0.0,1.0,0.0,1.0,0.0,1.0
745184,2024-08-05,2024,669467,2,5.4617825,0.418237,1.0,0.0,0.99,0.010000000000000009,0.48,0.52,0.0,1.0
745221,2024-08-06,2024,622491,9,5.4284754,0.41016805,1.0,0.0,0.98,0.020000000000000018,0.4,0.6,0.0,1.0
744817,2024-08-06,2024,806185,1,4.517943,0.53337735,0.99,0.010000000000000009,0.47,0.53,0.08,0.92,0.0,1.0
747086,2024-08-06,2024,445926,1,2.6410205,0.38065836,0.02,0.98,0.0,1.0,0.0,1.0,0.0,1.0
744817,2024-08-06,2024,678495,3,3.0820827,0.29724082,0.08,0.92,0.0,1.0,0.0,1.0,0.0,1.0
745629,2024-08-06,2024,686563,5,4.510563,0.42683873,1.0,0.0,0.53,0.47,0.01,0.99,0.0,1.0
746273,2024-08-06,2024,678394,6,5.8098903,0.57116705,1.0,0.0,1.0,0.0,0.67,0.32999999999999996,0.11,0.89
746840,2024-08-06,2024,684007,10,6.1174483,0.7997561,1.0,0.0,0.98,0.020000000000000018,0.77,0.22999999999999998,0.31,0.69
746840,2024-08-06,2024,677976,1,2.3036544,0.3973317,0.0,1.0,0.0,1.0,0.0,1.0,0.0,1.0
745141,2024-08-06,2024,543243,6,6.787676,0.5485204,1.0,0.0,1.0,0.0,0.96,0.040000000000000036,0.73,0.27
747086,2024-08-06,2024,607067,9,5.2094274,0.38048536,1.0,0.0,0.97,0.030000000000000027,0.23,0.77,0.0,1.0
746033,2024-08-06,2024,666157,7,7.0851855,0.53519505,1.0,0.0,1.0,0.0,1.0,0.0,0.91,0.08999999999999997
744817,2024-08-06,2024,663546,3,2.8033547,0.4213777,0.05,0.95,0.0,1.0,0.0,1.0,0.0,1.0
744983,2024-08-06,2024,664285,5,8.475385,0.685688,1.0,0.0,1.0,0.0,1.0,0.0,1.0,0.0
747086,2024-08-06,2024,693821,6,3.4794464,0.29859212,0.5,0.5,0.0,1.0,0.0,1.0,0.0,1.0
746033,2024-08-06,2024,670766,3,2.3811698,0.26775885,0.0,1.0,0.0,1.0,0.0,1.0,0.0,1.0
746033,2024-08-06,2024,676974,2,2.5294135,0.36239266,0.01,0.99,0.0,1.0,0.0,1.0,0.0,1.0
744983,2024-08-06,2024,641816,2,4.8863225,0.36583713,1.0,0.0,0.84,0.16000000000000003,0.05,0.95,0.0,1.0
744983,2024-08-06,2024,641540,2,2.584425,0.33591703,0.0,1.0,0.0,1.0,0.0,1.0,0.0,1.0
746840,2024-08-06,2024,641154,2,5.500569,0.3575845,1.0,0.0,1.0,0.0,0.43,0.5700000000000001,0.0,1.0
744817,2024-08-06,2024,669022,6,6.634607,0.50932693,1.0,0.0,1.0,0.0,0.98,0.020000000000000018,0.56,0.43999999999999995
745221,2024-08-06,2024,672456,8,4.937955,0.3597929,1.0,0.0,0.9,0.09999999999999998,0.05,0.95,0.0,1.0
746120,2024-08-06,2024,650911,2,5.8407507,0.607822,1.0,0.0,0.99,0.010000000000000009,0.7,0.30000000000000004,0.14,0.86
746120,2024-08-06,2024,641703,1,4.86016,1.4665827,0.82,0.18000000000000005,0.55,0.44999999999999996,0.29,0.71,0.18,0.8200000000000001
745467,2024-08-06,2024,663765,1,2.8476639,0.39215893,0.09,0.91,0.0,1.0,0.0,1.0,0.0,1.0
746120,2024-08-06,2024,477132,5,5.216354,0.4283684,1.0,0.0,0.94,0.06000000000000005,0.27,0.73,0.0,1.0
745141,2024-08-06,2024,605488,3,4.8755016,0.4256883,1.0,0.0,0.8,0.19999999999999996,0.07,0.9299999999999999,0.0,1.0
745467,2024-08-06,2024,663773,3,2.5293899,0.38944152,0.0,1.0,0.0,1.0,0.0,1.0,0.0,1.0
746519,2024-08-06,2024,622663,5,6.009281,0.50787175,1.0,0.0,1.0,0.0,0.82,0.18000000000000005,0.16,0.84
745467,2024-08-06,2024,693312,1,2.8030708,0.33505672,0.02,0.98,0.0,1.0,0.0,1.0,0.0,1.0
746519,2024-08-06,2024,607536,7,4.284031,0.41228083,0.96,0.040000000000000036,0.33,0.6699999999999999,0.0,1.0,0.0,1.0
746273,2024-08-06,2024,607625,4,6.1624827,0.5317073,1.0,0.0,1.0,0.0,0.91,0.08999999999999997,0.29,0.71
744901,2024-08-06,2024,544150,6,4.0756016,0.31445116,0.97,0.030000000000000027,0.12,0.88,0.0,1.0,0.0,1.0
744901,2024-08-06,2024,605135,9,5.488123,0.43440884,1.0,0.0,0.99,0.010000000000000009,0.51,0.49,0.0,1.0
745629,2024-08-06,2024,548389,2,4.108076,0.32505167,0.99,0.010000000000000009,0.11,0.89,0.0,1.0,0.0,1.0
744822,2024-08-07,2024,663623,4,5.990956,0.48179445,1.0,0.0,1.0,0.0,0.87,0.13,0.13,0.87
746272,2024-08-07,2024,676710,3,5.755624,0.48935813,1.0,0.0,0.99,0.010000000000000009,0.71,0.29000000000000004,0.06,0.94
747085,2024-08-07,2024,519242,10,7.250747,0.43695676,1.0,0.0,1.0,0.0,1.0,0.0,0.96,0.040000000000000036
745630,2024-08-07,2024,683155,4,6.3438673,0.5021851,1.0,0.0,1.0,0.0,0.95,0.050000000000000044,0.39,0.61
746842,2024-08-07,2024,680739,3,1.9871198,0.31826088,0.0,1.0,0.0,1.0,0.0,1.0,0.0,1.0
746842,2024-08-07,2024,670950,0,2.7725925,0.31324336,0.01,0.99,0.0,1.0,0.0,1.0,0.0,1.0
745630,2024-08-07,2024,663436,4,4.556747,0.32954085,1.0,0.0,0.56,0.43999999999999995,0.0,1.0,0.0,1.0
746115,2024-08-07,2024,663969,3,4.2800374,0.3873239,1.0,0.0,0.26,0.74,0.01,0.99,0.0,1.0
746115,2024-08-07,2024,694813,2,4.4293814,0.31689852,0.99,0.010000000000000009,0.42,0.5800000000000001,0.0,1.0,0.0,1.0
746842,2024-08-07,2024,665871,1,3.509515,0.2716199,0.56,0.43999999999999995,0.0,1.0,0.0,1.0,0.0,1.0
744981,2024-08-07,2024,570632,0,2.187305,0.29361472,0.0,1.0,0.0,1.0,0.0,1.0,0.0,1.0
746272,2024-08-07,2024,666142,7,6.3303337,0.49855208,1.0,0.0,1.0,0.0,0.97,0.030000000000000027,0.35,0.65
746031,2024-08-07,2024,678368,4,4.1002417,0.32477054,0.96,0.040000000000000036,0.13,0.87,0.0,1.0,0.0,1.0
746031,2024-08-07,2024,671096,7,7.3432784,0.55043423,1.0,0.0,1.0,0.0,0.99,0.010000000000000009,0.93,0.06999999999999995
744981,2024-08-07,2024,579328,8,7.622853,0.5072469,1.0,0.0,1.0,0.0,1.0,0.0,0.98,0.020000000000000018
744822,2024-08-07,2024,605483,8,6.621607,0.47987574,1.0,0.0,1.0,0.0,1.0,0.0,0.57,0.43000000000000005
747085,2024-08-07,2024,642547,6,6.2716107,0.39037317,1.0,0.0,1.0,0.0,0.98,0.020000000000000018,0.28,0.72
746521,2024-08-07,2024,621112,6,5.925936,0.47257236,1.0,0.0,1.0,0.0,0.84,0.16000000000000003,0.11,0.89
746521,2024-08-07,2024,663562,3,3.0982523,0.29372895,0.07,0.9299999999999999,0.0,1.0,0.0,1.0,0.0,1.0
745142,2024-08-07,2024,671737,3,5.0724206,0.5061944,1.0,0.0,0.88,0.12,0.2,0.8,0.0,1.0
745142,2024-08-07,2024,607200,6,5.1641994,0.43964446,1.0,0.0,0.95,0.050000000000000044,0.22,0.78,0.0,1.0
745469,2024-08-07,2024,650633,7,5.2919054,0.39699265,1.0,0.0,1.0,0.0,0.33,0.6699999999999999,0.0,1.0
745469,2024-08-07,2024,594835,3,3.8975518,0.37819156,0.85,0.15000000000000002,0.06,0.94,0.0,1.0,0.0,1.0
745709,2024-08-07,2024,661563,6,7.7295365,0.56796384,1.0,0.0,1.0,0.0,1.0,0.0,0.99,0.010000000000000009
745709,2024-08-07,2024,669721,4,3.8347313,0.28400868,0.87,0.13,0.01,0.99,0.0,1.0,0.0,1.0
744903,2024-08-07,2024,670102,7,5.9901752,0.66211665,1.0,0.0,0.99,0.010000000000000009,0.79,0.20999999999999996,0.22,0.78
745223,2024-08-07,2024,669923,7,6.0226707,0.40246177,1.0,0.0,1.0,0.0,0.91,0.08999999999999997,0.11,0.89
745223,2024-08-07,2024,669373,9,8.303349,0.62280995,1.0,0.0,1.0,0.0,1.0,0.0,1.0,0.0
746604,2024-08-07,2024,694297,6,5.6875453,0.39965472,1.0,0.0,1.0,0.0,0.69,0.31000000000000005,0.01,0.99
746602,2024-08-07,2024,471911,5,3.5476158,0.4773997,0.49,0.51,0.04,0.96,0.0,1.0,0.0,1.0
746602,2024-08-07,2024,593958,1,2.250625,0.26721248,0.0,1.0,0.0,1.0,0.0,1.0,0.0,1.0
746604,2024-08-07,2024,594902,2,3.8985083,0.27237743,0.94,0.06000000000000005,0.02,0.98,0.0,1.0,0.0,1.0
744903,2024-08-07,2024,669432,2,5.353186,0.48637798,1.0,0.0,0.97,0.030000000000000027,0.37,0.63,0.01,0.99
745713,2024-08-07,2024,608334,1,4.727799,0.3734305,1.0,0.0,0.77,0.22999999999999998,0.01,0.99,0.0,1.0
745713,2024-08-07,2024,701542,6,5.1346955,0.45755213,1.0,0.0,0.92,0.07999999999999996,0.27,0.73,0.0,1.0
745466,2024-08-08,2024,682847,3,5.483852,0.404713,1.0,0.0,1.0,0.0,0.41,0.5900000000000001,0.01,0.99
746522,2024-08-08,2024,663567,3,2.7843618,0.28308144,0.0,1.0,0.0,1.0,0.0,1.0,0.0,1.0
746522,2024-08-08,2024,683627,2,2.539224,0.28752562,0.0,1.0,0.0,1.0,0.0,1.0,0.0,1.0
745466,2024-08-08,2024,681190,3,4.794489,0.39835393,1.0,0.0,0.74,0.26,0.04,0.96,0.0,1.0
746522,2024-08-08,2024,596295,1,2.314112,0.2571548,0.0,1.0,0.0,1.0,0.0,1.0,0.0,1.0
745710,2024-08-08,2024,641482,2,4.7399974,0.3905477,1.0,0.0,0.75,0.25,0.03,0.97,0.0,1.0
745143,2024-08-08,2024,502043,6,4.9067626,0.38789085,1.0,0.0,0.86,0.14,0.06,0.94,0.0,1.0
746522,2024-08-08,2024,656849,5,4.594095,0.34654912,1.0,0.0,0.65,0.35,0.0,1.0,0.0,1.0
745226,2024-08-08,2024,676614,4,2.5078628,0.23245826,0.0,1.0,0.0,1.0,0.0,1.0,0.0,1.0
745226,2024-08-08,2024,693433,7,5.4748096,0.3933722,1.0,0.0,1.0,0.0,0.48,0.52,0.0,1.0
744819,2024-08-08,2024,687792,4,3.824516,0.39808977,0.79,0.20999999999999996,0.06,0.94,0.0,1.0,0.0,1.0
744819,2024-08-08,2024,690986,3,1.8820947,0.33901525,0.0,1.0,0.0,1.0,0.0,1.0,0.0,1.0
745710,2024-08-08,2024,542881,7,3.7276566,0.32932234,0.75,0.25,0.0,1.0,0.0,1.0,0.0,1.0
745143,2024-08-08,2024,669358,2,5.1115713,0.35627756,1.0,0.0,0.96,0.040000000000000036,0.1,0.9,0.0,1.0
747169,2024-08-08,2024,656756,4,6.768825,0.5971242,1.0,0.0,1.0,0.0,0.99,0.010000000000000009,0.66,0.33999999999999997
747081,2024-08-08,2024,450203,3,5.486272,0.5046308,1.0,0.0,0.99,0.010000000000000009,0.46,0.54,0.0,1.0
747169,2024-08-08,2024,663465,3,3.0026073,0.23125762,0.0,1.0,0.0,1.0,0.0,1.0,0.0,1.0
746030,2024-08-08,2024,668881,5,7.8540277,0.6718609,1.0,0.0,1.0,0.0,1.0,0.0,0.98,0.020000000000000018
744899,2024-08-08,2024,665152,6,5.4746203,0.5319814,1.0,0.0,0.99,0.010000000000000009,0.47,0.53,0.02,0.98
746030,2024-08-08,2024,667725,3,4.8391676,0.46092102,1.0,0.0,0.72,0.28,0.07,0.9299999999999999,0.0,1.0
747081,2024-08-08,2024,669060,3,2.4326217,0.3444067,0.01,0.99,0.0,1.0,0.0,1.0,0.0,1.0
747081,2024-08-08,2024,593423,7,5.8426943,0.39912793,1.0,0.0,1.0,0.0,0.81,0.18999999999999995,0.04,0.96
747081,2024-08-08,2024,592426,1,2.9125595,0.44097224,0.09,0.91,0.0,1.0,0.0,1.0,0.0,1.0
744899,2024-08-08,2024,592332,2,6.598565,0.65467644,1.0,0.0,1.0,0.0,0.95,0.050000000000000044,0.53,0.47
747169,2024-08-08,2024,677944,2,3.9893236,0.41773358,0.94,0.06000000000000005,0.11,0.89,0.0,1.0,0.0,1.0
747081,2024-08-08,2024,670161,3,3.3203738,0.26995254,0.29,0.71,0.0,1.0,0.0,1.0,0.0,1.0
745308,2024-08-09,2024,592662,7,6.2581353,0.52483207,1.0,0.0,1.0,0.0,0.94,0.06000000000000005,0.3,0.7
746032,2024-08-09,2024,527048,6,4.855438,0.41331574,1.0,0.0,0.8,0.19999999999999996,0.05,0.95,0.0,1.0
746032,2024-08-09,2024,665795,4,6.6668444,0.61700195,1.0,0.0,1.0,0.0,0.98,0.020000000000000018,0.64,0.36
747168,2024-08-09,2024,669194,9,7.307352,0.6206314,1.0,0.0,1.0,0.0,0.99,0.010000000000000009,0.88,0.12
746760,2024-08-09,2024,676979,5,4.408491,0.42562914,0.99,0.010000000000000009,0.45,0.55,0.0,1.0,0.0,1.0
746927,2024-08-09,2024,656557,1,5.263419,0.49843562,1.0,0.0,0.95,0.050000000000000044,0.28,0.72,0.01,0.99
745308,2024-08-09,2024,628317,2,3.7350762,0.39227417,0.67,0.32999999999999996,0.01,0.99,0.0,1.0,0.0,1.0
745957,2024-08-09,2024,650644,5,5.584676,0.41962954,1.0,0.0,0.99,0.010000000000000009,0.57,0.43000000000000005,0.03,0.97
746760,2024-08-09,2024,657053,6,3.033208,0.3697429,0.09,0.91,0.0,1.0,0.0,1.0,0.0,1.0
745871,2024-08-09,2024,502171,1,3.9747388,0.43804848,0.83,0.17000000000000004,0.11,0.89,0.0,1.0,0.0,1.0
745871,2024-08-09,2024,686973,4,4.330928,0.35711598,1.0,0.0,0.31,0.69,0.0,1.0,0.0,1.0
746927,2024-08-09,2024,669854,5,5.04237,0.420884,1.0,0.0,0.91,0.08999999999999997,0.1,0.9,0.0,1.0
747168,2024-08-09,2024,554430,8,6.4053082,0.4530889,1.0,0.0,1.0,0.0,0.98,0.020000000000000018,0.43,0.5700000000000001
746760,2024-08-09,2024,592791,4,5.0272975,0.38848165,1.0,0.0,0.9,0.09999999999999998,0.09,0.91,0.0,1.0
744900,2024-08-09,2024,621244,8,6.330906,0.47226363,1.0,0.0,1.0,0.0,0.96,0.040000000000000036,0.35,0.65
746113,2024-08-09,2024,656605,5,6.1044865,0.39499158,1.0,0.0,1.0,0.0,0.92,0.07999999999999996,0.16,0.84
744900,2024-08-09,2024,687765,2,4.279573,0.57632995,0.95,0.050000000000000044,0.34,0.6599999999999999,0.02,0.98,0.0,1.0
745062,2024-08-09,2024,621107,7,4.8663516,0.3098631,1.0,0.0,0.89,0.10999999999999999,0.03,0.97,0.0,1.0
744818,2024-08-09,2024,680730,5,5.385219,0.5259514,1.0,0.0,0.94,0.06000000000000005,0.47,0.53,0.01,0.99
744818,2024-08-09,2024,667755,7,4.026242,0.47842053,0.88,0.12,0.17,0.83,0.0,1.0,0.0,1.0
746275,2024-08-09,2024,547179,3,5.2715816,0.3486874,1.0,0.0,0.99,0.010000000000000009,0.26,0.74,0.0,1.0
745220,2024-08-09,2024,682243,6,5.613552,0.44308037,1.0,0.0,1.0,0.0,0.61,0.39,0.03,0.97
745220,2024-08-09,2024,500779,8,6.8007655,0.63552797,1.0,0.0,1.0,0.0,0.98,0.020000000000000018,0.69,0.31000000000000005
745957,2024-08-09,2024,686730,7,5.458826,0.40702844,1.0,0.0,1.0,0.0,0.5,0.5,0.01,0.99
745062,2024-08-09,2024,641793,5,4.951859,0.41655722,1.0,0.0,0.89,0.10999999999999999,0.11,0.89,0.0,1.0
745927,2024-08-09,2024,641927,9,7.061628,0.5852217,1.0,0.0,1.0,0.0,1.0,0.0,0.84,0.16000000000000003
746275,2024-08-09,2024,571945,3,4.0204983,0.46855906,0.85,0.15000000000000002,0.16,0.84,0.0,1.0,0.0,1.0
745927,2024-08-09,2024,676282,2,4.4930882,0.38561648,1.0,0.0,0.51,0.49,0.0,1.0,0.0,1.0
746113,2024-08-09,2024,656427,10,8.04993,0.62506896,1.0,0.0,1.0,0.0,1.0,0.0,0.98,0.020000000000000018
746523,2024-08-09,2024,656550,8,7.647993,0.4864276,1.0,0.0,1.0,0.0,1.0,0.0,0.98,0.020000000000000018
746113,2024-08-09,2024,593334,3,4.386349,0.4232895,0.99,0.010000000000000009,0.38,0.62,0.0,1.0,0.0,1.0
745308,2024-08-09,2024,689225,5,2.9507794,0.28569764,0.02,0.98,0.0,1.0,0.0,1.0,0.0,1.0
746523,2024-08-09,2024,685299,7,4.4151077,0.33455375,1.0,0.0,0.39,0.61,0.0,1.0,0.0,1.0
745219,2024-08-10,2024,669302,6,6.2628813,0.46537685,1.0,0.0,1.0,0.0,0.97,0.030000000000000027,0.28,0.72
747164,2024-08-10,2024,668678,3,5.79245,0.50308573,1.0,0.0,0.99,0.010000000000000009,0.77,0.22999999999999998,0.12,0.88
746112,2024-08-10,2024,621294,4,2.1557136,0.3314097,0.0,1.0,0.0,1.0,0.0,1.0,0.0,1.0
744820,2024-08-10,2024,571578,2,5.6623836,0.44185948,1.0,0.0,1.0,0.0,0.64,0.36,0.04,0.96
746112,2024-08-10,2024,689981,4,3.557688,0.2940234,0.53,0.47,0.0,1.0,0.0,1.0,0.0,1.0
746112,2024-08-10,2024,694973,8,7.127306,0.58921057,1.0,0.0,1.0,0.0,1.0,0.0,0.85,0.15000000000000002
745219,2024-08-10,2024,640455,3,4.535798,0.44199714,0.98,0.020000000000000018,0.58,0.42000000000000004,0.03,0.97,0.0,1.0
746520,2024-08-10,2024,608331,9,5.8729024,0.47087622,1.0,0.0,1.0,0.0,0.81,0.18999999999999995,0.1,0.9
744820,2024-08-10,2024,656288,0,4.61676,0.33278242,1.0,0.0,0.63,0.37,0.0,1.0,0.0,1.0
746520,2024-08-10,2024,641712,1,3.2025135,0.40128878,0.22,0.78,0.0,1.0,0.0,1.0,0.0,1.0
747164,2024-08-10,2024,605400,4,5.3125563,0.42555642,1.0,0.0,0.99,0.010000000000000009,0.38,0.62,0.0,1.0
745955,2024-08-10,2024,607259,7,4.7029514,0.35251737,1.0,0.0,0.69,0.31000000000000005,0.02,0.98,0.0,1.0
746761,2024-08-10,2024,657006,8,6.3953032,0.5082548,1.0,0.0,1.0,0.0,0.95,0.050000000000000044,0.47,0.53
746922,2024-08-10,2024,681293,13,5.4160686,0.39609087,1.0,0.0,0.99,0.010000000000000009,0.47,0.53,0.0,1.0
746922,2024-08-10,2024,641745,6,3.144164,0.21961018,0.05,0.95,0.0,1.0,0.0,1.0,0.0,1.0
745304,2024-08-10,2024,676428,5,4.6180916,0.39513773,1.0,0.0,0.58,0.42000000000000004,0.01,0.99,0.0,1.0
745304,2024-08-10,2024,657277,8,7.3586683,0.6274283,1.0,0.0,1.0,0.0,1.0,0.0,0.92,0.07999999999999996
744897,2024-08-10,2024,674370,5,5.120298,0.3559101,1.0,0.0,0.97,0.030000000000000027,0.17,0.83,0.0,1.0
746026,2024-08-10,2024,682610,3,4.7066965,0.3077265,1.0,0.0,0.74,0.26,0.01,0.99,0.0,1.0
746026,2024-08-10,2024,663362,5,5.133024,1.3396735,0.91,0.08999999999999997,0.65,0.35,0.31,0.69,0.14,0.86
745873,2024-08-10,2024,668909,3,4.482478,0.3655289,1.0,0.0,0.51,0.49,0.0,1.0,0.0,1.0
746520,2024-08-10,2024,663562,1,2.293437,0.3303685,0.0,1.0,0.0,1.0,0.0,1.0,0.0,1.0
745056,2024-08-10,2024,641302,3,4.5514455,0.4033611,0.99,0.010000000000000009,0.53,0.47,0.0,1.0,0.0,1.0
745056,2024-08-10,2024,669203,5,6.903262,0.5988087,1.0,0.0,1.0,0.0,0.98,0.020000000000000018,0.75,0.25
745873,2024-08-10,2024,680573,7,5.500009,0.3813554,1.0,0.0,1.0,0.0,0.51,0.49,0.0,1.0
745708,2024-08-10,2024,543037,10,6.5130415,0.46842036,1.0,0.0,1.0,0.0,0.99,0.010000000000000009,0.51,0.49
746761,2024-08-10,2024,623167,1,2.7608979,0.25705838,0.0,1.0,0.0,1.0,0.0,1.0,0.0,1.0
745712,2024-08-10,2024,681982,3,3.120236,0.24816246,0.08,0.92,0.0,1.0,0.0,1.0,0.0,1.0
745712,2024-08-10,2024,656271,2,3.6312034,0.33901882,0.64,0.36,0.01,0.99,0.0,1.0,0.0,1.0
745712,2024-08-10,2024,607074,6,8.552662,0.56925446,1.0,0.0,1.0,0.0,1.0,0.0,1.0,0.0
745955,2024-08-10,2024,668964,9,6.200075,0.46485242,1.0,0.0,1.0,0.0,0.93,0.06999999999999995,0.22,0.78
745712,2024-08-10,2024,543135,4,4.8101387,0.4982786,1.0,0.0,0.75,0.25,0.07,0.9299999999999999,0.0,1.0
744897,2024-08-10,2024,684320,5,4.405735,0.3384661,0.98,0.020000000000000018,0.43,0.5700000000000001,0.0,1.0,0.0,1.0
746269,2024-08-10,2024,608379,6,5.403564,0.3701659,1.0,0.0,0.99,0.010000000000000009,0.38,0.62,0.0,1.0
745708,2024-08-10,2024,674003,7,4.2353005,0.4100876,0.99,0.010000000000000009,0.28,0.72,0.0,1.0,0.0,1.0
746269,2024-08-10,2024,669467,4,6.4736586,0.48321128,1.0,0.0,1.0,0.0,0.99,0.010000000000000009,0.48,0.52
745872,2024-08-11,2024,677976,3,2.145678,0.35371774,0.0,1.0,0.0,1.0,0.0,1.0,0.0,1.0
746025,2024-08-11,2024,676974,4,4.779483,0.36224633,1.0,0.0,0.76,0.24,0.01,0.99,0.0,1.0
745872,2024-08-11,2024,676440,5,4.338181,0.33991462,0.98,0.020000000000000018,0.29,0.71,0.0,1.0,0.0,1.0
745872,2024-08-11,2024,701581,3,3.7251978,0.36251396,0.74,0.26,0.01,0.99,0.0,1.0,0.0,1.0
746923,2024-08-11,2024,686613,9,6.1213536,0.53246695,1.0,0.0,1.0,0.0,0.87,0.13,0.23,0.77
746517,2024-08-11,2024,680885,7,6.878473,0.5390794,1.0,0.0,1.0,0.0,0.98,0.020000000000000018,0.74,0.26
746517,2024-08-11,2024,607536,1,2.811134,0.33477044,0.03,0.97,0.0,1.0,0.0,1.0,0.0,1.0
745057,2024-08-11,2024,544150,5,5.865283,0.4576214,1.0,0.0,1.0,0.0,0.85,0.15000000000000002,0.07,0.9299999999999999
747166,2024-08-11,2024,650911,4,7.0033,0.67570704,1.0,0.0,1.0,0.0,0.99,0.010000000000000009,0.72,0.28
745303,2024-08-11,2024,672456,2,4.774563,0.40474176,1.0,0.0,0.72,0.28,0.03,0.97,0.0,1.0
745711,2024-08-11,2024,605280,2,3.2022803,0.5049109,0.28,0.72,0.01,0.99,0.0,1.0,0.0,1.0
747166,2024-08-11,2024,518876,2,4.53122,0.39069262,1.0,0.0,0.58,0.42000000000000004,0.0,1.0,0.0,1.0
745956,2024-08-11,2024,605452,3,2.9875257,0.33949167,0.07,0.9299999999999999,0.0,1.0,0.0,1.0,0.0,1.0
745956,2024-08-11,2024,666157,4,4.979059,0.47573137,1.0,0.0,0.86,0.14,0.16,0.84,0.0,1.0
745711,2024-08-11,2024,573186,1,4.2488413,0.36694133,0.96,0.040000000000000036,0.25,0.75,0.0,1.0,0.0,1.0
744895,2024-08-11,2024,642232,1,1.9424429,0.32735005,0.0,1.0,0.0,1.0,0.0,1.0,0.0,1.0
745956,2024-08-11,2024,669084,9,6.5374365,0.5615452,1.0,0.0,1.0,0.0,0.95,0.050000000000000044,0.54,0.45999999999999996
745711,2024-08-11,2024,571760,4,4.508698,0.35011786,0.98,0.020000000000000018,0.54,0.45999999999999996,0.0,1.0,0.0,1.0
745216,2024-08-11,2024,622491,9,6.128885,0.41917524,1.0,0.0,1.0,0.0,0.92,0.07999999999999996,0.18,0.8200000000000001
745216,2024-08-11,2024,622663,8,6.373071,0.41974777,1.0,0.0,1.0,0.0,0.99,0.010000000000000009,0.37,0.63
746114,2024-08-11,2024,607192,4,6.9878273,0.5907131,1.0,0.0,1.0,0.0,1.0,0.0,0.81,0.18999999999999995
744895,2024-08-11,2024,676664,4,5.3420024,0.45589817,1.0,0.0,0.96,0.040000000000000036,0.44,0.56,0.01,0.99
746025,2024-08-11,2024,656302,5,7.3515596,0.56165105,1.0,0.0,1.0,0.0,0.99,0.010000000000000009,0.92,0.07999999999999996
744816,2024-08-11,2024,686799,2,3.9439645,0.46929827,0.8,0.19999999999999996,0.14,0.86,0.0,1.0,0.0,1.0
745057,2024-08-11,2024,605488,8,4.3955607,0.3716629,0.98,0.020000000000000018,0.41,0.5900000000000001,0.0,1.0,0.0,1.0
744816,2024-08-11,2024,669022,2,4.284846,0.36801994,0.99,0.010000000000000009,0.28,0.72,0.0,1.0,0.0,1.0
745303,2024-08-11,2024,806185,5,5.422511,0.5656292,1.0,0.0,0.95,0.050000000000000044,0.47,0.53,0.02,0.98
744895,2024-08-11,2024,605135,5,3.992707,0.3377673,0.92,0.07999999999999996,0.04,0.96,0.0,1.0,0.0,1.0
746114,2024-08-11,2024,663559,2,5.6611843,0.40256253,1.0,0.0,1.0,0.0,0.65,0.35,0.01,0.99
745383,2024-08-12,2024,605397,1,3.9030445,0.421131,0.83,0.17000000000000004,0.09,0.91,0.0,1.0,0.0,1.0
746921,2024-08-12,2024,678394,5,6.85121,0.52024764,1.0,0.0,1.0,0.0,1.0,0.0,0.74,0.26
745383,2024-08-12,2024,663765,2,3.412778,0.40114033,0.38,0.62,0.0,1.0,0.0,1.0,0.0,1.0
746603,2024-08-12,2024,594902,1,3.6830435,0.27600205,0.74,0.26,0.0,1.0,0.0,1.0,0.0,1.0
745953,2024-08-12,2024,477132,6,4.6604314,0.34237817,1.0,0.0,0.71,0.29000000000000004,0.01,0.99,0.0,1.0
746603,2024-08-12,2024,684007,3,6.762293,0.7765295,1.0,0.0,1.0,0.0,0.96,0.040000000000000036,0.65,0.35
746192,2024-08-12,2024,670102,8,5.6909566,0.43588316,1.0,0.0,1.0,0.0,0.68,0.31999999999999995,0.03,0.97
745953,2024-08-12,2024,642547,4,5.631019,0.38350978,1.0,0.0,1.0,0.0,0.67,0.32999999999999996,0.01,0.99
746192,2024-08-12,2024,669721,5,4.726031,0.4299962,1.0,0.0,0.69,0.31000000000000005,0.03,0.97,0.0,1.0
745300,2024-08-12,2024,605483,11,8.385147,0.6247714,1.0,0.0,1.0,0.0,1.0,0.0,1.0,0.0
746921,2024-08-12,2024,641816,7,6.809695,0.55337876,1.0,0.0,1.0,0.0,1.0,0.0,0.72,0.28
746682,2024-08-12,2024,671096,6,5.2636476,0.48401138,1.0,0.0,0.96,0.040000000000000036,0.26,0.74,0.0,1.0
746762,2024-08-12,2024,660853,1,2.4918594,0.2757381,0.0,1.0,0.0,1.0,0.0,1.0,0.0,1.0
747165,2024-08-12,2024,687134,4,5.292766,0.4902174,1.0,0.0,0.93,0.06999999999999995,0.34,0.6599999999999999,0.0,1.0
746762,2024-08-12,2024,661563,3,7.2747173,0.5172835,1.0,0.0,1.0,0.0,1.0,0.0,0.93,0.06999999999999995
745874,2024-08-12,2024,663903,9,5.190155,0.42814165,1.0,0.0,0.96,0.040000000000000036,0.25,0.75,0.0,1.0
746762,2024-08-12,2024,681066,2,4.831986,0.3735646,1.0,0.0,0.83,0.17000000000000004,0.05,0.95,0.0,1.0
745058,2024-08-12,2024,671737,6,5.8376784,0.50268036,1.0,0.0,1.0,0.0,0.74,0.26,0.1,0.9
746682,2024-08-12,2024,543243,9,5.5058684,0.42241564,1.0,0.0,0.99,0.010000000000000009,0.52,0.48,0.0,1.0
747165,2024-08-12,2024,694297,11,6.5357256,0.5421922,1.0,0.0,1.0,0.0,0.98,0.020000000000000018,0.48,0.52
745300,2024-08-12,2024,519242,12,7.792424,0.65096956,1.0,0.0,1.0,0.0,1.0,0.0,0.97,0.030000000000000027
745874,2024-08-12,2024,641154,5,7.4863734,0.60389984,1.0,0.0,1.0,0.0,1.0,0.0,0.96,0.040000000000000036
745058,2024-08-12,2024,664285,9,7.717349,0.715062,1.0,0.0,1.0,0.0,1.0,0.0,0.95,0.050000000000000044
745954,2024-08-13,2024,607067,4,5.122742,0.3651865,1.0,0.0,0.96,0.040000000000000036,0.1,0.9,0.0,1.0
745954,2024-08-13,2024,689017,2,3.809371,0.32556576,0.82,0.18000000000000005,0.03,0.97,0.0,1.0,0.0,1.0
746435,2024-08-13,2024,669923,5,3.6334913,0.36483812,0.66,0.33999999999999997,0.0,1.0,0.0,1.0,0.0,1.0
745867,2024-08-13,2024,607625,4,4.0855303,0.30555797,0.97,0.030000000000000027,0.08,0.92,0.0,1.0,0.0,1.0
747004,2024-08-13,2024,669432,2,3.6792362,0.3584701,0.7,0.30000000000000004,0.02,0.98,0.0,1.0,0.0,1.0
745867,2024-08-13,2024,805673,5,3.797599,0.27383354,0.84,0.16000000000000003,0.0,1.0,0.0,1.0,0.0,1.0
747160,2024-08-13,2024,593958,5,4.3002825,0.35897732,1.0,0.0,0.29,0.71,0.0,1.0,0.0,1.0
747004,2024-08-13,2024,663623,3,6.8182683,0.49377215,1.0,0.0,1.0,0.0,1.0,0.0,0.71,0.29000000000000004
746187,2024-08-13,2024,592332,5,7.577356,0.63235295,1.0,0.0,1.0,0.0,1.0,0.0,0.95,0.050000000000000044
746187,2024-08-13,2024,608334,3,3.3401923,0.3074971,0.29,0.71,0.0,1.0,0.0,1.0,0.0,1.0
745954,2024-08-13,2024,694813,6,5.075967,0.37569174,1.0,0.0,0.91,0.08999999999999997,0.14,0.86,0.0,1.0
746187,2024-08-13,2024,670046,4,2.954546,0.35293415,0.08,0.92,0.0,1.0,0.0,1.0,0.0,1.0
747160,2024-08-13,2024,596295,4,3.2344565,0.28850424,0.16,0.84,0.0,1.0,0.0,1.0,0.0,1.0
746435,2024-08-13,2024,669373,9,6.3982987,0.5270889,1.0,0.0,1.0,0.0,0.97,0.030000000000000027,0.37,0.63
746673,2024-08-13,2024,607200,2,4.841424,0.42538708,1.0,0.0,0.83,0.17000000000000004,0.07,0.9299999999999999,0.0,1.0
746757,2024-08-13,2024,641482,9,5.906135,0.5412565,1.0,0.0,1.0,0.0,0.79,0.20999999999999996,0.12,0.88
746924,2024-08-13,2024,676710,4,4.2051835,0.3547978,0.98,0.020000000000000018,0.22,0.78,0.0,1.0,0.0,1.0
746924,2024-08-13,2024,570632,3,4.947875,0.4425582,1.0,0.0,0.85,0.15000000000000002,0.14,0.86,0.0,1.0
745548,2024-08-13,2024,592836,5,4.075362,0.4339995,0.9,0.09999999999999998,0.15,0.85,0.0,1.0,0.0,1.0
745548,2024-08-13,2024,678368,4,4.2935424,0.32469353,0.99,0.010000000000000009,0.28,0.72,0.0,1.0,0.0,1.0
745055,2024-08-13,2024,579328,5,7.654171,0.5670961,1.0,0.0,1.0,0.0,1.0,0.0,0.98,0.020000000000000018
745055,2024-08-13,2024,669358,6,6.140412,0.4970838,1.0,0.0,1.0,0.0,0.93,0.06999999999999995,0.24,0.76
746673,2024-08-13,2024,668881,8,8.564312,0.62613595,1.0,0.0,1.0,0.0,1.0,0.0,1.0,0.0
746601,2024-08-13,2024,571510,6,5.0913286,0.43386564,1.0,0.0,0.91,0.08999999999999997,0.2,0.8,0.0,1.0
746435,2024-08-13,2024,663423,0,3.2890787,0.44405785,0.34,0.6599999999999999,0.0,1.0,0.0,1.0,0.0,1.0
745302,2024-08-13,2024,690986,6,4.3566904,0.44955784,0.96,0.040000000000000036,0.39,0.61,0.0,1.0,0.0,1.0
746601,2024-08-13,2024,665871,2,3.1294403,0.27875856,0.1,0.9,0.0,1.0,0.0,1.0,0.0,1.0
745302,2024-08-13,2024,450203,8,6.731855,0.59770113,1.0,0.0,1.0,0.0,1.0,0.0,0.61,0.39
745788,2024-08-13,2024,676130,3,2.133048,0.41337016,0.0,1.0,0.0,1.0,0.0,1.0,0.0,1.0
745382,2024-08-13,2024,650633,10,5.3328633,0.43454736,1.0,0.0,0.98,0.020000000000000018,0.29,0.71,0.0,1.0
746757,2024-08-13,2024,686563,4,4.7469697,0.3614592,1.0,0.0,0.74,0.26,0.03,0.97,0.0,1.0
745788,2024-08-13,2024,621112,4,3.46779,0.25022027,0.46,0.54,0.0,1.0,0.0,1.0,0.0,1.0
745788,2024-08-13,2024,671212,6,7.027197,0.59164053,1.0,0.0,1.0,0.0,0.99,0.010000000000000009,0.83,0.17000000000000004
745382,2024-08-13,2024,682847,3,4.790565,0.4409031,1.0,0.0,0.74,0.26,0.05,0.95,0.0,1.0
746759,2024-08-14,2024,543859,2,2.4228287,0.2979502,0.0,1.0,0.0,1.0,0.0,1.0,0.0,1.0
746919,2024-08-14,2024,641540,3,3.8196867,0.3564568,0.83,0.17000000000000004,0.05,0.95,0.0,1.0,0.0,1.0
746598,2024-08-14,2024,502171,3,4.300207,0.49449286,0.98,0.020000000000000018,0.32,0.6799999999999999,0.04,0.96,0.0,1.0
746919,2024-08-14,2024,656557,3,7.494675,0.6592306,1.0,0.0,1.0,0.0,1.0,0.0,0.93,0.06999999999999995
746759,2024-08-14,2024,663436,5,4.2127223,0.32573473,1.0,0.0,0.19,0.81,0.0,1.0,0.0,1.0
745544,2024-08-14,2024,663969,4,4.7862406,0.43226963,1.0,0.0,0.71,0.29000000000000004,0.04,0.96,0.0,1.0
745951,2024-08-14,2024,621111,3,4.3312793,0.33038753,0.98,0.020000000000000018,0.25,0.75,0.0,1.0,0.0,1.0
745951,2024-08-14,2024,593423,6,6.735955,0.49212933,1.0,0.0,1.0,0.0,0.99,0.010000000000000009,0.71,0.29000000000000004
746759,2024-08-14,2024,701542,5,6.041966,0.4621126,1.0,0.0,1.0,0.0,0.86,0.14,0.17,0.83
746598,2024-08-14,2024,592791,6,4.5875187,0.32074657,1.0,0.0,0.53,0.47,0.0,1.0,0.0,1.0
745544,2024-08-14,2024,665795,2,4.304382,0.4577703,0.97,0.030000000000000027,0.29,0.71,0.02,0.98,0.0,1.0
745053,2024-08-14,2024,641793,3,3.2157507,0.3913142,0.24,0.76,0.0,1.0,0.0,1.0,0.0,1.0
745790,2024-08-14,2024,656849,4,4.25249,0.3544523,0.99,0.010000000000000009,0.23,0.77,0.0,1.0,0.0,1.0
747163,2024-08-14,2024,656756,8,7.7843776,0.6277266,1.0,0.0,1.0,0.0,1.0,0.0,0.97,0.030000000000000027
747163,2024-08-14,2024,663567,1,2.2543266,0.30775395,0.0,1.0,0.0,1.0,0.0,1.0,0.0,1.0
747163,2024-08-14,2024,685299,0,2.3399858,0.30454665,0.0,1.0,0.0,1.0,0.0,1.0,0.0,1.0
747000,2024-08-14,2024,687792,5,5.4413,0.47293273,1.0,0.0,1.0,0.0,0.47,0.53,0.01,0.99
745053,2024-08-14,2024,669854,4,3.581388,0.2653998,0.57,0.43000000000000005,0.01,0.99,0.0,1.0,0.0,1.0
746677,2024-08-14,2024,686730,4,2.9260886,0.32484215,0.05,0.95,0.0,1.0,0.0,1.0,0.0,1.0
746677,2024-08-14,2024,502043,6,5.2501206,0.37138987,1.0,0.0,1.0,0.0,0.25,0.75,0.0,1.0
745301,2024-08-14,2024,656550,6,6.489888,0.5138932,1.0,0.0,1.0,0.0,1.0,0.0,0.49,0.51
745790,2024-08-14,2024,683155,3,4.46684,0.3413961,1.0,0.0,0.44,0.56,0.0,1.0,0.0,1.0
746188,2024-08-14,2024,621244,5,4.309376,0.4124997,0.98,0.020000000000000018,0.33,0.6699999999999999,0.0,1.0,0.0,1.0
745381,2024-08-14,2024,527048,8,5.0084887,0.47106594,1.0,0.0,0.89,0.10999999999999999,0.14,0.86,0.0,1.0
745381,2024-08-14,2024,656605,2,4.4720826,0.343924,0.99,0.010000000000000009,0.45,0.55,0.0,1.0,0.0,1.0
746436,2024-08-14,2024,693433,6,5.875526,0.46111414,1.0,0.0,1.0,0.0,0.8,0.19999999999999996,0.1,0.9
746188,2024-08-14,2024,542881,8,5.7049522,0.44471216,1.0,0.0,1.0,0.0,0.71,0.29000000000000004,0.05,0.95
745869,2024-08-14,2024,686973,3,6.0407996,0.4159441,1.0,0.0,1.0,0.0,0.92,0.07999999999999996,0.14,0.86
746436,2024-08-14,2024,676614,4,3.6776664,0.29334304,0.66,0.33999999999999997,0.0,1.0,0.0,1.0,0.0,1.0
747000,2024-08-14,2024,665152,3,5.717897,0.5686929,1.0,0.0,0.98,0.020000000000000018,0.66,0.33999999999999997,0.09,0.91
745869,2024-08-14,2024,666142,8,5.8072276,0.43633497,1.0,0.0,0.99,0.010000000000000009,0.81,0.18999999999999995,0.05,0.95
745783,2024-08-15,2024,621053,2,1.9755528,0.28920564,0.0,1.0,0.0,1.0,0.0,1.0,0.0,1.0
746437,2024-08-15,2024,628317,5,5.3992486,0.43485394,1.0,0.0,0.97,0.030000000000000027,0.43,0.5700000000000001,0.0,1.0
745545,2024-08-15,2024,680730,6,4.715595,0.54049,0.99,0.010000000000000009,0.64,0.36,0.09,0.91,0.0,1.0
747002,2024-08-15,2024,601713,6,5.5991583,0.4798891,1.0,0.0,0.99,0.010000000000000009,0.6,0.4,0.03,0.97
747002,2024-08-15,2024,621107,8,3.9452121,0.323281,0.91,0.08999999999999997,0.04,0.96,0.0,1.0,0.0,1.0
745545,2024-08-15,2024,554430,6,6.382727,0.41809708,1.0,0.0,1.0,0.0,0.98,0.020000000000000018,0.37,0.63
747002,2024-08-15,2024,663767,2,2.272818,0.3646028,0.0,1.0,0.0,1.0,0.0,1.0,0.0,1.0
745783,2024-08-15,2024,500779,1,4.2899413,0.32353583,1.0,0.0,0.3,0.7,0.0,1.0,0.0,1.0
745950,2024-08-15,2024,668964,1,5.028517,0.434349,1.0,0.0,0.9,0.09999999999999998,0.14,0.86,0.0,1.0
745298,2024-08-15,2024,657277,7,5.938946,0.59842,1.0,0.0,0.98,0.020000000000000018,0.83,0.17000000000000004,0.18,0.8200000000000001
744980,2024-08-15,2024,674003,2,6.1839643,0.5025017,1.0,0.0,1.0,0.0,0.89,0.10999999999999999,0.29,0.71
744980,2024-08-15,2024,641927,3,4.8935027,0.4223792,1.0,0.0,0.85,0.15000000000000002,0.07,0.9299999999999999,0.0,1.0
745950,2024-08-15,2024,656427,7,5.079088,0.34940657,1.0,0.0,0.95,0.050000000000000044,0.13,0.87,0.0,1.0
745783,2024-08-15,2024,687765,1,4.759119,0.471404,1.0,0.0,0.72,0.28,0.04,0.96,0.01,0.99
745298,2024-08-15,2024,608331,5,6.161581,0.525092,1.0,0.0,1.0,0.0,0.93,0.06999999999999995,0.25,0.75
746437,2024-08-15,2024,682243,9,6.442025,0.5446669,1.0,0.0,1.0,0.0,0.94,0.06000000000000005,0.45,0.55
745949,2024-08-16,2024,650644,4,4.044139,0.3790544,0.93,0.06999999999999995,0.11,0.89,0.0,1.0,0.0,1.0
746843,2024-08-16,2024,684320,5,4.9288087,0.36723873,1.0,0.0,0.83,0.17000000000000004,0.05,0.95,0.0,1.0
745949,2024-08-16,2024,668909,5,6.2524,0.4387659,1.0,0.0,1.0,0.0,0.96,0.040000000000000036,0.29,0.71
745144,2024-08-16,2024,571945,7,5.005258,0.60059327,1.0,0.0,0.79,0.20999999999999996,0.17,0.83,0.0,1.0
745144,2024-08-16,2024,680736,3,4.9444966,0.41573206,1.0,0.0,0.84,0.16000000000000003,0.14,0.86,0.0,1.0
746843,2024-08-16,2024,543294,2,2.2599745,0.3184588,0.0,1.0,0.0,1.0,0.0,1.0,0.0,1.0
746189,2024-08-16,2024,667755,5,2.6653237,0.3246879,0.0,1.0,0.0,1.0,0.0,1.0,0.0,1.0
744974,2024-08-16,2024,571760,8,5.7358675,0.4728516,1.0,0.0,1.0,0.0,0.66,0.33999999999999997,0.06,0.94
745542,2024-08-16,2024,605400,4,7.796533,0.596456,1.0,0.0,1.0,0.0,1.0,0.0,0.99,0.010000000000000009
745542,2024-08-16,2024,571578,2,5.015158,0.41960037,1.0,0.0,0.91,0.08999999999999997,0.14,0.86,0.0,1.0
745054,2024-08-16,2024,686752,5,4.605001,0.40454635,1.0,0.0,0.56,0.43999999999999995,0.03,0.97,0.0,1.0
744974,2024-08-16,2024,680573,1,4.0825806,0.32486326,0.95,0.050000000000000044,0.1,0.9,0.0,1.0,0.0,1.0
746518,2024-08-16,2024,663362,6,5.5371923,1.3213814,0.98,0.020000000000000018,0.8,0.19999999999999996,0.47,0.53,0.2,0.8
746518,2024-08-16,2024,615698,5,4.8814116,0.44933665,1.0,0.0,0.8,0.19999999999999996,0.12,0.88,0.0,1.0
746438,2024-08-16,2024,676428,5,4.0058384,0.40779933,0.88,0.12,0.13,0.87,0.0,1.0,0.0,1.0
747001,2024-08-16,2024,681867,1,4.0314503,0.34664112,0.96,0.040000000000000036,0.09,0.91,0.0,1.0,0.0,1.0
747001,2024-08-16,2024,669203,7,7.1693053,0.5739869,1.0,0.0,1.0,0.0,1.0,0.0,0.87,0.13
745054,2024-08-16,2024,669194,6,6.473726,0.5033577,1.0,0.0,1.0,0.0,0.98,0.020000000000000018,0.45,0.55
745462,2024-08-16,2024,694973,6,6.683351,0.5361589,1.0,0.0,1.0,0.0,1.0,0.0,0.62,0.38
746189,2024-08-16,2024,680885,8,6.0387406,0.48748133,1.0,0.0,1.0,0.0,0.86,0.14,0.18,0.8200000000000001
745784,2024-08-16,2024,666277,2,3.103789,0.30535436,0.09,0.91,0.0,1.0,0.0,1.0,0.0,1.0
745784,2024-08-16,2024,682610,5,4.8277345,0.33950788,1.0,0.0,0.83,0.17000000000000004,0.03,0.97,0.0,1.0
746357,2024-08-16,2024,657053,3,2.3545306,0.37374562,0.0,1.0,0.0,1.0,0.0,1.0,0.0,1.0
746357,2024-08-16,2024,676979,9,3.8965445,0.3913737,0.83,0.17000000000000004,0.05,0.95,0.0,1.0,0.0,1.0
746357,2024-08-16,2024,681293,5,5.9184904,0.40839693,1.0,0.0,1.0,0.0,0.86,0.14,0.06,0.94
746674,2024-08-16,2024,547179,3,4.860627,0.34877962,1.0,0.0,0.84,0.16000000000000003,0.03,0.97,0.0,1.0
746438,2024-08-16,2024,543037,8,7.089211,0.55526817,1.0,0.0,1.0,0.0,0.99,0.010000000000000009,0.86,0.14
746674,2024-08-16,2024,607259,4,2.7457507,0.2984316,0.0,1.0,0.0,1.0,0.0,1.0,0.0,1.0
745784,2024-08-16,2024,640455,4,6.1844893,0.4652524,1.0,0.0,1.0,0.0,0.94,0.06000000000000005,0.21,0.79
745462,2024-08-16,2024,669302,6,6.1625423,0.5715141,1.0,0.0,1.0,0.0,0.87,0.13,0.29,0.71
745140,2024-08-17,2024,641703,0,4.4376836,1.2282858,0.75,0.25,0.45,0.55,0.17,0.83,0.05,0.95
746434,2024-08-17,2024,607074,5,5.6006923,0.4568928,1.0,0.0,1.0,0.0,0.59,0.41000000000000003,0.01,0.99
745537,2024-08-17,2024,650911,4,7.212378,0.63228947,1.0,0.0,1.0,0.0,1.0,0.0,0.83,0.17000000000000004
745140,2024-08-17,2024,669467,5,5.2468634,0.4270843,1.0,0.0,0.97,0.030000000000000027,0.28,0.72,0.01,0.99
746515,2024-08-17,2024,663567,0,2.4352958,0.33656394,0.0,1.0,0.0,1.0,0.0,1.0,0.0,1.0
746434,2024-08-17,2024,672456,5,5.054684,0.36872816,1.0,0.0,0.93,0.06999999999999995,0.12,0.88,0.0,1.0
745537,2024-08-17,2024,669022,6,7.1124315,0.56491894,1.0,0.0,1.0,0.0,1.0,0.0,0.89,0.10999999999999999
746515,2024-08-17,2024,656302,5,8.307303,0.6132115,1.0,0.0,1.0,0.0,1.0,0.0,1.0,0.0
746190,2024-08-17,2024,656288,3,5.233179,0.41745704,1.0,0.0,0.98,0.020000000000000018,0.24,0.76,0.0,1.0
746190,2024-08-17,2024,519242,10,7.1876335,0.5760834,1.0,0.0,1.0,0.0,0.98,0.020000000000000018,0.89,0.10999999999999999
745785,2024-08-17,2024,622663,8,8.831509,0.6679256,1.0,0.0,1.0,0.0,1.0,0.0,1.0,0.0
745785,2024-08-17,2024,676974,3,5.580384,0.53667927,1.0,0.0,0.98,0.020000000000000018,0.53,0.47,0.04,0.96
745952,2024-08-17,2024,676440,7,5.125475,0.399993,1.0,0.0,0.92,0.07999999999999996,0.17,0.83,0.0,1.0
746675,2024-08-17,2024,608379,9,4.904737,0.32995436,1.0,0.0,0.91,0.08999999999999997,0.03,0.97,0.0,1.0
745140,2024-08-17,2024,676272,1,4.20829,0.38356045,0.95,0.050000000000000044,0.22,0.78,0.0,1.0,0.0,1.0
746434,2024-08-17,2024,663947,2,2.2159634,0.25585,0.0,1.0,0.0,1.0,0.0,1.0,0.0,1.0
746675,2024-08-17,2024,666157,2,4.027491,0.3597088,0.92,0.07999999999999996,0.12,0.88,0.0,1.0,0.0,1.0
745049,2024-08-17,2024,605488,7,4.632768,0.4937907,0.99,0.010000000000000009,0.54,0.45999999999999996,0.05,0.95,0.0,1.0
745626,2024-08-17,2024,674370,6,5.5296993,0.4368269,1.0,0.0,1.0,0.0,0.49,0.51,0.03,0.97
746355,2024-08-17,2024,686613,6,6.5902553,0.5247639,1.0,0.0,1.0,0.0,0.99,0.010000000000000009,0.62,0.38
746515,2024-08-17,2024,607536,3,5.275783,0.38154516,1.0,0.0,0.98,0.020000000000000018,0.26,0.74,0.0,1.0
746355,2024-08-17,2024,694363,2,2.5114458,0.3978643,0.01,0.99,0.0,1.0,0.0,1.0,0.0,1.0
745463,2024-08-17,2024,663559,8,5.0559764,0.35952985,1.0,0.0,0.91,0.08999999999999997,0.11,0.89,0.0,1.0
745463,2024-08-17,2024,622491,6,6.266931,0.43770725,1.0,0.0,1.0,0.0,0.96,0.040000000000000036,0.31,0.69
746355,2024-08-17,2024,623167,1,3.373601,0.28659585,0.34,0.6599999999999999,0.0,1.0,0.0,1.0,0.0,1.0
746841,2024-08-17,2024,605135,5,3.1183953,0.29213083,0.08,0.92,0.0,1.0,0.0,1.0,0.0,1.0
745626,2024-08-17,2024,806185,5,4.958634,0.52005124,1.0,0.0,0.82,0.18000000000000005,0.15,0.85,0.0,1.0
746997,2024-08-17,2024,678394,6,5.843388,0.4758232,1.0,0.0,1.0,0.0,0.73,0.27,0.1,0.9
746997,2024-08-17,2024,700249,6,4.5823536,0.31836906,1.0,0.0,0.63,0.37,0.01,0.99,0.0,1.0
744977,2024-08-17,2024,543135,6,7.54532,0.5423729,1.0,0.0,1.0,0.0,1.0,0.0,0.96,0.040000000000000036
744977,2024-08-17,2024,701581,6,4.3672757,0.34105957,0.99,0.010000000000000009,0.42,0.5800000000000001,0.0,1.0,0.0,1.0
745952,2024-08-17,2024,642547,3,2.8034894,0.2678744,0.0,1.0,0.0,1.0,0.0,1.0,0.0,1.0
745049,2024-08-17,2024,668678,3,6.5239034,0.50542146,1.0,0.0,1.0,0.0,0.99,0.010000000000000009,0.54,0.45999999999999996
745786,2024-08-18,2024,621112,4,4.7886667,0.33303145,1.0,0.0,0.79,0.20999999999999996,0.01,0.99,0.0,1.0
746838,2024-08-18,2024,681799,2,2.5660796,0.5002882,0.05,0.95,0.0,1.0,0.0,1.0,0.0,1.0
746838,2024-08-18,2024,670102,7,5.90259,0.64289165,1.0,0.0,0.99,0.010000000000000009,0.75,0.25,0.17,0.83
745464,2024-08-18,2024,669923,5,5.8036733,0.44977418,1.0,0.0,1.0,0.0,0.74,0.26,0.07,0.9299999999999999
745786,2024-08-18,2024,678368,4,3.1851892,0.27741137,0.14,0.86,0.0,1.0,0.0,1.0,0.0,1.0
745464,2024-08-18,2024,663765,4,4.7741637,0.40814453,1.0,0.0,0.75,0.25,0.04,0.96,0.0,1.0
746186,2024-08-18,2024,686799,0,3.7748291,0.47987163,0.71,0.29000000000000004,0.08,0.92,0.0,1.0,0.0,1.0
746838,2024-08-18,2024,684007,6,6.236505,0.6129534,1.0,0.0,1.0,0.0,0.89,0.10999999999999999,0.31,0.69
745464,2024-08-18,2024,656924,1,2.7153873,0.32420626,0.01,0.99,0.0,1.0,0.0,1.0,0.0,1.0
745539,2024-08-18,2024,663623,5,6.220666,0.45324862,1.0,0.0,1.0,0.0,0.96,0.040000000000000036,0.23,0.77
745139,2024-08-18,2024,477132,2,3.4595587,0.29299182,0.44,0.56,0.0,1.0,0.0,1.0,0.0,1.0
745139,2024-08-18,2024,543243,6,5.915211,0.5265279,1.0,0.0,1.0,0.0,0.8,0.19999999999999996,0.14,0.86
745948,2024-08-18,2024,594902,5,3.458144,0.29019907,0.37,0.63,0.01,0.99,0.0,1.0,0.0,1.0
745948,2024-08-18,2024,607067,5,3.561522,0.32784402,0.56,0.43999999999999995,0.0,1.0,0.0,1.0,0.0,1.0
746431,2024-08-18,2024,573186,5,3.4944544,0.39112428,0.4,0.6,0.01,0.99,0.0,1.0,0.0,1.0
746431,2024-08-18,2024,669373,5,7.55282,0.60860896,1.0,0.0,1.0,0.0,1.0,0.0,0.95,0.050000000000000044
746186,2024-08-18,2024,450203,7,6.0649347,0.6478655,1.0,0.0,1.0,0.0,0.82,0.18000000000000005,0.25,0.75
746999,2024-08-18,2024,544150,6,6.4792986,0.44644052,1.0,0.0,1.0,0.0,1.0,0.0,0.49,0.51
746676,2024-08-18,2024,671096,4,4.865678,0.37139547,1.0,0.0,0.87,0.13,0.07,0.9299999999999999,0.0,1.0
746516,2024-08-18,2024,687134,2,3.7238605,0.33828318,0.71,0.29000000000000004,0.01,0.99,0.0,1.0,0.0,1.0
745621,2024-08-18,2024,676664,9,5.519632,0.46049252,1.0,0.0,0.99,0.010000000000000009,0.57,0.43000000000000005,0.02,0.98
746676,2024-08-18,2024,663903,6,5.663722,0.4486674,1.0,0.0,0.99,0.010000000000000009,0.66,0.33999999999999997,0.02,0.98
746516,2024-08-18,2024,605397,6,5.632209,0.5917255,1.0,0.0,0.97,0.030000000000000027,0.56,0.43999999999999995,0.12,0.88
745621,2024-08-18,2024,605483,10,7.8542223,0.6045857,1.0,0.0,1.0,0.0,1.0,0.0,0.99,0.010000000000000009
744975,2024-08-18,2024,642520,3,2.344995,0.28243786,0.0,1.0,0.0,1.0,0.0,1.0,0.0,1.0
744975,2024-08-18,2024,641816,1,3.978905,0.39665952,0.91,0.08999999999999997,0.09,0.91,0.0,1.0,0.0,1.0
745051,2024-08-18,2024,518876,4,5.9336376,0.47578683,1.0,0.0,1.0,0.0,0.8,0.19999999999999996,0.08,0.92
745051,2024-08-18,2024,641302,5,3.1043115,0.29540282,0.08,0.92,0.0,1.0,0.0,1.0,0.0,1.0
746999,2024-08-18,2024,676710,4,4.8696394,0.43398154,1.0,0.0,0.78,0.21999999999999997,0.07,0.9299999999999999,0.0,1.0
745539,2024-08-18,2024,592836,3,5.740445,0.62792516,1.0,0.0,0.99,0.010000000000000009,0.62,0.38,0.14,0.86
746359,2024-08-18,2024,664285,9,7.0803804,0.62995,1.0,0.0,1.0,0.0,1.0,0.0,0.82,0.18000000000000005
746359,2024-08-18,2024,681066,5,3.7208414,0.29008114,0.79,0.20999999999999996,0.0,1.0,0.0,1.0,0.0,1.0
744975,2024-08-18,2024,641154,3,8.539192,0.6226356,1.0,0.0,1.0,0.0,1.0,0.0,1.0,0.0
744976,2024-08-19,2024,570632,3,2.8939197,0.35352337,0.03,0.97,0.0,1.0,0.0,1.0,0.0,1.0
744976,2024-08-19,2024,641540,4,2.8976612,0.31742796,0.02,0.98,0.0,1.0,0.0,1.0,0.0,1.0
746027,2024-08-19,2024,694297,4,5.877599,0.4072713,1.0,0.0,1.0,0.0,0.81,0.18999999999999995,0.06,0.94
746027,2024-08-19,2024,670124,2,4.303898,0.39813542,0.98,0.020000000000000018,0.33,0.6699999999999999,0.0,1.0,0.0,1.0
745780,2024-08-19,2024,656849,8,5.7384496,0.47249174,1.0,0.0,1.0,0.0,0.71,0.29000000000000004,0.06,0.94
745780,2024-08-19,2024,669432,5,4.6500773,0.4044259,1.0,0.0,0.66,0.33999999999999997,0.04,0.96,0.0,1.0
744976,2024-08-19,2024,682847,7,5.0356207,0.3812848,1.0,0.0,0.93,0.06999999999999995,0.12,0.88,0.0,1.0
745380,2024-08-19,2024,805673,1,4.2316713,0.30510017,0.99,0.010000000000000009,0.18,0.8200000000000001,0.0,1.0,0.0,1.0
745380,2024-08-19,2024,650633,6,3.9930723,0.3719709,0.91,0.08999999999999997,0.09,0.91,0.0,1.0,0.0,1.0
745620,2024-08-19,2024,671737,2,4.3752947,0.5407989,0.96,0.040000000000000036,0.43,0.5700000000000001,0.02,0.98,0.0,1.0
744898,2024-08-19,2024,687924,2,2.2056594,0.29693386,0.0,1.0,0.0,1.0,0.0,1.0,0.0,1.0
744898,2024-08-19,2024,592332,5,6.654208,0.6476604,1.0,0.0,1.0,0.0,0.99,0.010000000000000009,0.56,0.43999999999999995
746270,2024-08-19,2024,607625,8,4.78595,0.377537,1.0,0.0,0.74,0.26,0.03,0.97,0.0,1.0
746270,2024-08-19,2024,608334,4,3.690445,0.4241186,0.64,0.36,0.06,0.94,0.0,1.0,0.0,1.0
746351,2024-08-19,2024,579328,7,6.3710847,0.48519126,1.0,0.0,1.0,0.0,0.96,0.040000000000000036,0.39,0.61
746351,2024-08-19,2024,656557,8,6.6578584,0.5363147,1.0,0.0,1.0,0.0,0.99,0.010000000000000009,0.6,0.4
745294,2024-08-19,2024,690986,5,5.8290863,0.6004705,1.0,0.0,0.99,0.010000000000000009,0.68,0.31999999999999995,0.15,0.85
746109,2024-08-19,2024,694813,10,6.0608387,0.42327657,1.0,0.0,1.0,0.0,0.91,0.08999999999999997,0.15,0.85
746270,2024-08-19,2024,682989,3,2.6384583,0.30166784,0.0,1.0,0.0,1.0,0.0,1.0,0.0,1.0
746109,2024-08-19,2024,693433,5,5.3789845,0.37232167,1.0,0.0,1.0,0.0,0.4,0.6,0.0,1.0
745294,2024-08-19,2024,686563,4,5.005434,0.3548935,1.0,0.0,0.91,0.08999999999999997,0.05,0.95,0.0,1.0
745620,2024-08-19,2024,671212,6,9.112415,0.5919014,1.0,0.0,1.0,0.0,1.0,0.0,1.0,0.0
746029,2024-08-20,2024,593958,5,5.784937,0.46820137,1.0,0.0,0.99,0.010000000000000009,0.72,0.28,0.08,0.92
746029,2024-08-20,2024,665795,3,4.5852327,0.3987303,1.0,0.0,0.56,0.43999999999999995,0.01,0.99,0.0,1.0
746349,2024-08-20,2024,669854,6,4.632173,0.31521955,1.0,0.0,0.66,0.33999999999999997,0.0,1.0,0.0,1.0
746349,2024-08-20,2024,601713,2,5.5635076,0.49625602,1.0,0.0,0.99,0.010000000000000009,0.53,0.47,0.04,0.96
746107,2024-08-20,2024,682243,5,5.4609113,0.5021984,1.0,0.0,0.97,0.030000000000000027,0.46,0.54,0.01,0.99
746839,2024-08-20,2024,665871,7,4.686197,0.28151163,1.0,0.0,0.75,0.25,0.0,1.0,0.0,1.0
745624,2024-08-20,2024,683155,5,4.9126515,0.3904042,1.0,0.0,0.86,0.14,0.09,0.91,0.0,1.0
745295,2024-08-20,2024,592662,9,7.0369635,0.5251179,1.0,0.0,1.0,0.0,1.0,0.0,0.87,0.13
744896,2024-08-20,2024,621244,7,4.4212,0.36550507,1.0,0.0,0.41,0.5900000000000001,0.0,1.0,0.0,1.0
745136,2024-08-20,2024,607200,2,4.5986156,0.45070803,0.99,0.010000000000000009,0.6,0.4,0.02,0.98,0.0,1.0
745136,2024-08-20,2024,593423,3,5.4817195,0.42258123,1.0,0.0,0.98,0.020000000000000018,0.47,0.53,0.0,1.0
744896,2024-08-20,2024,686730,3,2.7005734,0.30635428,0.01,0.99,0.0,1.0,0.0,1.0,0.0,1.0
746107,2024-08-20,2024,621111,1,5.191287,0.4465418,1.0,0.0,0.92,0.07999999999999996,0.27,0.73,0.0,1.0
747083,2024-08-20,2024,554430,8,6.085623,0.41177797,1.0,0.0,1.0,0.0,0.94,0.06000000000000005,0.17,0.83
745782,2024-08-20,2024,665152,7,5.328095,0.48020583,1.0,0.0,0.96,0.040000000000000036,0.37,0.63,0.01,0.99
746266,2024-08-20,2024,666142,9,6.052264,0.4501183,1.0,0.0,1.0,0.0,0.91,0.08999999999999997,0.18,0.8200000000000001
746266,2024-08-20,2024,542881,2,5.3550167,0.48649797,1.0,0.0,0.97,0.030000000000000027,0.42,0.5800000000000001,0.01,0.99
745782,2024-08-20,2024,500779,3,3.7363598,0.35303688,0.75,0.25,0.02,0.98,0.0,1.0,0.0,1.0
744978,2024-08-20,2024,674003,8,5.1744533,0.41887861,1.0,0.0,0.97,0.030000000000000027,0.23,0.77,0.0,1.0
744978,2024-08-20,2024,656605,9,6.967126,0.57233405,1.0,0.0,1.0,0.0,1.0,0.0,0.79,0.20999999999999996
745374,2024-08-20,2024,527048,2,3.389221,0.37371892,0.37,0.63,0.0,1.0,0.0,1.0,0.0,1.0
745374,2024-08-20,2024,641927,5,4.025258,0.36050245,0.96,0.040000000000000036,0.1,0.9,0.0,1.0,0.0,1.0
747083,2024-08-20,2024,625643,10,6.023797,0.44681808,1.0,0.0,1.0,0.0,0.9,0.09999999999999998,0.14,0.86
745707,2024-08-20,2024,661563,3,3.23088,0.3985641,0.28,0.72,0.0,1.0,0.0,1.0,0.0,1.0
746839,2024-08-20,2024,676614,2,3.7549767,0.33674902,0.8,0.19999999999999996,0.02,0.98,0.0,1.0,0.0,1.0
744814,2024-08-20,2024,596295,5,4.5832543,0.43252906,1.0,0.0,0.6,0.4,0.03,0.97,0.0,1.0
745624,2024-08-20,2024,669358,4,5.2837324,0.4503103,1.0,0.0,0.95,0.050000000000000044,0.32,0.6799999999999999,0.01,0.99
744814,2024-08-20,2024,687792,7,6.4926996,0.54634565,1.0,0.0,1.0,0.0,0.96,0.040000000000000036,0.5,0.5
745295,2024-08-20,2024,663436,5,4.2706404,0.306167,0.99,0.010000000000000009,0.23,0.77,0.0,1.0,0.0,1.0
745295,2024-08-20,2024,657053,3,1.8589182,0.3177555,0.0,1.0,0.0,1.0,0.0,1.0,0.0,1.0
745707,2024-08-20,2024,571510,2,3.4133728,0.35571676,0.37,0.63,0.01,0.99,0.0,1.0,0.0,1.0
746267,2024-08-21,2024,547179,5,5.0669346,0.34864587,1.0,0.0,0.95,0.050000000000000044,0.09,0.91,0.0,1.0
746837,2024-08-21,2024,676428,4,3.0911036,0.42623267,0.18,0.8200000000000001,0.0,1.0,0.0,1.0,0.0,1.0
746837,2024-08-21,2024,592791,5,5.0693746,0.36044726,1.0,0.0,0.92,0.07999999999999996,0.12,0.88,0.0,1.0
746267,2024-08-21,2024,456501,1,3.2102606,0.38041568,0.17,0.83,0.0,1.0,0.0,1.0,0.0,1.0
744893,2024-08-21,2024,684320,6,4.4766397,0.3282579,1.0,0.0,0.51,0.49,0.0,1.0,0.0,1.0
744893,2024-08-21,2024,607259,3,4.133748,0.33589557,0.97,0.030000000000000027,0.14,0.86,0.0,1.0,0.0,1.0
745297,2024-08-21,2024,657277,6,6.0784855,0.5989418,1.0,0.0,0.99,0.010000000000000009,0.82,0.18000000000000005,0.22,0.78
744812,2024-08-21,2024,685299,2,4.062737,0.34716725,0.94,0.06000000000000005,0.14,0.86,0.0,1.0,0.0,1.0
745297,2024-08-21,2024,676979,4,3.7107663,0.43945605,0.71,0.29000000000000004,0.05,0.95,0.0,1.0,0.0,1.0
744973,2024-08-21,2024,571760,8,5.4003644,0.38329712,1.0,0.0,1.0,0.0,0.39,0.61,0.01,0.99
746110,2024-08-21,2024,669302,7,6.8024073,0.6026507,1.0,0.0,1.0,0.0,1.0,0.0,0.69,0.31000000000000005
746110,2024-08-21,2024,656427,5,5.9091535,0.5368774,1.0,0.0,1.0,0.0,0.75,0.25,0.11,0.89
746350,2024-08-21,2024,434378,6,4.212913,0.30115828,0.98,0.020000000000000018,0.15,0.85,0.0,1.0,0.0,1.0
746350,2024-08-21,2024,681867,4,3.2847354,0.3592106,0.28,0.72,0.0,1.0,0.0,1.0,0.0,1.0
745375,2024-08-21,2024,663362,3,4.4464083,0.9182146,0.88,0.12,0.41,0.5900000000000001,0.13,0.87,0.04,0.96
745375,2024-08-21,2024,669308,4,3.1893594,0.33589566,0.19,0.81,0.0,1.0,0.0,1.0,0.0,1.0
745375,2024-08-21,2024,680573,7,6.508781,0.45280847,1.0,0.0,1.0,0.0,0.99,0.010000000000000009,0.5,0.5
745622,2024-08-21,2024,686752,5,5.8611755,0.4198416,1.0,0.0,1.0,0.0,0.79,0.20999999999999996,0.06,0.94
745622,2024-08-21,2024,687765,10,6.7174187,0.62254936,1.0,0.0,1.0,0.0,0.98,0.020000000000000018,0.59,0.41000000000000003
746028,2024-08-21,2024,656756,4,5.013388,0.45461145,1.0,0.0,0.89,0.10999999999999999,0.13,0.87,0.0,1.0
746028,2024-08-21,2024,682610,3,3.0871546,0.2595942,0.07,0.9299999999999999,0.0,1.0,0.0,1.0,0.0,1.0
744973,2024-08-21,2024,593334,4,4.1984296,0.43066508,0.97,0.030000000000000027,0.22,0.78,0.0,1.0,0.0,1.0
744812,2024-08-21,2024,680730,6,4.1374316,0.49905095,0.89,0.10999999999999999,0.22,0.78,0.01,0.99,0.0,1.0
745781,2024-08-21,2024,608344,2,3.1789331,0.31078795,0.14,0.86,0.0,1.0,0.0,1.0,0.0,1.0
745781,2024-08-21,2024,640455,9,5.198869,0.43457022,1.0,0.0,0.91,0.08999999999999997,0.22,0.78,0.0,1.0
745138,2024-08-21,2024,502043,5,3.5015316,0.2998669,0.49,0.51,0.0,1.0,0.0,1.0,0.0,1.0
745704,2024-08-21,2024,641482,4,5.7637954,0.45179936,1.0,0.0,0.99,0.010000000000000009,0.72,0.28,0.04,0.96
747084,2024-08-21,2024,605400,5,6.2248993,0.56456506,1.0,0.0,1.0,0.0,0.89,0.10999999999999999,0.31,0.69
745704,2024-08-21,2024,676282,5,4.7246475,0.44003394,1.0,0.0,0.71,0.29000000000000004,0.04,0.96,0.0,1.0
745138,2024-08-21,2024,668964,5,4.426817,0.32243973,1.0,0.0,0.34,0.6599999999999999,0.0,1.0,0.0,1.0
747084,2024-08-21,2024,608331,4,4.716524,0.42373207,1.0,0.0,0.68,0.31999999999999995,0.01,0.99,0.0,1.0
745705,2024-08-22,2024,543037,2,5.795277,0.5474533,1.0,0.0,0.99,0.010000000000000009,0.72,0.28,0.08,0.92
747082,2024-08-22,2024,680885,9,7.4699125,0.5344814,1.0,0.0,1.0,0.0,1.0,0.0,0.94,0.06000000000000005
745465,2024-08-22,2024,596001,3,3.3928692,0.47711644,0.38,0.62,0.02,0.98,0.0,1.0,0.0,1.0
745623,2024-08-22,2024,605488,3,4.3543906,0.375942,1.0,0.0,0.37,0.63,0.0,1.0,0.0,1.0
745623,2024-08-22,2024,674370,6,5.593612,0.43054762,1.0,0.0,0.99,0.010000000000000009,0.6,0.4,0.02,0.98
745705,2024-08-22,2024,668909,5,6.8071175,0.5751858,1.0,0.0,1.0,0.0,0.99,0.010000000000000009,0.68,0.31999999999999995
745379,2024-08-22,2024,656302,7,8.941651,0.6187766,1.0,0.0,1.0,0.0,1.0,0.0,1.0,0.0
745465,2024-08-22,2024,666157,9,6.460169,0.5283975,1.0,0.0,1.0,0.0,0.96,0.040000000000000036,0.5,0.5
746836,2024-08-22,2024,657006,10,5.5116467,0.46622795,1.0,0.0,1.0,0.0,0.48,0.52,0.01,0.99
746836,2024-08-22,2024,628317,5,6.981456,0.57366246,1.0,0.0,1.0,0.0,0.99,0.010000000000000009,0.79,0.20999999999999996
746998,2024-08-22,2024,669203,2,7.0807905,0.5639341,1.0,0.0,1.0,0.0,0.99,0.010000000000000009,0.87,0.13
746998,2024-08-22,2024,681293,6,6.096272,0.386695,1.0,0.0,1.0,0.0,0.92,0.07999999999999996,0.13,0.87
745379,2024-08-22,2024,622663,5,6.124553,0.54167944,1.0,0.0,1.0,0.0,0.85,0.15000000000000002,0.25,0.75
744815,2024-08-22,2024,571578,8,5.489061,0.40906847,1.0,0.0,1.0,0.0,0.51,0.49,0.01,0.99
745137,2024-08-22,2024,642547,2,4.122992,0.3531202,0.96,0.040000000000000036,0.19,0.81,0.0,1.0,0.0,1.0
745137,2024-08-22,2024,571945,3,3.3722968,0.31719136,0.36,0.64,0.0,1.0,0.0,1.0,0.0,1.0
744894,2024-08-22,2024,656288,6,4.2537675,0.35083318,0.99,0.010000000000000009,0.25,0.75,0.0,1.0,0.0,1.0
747082,2024-08-22,2024,650911,8,6.897179,0.6284225,1.0,0.0,1.0,0.0,1.0,0.0,0.72,0.28
744815,2024-08-22,2024,615698,4,5.180811,0.5427079,1.0,0.0,0.86,0.14,0.29,0.71,0.0,1.0
745465,2024-08-22,2024,694973,9,6.392096,0.5343643,1.0,0.0,1.0,0.0,0.96,0.040000000000000036,0.37,0.63
744894,2024-08-22,2024,642232,4,3.1637428,0.33539626,0.16,0.84,0.0,1.0,0.0,1.0,0.0,1.0
744815,2024-08-22,2024,663567,2,3.1142318,0.36923128,0.11,0.89,0.01,0.99,0.0,1.0,0.0,1.0
745705,2024-08-22,2024,687362,3,2.7026632,0.31034875,0.02,0.98,0.0,1.0,0.0,1.0,0.0,1.0
744889,2024-08-23,2024,686799,1,3.299243,0.37022448,0.29,0.71,0.0,1.0,0.0,1.0,0.0,1.0
746920,2024-08-23,2024,669194,7,5.9430866,0.49804425,1.0,0.0,0.99,0.010000000000000009,0.82,0.18000000000000005,0.12,0.88
746920,2024-08-23,2024,670174,3,2.315415,0.36351332,0.0,1.0,0.0,1.0,0.0,1.0,0.0,1.0
746920,2024-08-23,2024,678394,2,5.937311,0.4726868,1.0,0.0,1.0,0.0,0.83,0.17000000000000004,0.09,0.91
745217,2024-08-23,2024,806185,5,4.9587893,0.4284843,1.0,0.0,0.87,0.13,0.12,0.88,0.0,1.0
745625,2024-08-23,2024,650644,3,3.7218146,0.32992107,0.72,0.28,0.01,0.99,0.0,1.0,0.0,1.0
745625,2024-08-23,2024,548389,4,3.9554203,0.36113277,0.9,0.09999999999999998,0.07,0.9299999999999999,0.0,1.0,0.0,1.0
745217,2024-08-23,2024,622491,9,6.5436516,0.41485086,1.0,0.0,1.0,0.0,1.0,0.0,0.49,0.51
745702,2024-08-23,2024,607536,3,5.6114845,0.44771463,1.0,0.0,0.98,0.020000000000000018,0.6,0.4,0.03,0.97
745702,2024-08-23,2024,607074,5,7.746759,0.51836324,1.0,0.0,1.0,0.0,1.0,0.0,1.0,0.0
745625,2024-08-23,2024,676664,3,4.573293,0.41182372,0.99,0.010000000000000009,0.58,0.42000000000000004,0.0,1.0,0.0,1.0
744889,2024-08-23,2024,605135,6,5.443584,0.48470467,1.0,0.0,0.98,0.020000000000000018,0.43,0.5700000000000001,0.01,0.99
746758,2024-08-23,2024,623167,5,4.246813,0.41470647,0.96,0.040000000000000036,0.27,0.73,0.0,1.0,0.0,1.0
746268,2024-08-23,2024,656457,1,2.6939132,0.35891938,0.02,0.98,0.0,1.0,0.0,1.0,0.0,1.0
746024,2024-08-23,2024,676974,2,4.690384,0.42557642,1.0,0.0,0.63,0.37,0.02,0.98,0.0,1.0
746758,2024-08-23,2024,672456,4,4.6894746,0.33741647,1.0,0.0,0.74,0.26,0.0,1.0,0.0,1.0
746597,2024-08-23,2024,543135,5,7.194811,0.65295845,1.0,0.0,1.0,0.0,1.0,0.0,0.87,0.13
745378,2024-08-23,2024,493603,1,2.8838108,0.35397056,0.06,0.94,0.0,1.0,0.0,1.0,0.0,1.0
745378,2024-08-23,2024,605397,9,4.868387,0.4933053,1.0,0.0,0.75,0.25,0.15,0.85,0.0,1.0
745378,2024-08-23,2024,621112,1,2.8688002,0.24648005,0.0,1.0,0.0,1.0,0.0,1.0,0.0,1.0
746024,2024-08-23,2024,543294,0,2.657535,0.32554784,0.01,0.99,0.0,1.0,0.0,1.0,0.0,1.0
746268,2024-08-23,2024,592836,2,4.782916,0.4749289,1.0,0.0,0.7,0.30000000000000004,0.07,0.9299999999999999,0.0,1.0
746268,2024-08-23,2024,608379,5,5.8925667,0.3988442,1.0,0.0,1.0,0.0,0.84,0.16000000000000003,0.06,0.94
747080,2024-08-23,2024,519242,4,5.906899,0.53166056,1.0,0.0,1.0,0.0,0.76,0.24,0.13,0.87
747080,2024-08-23,2024,669022,4,4.279002,0.36890092,0.99,0.010000000000000009,0.25,0.75,0.0,1.0,0.0,1.0
745870,2024-08-23,2024,669467,5,5.642582,0.46134984,1.0,0.0,1.0,0.0,0.6,0.4,0.04,0.96
745870,2024-08-23,2024,670950,1,2.0764627,0.2461233,0.0,1.0,0.0,1.0,0.0,1.0,0.0,1.0
745870,2024-08-23,2024,701581,5,3.5912683,0.3849131,0.61,0.39,0.0,1.0,0.0,1.0,0.0,1.0
746111,2024-08-23,2024,676272,9,6.9512496,0.5450929,1.0,0.0,1.0,0.0,0.99,0.010000000000000009,0.79,0.20999999999999996
746597,2024-08-23,2024,676440,6,5.2084823,0.42969322,1.0,0.0,0.95,0.050000000000000044,0.24,0.76,0.0,1.0
745460,2024-08-23,2024,663559,4,4.2505918,0.31195343,0.99,0.010000000000000009,0.23,0.77,0.0,1.0,0.0,1.0
746995,2024-08-23,2024,686613,6,6.6515865,0.50886625,1.0,0.0,1.0,0.0,1.0,0.0,0.62,0.38
746995,2024-08-23,2024,700249,3,3.6121092,0.34532002,0.58,0.42000000000000004,0.0,1.0,0.0,1.0,0.0,1.0
746111,2024-08-23,2024,641302,1,3.4429214,0.27759656,0.37,0.63,0.0,1.0,0.0,1.0,0.0,1.0
746022,2024-08-24,2024,684007,3,6.233736,0.6519733,1.0,0.0,0.99,0.010000000000000009,0.87,0.13,0.31,0.69
746022,2024-08-24,2024,678368,1,1.8783139,0.27888298,0.0,1.0,0.0,1.0,0.0,1.0,0.0,1.0
746996,2024-08-24,2024,544150,3,5.3559127,0.4449288,1.0,0.0,0.96,0.040000000000000036,0.35,0.65,0.01,0.99
746108,2024-08-24,2024,671737,5,6.3843966,0.61400074,1.0,0.0,1.0,0.0,0.92,0.07999999999999996,0.38,0.62
746108,2024-08-24,2024,477132,5,5.6002865,0.4089413,1.0,0.0,1.0,0.0,0.58,0.42000000000000004,0.01,0.99
746996,2024-08-24,2024,664285,8,7.856556,0.6377657,1.0,0.0,1.0,0.0,1.0,0.0,0.99,0.010000000000000009
745457,2024-08-24,2024,687924,4,4.8548512,0.3498607,1.0,0.0,0.82,0.18000000000000005,0.05,0.95,0.0,1.0
746022,2024-08-24,2024,642629,2,4.6839995,0.6198703,0.98,0.020000000000000018,0.62,0.38,0.08,0.92,0.0,1.0
745218,2024-08-24,2024,669923,3,5.376544,0.4125495,1.0,0.0,1.0,0.0,0.41,0.5900000000000001,0.0,1.0
745617,2024-08-24,2024,671305,3,1.7678012,0.28998047,0.0,1.0,0.0,1.0,0.0,1.0,0.0,1.0
745617,2024-08-24,2024,607067,5,6.389822,0.472374,1.0,0.0,1.0,0.0,0.97,0.030000000000000027,0.38,0.62
745617,2024-08-24,2024,671212,8,8.571377,0.5721612,1.0,0.0,1.0,0.0,1.0,0.0,1.0,0.0
746599,2024-08-24,2024,681982,2,2.2985191,0.26919967,0.0,1.0,0.0,1.0,0.0,1.0,0.0,1.0
745377,2024-08-24,2024,650633,7,4.837592,0.32994503,1.0,0.0,0.84,0.16000000000000003,0.01,0.99,0.0,1.0
745377,2024-08-24,2024,656849,2,4.257883,0.31332088,1.0,0.0,0.22,0.78,0.0,1.0,0.0,1.0
745868,2024-08-24,2024,543243,7,6.5851336,0.46115974,1.0,0.0,1.0,0.0,1.0,0.0,0.59,0.41000000000000003
745868,2024-08-24,2024,641154,9,7.7307353,0.5606168,1.0,0.0,1.0,0.0,1.0,0.0,0.97,0.030000000000000027
746756,2024-08-24,2024,669373,8,5.3467903,0.46018,1.0,0.0,0.97,0.030000000000000027,0.38,0.62,0.0,1.0
746756,2024-08-24,2024,681066,1,2.4742773,0.28654277,0.0,1.0,0.0,1.0,0.0,1.0,0.0,1.0
746917,2024-08-24,2024,676710,3,4.6424136,0.37796143,1.0,0.0,0.69,0.31000000000000005,0.01,0.99,0.0,1.0
746917,2024-08-24,2024,668678,9,5.998707,0.4670884,1.0,0.0,1.0,0.0,0.84,0.16000000000000003,0.13,0.87
745218,2024-08-24,2024,605483,5,4.1848993,0.44282845,0.95,0.050000000000000044,0.24,0.76,0.0,1.0,0.0,1.0
745703,2024-08-24,2024,687134,5,5.956732,0.57453895,1.0,0.0,0.98,0.020000000000000018,0.85,0.15000000000000002,0.15,0.85
745457,2024-08-24,2024,663765,3,3.7844796,0.36136898,0.76,0.24,0.02,0.98,0.0,1.0,0.0,1.0
746599,2024-08-24,2024,594902,4,5.5783362,0.4430547,1.0,0.0,1.0,0.0,0.61,0.39,0.02,0.98
745703,2024-08-24,2024,701542,6,4.9215302,0.36375585,1.0,0.0,0.84,0.16000000000000003,0.06,0.94,0.0,1.0
746599,2024-08-24,2024,679156,3,2.8331797,0.33737633,0.05,0.95,0.0,1.0,0.0,1.0,0.0,1.0
747077,2024-08-24,2024,663623,3,5.182449,0.4197781,1.0,0.0,0.95,0.050000000000000044,0.27,0.73,0.0,1.0
746599,2024-08-24,2024,592351,1,2.7709188,0.28538242,0.01,0.99,0.0,1.0,0.0,1.0,0.0,1.0
747077,2024-08-24,2024,450203,6,7.8948827,0.6815555,1.0,0.0,1.0,0.0,1.0,0.0,0.99,0.010000000000000009
746271,2024-08-24,2024,624133,6,3.5779243,0.31692317,0.63,0.37,0.0,1.0,0.0,1.0,0.0,1.0
746271,2024-08-24,2024,663903,5,5.1689787,0.3999729,1.0,0.0,0.97,0.030000000000000027,0.2,0.8,0.0,1.0
744890,2024-08-24,2024,670102,12,9.210237,0.8432795,1.0,0.0,1.0,0.0,1.0,0.0,1.0,0.0
744890,2024-08-24,2024,608334,8,4.865648,0.46164146,1.0,0.0,0.74,0.26,0.06,0.94,0.0,1.0
746754,2024-08-25,2024,676614,3,1.2954823,0.3192708,0.0,1.0,0.0,1.0,0.0,1.0,0.0,1.0
746263,2024-08-25,2024,607625,3,4.644302,0.3719865,1.0,0.0,0.67,0.32999999999999996,0.02,0.98,0.0,1.0
745618,2024-08-25,2024,593423,7,8.09718,0.6623553,1.0,0.0,1.0,0.0,1.0,0.0,1.0,0.0
746994,2024-08-25,2024,665152,5,4.9135127,0.49606973,1.0,0.0,0.78,0.21999999999999997,0.11,0.89,0.0,1.0
745706,2024-08-25,2024,573186,5,4.2940965,0.42421955,0.97,0.030000000000000027,0.31,0.69,0.0,1.0,0.0,1.0
746106,2024-08-25,2024,682052,6,3.4372191,0.25833866,0.38,0.62,0.0,1.0,0.0,1.0,0.0,1.0
745376,2024-08-25,2024,500779,0,4.1474595,0.33030716,1.0,0.0,0.16,0.84,0.0,1.0,0.0,1.0
745376,2024-08-25,2024,527048,1,3.8925571,0.3589299,0.89,0.10999999999999999,0.06,0.94,0.0,1.0,0.0,1.0
745706,2024-08-25,2024,596295,4,4.3625836,0.4092627,1.0,0.0,0.36,0.64,0.01,0.99,0.0,1.0
746263,2024-08-25,2024,663465,5,3.6013954,0.27112833,0.68,0.31999999999999995,0.0,1.0,0.0,1.0,0.0,1.0
747078,2024-08-25,2024,687792,8,5.559585,0.41198304,1.0,0.0,0.99,0.010000000000000009,0.52,0.48,0.0,1.0
747078,2024-08-25,2024,625643,7,4.9054976,0.384982,1.0,0.0,0.89,0.10999999999999999,0.05,0.95,0.0,1.0
746918,2024-08-25,2024,518876,5,5.7742634,0.46641856,1.0,0.0,1.0,0.0,0.75,0.25,0.06,0.94
744892,2024-08-25,2024,592332,10,6.922222,0.54761046,1.0,0.0,1.0,0.0,0.99,0.010000000000000009,0.79,0.20999999999999996
746918,2024-08-25,2024,656557,2,7.11319,0.63794607,1.0,0.0,1.0,0.0,1.0,0.0,0.81,0.18999999999999995
745863,2024-08-25,2024,607200,7,4.030734,0.3149784,0.96,0.040000000000000036,0.05,0.95,0.0,1.0,0.0,1.0
745863,2024-08-25,2024,805673,7,4.7317295,0.3395021,1.0,0.0,0.73,0.27,0.01,0.99,0.0,1.0
746994,2024-08-25,2024,579328,4,7.569014,0.51043355,1.0,0.0,1.0,0.0,1.0,0.0,0.98,0.020000000000000018
746754,2024-08-25,2024,686563,4,4.2464914,0.32187772,0.97,0.030000000000000027,0.23,0.77,0.0,1.0,0.0,1.0
746754,2024-08-25,2024,657053,3,2.8920739,0.56349695,0.14,0.86,0.01,0.99,0.0,1.0,0.0,1.0
745459,2024-08-25,2024,686730,1,2.8721764,0.33832738,0.04,0.96,0.0,1.0,0.0,1.0,0.0,1.0
745618,2024-08-25,2024,683155,5,4.6750617,0.37783924,1.0,0.0,0.7,0.30000000000000004,0.01,0.99,0.0,1.0
746106,2024-08-25,2024,694813,7,3.452344,0.31169754,0.39,0.61,0.0,1.0,0.0,1.0,0.0,1.0
746023,2024-08-25,2024,670124,6,4.7668962,0.4254481,1.0,0.0,0.79,0.20999999999999996,0.07,0.9299999999999999,0.0,1.0
745212,2024-08-25,2024,693433,7,6.202027,0.5169996,1.0,0.0,1.0,0.0,0.93,0.06999999999999995,0.28,0.72
744892,2024-08-25,2024,542881,3,5.290955,0.37928385,1.0,0.0,0.99,0.010000000000000009,0.28,0.72,0.0,1.0
745212,2024-08-25,2024,663546,1,2.4562435,0.3516279,0.0,1.0,0.0,1.0,0.0,1.0,0.0,1.0
746023,2024-08-25,2024,665871,3,3.3263419,0.29974863,0.25,0.75,0.0,1.0,0.0,1.0,0.0,1.0
746595,2024-08-25,2024,571510,4,3.9555361,0.30364096,0.96,0.040000000000000036,0.05,0.95,0.0,1.0,0.0,1.0
746595,2024-08-25,2024,674003,3,2.8997736,0.3418229,0.05,0.95,0.0,1.0,0.0,1.0,0.0,1.0
745459,2024-08-25,2024,682847,5,5.8543835,0.39685827,1.0,0.0,1.0,0.0,0.81,0.18999999999999995,0.05,0.95
745459,2024-08-25,2024,607259,1,3.1444201,0.34412202,0.15,0.85,0.0,1.0,0.0,1.0,0.0,1.0
745212,2024-08-25,2024,592662,4,4.0970745,0.40666762,0.94,0.06000000000000005,0.16,0.84,0.0,1.0,0.0,1.0
746753,2024-08-26,2024,663436,4,4.3701253,0.34559157,1.0,0.0,0.34,0.6599999999999999,0.0,1.0,0.0,1.0
746753,2024-08-26,2024,680744,2,4.2472167,0.32612523,0.98,0.020000000000000018,0.24,0.76,0.0,1.0,0.0,1.0
746753,2024-08-26,2024,694363,3,2.184741,0.4299643,0.01,0.99,0.0,1.0,0.0,1.0,0.0,1.0
744813,2024-08-26,2024,680730,5,4.9065123,0.4173083,1.0,0.0,0.83,0.17000000000000004,0.07,0.9299999999999999,0.0,1.0
745133,2024-08-26,2024,502043,2,3.8177733,0.26657864,0.86,0.14,0.01,0.99,0.0,1.0,0.0,1.0
745458,2024-08-26,2024,621399,0,2.2861185,0.2725806,0.0,1.0,0.0,1.0,0.0,1.0,0.0,1.0
746513,2024-08-26,2024,665795,8,6.8783197,0.4846825,1.0,0.0,1.0,0.0,1.0,0.0,0.79,0.20999999999999996
744813,2024-08-26,2024,686747,1,1.2430067,0.345717,0.0,1.0,0.0,1.0,0.0,1.0,0.0,1.0
746513,2024-08-26,2024,663372,2,4.128408,0.34029308,0.97,0.030000000000000027,0.16,0.84,0.0,1.0,0.0,1.0
746628,2024-08-26,2024,666142,4,4.9466147,0.40495405,1.0,0.0,0.86,0.14,0.08,0.92,0.0,1.0
746915,2024-08-26,2024,677161,4,3.1441238,0.42923513,0.26,0.74,0.0,1.0,0.0,1.0,0.0,1.0
744813,2024-08-26,2024,641482,5,4.5225887,0.3932359,0.99,0.010000000000000009,0.51,0.49,0.01,0.99,0.0,1.0
745458,2024-08-26,2024,656605,4,6.310637,0.48996988,1.0,0.0,1.0,0.0,0.94,0.06000000000000005,0.38,0.62
746915,2024-08-26,2024,621244,6,4.5458035,0.46994433,0.99,0.010000000000000009,0.52,0.48,0.02,0.98,0.0,1.0
746915,2024-08-26,2024,641745,2,4.652875,0.39836252,1.0,0.0,0.57,0.43000000000000005,0.03,0.97,0.0,1.0
745538,2024-08-26,2024,669854,5,4.9448323,0.3597366,1.0,0.0,0.88,0.12,0.06,0.94,0.0,1.0
745865,2024-08-26,2024,641927,2,2.4923742,0.25695997,0.0,1.0,0.0,1.0,0.0,1.0,0.0,1.0
745865,2024-08-26,2024,608331,7,4.63106,0.37230662,1.0,0.0,0.65,0.35,0.01,0.99,0.0,1.0
745458,2024-08-26,2024,593334,3,4.1772137,0.35806066,0.95,0.050000000000000044,0.2,0.8,0.0,1.0,0.0,1.0
745458,2024-08-26,2024,592791,3,4.7841463,0.32697487,1.0,0.0,0.81,0.18999999999999995,0.01,0.99,0.0,1.0
745133,2024-08-26,2024,681190,2,5.991987,0.4612764,1.0,0.0,1.0,0.0,0.86,0.14,0.14,0.86
745538,2024-08-26,2024,554430,6,6.858753,0.46628377,1.0,0.0,1.0,0.0,1.0,0.0,0.73,0.27
746596,2024-08-26,2024,679525,2,5.003464,0.37639564,1.0,0.0,0.88,0.12,0.06,0.94,0.0,1.0
746596,2024-08-26,2024,671106,1,3.1755416,0.39781237,0.22,0.78,0.0,1.0,0.0,1.0,0.0,1.0
745215,2024-08-26,2024,682243,10,4.9341106,0.37883523,1.0,0.0,0.91,0.08999999999999997,0.07,0.9299999999999999,0.0,1.0
745215,2024-08-26,2024,686752,6,5.446616,0.49442708,1.0,0.0,0.99,0.010000000000000009,0.44,0.56,0.01,0.99
746916,2024-08-27,2024,681867,0,3.1296864,0.32105368,0.15,0.85,0.0,1.0,0.0,1.0,0.0,1.0
746916,2024-08-27,2024,684320,3,3.3641312,0.31797904,0.33,0.6699999999999999,0.0,1.0,0.0,1.0,0.0,1.0
745213,2024-08-27,2024,669302,10,7.0841813,0.56272906,1.0,0.0,1.0,0.0,1.0,0.0,0.88,0.12
744811,2024-08-27,2024,571578,6,5.47464,0.47139183,1.0,0.0,0.99,0.010000000000000009,0.47,0.53,0.01,0.99
745132,2024-08-27,2024,656302,4,5.938917,0.49095613,1.0,0.0,1.0,0.0,0.81,0.18999999999999995,0.14,0.86
744811,2024-08-27,2024,543037,7,5.6267586,0.43983886,1.0,0.0,1.0,0.0,0.57,0.43000000000000005,0.04,0.96
745213,2024-08-27,2024,605488,9,4.1570945,0.33814624,0.97,0.030000000000000027,0.17,0.83,0.0,1.0,0.0,1.0
745946,2024-08-27,2024,657277,4,5.9556217,0.6444803,1.0,0.0,0.99,0.010000000000000009,0.74,0.26,0.23,0.77
745132,2024-08-27,2024,571945,3,4.229869,0.42559594,0.96,0.040000000000000036,0.22,0.78,0.0,1.0,0.0,1.0
745540,2024-08-27,2024,605400,6,7.653944,0.55337507,1.0,0.0,1.0,0.0,1.0,0.0,0.97,0.030000000000000027
745540,2024-08-27,2024,434378,3,4.731662,0.36842608,0.99,0.010000000000000009,0.75,0.25,0.05,0.95,0.0,1.0
746510,2024-08-27,2024,615698,2,3.6310415,0.47226837,0.57,0.43000000000000005,0.03,0.97,0.0,1.0,0.0,1.0
746510,2024-08-27,2024,642834,3,1.5181777,0.29234883,0.0,1.0,0.0,1.0,0.0,1.0,0.0,1.0
746105,2024-08-27,2024,656427,5,6.0330114,0.5750622,1.0,0.0,1.0,0.0,0.82,0.18000000000000005,0.23,0.77
746105,2024-08-27,2024,608344,3,2.9006946,0.34985986,0.03,0.97,0.0,1.0,0.0,1.0,0.0,1.0
746510,2024-08-27,2024,682610,0,1.9285244,0.215635,0.0,1.0,0.0,1.0,0.0,1.0,0.0,1.0
745461,2024-08-27,2024,683003,4,5.544059,0.3949582,1.0,0.0,0.99,0.010000000000000009,0.58,0.42000000000000004,0.01,0.99
747162,2024-08-27,2024,694297,6,6.6936297,0.522495,1.0,0.0,1.0,0.0,0.99,0.010000000000000009,0.64,0.36
747162,2024-08-27,2024,656756,2,4.311769,0.38723096,0.99,0.010000000000000009,0.34,0.6599999999999999,0.0,1.0,0.0,1.0
747162,2024-08-27,2024,640455,11,5.588364,0.4803531,1.0,0.0,0.99,0.010000000000000009,0.62,0.38,0.0,1.0
746429,2024-08-27,2024,456501,5,3.3061624,0.32180274,0.27,0.73,0.0,1.0,0.0,1.0,0.0,1.0
746755,2024-08-27,2024,623167,4,5.2091475,0.3588832,1.0,0.0,0.97,0.030000000000000027,0.26,0.74,0.0,1.0
745864,2024-08-27,2024,680573,3,4.9778543,0.39553005,1.0,0.0,0.89,0.10999999999999999,0.07,0.9299999999999999,0.0,1.0
745461,2024-08-27,2024,657006,6,4.863371,0.33254868,1.0,0.0,0.82,0.18000000000000005,0.03,0.97,0.0,1.0
746755,2024-08-27,2024,571760,2,3.869499,0.3343523,0.85,0.15000000000000002,0.04,0.96,0.0,1.0,0.0,1.0
746671,2024-08-27,2024,687765,3,4.173877,0.5086798,0.93,0.06999999999999995,0.2,0.8,0.02,0.98,0.0,1.0
745946,2024-08-27,2024,668964,4,4.2732897,0.33958846,0.99,0.010000000000000009,0.27,0.73,0.0,1.0,0.0,1.0
746671,2024-08-27,2024,596001,3,2.347681,0.23172836,0.0,1.0,0.0,1.0,0.0,1.0,0.0,1.0
745864,2024-08-27,2024,680885,8,7.702928,0.61603373,1.0,0.0,1.0,0.0,1.0,0.0,0.96,0.040000000000000036
746594,2024-08-27,2024,672578,2,2.6154077,0.28177172,0.0,1.0,0.0,1.0,0.0,1.0,0.0,1.0
746429,2024-08-27,2024,676428,4,4.760358,0.40265834,1.0,0.0,0.72,0.28,0.04,0.96,0.0,1.0
746594,2024-08-27,2024,668909,6,5.3395276,0.42756137,1.0,0.0,0.97,0.030000000000000027,0.37,0.63,0.01,0.99
746512,2024-08-28,2024,676974,6,5.1957874,0.54662037,1.0,0.0,0.9,0.09999999999999998,0.26,0.74,0.02,0.98
746512,2024-08-28,2024,607536,5,4.670996,0.33317626,1.0,0.0,0.72,0.28,0.0,1.0,0.0,1.0
746589,2024-08-28,2024,676440,6,6.713111,0.53992873,1.0,0.0,1.0,0.0,0.99,0.010000000000000009,0.67,0.32999999999999996
746752,2024-08-28,2024,570632,2,2.9467533,0.34466138,0.08,0.92,0.0,1.0,0.0,1.0,0.0,1.0
745452,2024-08-28,2024,543294,2,2.853105,0.4002041,0.04,0.96,0.0,1.0,0.0,1.0,0.0,1.0
746752,2024-08-28,2024,671111,2,1.2401592,0.20017892,0.0,1.0,0.0,1.0,0.0,1.0,0.0,1.0
746752,2024-08-28,2024,683004,4,6.090753,0.4768332,1.0,0.0,1.0,0.0,0.89,0.10999999999999999,0.25,0.75
746589,2024-08-28,2024,608379,7,4.9978776,0.49465895,1.0,0.0,0.8,0.19999999999999996,0.14,0.86,0.0,1.0
746672,2024-08-28,2024,518585,6,3.6025293,0.55806535,0.57,0.43000000000000005,0.05,0.95,0.0,1.0,0.0,1.0
745541,2024-08-28,2024,592836,0,5.1704426,0.5247462,1.0,0.0,0.88,0.12,0.29,0.71,0.01,0.99
745541,2024-08-28,2024,681293,11,6.2577376,0.47089085,1.0,0.0,1.0,0.0,0.96,0.040000000000000036,0.29,0.71
746672,2024-08-28,2024,543391,2,1.7029179,0.25741866,0.0,1.0,0.0,1.0,0.0,1.0,0.0,1.0
745452,2024-08-28,2024,694973,6,6.3482776,0.45552137,1.0,0.0,1.0,0.0,0.96,0.040000000000000036,0.4,0.6
746430,2024-08-28,2024,656288,4,5.343601,0.336988,1.0,0.0,1.0,0.0,0.34,0.6599999999999999,0.0,1.0
746672,2024-08-28,2024,674370,5,4.527316,0.32193822,1.0,0.0,0.58,0.42000000000000004,0.0,1.0,0.0,1.0
747161,2024-08-28,2024,593958,5,4.5025544,0.3298045,1.0,0.0,0.49,0.51,0.0,1.0,0.0,1.0
747161,2024-08-28,2024,622663,9,6.195483,0.41721138,1.0,0.0,1.0,0.0,0.95,0.050000000000000044,0.23,0.77
746430,2024-08-28,2024,628317,5,6.457217,0.64846534,1.0,0.0,0.99,0.010000000000000009,0.92,0.07999999999999996,0.53,0.47
745943,2024-08-28,2024,642547,8,7.0968776,0.49676254,1.0,0.0,1.0,0.0,1.0,0.0,0.85,0.15000000000000002
745943,2024-08-28,2024,690986,7,4.906909,0.58882326,0.99,0.010000000000000009,0.73,0.27,0.16,0.84,0.0,1.0
746103,2024-08-28,2024,621111,4,6.352033,0.47923008,1.0,0.0,1.0,0.0,0.96,0.040000000000000036,0.38,0.62
745866,2024-08-28,2024,701581,7,5.3255672,0.4163203,1.0,0.0,0.99,0.010000000000000009,0.34,0.6599999999999999,0.0,1.0
744809,2024-08-28,2024,607074,8,7.1518307,0.4861184,1.0,0.0,1.0,0.0,1.0,0.0,0.93,0.06999999999999995
746103,2024-08-28,2024,669203,4,7.9795685,0.68296957,1.0,0.0,1.0,0.0,1.0,0.0,1.0,0.0
745134,2024-08-28,2024,669467,3,6.163419,0.4270869,1.0,0.0,1.0,0.0,0.92,0.07999999999999996,0.22,0.78
745211,2024-08-28,2024,622491,4,6.365635,0.43431026,1.0,0.0,1.0,0.0,0.97,0.030000000000000027,0.42,0.5800000000000001
745211,2024-08-28,2024,641302,4,3.3586633,0.25351426,0.33,0.6699999999999999,0.0,1.0,0.0,1.0,0.0,1.0
745134,2024-08-28,2024,605397,3,6.445841,0.55086744,1.0,0.0,1.0,0.0,0.96,0.040000000000000036,0.48,0.52
746913,2024-08-28,2024,605135,9,5.209857,0.38016745,1.0,0.0,0.97,0.030000000000000027,0.2,0.8,0.0,1.0
746913,2024-08-28,2024,678394,9,6.712646,0.5315152,1.0,0.0,1.0,0.0,0.99,0.010000000000000009,0.72,0.28
744809,2024-08-28,2024,669022,6,6.3087873,0.5238659,1.0,0.0,1.0,0.0,0.91,0.08999999999999997,0.38,0.62
745866,2024-08-28,2024,519242,6,7.402907,0.538826,1.0,0.0,1.0,0.0,1.0,0.0,0.95,0.050000000000000044
746670,2024-08-29,2024,669372,4,2.9273038,0.34104759,0.09,0.91,0.0,1.0,0.0,1.0,0.0,1.0
745135,2024-08-29,2024,543243,4,5.473149,0.5069872,1.0,0.0,0.98,0.020000000000000018,0.48,0.52,0.02,0.98
745135,2024-08-29,2024,650633,3,5.826429,0.49060127,1.0,0.0,1.0,0.0,0.7,0.30000000000000004,0.1,0.9
745945,2024-08-29,2024,694738,4,3.3788388,0.58151704,0.41,0.5900000000000001,0.02,0.98,0.01,0.99,0.0,1.0
745945,2024-08-29,2024,650644,7,5.747953,0.4630855,1.0,0.0,0.98,0.020000000000000018,0.78,0.21999999999999997,0.03,0.97
746670,2024-08-29,2024,687924,1,3.4529238,0.2546548,0.45,0.55,0.0,1.0,0.0,1.0,0.0,1.0
746914,2024-08-29,2024,676710,3,3.9842176,0.48672867,0.84,0.16000000000000003,0.13,0.87,0.0,1.0,0.0,1.0
745945,2024-08-29,2024,806185,6,5.7323,0.49554804,1.0,0.0,1.0,0.0,0.66,0.33999999999999997,0.07,0.9299999999999999
746514,2024-08-29,2024,687134,3,4.2500854,0.37721825,0.99,0.010000000000000009,0.26,0.74,0.0,1.0,0.0,1.0
747159,2024-08-29,2024,669194,4,6.5150886,0.50870436,1.0,0.0,1.0,0.0,0.95,0.050000000000000044,0.58,0.42000000000000004
747159,2024-08-29,2024,656849,4,3.6961884,0.3223738,0.72,0.28,0.0,1.0,0.0,1.0,0.0,1.0
746514,2024-08-29,2024,678368,4,3.3778162,0.30585587,0.33,0.6699999999999999,0.0,1.0,0.0,1.0,0.0,1.0
746102,2024-08-29,2024,700249,3,3.8002944,0.37722185,0.78,0.21999999999999997,0.05,0.95,0.0,1.0,0.0,1.0
745531,2024-08-29,2024,450203,7,7.492209,0.69439197,1.0,0.0,1.0,0.0,1.0,0.0,0.88,0.12
745531,2024-08-29,2024,650911,8,7.425332,0.7443384,1.0,0.0,1.0,0.0,0.99,0.010000000000000009,0.87,0.13
746352,2024-08-29,2024,663903,6,5.9671454,0.46534312,1.0,0.0,1.0,0.0,0.84,0.16000000000000003,0.09,0.91
746352,2024-08-29,2024,686613,4,5.5596013,0.41171795,1.0,0.0,0.99,0.010000000000000009,0.56,0.43999999999999995,0.01,0.99
746432,2024-08-29,2024,686799,4,3.809328,0.45502073,0.77,0.22999999999999998,0.06,0.94,0.0,1.0,0.0,1.0
746432,2024-08-29,2024,672456,5,4.8232894,0.32807177,1.0,0.0,0.9,0.09999999999999998,0.03,0.97,0.0,1.0
746102,2024-08-29,2024,621199,2,1.988989,0.34469616,0.0,1.0,0.0,1.0,0.0,1.0,0.0,1.0
746102,2024-08-29,2024,676272,3,4.895538,0.44107234,1.0,0.0,0.81,0.18999999999999995,0.08,0.92,0.0,1.0
746914,2024-08-29,2024,670102,5,4.251555,0.42661616,0.98,0.020000000000000018,0.28,0.72,0.0,1.0,0.0,1.0
746748,2024-08-29,2024,680897,3,6.4289684,0.49708453,1.0,0.0,1.0,0.0,0.97,0.030000000000000027,0.43,0.5700000000000001
746748,2024-08-29,2024,543135,10,6.666211,0.5739646,1.0,0.0,1.0,0.0,0.99,0.010000000000000009,0.59,0.41000000000000003
745862,2024-08-30,2024,592332,4,7.7779613,0.59316826,1.0,0.0,1.0,0.0,1.0,0.0,1.0,0.0
745533,2024-08-30,2024,625643,6,6.574339,0.5573182,1.0,0.0,1.0,0.0,0.95,0.050000000000000044,0.56,0.43999999999999995
746665,2024-08-30,2024,695076,6,3.9606063,0.2746287,0.95,0.050000000000000044,0.03,0.97,0.0,1.0,0.0,1.0
746665,2024-08-30,2024,691172,3,2.280913,0.35193977,0.0,1.0,0.0,1.0,0.0,1.0,0.0,1.0
746665,2024-08-30,2024,669084,5,5.0144563,0.4194714,1.0,0.0,0.87,0.13,0.11,0.89,0.0,1.0
745052,2024-08-30,2024,527048,4,5.275841,0.44474307,1.0,0.0,0.97,0.030000000000000027,0.3,0.7,0.01,0.99
745052,2024-08-30,2024,541640,4,2.9422598,0.26506338,0.03,0.97,0.0,1.0,0.0,1.0,0.0,1.0
745052,2024-08-30,2024,669308,5,2.4120426,0.3339418,0.01,0.99,0.0,1.0,0.0,1.0,0.0,1.0
745052,2024-08-30,2024,671737,2,5.32909,0.46896562,1.0,0.0,0.94,0.06000000000000005,0.38,0.62,0.0,1.0
746433,2024-08-30,2024,663554,4,4.2087574,0.36206824,0.99,0.010000000000000009,0.22,0.78,0.0,1.0,0.0,1.0
746749,2024-08-30,2024,686563,3,4.5433125,0.39665362,1.0,0.0,0.5,0.5,0.02,0.98,0.0,1.0
746511,2024-08-30,2024,544150,4,5.479179,0.44827682,1.0,0.0,0.98,0.020000000000000018,0.47,0.53,0.01,0.99
746511,2024-08-30,2024,596295,4,4.1510935,0.34137425,0.97,0.030000000000000027,0.13,0.87,0.0,1.0,0.0,1.0
747156,2024-08-30,2024,523260,1,2.3630457,0.33976203,0.0,1.0,0.0,1.0,0.0,1.0,0.0,1.0
744969,2024-08-30,2024,592351,5,4.2860093,0.38496736,0.99,0.010000000000000009,0.3,0.7,0.0,1.0,0.0,1.0
744969,2024-08-30,2024,641540,0,3.2362359,0.3625053,0.23,0.77,0.0,1.0,0.0,1.0,0.0,1.0
744969,2024-08-30,2024,676664,4,5.052553,0.37669468,1.0,0.0,0.92,0.07999999999999996,0.1,0.9,0.0,1.0
747156,2024-08-30,2024,668678,7,6.843491,0.5350014,1.0,0.0,1.0,0.0,0.99,0.010000000000000009,0.74,0.26
746593,2024-08-30,2024,663559,2,2.3301394,0.2477549,0.0,1.0,0.0,1.0,0.0,1.0,0.0,1.0
746593,2024-08-30,2024,594902,3,4.4959807,0.322888,1.0,0.0,0.51,0.49,0.0,1.0,0.0,1.0
746593,2024-08-30,2024,593334,4,2.9300098,0.32641262,0.04,0.96,0.0,1.0,0.0,1.0,0.0,1.0
745862,2024-08-30,2024,641154,3,7.2217016,0.5992952,1.0,0.0,1.0,0.0,1.0,0.0,0.91,0.08999999999999997
746433,2024-08-30,2024,656557,6,6.9821324,0.6718626,1.0,0.0,1.0,0.0,0.99,0.010000000000000009,0.78,0.21999999999999997
745533,2024-08-30,2024,624133,6,4.2003865,0.352433,0.99,0.010000000000000009,0.22,0.78,0.0,1.0,0.0,1.0
746730,2024-08-30,2024,607067,5,5.230785,0.46526283,1.0,0.0,0.95,0.050000000000000044,0.28,0.72,0.0,1.0
745299,2024-08-30,2024,605483,8,7.9561224,0.6760992,1.0,0.0,1.0,0.0,1.0,0.0,0.98,0.020000000000000018
746730,2024-08-30,2024,607259,3,3.777872,0.28115964,0.83,0.17000000000000004,0.0,1.0,0.0,1.0,0.0,1.0
746184,2024-08-30,2024,669923,2,4.0235677,0.32499903,0.93,0.06999999999999995,0.09,0.91,0.0,1.0,0.0,1.0
745299,2024-08-30,2024,670124,8,5.068436,0.50442815,1.0,0.0,0.85,0.15000000000000002,0.25,0.75,0.0,1.0
746353,2024-08-30,2024,607625,9,4.1997538,0.37695226,0.98,0.020000000000000018,0.23,0.77,0.0,1.0,0.0,1.0
745299,2024-08-30,2024,657508,2,3.0400622,0.4142082,0.12,0.88,0.0,1.0,0.0,1.0,0.0,1.0
746749,2024-08-30,2024,656731,6,5.5196276,0.40918285,1.0,0.0,1.0,0.0,0.54,0.45999999999999996,0.0,1.0
746749,2024-08-30,2024,657053,3,3.608071,0.44505844,0.59,0.41000000000000003,0.02,0.98,0.0,1.0,0.0,1.0
746353,2024-08-30,2024,664285,7,7.697432,0.6787585,1.0,0.0,1.0,0.0,1.0,0.0,0.97,0.030000000000000027
746184,2024-08-30,2024,691951,3,2.714345,0.3205898,0.01,0.99,0.0,1.0,0.0,1.0,0.0,1.0
744810,2024-08-30,2024,684007,8,6.6970067,0.63832474,1.0,0.0,1.0,0.0,0.96,0.040000000000000036,0.62,0.38
745700,2024-08-30,2024,607200,8,4.4102592,0.37402588,1.0,0.0,0.34,0.6599999999999999,0.0,1.0,0.0,1.0
745700,2024-08-30,2024,573186,5,4.999729,0.41223803,1.0,0.0,0.87,0.13,0.09,0.91,0.0,1.0
744810,2024-08-30,2024,663623,6,6.0679216,0.46925023,1.0,0.0,1.0,0.0,0.87,0.13,0.23,0.77
747158,2024-08-31,2024,518876,1,4.8340282,0.45441732,0.99,0.010000000000000009,0.79,0.20999999999999996,0.08,0.92,0.0,1.0
747158,2024-08-31,2024,694813,4,3.697129,0.2873873,0.73,0.27,0.01,0.99,0.0,1.0,0.0,1.0
745296,2024-08-31,2024,665795,3,5.0978737,0.45430943,1.0,0.0,0.89,0.10999999999999999,0.16,0.84,0.0,1.0
744808,2024-08-31,2024,687792,5,6.114436,0.5111679,1.0,0.0,1.0,0.0,0.86,0.14,0.26,0.74
744808,2024-08-31,2024,665871,4,3.636096,0.25885174,0.76,0.24,0.0,1.0,0.0,1.0,0.0,1.0
746348,2024-08-31,2024,579328,12,8.01607,0.58337927,1.0,0.0,1.0,0.0,1.0,0.0,1.0,0.0
745296,2024-08-31,2024,696131,6,4.6132174,0.40136126,1.0,0.0,0.62,0.38,0.01,0.99,0.0,1.0
744971,2024-08-31,2024,683155,7,4.5117955,0.3879444,0.99,0.010000000000000009,0.49,0.51,0.01,0.99,0.0,1.0
746751,2024-08-31,2024,663436,6,5.6879377,0.41459322,1.0,0.0,1.0,0.0,0.66,0.33999999999999997,0.02,0.98
746348,2024-08-31,2024,666142,10,5.979718,0.491353,1.0,0.0,1.0,0.0,0.83,0.17000000000000004,0.13,0.87
746182,2024-08-31,2024,693433,3,4.464841,0.3605805,1.0,0.0,0.45,0.55,0.01,0.99,0.0,1.0
746507,2024-08-31,2024,663372,6,4.7283845,0.40316862,0.99,0.010000000000000009,0.73,0.27,0.01,0.99,0.0,1.0
745699,2024-08-31,2024,701542,3,4.2758427,0.4018184,0.98,0.020000000000000018,0.25,0.75,0.0,1.0,0.0,1.0
745050,2024-08-31,2024,689690,1,2.9483733,0.3729667,0.09,0.91,0.0,1.0,0.0,1.0,0.0,1.0
745050,2024-08-31,2024,681190,3,6.312557,0.44709462,1.0,0.0,1.0,0.0,0.97,0.030000000000000027,0.35,0.65
745050,2024-08-31,2024,669358,5,4.963215,0.39867708,1.0,0.0,0.88,0.12,0.1,0.9,0.0,1.0
745859,2024-08-31,2024,805673,5,3.5927498,0.32131854,0.62,0.38,0.0,1.0,0.0,1.0,0.0,1.0
745532,2024-08-31,2024,554430,7,5.8725543,0.43150142,1.0,0.0,1.0,0.0,0.85,0.15000000000000002,0.08,0.92
745532,2024-08-31,2024,608331,4,5.9607086,0.5659707,1.0,0.0,1.0,0.0,0.79,0.20999999999999996,0.18,0.8200000000000001
746590,2024-08-31,2024,571510,8,5.1116996,0.38229728,1.0,0.0,0.95,0.050000000000000044,0.15,0.85,0.0,1.0
745859,2024-08-31,2024,656240,3,2.897313,0.37566453,0.05,0.95,0.0,1.0,0.0,1.0,0.0,1.0
745859,2024-08-31,2024,621244,5,1.8399062,0.3002092,0.0,1.0,0.0,1.0,0.0,1.0,0.0,1.0
746424,2024-08-31,2024,601713,6,6.0475445,0.478831,1.0,0.0,1.0,0.0,0.86,0.14,0.15,0.85
746424,2024-08-31,2024,669373,8,6.4073033,0.58173305,1.0,0.0,1.0,0.0,0.95,0.050000000000000044,0.41,0.5900000000000001
746182,2024-08-31,2024,542881,3,3.1292887,0.28995728,0.08,0.92,0.0,1.0,0.0,1.0,0.0,1.0
746507,2024-08-31,2024,665152,3,3.068016,0.3432212,0.09,0.91,0.0,1.0,0.0,1.0,0.0,1.0
746590,2024-08-31,2024,682847,5,4.9990115,0.42008105,1.0,0.0,0.93,0.06999999999999995,0.12,0.88,0.0,1.0
745699,2024-08-31,2024,502043,6,3.2793612,0.2866236,0.24,0.76,0.0,1.0,0.0,1.0,0.0,1.0
746751,2024-08-31,2024,500779,6,4.603175,0.3773814,1.0,0.0,0.66,0.33999999999999997,0.0,1.0,0.0,1.0
744971,2024-08-31,2024,674003,8,5.3632116,0.4796546,1.0,0.0,0.99,0.010000000000000009,0.35,0.65,0.03,0.97
746667,2024-08-31,2024,593423,4,5.261595,0.4291038,1.0,0.0,0.98,0.020000000000000018,0.32,0.6799999999999999,0.0,1.0
746667,2024-08-31,2024,518585,5,3.1194465,0.57251287,0.31,0.69,0.01,0.99,0.0,1.0,0.0,1.0
746667,2024-08-31,2024,571527,1,2.6558313,0.33368635,0.02,0.98,0.0,1.0,0.0,1.0,0.0,1.0
744970,2024-09-01,2024,687765,5,6.0663414,0.5328929,1.0,0.0,0.99,0.010000000000000009,0.85,0.15000000000000002,0.23,0.77
746750,2024-09-01,2024,640455,5,5.5180182,0.47131896,1.0,0.0,0.97,0.030000000000000027,0.5,0.5,0.02,0.98
746505,2024-09-01,2024,621389,1,2.3446162,0.300104,0.0,1.0,0.0,1.0,0.0,1.0,0.0,1.0
746505,2024-09-01,2024,621107,9,6.0266414,0.5394813,1.0,0.0,1.0,0.0,0.84,0.16000000000000003,0.22,0.78
745861,2024-09-01,2024,684320,3,2.7761157,0.2766796,0.01,0.99,0.0,1.0,0.0,1.0,0.0,1.0
746347,2024-09-01,2024,679525,5,3.4144428,0.29048073,0.42,0.5800000000000001,0.0,1.0,0.0,1.0,0.0,1.0
745048,2024-09-01,2024,686752,4,6.48827,0.59134316,1.0,0.0,1.0,0.0,0.97,0.030000000000000027,0.49,0.51
745048,2024-09-01,2024,656302,4,6.0844483,0.43836427,1.0,0.0,1.0,0.0,0.92,0.07999999999999996,0.22,0.78
745048,2024-09-01,2024,642121,1,2.5051656,0.28453943,0.0,1.0,0.0,1.0,0.0,1.0,0.0,1.0
745861,2024-09-01,2024,641927,8,5.5864897,0.44303662,1.0,0.0,0.99,0.010000000000000009,0.58,0.42000000000000004,0.02,0.98
745292,2024-09-01,2024,670766,2,3.6426837,0.29454026,0.7,0.30000000000000004,0.0,1.0,0.0,1.0,0.0,1.0
744806,2024-09-01,2024,680730,8,4.556194,0.53020936,1.0,0.0,0.46,0.54,0.07,0.9299999999999999,0.0,1.0
745536,2024-09-01,2024,605400,9,7.2823043,0.6141814,1.0,0.0,1.0,0.0,1.0,0.0,0.89,0.10999999999999999
745536,2024-09-01,2024,680885,2,5.8639765,0.40446153,1.0,0.0,1.0,0.0,0.83,0.17000000000000004,0.08,0.92
746183,2024-09-01,2024,682243,4,4.9128447,0.35565087,1.0,0.0,0.88,0.12,0.06,0.94,0.0,1.0
746426,2024-09-01,2024,681867,5,2.2477908,0.33179286,0.0,1.0,0.0,1.0,0.0,1.0,0.0,1.0
746426,2024-09-01,2024,676428,5,4.3698764,0.40357524,0.99,0.010000000000000009,0.39,0.61,0.0,1.0,0.0,1.0
746183,2024-09-01,2024,702674,4,5.221982,0.39528555,1.0,0.0,0.97,0.030000000000000027,0.22,0.78,0.0,1.0
746669,2024-09-01,2024,596001,1,3.2940247,0.33891353,0.28,0.72,0.0,1.0,0.0,1.0,0.0,1.0
746669,2024-09-01,2024,668964,7,5.7400165,0.4084716,1.0,0.0,1.0,0.0,0.74,0.26,0.02,0.98
746669,2024-09-01,2024,669060,2,2.3400664,0.36693496,0.0,1.0,0.0,1.0,0.0,1.0,0.0,1.0
746669,2024-09-01,2024,682227,5,2.7419426,0.31401,0.01,0.99,0.0,1.0,0.0,1.0,0.0,1.0
745292,2024-09-01,2024,657277,4,4.8978863,0.48199433,1.0,0.0,0.82,0.18000000000000005,0.12,0.88,0.0,1.0
744806,2024-09-01,2024,696136,0,3.942019,0.36816415,0.85,0.15000000000000002,0.07,0.9299999999999999,0.0,1.0,0.0,1.0
746347,2024-09-01,2024,669854,3,5.4707756,0.40540627,1.0,0.0,1.0,0.0,0.45,0.55,0.0,1.0
746592,2024-09-01,2024,502171,6,4.9603486,0.6045093,1.0,0.0,0.79,0.20999999999999996,0.2,0.8,0.01,0.99
745701,2024-09-01,2024,571945,5,4.384065,0.42709148,0.98,0.020000000000000018,0.39,0.61,0.01,0.99,0.0,1.0
744970,2024-09-01,2024,570632,2,2.7982614,0.36735362,0.01,0.99,0.0,1.0,0.0,1.0,0.0,1.0
747157,2024-09-01,2024,680736,2,4.8350096,0.42935395,1.0,0.0,0.76,0.24,0.08,0.92,0.0,1.0
745701,2024-09-01,2024,641482,2,3.8093197,0.295961,0.84,0.16000000000000003,0.01,0.99,0.0,1.0,0.0,1.0
747157,2024-09-01,2024,694297,10,7.2381086,0.5193342,1.0,0.0,1.0,0.0,1.0,0.0,0.94,0.06000000000000005
746592,2024-09-01,2024,656605,7,4.7236123,0.47928637,1.0,0.0,0.63,0.37,0.04,0.96,0.0,1.0
746750,2024-09-01,2024,676979,8,4.5213685,0.6297508,0.97,0.030000000000000027,0.5,0.5,0.04,0.96,0.0,1.0
746992,2024-09-02,2024,623167,5,4.655904,0.51108855,1.0,0.0,0.59,0.41000000000000003,0.07,0.9299999999999999,0.0,1.0
747155,2024-09-02,2024,677944,0,3.4845006,0.39019608,0.53,0.47,0.0,1.0,0.0,1.0,0.0,1.0
746992,2024-09-02,2024,608344,2,2.1638765,0.33028072,0.0,1.0,0.0,1.0,0.0,1.0,0.0,1.0
746668,2024-09-02,2024,434378,3,5.520854,0.41238472,1.0,0.0,1.0,0.0,0.45,0.55,0.0,1.0
746833,2024-09-02,2024,592791,3,4.4824467,0.38146833,0.99,0.010000000000000009,0.52,0.48,0.0,1.0,0.0,1.0
746833,2024-09-02,2024,683003,4,5.319338,0.4389198,1.0,0.0,1.0,0.0,0.33,0.6699999999999999,0.0,1.0
746668,2024-09-02,2024,686730,2,2.9021947,0.27277228,0.03,0.97,0.0,1.0,0.0,1.0,0.0,1.0
746668,2024-09-02,2024,687924,2,2.684865,0.22768103,0.0,1.0,0.0,1.0,0.0,1.0,0.0,1.0
744972,2024-09-02,2024,683004,2,5.6889815,0.41709325,1.0,0.0,0.99,0.010000000000000009,0.69,0.31000000000000005,0.04,0.96
744972,2024-09-02,2024,543037,9,5.4087934,0.45236233,1.0,0.0,0.98,0.020000000000000018,0.43,0.5700000000000001,0.01,0.99
744972,2024-09-02,2024,502624,5,4.994869,0.49204502,1.0,0.0,0.86,0.14,0.18,0.8200000000000001,0.0,1.0
745373,2024-09-02,2024,605397,8,7.1386847,0.5741065,1.0,0.0,1.0,0.0,1.0,0.0,0.86,0.14
745373,2024-09-02,2024,680744,1,3.3179274,0.36012337,0.28,0.72,0.0,1.0,0.0,1.0,0.0,1.0
745046,2024-09-02,2024,680573,2,3.8653674,0.2826965,0.9,0.09999999999999998,0.01,0.99,0.0,1.0,0.0,1.0
745046,2024-09-02,2024,641793,2,3.9901054,0.36448768,0.9,0.09999999999999998,0.07,0.9299999999999999,0.0,1.0,0.0,1.0
745619,2024-09-02,2024,674370,4,5.4792914,0.40813702,1.0,0.0,1.0,0.0,0.46,0.54,0.02,0.98
745619,2024-09-02,2024,669302,9,7.7741866,0.63032,1.0,0.0,1.0,0.0,1.0,0.0,0.99,0.010000000000000009
745779,2024-09-02,2024,622663,5,5.846758,0.40727663,1.0,0.0,1.0,0.0,0.82,0.18000000000000005,0.05,0.95
745779,2024-09-02,2024,670174,4,2.406984,0.4028076,0.0,1.0,0.0,1.0,0.0,1.0,0.0,1.0
745947,2024-09-02,2024,669467,3,5.427128,0.4337506,1.0,0.0,1.0,0.0,0.44,0.56,0.01,0.99
747155,2024-09-02,2024,656756,1,2.0108204,0.2529015,0.0,1.0,0.0,1.0,0.0,1.0,0.0,1.0
745779,2024-09-02,2024,678394,4,5.4390326,0.39526954,1.0,0.0,0.99,0.010000000000000009,0.45,0.55,0.01,0.99
747155,2024-09-02,2024,656427,7,4.6505303,0.38650033,1.0,0.0,0.65,0.35,0.02,0.98,0.0,1.0
746265,2024-09-02,2024,608379,3,4.6879234,0.38693365,1.0,0.0,0.67,0.32999999999999996,0.03,0.97,0.0,1.0
746265,2024-09-02,2024,668909,6,6.9189577,0.5083802,1.0,0.0,1.0,0.0,1.0,0.0,0.81,0.18999999999999995
746992,2024-09-02,2024,669203,4,5.551019,0.570884,1.0,0.0,0.97,0.030000000000000027,0.52,0.48,0.04,0.96
745947,2024-09-02,2024,642547,3,6.7426906,0.45028225,1.0,0.0,1.0,0.0,1.0,0.0,0.79,0.20999999999999996
746992,2024-09-02,2024,657053,3,3.4552834,0.3935353,0.41,0.5900000000000001,0.01,0.99,0.0,1.0,0.0,1.0
747155,2024-09-02,2024,593958,1,4.854957,0.34048733,1.0,0.0,0.84,0.16000000000000003,0.04,0.96,0.0,1.0
745615,2024-09-03,2024,669372,7,3.3215485,0.3398684,0.3,0.7,0.0,1.0,0.0,1.0,0.0,1.0
745778,2024-09-03,2024,656849,11,5.1999955,0.377799,1.0,0.0,0.97,0.030000000000000027,0.21,0.79,0.0,1.0
745778,2024-09-03,2024,676710,8,5.65337,0.50167245,1.0,0.0,0.98,0.020000000000000018,0.66,0.33999999999999997,0.04,0.96
744891,2024-09-03,2024,605135,7,5.921176,0.47387344,1.0,0.0,1.0,0.0,0.81,0.18999999999999995,0.08,0.92
746991,2024-09-03,2024,680897,2,2.6231558,0.29892516,0.0,1.0,0.0,1.0,0.0,1.0,0.0,1.0
746185,2024-09-03,2024,621111,6,4.2155576,0.36153424,0.98,0.020000000000000018,0.2,0.8,0.0,1.0,0.0,1.0
746991,2024-09-03,2024,694363,5,2.5248163,0.30884865,0.01,0.99,0.0,1.0,0.0,1.0,0.0,1.0
744968,2024-09-03,2024,571760,8,4.6579437,0.32488242,1.0,0.0,0.7,0.30000000000000004,0.0,1.0,0.0,1.0
746991,2024-09-03,2024,700249,10,5.3452344,0.44747943,1.0,0.0,0.97,0.030000000000000027,0.4,0.6,0.0,1.0
745047,2024-09-03,2024,701581,7,5.850464,0.48035955,1.0,0.0,0.99,0.010000000000000009,0.77,0.22999999999999998,0.07,0.9299999999999999
745293,2024-09-03,2024,690986,3,3.0224814,0.3748976,0.09,0.91,0.0,1.0,0.0,1.0,0.0,1.0
746020,2024-09-03,2024,676974,5,5.381424,0.4324728,1.0,0.0,0.99,0.010000000000000009,0.33,0.6699999999999999,0.01,0.99
746020,2024-09-03,2024,571578,8,4.476935,0.47939935,0.99,0.010000000000000009,0.47,0.53,0.02,0.98,0.0,1.0
745615,2024-09-03,2024,622491,5,6.134838,0.5413768,1.0,0.0,1.0,0.0,0.87,0.13,0.23,0.77
746834,2024-09-03,2024,694973,6,7.567851,0.5488484,1.0,0.0,1.0,0.0,1.0,0.0,0.97,0.030000000000000027
744891,2024-09-03,2024,592836,0,3.151654,0.36679664,0.17,0.83,0.0,1.0,0.0,1.0,0.0,1.0
746264,2024-09-03,2024,676440,6,5.660136,0.43771,1.0,0.0,1.0,0.0,0.62,0.38,0.03,0.97
745944,2024-09-03,2024,650644,7,5.751917,0.42279968,1.0,0.0,0.99,0.010000000000000009,0.75,0.25,0.04,0.96
746185,2024-09-03,2024,672282,10,6.311804,0.40132377,1.0,0.0,1.0,0.0,0.98,0.020000000000000018,0.26,0.74
746834,2024-09-03,2024,543294,5,3.6070764,0.33272347,0.61,0.39,0.01,0.99,0.0,1.0,0.0,1.0
745944,2024-09-03,2024,571927,7,4.381348,0.50490314,0.97,0.030000000000000027,0.41,0.5900000000000001,0.03,0.97,0.0,1.0
745293,2024-09-03,2024,663941,4,3.3426144,0.3754364,0.31,0.69,0.0,1.0,0.0,1.0,0.0,1.0
745293,2024-09-03,2024,669194,9,6.2923803,0.48049995,1.0,0.0,1.0,0.0,0.95,0.050000000000000044,0.32,0.6799999999999999
747079,2024-09-03,2024,676105,1,2.554143,0.3848906,0.01,0.99,0.0,1.0,0.0,1.0,0.0,1.0
745047,2024-09-03,2024,605488,4,4.1421075,0.40626308,0.97,0.030000000000000027,0.21,0.79,0.0,1.0,0.0,1.0
746264,2024-09-03,2024,663903,3,4.7436233,0.48510385,0.99,0.010000000000000009,0.74,0.26,0.08,0.92,0.0,1.0
747079,2024-09-03,2024,519242,9,6.5509114,0.5220694,1.0,0.0,1.0,0.0,0.99,0.010000000000000009,0.52,0.48
747079,2024-09-03,2024,607536,5,3.7525659,0.33346444,0.78,0.21999999999999997,0.0,1.0,0.0,1.0,0.0,1.0
744968,2024-09-03,2024,607074,11,6.7284617,0.5026285,1.0,0.0,1.0,0.0,0.99,0.010000000000000009,0.69,0.31000000000000005
747075,2024-09-04,2024,450203,8,6.762833,0.5479372,1.0,0.0,1.0,0.0,1.0,0.0,0.67,0.32999999999999996
746262,2024-09-04,2024,607625,4,6.988275,0.49793607,1.0,0.0,1.0,0.0,1.0,0.0,0.82,0.18000000000000005
745938,2024-09-04,2024,607067,4,3.530284,0.29768473,0.53,0.47,0.0,1.0,0.0,1.0,0.0,1.0
744887,2024-09-04,2024,670102,6,6.1211963,0.5521849,1.0,0.0,1.0,0.0,0.85,0.15000000000000002,0.26,0.74
745290,2024-09-04,2024,702352,3,2.3269045,0.37463385,0.0,1.0,0.0,1.0,0.0,1.0,0.0,1.0
744887,2024-09-04,2024,650911,7,6.7167983,0.6302121,1.0,0.0,1.0,0.0,0.98,0.020000000000000018,0.66,0.33999999999999997
747075,2024-09-04,2024,687134,2,4.0167513,0.3390352,0.94,0.06000000000000005,0.07,0.9299999999999999,0.0,1.0,0.0,1.0
745776,2024-09-04,2024,656731,3,3.736408,0.30569777,0.79,0.20999999999999996,0.0,1.0,0.0,1.0,0.0,1.0
745776,2024-09-04,2024,656557,7,5.594803,0.47932318,1.0,0.0,0.99,0.010000000000000009,0.6,0.4,0.03,0.97
745614,2024-09-04,2024,676664,5,5.0829296,0.44345295,1.0,0.0,0.93,0.06999999999999995,0.19,0.81,0.0,1.0
745614,2024-09-04,2024,669923,9,5.7773867,0.42072833,1.0,0.0,1.0,0.0,0.76,0.24,0.04,0.96
746262,2024-09-04,2024,594902,3,3.4285288,0.21709137,0.36,0.64,0.0,1.0,0.0,1.0,0.0,1.0
745938,2024-09-04,2024,669084,6,3.4338357,0.31547937,0.41,0.5900000000000001,0.0,1.0,0.0,1.0,0.0,1.0
745290,2024-09-04,2024,668678,8,7.2509017,0.6760364,1.0,0.0,1.0,0.0,1.0,0.0,0.86,0.14
746835,2024-09-04,2024,593334,3,3.7431693,0.4064615,0.7,0.30000000000000004,0.05,0.95,0.0,1.0,0.0,1.0
745290,2024-09-04,2024,806185,4,3.6905475,0.3298155,0.68,0.31999999999999995,0.0,1.0,0.0,1.0,0.0,1.0
745614,2024-09-04,2024,548389,1,3.3102546,0.3720341,0.27,0.73,0.0,1.0,0.0,1.0,0.0,1.0
744964,2024-09-04,2024,573186,3,3.9213526,0.43983677,0.82,0.18000000000000005,0.11,0.89,0.0,1.0,0.0,1.0
744964,2024-09-04,2024,543135,6,7.585057,0.51597327,1.0,0.0,1.0,0.0,1.0,0.0,0.96,0.040000000000000036
745938,2024-09-04,2024,543243,7,6.5677924,0.44070897,1.0,0.0,1.0,0.0,1.0,0.0,0.57,0.43000000000000005
746666,2024-09-04,2024,605463,1,3.1298425,0.422177,0.2,0.8,0.0,1.0,0.0,1.0,0.0,1.0
746666,2024-09-04,2024,607259,7,6.1170864,0.43950373,1.0,0.0,1.0,0.0,0.92,0.07999999999999996,0.2,0.8
746666,2024-09-04,2024,608718,6,2.1009269,0.20895433,0.0,1.0,0.0,1.0,0.0,1.0,0.0,1.0
745370,2024-09-04,2024,506433,4,3.7723527,0.3206045,0.75,0.25,0.0,1.0,0.0,1.0,0.0,1.0
746990,2024-09-04,2024,686563,4,4.63558,0.37828743,1.0,0.0,0.69,0.31000000000000005,0.0,1.0,0.0,1.0
746666,2024-09-04,2024,666215,2,2.0480158,0.35329232,0.0,1.0,0.0,1.0,0.0,1.0,0.0,1.0
746178,2024-09-04,2024,656288,7,5.189898,0.39470443,1.0,0.0,0.97,0.030000000000000027,0.22,0.78,0.0,1.0
745370,2024-09-04,2024,672456,2,3.5320296,0.29111508,0.6,0.4,0.0,1.0,0.0,1.0,0.0,1.0
746835,2024-09-04,2024,684007,7,7.195393,0.74148256,1.0,0.0,1.0,0.0,0.99,0.010000000000000009,0.86,0.14
746019,2024-09-04,2024,669022,9,6.790392,0.501812,1.0,0.0,1.0,0.0,1.0,0.0,0.72,0.28
746019,2024-09-04,2024,678368,1,3.4122949,0.2640924,0.32,0.6799999999999999,0.0,1.0,0.0,1.0,0.0,1.0
746178,2024-09-04,2024,676272,8,6.3045397,0.51415926,1.0,0.0,1.0,0.0,0.94,0.06000000000000005,0.35,0.65
745045,2024-09-04,2024,686973,1,3.029229,0.3037488,0.07,0.9299999999999999,0.0,1.0,0.0,1.0,0.0,1.0
745045,2024-09-04,2024,656240,3,3.1681824,0.44198534,0.17,0.83,0.02,0.98,0.0,1.0,0.0,1.0
746990,2024-09-04,2024,544150,2,2.723817,0.2668545,0.0,1.0,0.0,1.0,0.0,1.0,0.0,1.0
745045,2024-09-04,2024,641302,2,2.5689657,0.3276125,0.0,1.0,0.0,1.0,0.0,1.0,0.0,1.0
746021,2024-09-05,2024,670124,6,4.2167997,0.47962025,0.93,0.06999999999999995,0.29,0.71,0.01,0.99,0.0,1.0
746021,2024-09-05,2024,624133,4,3.4465263,0.31210023,0.44,0.56,0.0,1.0,0.0,1.0,0.0,1.0
747073,2024-09-05,2024,596295,6,3.636771,0.35575777,0.6,0.4,0.0,1.0,0.0,1.0,0.0,1.0
745369,2024-09-05,2024,527048,5,3.4377906,0.34975177,0.44,0.56,0.0,1.0,0.0,1.0,0.0,1.0
745369,2024-09-05,2024,663554,2,4.9414344,0.36906338,1.0,0.0,0.87,0.13,0.07,0.9299999999999999,0.0,1.0
745451,2024-09-05,2024,663623,4,5.319644,0.3911478,1.0,0.0,0.98,0.020000000000000018,0.29,0.71,0.0,1.0
745289,2024-09-05,2024,518876,8,5.747519,0.44852003,1.0,0.0,1.0,0.0,0.69,0.31000000000000005,0.05,0.95
745289,2024-09-05,2024,605483,2,2.5307462,0.30176997,0.0,1.0,0.0,1.0,0.0,1.0,0.0,1.0
745289,2024-09-05,2024,694738,5,3.6805344,0.47109118,0.7,0.30000000000000004,0.04,0.96,0.0,1.0,0.0,1.0
747073,2024-09-05,2024,625643,11,6.576676,0.49422863,1.0,0.0,1.0,0.0,0.99,0.010000000000000009,0.55,0.44999999999999996
745451,2024-09-05,2024,663559,3,5.6871767,0.4389838,1.0,0.0,1.0,0.0,0.64,0.36,0.05,0.95
745612,2024-09-05,2024,693433,6,5.5256395,0.42762873,1.0,0.0,0.99,0.010000000000000009,0.52,0.48,0.02,0.98
744966,2024-09-05,2024,686799,0,5.3093123,0.49631596,1.0,0.0,0.96,0.040000000000000036,0.34,0.6599999999999999,0.01,0.99
745612,2024-09-05,2024,683155,3,5.9624114,0.5096173,1.0,0.0,1.0,0.0,0.8,0.19999999999999996,0.18,0.8200000000000001
745042,2024-09-05,2024,641154,9,6.6860447,0.5156263,1.0,0.0,1.0,0.0,0.99,0.010000000000000009,0.66,0.33999999999999997
745042,2024-09-05,2024,671737,10,6.103346,0.54054534,1.0,0.0,1.0,0.0,0.86,0.14,0.21,0.79
744966,2024-09-05,2024,674003,4,3.7143607,0.28759024,0.77,0.22999999999999998,0.01,0.99,0.0,1.0,0.0,1.0
746664,2024-09-05,2024,686613,6,5.4509296,0.47123685,1.0,0.0,1.0,0.0,0.43,0.5700000000000001,0.0,1.0
746664,2024-09-05,2024,695076,3,4.1582046,0.34563842,0.98,0.020000000000000018,0.15,0.85,0.0,1.0,0.0,1.0
747074,2024-09-06,2024,592332,5,8.478882,0.71451396,1.0,0.0,1.0,0.0,1.0,0.0,1.0,0.0
744967,2024-09-06,2024,642520,1,2.3750303,0.2432469,0.0,1.0,0.0,1.0,0.0,1.0,0.0,1.0
746016,2024-09-06,2024,554430,7,5.535672,0.40919608,1.0,0.0,0.99,0.010000000000000009,0.53,0.47,0.0,1.0
746016,2024-09-06,2024,656793,3,1.3730824,0.25827315,0.0,1.0,0.0,1.0,0.0,1.0,0.0,1.0
746016,2024-09-06,2024,685116,1,2.694954,0.34206235,0.01,0.99,0.0,1.0,0.0,1.0,0.0,1.0
745131,2024-09-06,2024,682243,4,5.9705443,0.503178,1.0,0.0,1.0,0.0,0.83,0.17000000000000004,0.14,0.86
746104,2024-09-06,2024,689017,8,6.275059,0.48329517,1.0,0.0,1.0,0.0,0.98,0.020000000000000018,0.3,0.7
747074,2024-09-06,2024,608331,8,6.448211,0.51700467,1.0,0.0,1.0,0.0,0.96,0.040000000000000036,0.51,0.49
745941,2024-09-06,2024,593423,10,5.0926795,0.402091,1.0,0.0,0.94,0.06000000000000005,0.15,0.85,0.0,1.0
746104,2024-09-06,2024,571510,6,5.0651627,0.34353706,1.0,0.0,0.95,0.050000000000000044,0.08,0.92,0.0,1.0
744967,2024-09-06,2024,570632,3,3.6492095,0.39157075,0.61,0.39,0.01,0.99,0.0,1.0,0.0,1.0
746912,2024-09-06,2024,663436,3,3.6422641,0.28152663,0.72,0.28,0.0,1.0,0.0,1.0,0.0,1.0
745777,2024-09-06,2024,682227,1,1.7872304,0.30970496,0.0,1.0,0.0,1.0,0.0,1.0,0.0,1.0
745777,2024-09-06,2024,640455,9,5.4333453,0.48670086,1.0,0.0,0.96,0.040000000000000036,0.47,0.53,0.01,0.99
744967,2024-09-06,2024,691951,7,4.4083095,0.33239418,1.0,0.0,0.4,0.6,0.0,1.0,0.0,1.0
746257,2024-09-06,2024,666142,7,5.731613,0.36728406,1.0,0.0,1.0,0.0,0.74,0.26,0.01,0.99
746257,2024-09-06,2024,805673,4,5.6336365,0.3979517,1.0,0.0,1.0,0.0,0.61,0.39,0.02,0.98
745941,2024-09-06,2024,663372,6,5.682242,0.44479245,1.0,0.0,1.0,0.0,0.64,0.36,0.05,0.95
746912,2024-09-06,2024,601713,6,6.3650737,0.6033903,1.0,0.0,1.0,0.0,0.94,0.06000000000000005,0.42,0.5800000000000001
745611,2024-09-06,2024,669373,7,6.1455255,0.5617486,1.0,0.0,1.0,0.0,0.87,0.13,0.28,0.72
745371,2024-09-06,2024,696131,6,5.906847,0.4704756,1.0,0.0,1.0,0.0,0.81,0.18999999999999995,0.12,0.88
745371,2024-09-06,2024,650633,8,5.837027,0.42741996,1.0,0.0,1.0,0.0,0.81,0.18999999999999995,0.06,0.94
746343,2024-09-06,2024,664285,7,6.2374463,0.5415388,1.0,0.0,1.0,0.0,0.9,0.09999999999999998,0.35,0.65
745131,2024-09-06,2024,607200,1,4.07126,0.3306839,0.95,0.050000000000000044,0.1,0.9,0.0,1.0,0.0,1.0
746343,2024-09-06,2024,656756,3,3.9382644,0.35581785,0.89,0.10999999999999999,0.05,0.95,0.0,1.0,0.0,1.0
746832,2024-09-06,2024,661563,7,5.4003716,0.3350034,1.0,0.0,1.0,0.0,0.36,0.64,0.0,1.0
746993,2024-09-06,2024,669358,5,6.86186,0.528933,1.0,0.0,1.0,0.0,0.98,0.020000000000000018,0.77,0.22999999999999998
746993,2024-09-06,2024,665152,7,4.476187,0.4065471,0.99,0.010000000000000009,0.47,0.53,0.01,0.99,0.0,1.0
746832,2024-09-06,2024,696136,4,5.128665,0.40648535,1.0,0.0,0.92,0.07999999999999996,0.15,0.85,0.0,1.0
746343,2024-09-06,2024,694297,5,6.652252,0.47783652,1.0,0.0,1.0,0.0,1.0,0.0,0.65,0.35
745611,2024-09-06,2024,687765,6,5.230684,0.48570743,1.0,0.0,0.92,0.07999999999999996,0.28,0.72,0.0,1.0
746344,2024-09-07,2024,579328,6,6.4350243,0.44494477,1.0,0.0,1.0,0.0,0.99,0.010000000000000009,0.44,0.56
746986,2024-09-07,2024,621107,4,5.1074085,0.34696814,1.0,0.0,0.95,0.050000000000000044,0.15,0.85,0.0,1.0
746344,2024-09-07,2024,593958,1,4.4516935,0.48813462,0.98,0.020000000000000018,0.4,0.6,0.02,0.98,0.0,1.0
746344,2024-09-07,2024,669854,5,2.4849155,0.31133077,0.0,1.0,0.0,1.0,0.0,1.0,0.0,1.0
746829,2024-09-07,2024,641482,3,2.6053753,0.28052413,0.0,1.0,0.0,1.0,0.0,1.0,0.0,1.0
746259,2024-09-07,2024,641927,7,4.529436,0.34541112,1.0,0.0,0.51,0.49,0.0,1.0,0.0,1.0
746018,2024-09-07,2024,670766,4,4.072412,0.40256622,0.91,0.08999999999999997,0.15,0.85,0.0,1.0,0.0,1.0
746259,2024-09-07,2024,679525,5,5.0195436,0.42047426,1.0,0.0,0.88,0.12,0.15,0.85,0.0,1.0
746829,2024-09-07,2024,665871,5,3.604053,0.30643585,0.67,0.32999999999999996,0.0,1.0,0.0,1.0,0.0,1.0
746829,2024-09-07,2024,657376,2,3.5926404,0.55635035,0.49,0.51,0.09,0.91,0.0,1.0,0.0,1.0
747076,2024-09-07,2024,621244,5,5.416673,0.48051548,1.0,0.0,0.96,0.040000000000000036,0.46,0.54,0.01,0.99
747076,2024-09-07,2024,680885,3,4.7172947,0.39042765,1.0,0.0,0.69,0.31000000000000005,0.04,0.96,0.0,1.0
746986,2024-09-07,2024,686752,4,6.1510425,0.5708278,1.0,0.0,1.0,0.0,0.86,0.14,0.27,0.73
746018,2024-09-07,2024,605400,5,7.2538385,0.5894997,1.0,0.0,1.0,0.0,1.0,0.0,0.89,0.10999999999999999
745372,2024-09-07,2024,656302,4,8.521343,0.560994,1.0,0.0,1.0,0.0,1.0,0.0,1.0,0.0
745372,2024-09-07,2024,657277,3,3.8615036,0.41525757,0.8,0.19999999999999996,0.07,0.9299999999999999,0.0,1.0,0.0,1.0
746911,2024-09-07,2024,681867,0,4.019047,0.44051144,0.85,0.15000000000000002,0.13,0.87,0.0,1.0,0.0,1.0
746911,2024-09-07,2024,676979,3,2.7659771,0.391436,0.05,0.95,0.0,1.0,0.0,1.0,0.0,1.0
746911,2024-09-07,2024,663767,2,2.4637084,0.3802288,0.0,1.0,0.0,1.0,0.0,1.0,0.0,1.0
745775,2024-09-07,2024,686730,4,3.750475,0.32758978,0.79,0.20999999999999996,0.01,0.99,0.0,1.0,0.0,1.0
745775,2024-09-07,2024,596001,5,3.9710941,0.3500746,0.91,0.08999999999999997,0.07,0.9299999999999999,0.0,1.0,0.0,1.0
745942,2024-09-07,2024,668964,11,5.400854,0.39125916,1.0,0.0,0.98,0.020000000000000018,0.42,0.5800000000000001,0.0,1.0
745942,2024-09-07,2024,621389,1,2.998581,0.37982312,0.12,0.88,0.0,1.0,0.0,1.0,0.0,1.0
745775,2024-09-07,2024,500779,6,5.3049707,0.44513944,1.0,0.0,0.97,0.030000000000000027,0.33,0.6699999999999999,0.0,1.0
745613,2024-09-07,2024,676428,3,3.7882404,0.45333135,0.74,0.26,0.07,0.9299999999999999,0.0,1.0,0.0,1.0
744963,2024-09-07,2024,542881,7,5.263386,0.50275993,1.0,0.0,0.93,0.06999999999999995,0.3,0.7,0.02,0.98
744963,2024-09-07,2024,683004,6,5.509508,0.3854543,1.0,0.0,1.0,0.0,0.5,0.5,0.01,0.99
745613,2024-09-07,2024,674370,3,2.8638859,0.34151983,0.02,0.98,0.0,1.0,0.0,1.0,0.0,1.0
745125,2024-09-07,2024,502043,9,6.0477514,0.42577702,1.0,0.0,1.0,0.0,0.9,0.09999999999999998,0.15,0.85
745125,2024-09-07,2024,669302,10,6.65128,0.5648037,1.0,0.0,1.0,0.0,0.97,0.030000000000000027,0.58,0.42000000000000004
745613,2024-09-07,2024,669620,6,4.4983544,0.38228,0.99,0.010000000000000009,0.5,0.5,0.0,1.0,0.0,1.0
745455,2024-09-07,2024,682847,2,5.5757756,0.42223847,1.0,0.0,1.0,0.0,0.57,0.43000000000000005,0.0,1.0
745455,2024-09-07,2024,687792,5,5.089903,0.4340376,1.0,0.0,0.94,0.06000000000000005,0.16,0.84,0.0,1.0
745456,2024-09-07,2024,656605,8,6.019289,0.3491069,1.0,0.0,1.0,0.0,0.91,0.08999999999999997,0.07,0.9299999999999999
745456,2024-09-07,2024,680730,5,3.8905463,0.34488016,0.85,0.15000000000000002,0.05,0.95,0.0,1.0,0.0,1.0
746099,2024-09-07,2024,680736,2,2.4932082,0.28944355,0.0,1.0,0.0,1.0,0.0,1.0,0.0,1.0
746098,2024-09-08,2024,676440,4,4.7245817,0.40061575,1.0,0.0,0.7,0.30000000000000004,0.01,0.99,0.0,1.0
746017,2024-09-08,2024,686751,0,3.9222257,0.33164677,0.9,0.09999999999999998,0.03,0.97,0.0,1.0,0.0,1.0
746827,2024-09-08,2024,592791,6,5.046228,0.3845918,1.0,0.0,0.92,0.07999999999999996,0.11,0.89,0.0,1.0
746910,2024-09-08,2024,690916,2,3.8683233,0.26923147,0.92,0.07999999999999996,0.02,0.98,0.0,1.0,0.0,1.0
746910,2024-09-08,2024,623167,6,4.2138,0.3766789,0.96,0.040000000000000036,0.25,0.75,0.0,1.0,0.0,1.0
745940,2024-09-08,2024,642547,4,4.328792,0.38815632,0.97,0.030000000000000027,0.33,0.6699999999999999,0.0,1.0,0.0,1.0
745940,2024-09-08,2024,607536,4,4.3951263,0.41140917,0.98,0.020000000000000018,0.4,0.6,0.0,1.0,0.0,1.0
744965,2024-09-08,2024,571760,8,6.460829,0.5158134,1.0,0.0,1.0,0.0,0.99,0.010000000000000009,0.45,0.55
744965,2024-09-08,2024,702674,1,2.42726,0.20153268,0.0,1.0,0.0,1.0,0.0,1.0,0.0,1.0
745453,2024-09-08,2024,571578,5,5.0981374,0.48742408,1.0,0.0,0.92,0.07999999999999996,0.19,0.81,0.0,1.0
746098,2024-09-08,2024,656427,6,4.4754133,0.3851575,1.0,0.0,0.47,0.53,0.0,1.0,0.0,1.0
745453,2024-09-08,2024,683003,9,8.265586,0.6459658,1.0,0.0,1.0,0.0,1.0,0.0,1.0,0.0
745616,2024-09-08,2024,669372,5,3.2370703,0.38885623,0.22,0.78,0.0,1.0,0.0,1.0,0.0,1.0
746989,2024-09-08,2024,641793,4,4.3241396,0.45194232,0.97,0.030000000000000027,0.33,0.6699999999999999,0.01,0.99,0.0,1.0
746989,2024-09-08,2024,669203,3,7.4108577,0.62072474,1.0,0.0,1.0,0.0,1.0,0.0,0.91,0.08999999999999997
745368,2024-09-08,2024,702352,3,3.8946197,0.5928824,0.71,0.29000000000000004,0.16,0.84,0.0,1.0,0.0,1.0
745368,2024-09-08,2024,689690,4,3.0172625,0.52860487,0.21,0.79,0.0,1.0,0.0,1.0,0.0,1.0
745368,2024-09-08,2024,605397,7,4.1897984,0.56537527,0.89,0.10999999999999999,0.27,0.73,0.0,1.0,0.0,1.0
746827,2024-09-08,2024,543037,7,6.020515,0.4724124,1.0,0.0,1.0,0.0,0.84,0.16000000000000003,0.18,0.8200000000000001
746017,2024-09-08,2024,665795,6,6.311013,0.4138439,1.0,0.0,1.0,0.0,0.97,0.030000000000000027,0.32,0.6799999999999999
745616,2024-09-08,2024,680744,7,5.210375,0.3926088,1.0,0.0,0.97,0.030000000000000027,0.22,0.78,0.0,1.0
745128,2024-09-08,2024,571945,3,3.1107147,0.27818856,0.06,0.94,0.0,1.0,0.0,1.0,0.0,1.0
746345,2024-09-08,2024,669194,4,6.2379484,0.4636548,1.0,0.0,1.0,0.0,0.94,0.06000000000000005,0.32,0.6799999999999999
745128,2024-09-08,2024,571927,4,3.0345888,0.39087325,0.12,0.88,0.0,1.0,0.0,1.0,0.0,1.0
745128,2024-09-08,2024,622491,3,2.828679,0.33695513,0.03,0.97,0.0,1.0,0.0,1.0,0.0,1.0
746345,2024-09-08,2024,434378,0,3.4800892,0.2590386,0.48,0.52,0.0,1.0,0.0,1.0,0.0,1.0
747072,2024-09-08,2024,684320,6,4.039954,0.2920258,0.98,0.020000000000000018,0.07,0.9299999999999999,0.0,1.0,0.0,1.0
746258,2024-09-08,2024,680573,2,4.130232,0.3570573,0.96,0.040000000000000036,0.19,0.81,0.0,1.0,0.0,1.0
746258,2024-09-08,2024,608379,7,5.6141253,0.46596757,1.0,0.0,0.99,0.010000000000000009,0.58,0.42000000000000004,0.02,0.98
747072,2024-09-08,2024,519242,7,7.3933544,0.60084987,1.0,0.0,1.0,0.0,1.0,0.0,0.93,0.06999999999999995
745774,2024-09-08,2024,687924,2,4.437602,0.3597323,1.0,0.0,0.43,0.5700000000000001,0.0,1.0,0.0,1.0
745774,2024-09-08,2024,622663,8,6.891008,0.48235425,1.0,0.0,1.0,0.0,1.0,0.0,0.81,0.18999999999999995
746746,2024-09-09,2024,676282,10,5.3376045,0.5209327,1.0,0.0,0.96,0.040000000000000036,0.38,0.62,0.0,1.0
746746,2024-09-09,2024,680897,2,4.4163246,0.41995683,1.0,0.0,0.42,0.5800000000000001,0.01,0.99,0.0,1.0
746909,2024-09-09,2024,700249,5,2.965152,0.2875808,0.01,0.99,0.0,1.0,0.0,1.0,0.0,1.0
745534,2024-09-09,2024,650911,4,7.148372,0.64077187,1.0,0.0,1.0,0.0,1.0,0.0,0.81,0.18999999999999995
745534,2024-09-09,2024,641302,1,2.4484215,0.2686049,0.0,1.0,0.0,1.0,0.0,1.0,0.0,1.0
745860,2024-09-09,2024,660761,4,2.5766134,0.31240246,0.01,0.99,0.0,1.0,0.0,1.0,0.0,1.0
745860,2024-09-09,2024,672282,8,5.4955926,0.44086415,1.0,0.0,0.99,0.010000000000000009,0.49,0.51,0.02,0.98
745860,2024-09-09,2024,701581,4,3.6131854,0.2776386,0.65,0.35,0.0,1.0,0.0,1.0,0.0,1.0
746909,2024-09-09,2024,678394,5,6.177205,0.49015597,1.0,0.0,1.0,0.0,0.91,0.08999999999999997,0.26,0.74
746746,2024-09-09,2024,694363,5,2.7406003,0.27766827,0.0,1.0,0.0,1.0,0.0,1.0,0.0,1.0
746101,2024-09-09,2024,543294,2,4.4785624,0.430072,0.99,0.010000000000000009,0.45,0.55,0.0,1.0,0.0,1.0
745454,2024-09-09,2024,694973,9,7.3042464,0.55713093,1.0,0.0,1.0,0.0,1.0,0.0,0.93,0.06999999999999995
745454,2024-09-09,2024,678368,2,3.4123569,0.28786275,0.37,0.63,0.0,1.0,0.0,1.0,0.0,1.0
744888,2024-09-09,2024,656731,9,5.152235,0.40955377,1.0,0.0,0.94,0.06000000000000005,0.24,0.76,0.0,1.0
744888,2024-09-09,2024,642232,2,2.6401544,0.35373366,0.0,1.0,0.0,1.0,0.0,1.0,0.0,1.0
746909,2024-09-09,2024,670174,3,2.1974757,0.33336532,0.0,1.0,0.0,1.0,0.0,1.0,0.0,1.0
746101,2024-09-09,2024,621111,4,5.4971046,0.48326263,1.0,0.0,0.98,0.020000000000000018,0.47,0.53,0.02,0.98
745698,2024-09-09,2024,607074,9,6.8957186,0.4967076,1.0,0.0,1.0,0.0,1.0,0.0,0.81,0.18999999999999995
745698,2024-09-09,2024,663903,3,5.107457,0.43331748,1.0,0.0,0.95,0.050000000000000044,0.19,0.81,0.01,0.99
747090,2024-09-09,2024,450203,7,7.9861097,0.642359,1.0,0.0,1.0,0.0,1.0,0.0,0.98,0.020000000000000018
747090,2024-09-09,2024,607259,5,5.3188653,0.36005053,1.0,0.0,0.98,0.020000000000000018,0.34,0.6599999999999999,0.0,1.0
745291,2024-09-10,2024,650644,2,4.1664567,0.3479143,0.96,0.040000000000000036,0.18,0.8200000000000001,0.0,1.0,0.0,1.0
746346,2024-09-10,2024,676664,1,3.6768067,0.29294214,0.74,0.26,0.0,1.0,0.0,1.0,0.0,1.0
745210,2024-09-10,2024,506433,5,3.0803485,0.33104688,0.13,0.87,0.0,1.0,0.0,1.0,0.0,1.0
746428,2024-09-10,2024,672456,5,5.191324,0.42895967,1.0,0.0,0.94,0.06000000000000005,0.24,0.76,0.0,1.0
744807,2024-09-10,2024,605154,2,2.472377,0.28892827,0.0,1.0,0.0,1.0,0.0,1.0,0.0,1.0
744807,2024-09-10,2024,669022,3,4.1357093,0.34686694,0.97,0.030000000000000027,0.15,0.85,0.0,1.0,0.0,1.0
747152,2024-09-10,2024,543135,6,6.3202543,0.5854949,1.0,0.0,1.0,0.0,0.93,0.06999999999999995,0.37,0.63
747152,2024-09-10,2024,668678,7,6.3016467,0.49667725,1.0,0.0,1.0,0.0,0.96,0.040000000000000036,0.34,0.6599999999999999
746907,2024-09-10,2024,544150,8,6.239757,0.48058456,1.0,0.0,1.0,0.0,0.94,0.06000000000000005,0.33,0.6699999999999999
745694,2024-09-10,2024,573186,4,4.585612,0.5078278,0.96,0.040000000000000036,0.6,0.4,0.05,0.95,0.0,1.0
745446,2024-09-10,2024,670124,2,4.434195,0.46438378,0.97,0.030000000000000027,0.45,0.55,0.0,1.0,0.0,1.0
745446,2024-09-10,2024,666277,4,2.4895127,0.29966885,0.0,1.0,0.0,1.0,0.0,1.0,0.0,1.0
745446,2024-09-10,2024,666214,3,2.830545,0.3189676,0.05,0.95,0.0,1.0,0.0,1.0,0.0,1.0
746747,2024-09-10,2024,686563,4,5.2064586,0.4397548,1.0,0.0,0.94,0.06000000000000005,0.3,0.7,0.0,1.0
746747,2024-09-10,2024,680732,3,3.284003,0.36095133,0.26,0.74,0.0,1.0,0.0,1.0,0.0,1.0
745694,2024-09-10,2024,607625,10,6.652826,0.5098079,1.0,0.0,1.0,0.0,0.96,0.040000000000000036,0.65,0.35
744886,2024-09-10,2024,656849,2,4.5507555,0.3792812,1.0,0.0,0.58,0.42000000000000004,0.0,1.0,0.0,1.0
744886,2024-09-10,2024,605135,8,6.387861,0.5014139,1.0,0.0,1.0,0.0,0.95,0.050000000000000044,0.41,0.5900000000000001
746346,2024-09-10,2024,681293,7,6.970555,0.60487145,1.0,0.0,1.0,0.0,0.99,0.010000000000000009,0.8,0.19999999999999996
746428,2024-09-10,2024,683627,2,1.9058877,0.20822938,0.0,1.0,0.0,1.0,0.0,1.0,0.0,1.0
745210,2024-09-10,2024,669923,4,5.9881725,0.4845491,1.0,0.0,1.0,0.0,0.8,0.19999999999999996,0.16,0.84
746907,2024-09-10,2024,676710,6,4.3944764,0.47216713,0.99,0.010000000000000009,0.37,0.63,0.0,1.0,0.0,1.0
745856,2024-09-10,2024,656288,4,6.3145747,0.4947447,1.0,0.0,1.0,0.0,0.94,0.06000000000000005,0.32,0.6799999999999999
745856,2024-09-10,2024,641154,10,6.990825,0.528762,1.0,0.0,1.0,0.0,1.0,0.0,0.83,0.17000000000000004
746097,2024-09-10,2024,684007,4,5.801199,0.51158565,1.0,0.0,1.0,0.0,0.72,0.28,0.08,0.92
746428,2024-09-10,2024,687134,4,3.3598983,0.28596753,0.38,0.62,0.0,1.0,0.0,1.0,0.0,1.0
746097,2024-09-10,2024,808967,8,5.373065,0.55494833,1.0,0.0,0.95,0.050000000000000044,0.39,0.61,0.01,0.99
745535,2024-09-10,2024,671737,6,5.097382,0.5540708,1.0,0.0,0.86,0.14,0.21,0.79,0.01,0.99
745535,2024-09-10,2024,624133,2,4.189957,0.3854547,0.97,0.030000000000000027,0.21,0.79,0.0,1.0,0.0,1.0
745291,2024-09-10,2024,694738,3,4.821349,0.5909711,0.99,0.010000000000000009,0.68,0.31999999999999995,0.11,0.89,0.0,1.0
745126,2024-09-10,2024,695076,3,3.769894,0.31436047,0.81,0.18999999999999995,0.0,1.0,0.0,1.0,0.0,1.0
745126,2024-09-10,2024,669467,6,3.9748468,0.31542498,0.91,0.08999999999999997,0.04,0.96,0.0,1.0,0.0,1.0
746908,2024-09-11,2024,601713,9,5.9249043,0.441385,1.0,0.0,1.0,0.0,0.83,0.17000000000000004,0.11,0.89
745450,2024-09-11,2024,642834,0,1.4888904,0.22804627,0.0,1.0,0.0,1.0,0.0,1.0,0.0,1.0
746425,2024-09-11,2024,663554,7,2.8580694,0.29506904,0.03,0.97,0.0,1.0,0.0,1.0,0.0,1.0
746745,2024-09-11,2024,571510,9,5.535407,0.39561215,1.0,0.0,1.0,0.0,0.51,0.49,0.02,0.98
745450,2024-09-11,2024,675540,3,2.831575,0.29456323,0.01,0.99,0.0,1.0,0.0,1.0,0.0,1.0
746100,2024-09-11,2024,696136,2,3.3791723,0.32388702,0.4,0.6,0.0,1.0,0.0,1.0,0.0,1.0
745214,2024-09-11,2024,693433,5,6.8229027,0.4771805,1.0,0.0,1.0,0.0,1.0,0.0,0.75,0.25
746745,2024-09-11,2024,663436,4,3.6226623,0.2871533,0.65,0.35,0.0,1.0,0.0,1.0,0.0,1.0
745214,2024-09-11,2024,650633,6,5.630156,0.42067942,1.0,0.0,1.0,0.0,0.62,0.38,0.04,0.96
744881,2024-09-11,2024,670102,1,6.6750875,0.5642992,1.0,0.0,1.0,0.0,0.98,0.020000000000000018,0.59,0.41000000000000003
744881,2024-09-11,2024,640455,8,6.37022,0.58724475,1.0,0.0,1.0,0.0,0.94,0.06000000000000005,0.34,0.6599999999999999
745697,2024-09-11,2024,661563,5,6.2031846,0.4141801,1.0,0.0,1.0,0.0,0.98,0.020000000000000018,0.23,0.77
745697,2024-09-11,2024,666142,7,6.262265,0.50025415,1.0,0.0,1.0,0.0,0.96,0.040000000000000036,0.32,0.6799999999999999
745285,2024-09-11,2024,605483,8,5.813537,0.45618045,1.0,0.0,1.0,0.0,0.74,0.26,0.05,0.95
745285,2024-09-11,2024,607067,1,3.3848114,0.28885382,0.34,0.6599999999999999,0.0,1.0,0.0,1.0,0.0,1.0
746100,2024-09-11,2024,676272,2,5.30993,0.46087885,1.0,0.0,0.95,0.050000000000000044,0.32,0.6799999999999999,0.01,0.99
745857,2024-09-11,2024,686799,3,2.6489887,0.37361962,0.01,0.99,0.0,1.0,0.0,1.0,0.0,1.0
745450,2024-09-11,2024,663559,5,3.8920655,0.40505663,0.85,0.15000000000000002,0.09,0.91,0.0,1.0,0.0,1.0
745857,2024-09-11,2024,805673,5,2.7046735,0.20746693,0.0,1.0,0.0,1.0,0.0,1.0,0.0,1.0
746908,2024-09-11,2024,665152,7,6.505041,0.555674,1.0,0.0,1.0,0.0,0.97,0.030000000000000027,0.52,0.48
745525,2024-09-11,2024,554430,9,7.161471,0.4630366,1.0,0.0,1.0,0.0,1.0,0.0,0.89,0.10999999999999999
745525,2024-09-11,2024,669358,4,5.0395412,0.37335914,1.0,0.0,0.89,0.10999999999999999,0.1,0.9,0.0,1.0
744804,2024-09-11,2024,608331,6,5.6176233,0.57206225,1.0,0.0,0.99,0.010000000000000009,0.57,0.43000000000000005,0.07,0.9299999999999999
744804,2024-09-11,2024,663623,5,4.9886165,0.3352926,1.0,0.0,0.94,0.06000000000000005,0.07,0.9299999999999999,0.0,1.0
744804,2024-09-11,2024,678226,3,2.9116142,0.31082118,0.03,0.97,0.0,1.0,0.0,1.0,0.0,1.0
747154,2024-09-11,2024,518876,3,3.8614807,0.33596104,0.86,0.14,0.03,0.97,0.0,1.0,0.0,1.0
745127,2024-09-11,2024,458681,7,6.4361305,0.4437552,1.0,0.0,1.0,0.0,0.99,0.010000000000000009,0.43,0.5700000000000001
745127,2024-09-11,2024,682227,5,3.6659853,0.28390628,0.7,0.30000000000000004,0.0,1.0,0.0,1.0,0.0,1.0
747154,2024-09-11,2024,674003,4,2.4097917,0.25586823,0.0,1.0,0.0,1.0,0.0,1.0,0.0,1.0
746425,2024-09-11,2024,685299,1,3.6256547,0.30847454,0.66,0.33999999999999997,0.01,0.99,0.0,1.0,0.0,1.0
747154,2024-09-11,2024,502624,2,2.7007034,0.2886343,0.01,0.99,0.0,1.0,0.0,1.0,0.0,1.0
746342,2024-09-11,2024,683155,2,4.3531346,0.33866066,1.0,0.0,0.34,0.6599999999999999,0.0,1.0,0.0,1.0
746342,2024-09-11,2024,686613,7,5.277066,0.37700522,1.0,0.0,0.95,0.050000000000000044,0.31,0.69,0.0,1.0
746591,2024-09-12,2024,668909,5,5.632808,0.34902588,1.0,0.0,1.0,0.0,0.62,0.38,0.0,1.0
745288,2024-09-12,2024,806185,4,3.998389,0.35549542,0.93,0.06999999999999995,0.09,0.91,0.0,1.0,0.0,1.0
745288,2024-09-12,2024,593423,8,6.845664,0.5058675,1.0,0.0,1.0,0.0,1.0,0.0,0.77,0.22999999999999998
745129,2024-09-12,2024,686730,4,4.0202947,0.329158,0.93,0.06999999999999995,0.08,0.92,0.0,1.0,0.0,1.0
745695,2024-09-12,2024,681867,4,4.6493893,0.38471472,1.0,0.0,0.64,0.36,0.01,0.99,0.0,1.0
745129,2024-09-12,2024,596001,3,3.5598342,0.3238394,0.6,0.4,0.0,1.0,0.0,1.0,0.0,1.0
746427,2024-09-12,2024,669373,6,6.183236,0.48022896,1.0,0.0,1.0,0.0,0.92,0.07999999999999996,0.29,0.71
746427,2024-09-12,2024,663372,6,5.4022503,0.4117495,1.0,0.0,0.99,0.010000000000000009,0.4,0.6,0.0,1.0
746337,2024-09-12,2024,687765,2,4.170573,0.66259694,0.85,0.15000000000000002,0.26,0.74,0.02,0.98,0.0,1.0
746337,2024-09-12,2024,664285,6,8.175243,0.6988909,1.0,0.0,1.0,0.0,1.0,0.0,0.99,0.010000000000000009
745208,2024-09-12,2024,682243,7,4.5213127,0.42510906,1.0,0.0,0.47,0.53,0.01,0.99,0.0,1.0
744805,2024-09-12,2024,670766,1,3.628478,0.42115483,0.55,0.44999999999999996,0.01,0.99,0.0,1.0,0.0,1.0
745208,2024-09-12,2024,677958,7,4.714284,0.42046824,1.0,0.0,0.74,0.26,0.04,0.96,0.0,1.0
745695,2024-09-12,2024,641482,9,4.774144,0.47867313,1.0,0.0,0.7,0.30000000000000004,0.06,0.94,0.0,1.0
744805,2024-09-12,2024,680730,5,3.3568854,0.58410347,0.35,0.65,0.04,0.96,0.01,0.99,0.0,1.0
745129,2024-09-12,2024,543243,9,5.6203833,0.47933292,1.0,0.0,1.0,0.0,0.59,0.41000000000000003,0.04,0.96
746591,2024-09-12,2024,642121,4,2.2449954,0.28844783,0.0,1.0,0.0,1.0,0.0,1.0,0.0,1.0
747153,2024-09-13,2024,642547,5,6.3178706,0.46533772,1.0,0.0,1.0,0.0,0.99,0.010000000000000009,0.32,0.6799999999999999
747153,2024-09-13,2024,593958,7,5.08864,0.38982034,1.0,0.0,0.95,0.050000000000000044,0.14,0.86,0.0,1.0
745447,2024-09-13,2024,682847,5,6.107813,0.54985934,1.0,0.0,1.0,0.0,0.86,0.14,0.24,0.76
746744,2024-09-13,2024,676979,4,3.6172097,0.40971652,0.56,0.43999999999999995,0.01,0.99,0.0,1.0,0.0,1.0
746509,2024-09-13,2024,665871,5,3.3154202,0.33142477,0.29,0.71,0.0,1.0,0.0,1.0,0.0,1.0
745696,2024-09-13,2024,690916,2,5.9274573,0.46026295,1.0,0.0,0.99,0.010000000000000009,0.84,0.16000000000000003,0.12,0.88
745696,2024-09-13,2024,657376,5,5.2210016,0.5407908,0.99,0.010000000000000009,0.93,0.06999999999999995,0.31,0.69,0.0,1.0
745855,2024-09-13,2024,641927,6,4.797074,0.4475253,1.0,0.0,0.76,0.24,0.08,0.92,0.0,1.0
745855,2024-09-13,2024,687924,4,4.2977314,0.34882593,1.0,0.0,0.28,0.72,0.0,1.0,0.0,1.0
746586,2024-09-13,2024,641793,5,5.5396113,0.5711489,1.0,0.0,0.98,0.020000000000000018,0.52,0.48,0.05,0.95
746586,2024-09-13,2024,676440,9,4.258785,0.35176933,0.99,0.010000000000000009,0.28,0.72,0.0,1.0,0.0,1.0
746423,2024-09-13,2024,676428,8,3.690615,0.38549346,0.73,0.27,0.0,1.0,0.0,1.0,0.0,1.0
746423,2024-09-13,2024,621107,3,4.5599146,0.4129647,0.99,0.010000000000000009,0.57,0.43000000000000005,0.01,0.99,0.0,1.0
745529,2024-09-13,2024,676661,1,2.633326,0.31342903,0.0,1.0,0.0,1.0,0.0,1.0,0.0,1.0
745529,2024-09-13,2024,605400,7,5.904753,0.53537935,1.0,0.0,0.99,0.010000000000000009,0.77,0.22999999999999998,0.16,0.84
745207,2024-09-13,2024,594798,4,5.0028214,0.44788033,1.0,0.0,0.85,0.15000000000000002,0.12,0.88,0.0,1.0
745529,2024-09-13,2024,500779,4,4.747957,0.35775658,1.0,0.0,0.76,0.24,0.01,0.99,0.0,1.0
746744,2024-09-13,2024,669620,2,3.7356887,0.2804222,0.79,0.20999999999999996,0.01,0.99,0.0,1.0,0.0,1.0
745207,2024-09-13,2024,676106,5,4.771157,0.4514157,1.0,0.0,0.72,0.28,0.06,0.94,0.0,1.0
746509,2024-09-13,2024,596295,4,5.741837,0.41029558,1.0,0.0,1.0,0.0,0.69,0.31000000000000005,0.0,1.0
745286,2024-09-13,2024,663941,4,1.8977191,0.28183916,0.0,1.0,0.0,1.0,0.0,1.0,0.0,1.0
747069,2024-09-13,2024,680885,6,5.375155,0.38760945,1.0,0.0,0.98,0.020000000000000018,0.37,0.63,0.0,1.0
747069,2024-09-13,2024,689017,2,3.412241,0.3512594,0.41,0.5900000000000001,0.0,1.0,0.0,1.0,0.0,1.0
746181,2024-09-13,2024,579328,6,5.9968777,0.38849437,1.0,0.0,1.0,0.0,0.88,0.12,0.13,0.87
745286,2024-09-13,2024,656302,10,6.833388,0.498954,1.0,0.0,1.0,0.0,0.99,0.010000000000000009,0.76,0.24
744882,2024-09-13,2024,592332,3,7.653964,0.6428586,1.0,0.0,1.0,0.0,1.0,0.0,0.94,0.06000000000000005
745286,2024-09-13,2024,657277,4,4.31739,0.3816657,0.98,0.020000000000000018,0.31,0.69,0.0,1.0,0.0,1.0
746181,2024-09-13,2024,660761,5,3.295963,0.38103026,0.29,0.71,0.0,1.0,0.0,1.0,0.0,1.0
744882,2024-09-13,2024,607200,3,4.1998177,0.38538572,0.95,0.050000000000000044,0.23,0.77,0.0,1.0,0.0,1.0
746181,2024-09-13,2024,691951,0,1.5052695,0.23288351,0.0,1.0,0.0,1.0,0.0,1.0,0.0,1.0
744882,2024-09-13,2024,669461,3,2.6627932,0.37345114,0.01,0.99,0.0,1.0,0.0,1.0,0.0,1.0
744800,2024-09-13,2024,687792,5,5.11642,0.43252385,1.0,0.0,0.93,0.06999999999999995,0.19,0.81,0.0,1.0
744800,2024-09-13,2024,665795,9,6.85684,0.49683982,1.0,0.0,1.0,0.0,1.0,0.0,0.78,0.21999999999999997
745447,2024-09-13,2024,679525,11,5.555804,0.48879668,1.0,0.0,0.98,0.020000000000000018,0.5,0.5,0.01,0.99
746584,2024-09-14,2024,641302,2,2.6349382,0.31177065,0.0,1.0,0.0,1.0,0.0,1.0,0.0,1.0
746584,2024-09-14,2024,676282,6,3.826185,0.39286366,0.79,0.20999999999999996,0.06,0.94,0.0,1.0,0.0,1.0
745209,2024-09-14,2024,683004,6,5.363596,0.4955627,1.0,0.0,0.97,0.030000000000000027,0.41,0.5900000000000001,0.01,0.99
745689,2024-09-14,2024,641835,2,3.0964391,0.5112115,0.21,0.79,0.01,0.99,0.0,1.0,0.0,1.0
745284,2024-09-14,2024,605397,8,6.5062327,0.49465746,1.0,0.0,1.0,0.0,0.99,0.010000000000000009,0.56,0.43999999999999995
745689,2024-09-14,2024,543037,2,4.145948,0.37460005,0.98,0.020000000000000018,0.22,0.78,0.0,1.0,0.0,1.0
745284,2024-09-14,2024,696131,2,4.4115343,0.3440168,0.99,0.010000000000000009,0.44,0.56,0.0,1.0,0.0,1.0
745528,2024-09-14,2024,663465,3,3.204121,0.34176797,0.22,0.78,0.0,1.0,0.0,1.0,0.0,1.0
745448,2024-09-14,2024,656605,6,5.4959526,0.38132688,1.0,0.0,0.99,0.010000000000000009,0.54,0.45999999999999996,0.0,1.0
745448,2024-09-14,2024,608379,8,5.8484435,0.47883475,1.0,0.0,1.0,0.0,0.74,0.26,0.11,0.89
746740,2024-09-14,2024,669372,3,3.2384567,0.32944545,0.22,0.78,0.0,1.0,0.0,1.0,0.0,1.0
745209,2024-09-14,2024,453286,2,3.8769083,0.2578082,0.97,0.030000000000000027,0.01,0.99,0.0,1.0,0.0,1.0
745209,2024-09-14,2024,669302,7,6.953677,0.5217308,1.0,0.0,1.0,0.0,1.0,0.0,0.81,0.18999999999999995
745689,2024-09-14,2024,678394,2,5.289193,0.38749504,1.0,0.0,0.99,0.010000000000000009,0.33,0.6699999999999999,0.0,1.0
746740,2024-09-14,2024,623167,8,5.7301683,0.4045801,1.0,0.0,1.0,0.0,0.69,0.31000000000000005,0.01,0.99
745528,2024-09-14,2024,622663,5,5.1574473,0.36897907,1.0,0.0,0.94,0.06000000000000005,0.14,0.86,0.0,1.0
746508,2024-09-14,2024,592791,6,3.849983,0.39108887,0.79,0.20999999999999996,0.06,0.94,0.0,1.0,0.0,1.0
747148,2024-09-14,2024,571670,1,1.9254307,0.2822998,0.0,1.0,0.0,1.0,0.0,1.0,0.0,1.0
746177,2024-09-14,2024,434378,2,4.5391746,0.32450244,0.99,0.010000000000000009,0.58,0.42000000000000004,0.0,1.0,0.0,1.0
747148,2024-09-14,2024,700270,2,4.9065166,0.38956705,1.0,0.0,0.85,0.15000000000000002,0.08,0.92,0.0,1.0
746508,2024-09-14,2024,607536,3,4.538017,0.37241694,1.0,0.0,0.5,0.5,0.01,0.99,0.0,1.0
744884,2024-09-14,2024,676617,3,2.7538772,0.3824327,0.02,0.98,0.0,1.0,0.0,1.0,0.0,1.0
744884,2024-09-14,2024,621244,4,5.644937,0.49917692,1.0,0.0,0.99,0.010000000000000009,0.62,0.38,0.04,0.96
746422,2024-09-14,2024,628317,2,4.156995,0.6098614,0.88,0.12,0.27,0.73,0.04,0.96,0.0,1.0
744884,2024-09-14,2024,502043,1,4.732017,0.3766779,1.0,0.0,0.74,0.26,0.03,0.97,0.0,1.0
746177,2024-09-14,2024,542881,4,5.51333,0.5204491,1.0,0.0,1.0,0.0,0.48,0.52,0.06,0.94
746422,2024-09-14,2024,669203,7,6.0185065,0.5922992,1.0,0.0,1.0,0.0,0.8,0.19999999999999996,0.16,0.84
746422,2024-09-14,2024,680744,2,3.1510928,0.33924285,0.15,0.85,0.0,1.0,0.0,1.0,0.0,1.0
745858,2024-09-14,2024,680573,3,3.0683362,0.31797677,0.09,0.91,0.0,1.0,0.0,1.0,0.0,1.0
745858,2024-09-14,2024,656240,1,2.32112,0.37486118,0.0,1.0,0.0,1.0,0.0,1.0,0.0,1.0
745858,2024-09-14,2024,608718,2,2.3063424,0.19391233,0.0,1.0,0.0,1.0,0.0,1.0,0.0,1.0
744803,2024-09-14,2024,678368,4,3.3311944,0.27288365,0.27,0.73,0.0,1.0,0.0,1.0,0.0,1.0
745858,2024-09-14,2024,607259,6,4.102843,0.32424292,0.98,0.020000000000000018,0.11,0.89,0.0,1.0,0.0,1.0
744803,2024-09-14,2024,571578,6,4.8010554,0.4211403,1.0,0.0,0.78,0.21999999999999997,0.06,0.94,0.0,1.0
747070,2024-09-14,2024,519242,6,5.915533,0.40391582,1.0,0.0,1.0,0.0,0.83,0.17000000000000004,0.07,0.9299999999999999
747070,2024-09-14,2024,656427,4,3.816774,0.33693057,0.83,0.17000000000000004,0.04,0.96,0.0,1.0,0.0,1.0
747148,2024-09-14,2024,694297,0,2.918029,0.33999574,0.04,0.96,0.0,1.0,0.0,1.0,0.0,1.0
747148,2024-09-14,2024,668964,3,5.1944127,0.36885926,1.0,0.0,0.98,0.020000000000000018,0.21,0.79,0.0,1.0
746180,2024-09-15,2024,669854,5,5.1302857,0.37515092,1.0,0.0,0.95,0.050000000000000044,0.22,0.78,0.0,1.0
746180,2024-09-15,2024,702674,3,2.3969276,0.25501183,0.0,1.0,0.0,1.0,0.0,1.0,0.0,1.0
746741,2024-09-15,2024,676664,4,4.060031,0.32555822,0.98,0.020000000000000018,0.07,0.9299999999999999,0.0,1.0,0.0,1.0
746741,2024-09-15,2024,680732,5,6.2243257,0.4870901,1.0,0.0,1.0,0.0,0.96,0.040000000000000036,0.29,0.71
747071,2024-09-15,2024,621111,5,6.507782,0.57449573,1.0,0.0,1.0,0.0,0.95,0.050000000000000044,0.51,0.49
745449,2024-09-15,2024,683003,5,8.205388,0.6920454,1.0,0.0,1.0,0.0,1.0,0.0,1.0,0.0
746419,2024-09-15,2024,672456,1,3.3273144,0.2738537,0.24,0.76,0.0,1.0,0.0,1.0,0.0,1.0
746419,2024-09-15,2024,700249,8,4.2748137,0.33988863,1.0,0.0,0.22,0.78,0.0,1.0,0.0,1.0
745530,2024-09-15,2024,650911,7,6.510943,0.57894474,1.0,0.0,1.0,0.0,0.96,0.040000000000000036,0.53,0.47
745530,2024-09-15,2024,656849,6,5.9577928,0.44101486,1.0,0.0,1.0,0.0,0.85,0.15000000000000002,0.13,0.87
746585,2024-09-15,2024,671737,6,6.8506756,0.6105922,1.0,0.0,1.0,0.0,0.99,0.010000000000000009,0.74,0.26
746585,2024-09-15,2024,594902,2,1.9174342,0.20927711,0.0,1.0,0.0,1.0,0.0,1.0,0.0,1.0
745852,2024-09-15,2024,701581,4,3.756098,0.3334766,0.78,0.21999999999999997,0.01,0.99,0.0,1.0,0.0,1.0
745693,2024-09-15,2024,607074,5,6.1043525,0.4691498,1.0,0.0,1.0,0.0,0.87,0.13,0.18,0.8200000000000001
745693,2024-09-15,2024,676710,7,5.121314,0.39508677,1.0,0.0,0.95,0.050000000000000044,0.19,0.81,0.01,0.99
745852,2024-09-15,2024,695076,5,3.4528394,0.3202494,0.41,0.5900000000000001,0.0,1.0,0.0,1.0,0.0,1.0
746506,2024-09-15,2024,543294,7,3.2235544,0.32368886,0.19,0.81,0.0,1.0,0.0,1.0,0.0,1.0
746506,2024-09-15,2024,615698,2,2.7716994,0.35997507,0.04,0.96,0.0,1.0,0.0,1.0,0.0,1.0
745449,2024-09-15,2024,663903,6,3.8382108,0.33789665,0.82,0.18000000000000005,0.01,0.99,0.0,1.0,0.0,1.0
746506,2024-09-15,2024,676105,6,1.9572139,0.20463307,0.0,1.0,0.0,1.0,0.0,1.0,0.0,1.0
747071,2024-09-15,2024,450203,6,4.9749136,0.47474748,0.99,0.010000000000000009,0.88,0.12,0.13,0.87,0.0,1.0
745206,2024-09-15,2024,571760,3,5.413335,0.37323862,1.0,0.0,1.0,0.0,0.4,0.6,0.0,1.0
747151,2024-09-15,2024,668678,7,6.290578,0.51166666,1.0,0.0,1.0,0.0,0.93,0.06999999999999995,0.32,0.6799999999999999
747151,2024-09-15,2024,605452,4,2.0513344,0.26898026,0.0,1.0,0.0,1.0,0.0,1.0,0.0,1.0
744883,2024-09-15,2024,684320,2,3.0325778,0.24656335,0.02,0.98,0.0,1.0,0.0,1.0,0.0,1.0
745206,2024-09-15,2024,642520,2,3.64517,0.43511555,0.62,0.38,0.03,0.97,0.0,1.0,0.0,1.0
745206,2024-09-15,2024,669923,3,5.496423,0.38672945,1.0,0.0,0.99,0.010000000000000009,0.48,0.52,0.0,1.0
744883,2024-09-15,2024,571945,4,3.6540558,0.5201126,0.6,0.4,0.07,0.9299999999999999,0.0,1.0,0.0,1.0
744801,2024-09-15,2024,670124,2,3.2609224,0.42672083,0.28,0.72,0.0,1.0,0.0,1.0,0.0,1.0
744801,2024-09-15,2024,669022,5,6.237736,0.52514434,1.0,0.0,1.0,0.0,0.94,0.06000000000000005,0.28,0.72
747151,2024-09-15,2024,669084,4,4.8978453,0.37342894,1.0,0.0,0.86,0.14,0.07,0.9299999999999999,0.0,1.0
745287,2024-09-15,2024,527048,2,2.597039,0.30769968,0.0,1.0,0.0,1.0,0.0,1.0,0.0,1.0
745287,2024-09-15,2024,694738,4,4.6037416,0.6286399,0.96,0.040000000000000036,0.56,0.43999999999999995,0.07,0.9299999999999999,0.0,1.0
746828,2024-09-16,2024,684007,11,6.2358356,0.67817247,1.0,0.0,1.0,0.0,0.9,0.09999999999999998,0.35,0.65
745130,2024-09-16,2024,669467,9,5.693397,0.45160538,1.0,0.0,0.99,0.010000000000000009,0.62,0.38,0.06,0.94
745130,2024-09-16,2024,694973,7,7.326211,0.6236827,1.0,0.0,1.0,0.0,1.0,0.0,0.92,0.07999999999999996
746260,2024-09-16,2024,681857,3,2.6944413,0.2864643,0.0,1.0,0.0,1.0,0.0,1.0,0.0,1.0
745367,2024-09-16,2024,506433,3,4.747907,0.47581163,1.0,0.0,0.64,0.36,0.06,0.94,0.0,1.0
746502,2024-09-16,2024,518876,5,4.489499,0.39187443,1.0,0.0,0.48,0.52,0.01,0.99,0.0,1.0
746502,2024-09-16,2024,622608,2,3.6003373,0.33023557,0.62,0.38,0.01,0.99,0.0,1.0,0.0,1.0
745939,2024-09-16,2024,624133,5,5.2266436,0.41456306,1.0,0.0,0.96,0.040000000000000036,0.23,0.77,0.0,1.0
746588,2024-09-16,2024,571510,5,3.1810608,0.2797705,0.13,0.87,0.0,1.0,0.0,1.0,0.0,1.0
746588,2024-09-16,2024,641154,4,5.2359557,0.44826156,1.0,0.0,0.92,0.07999999999999996,0.27,0.73,0.0,1.0
745939,2024-09-16,2024,650644,6,4.7623305,0.39357024,1.0,0.0,0.69,0.31000000000000005,0.04,0.96,0.0,1.0
746828,2024-09-16,2024,683155,1,3.2376218,0.29462874,0.2,0.8,0.0,1.0,0.0,1.0,0.0,1.0
745773,2024-09-16,2024,663623,5,6.267923,0.41072816,1.0,0.0,1.0,0.0,0.97,0.030000000000000027,0.31,0.69
745367,2024-09-16,2024,681293,3,6.4410243,0.465504,1.0,0.0,1.0,0.0,0.98,0.020000000000000018,0.41,0.5900000000000001
746260,2024-09-16,2024,607625,4,5.600475,0.40877086,1.0,0.0,1.0,0.0,0.59,0.41000000000000003,0.02,0.98
746179,2024-09-16,2024,672282,6,4.991796,0.3524502,1.0,0.0,0.91,0.08999999999999997,0.05,0.95,0.0,1.0
746179,2024-09-16,2024,686563,7,5.8829722,0.39056015,1.0,0.0,1.0,0.0,0.83,0.17000000000000004,0.07,0.9299999999999999
747067,2024-09-16,2024,608331,7,5.409725,0.4274294,1.0,0.0,0.97,0.030000000000000027,0.48,0.52,0.01,0.99
747067,2024-09-16,2024,808967,3,5.0939116,0.43443388,1.0,0.0,0.92,0.07999999999999996,0.17,0.83,0.0,1.0
746828,2024-09-16,2024,656232,1,2.116493,0.25618875,0.0,1.0,0.0,1.0,0.0,1.0,0.0,1.0
746828,2024-09-16,2024,663687,3,2.271212,0.3151977,0.0,1.0,0.0,1.0,0.0,1.0,0.0,1.0
745773,2024-09-16,2024,640455,6,4.6447697,0.45150116,0.99,0.010000000000000009,0.63,0.37,0.0,1.0,0.0,1.0
746987,2024-09-17,2024,605483,12,7.401347,0.60302275,1.0,0.0,1.0,0.0,1.0,0.0,0.92,0.07999999999999996
746503,2024-09-17,2024,686796,4,2.1450434,0.3084789,0.0,1.0,0.0,1.0,0.0,1.0,0.0,1.0
746987,2024-09-17,2024,544150,3,4.208185,0.3831934,0.95,0.050000000000000044,0.21,0.79,0.0,1.0,0.0,1.0
746503,2024-09-17,2024,663372,2,4.7694516,0.36870077,1.0,0.0,0.79,0.20999999999999996,0.04,0.96,0.0,1.0
745044,2024-09-17,2024,601713,6,5.126913,0.47117293,1.0,0.0,0.93,0.06999999999999995,0.2,0.8,0.01,0.99
746503,2024-09-17,2024,656756,4,5.222124,0.46663624,1.0,0.0,0.95,0.050000000000000044,0.27,0.73,0.0,1.0
745366,2024-09-17,2024,650633,7,4.2536025,0.38642603,0.97,0.030000000000000027,0.27,0.73,0.0,1.0,0.0,1.0
746015,2024-09-17,2024,670766,4,2.932678,0.3328813,0.05,0.95,0.0,1.0,0.0,1.0,0.0,1.0
744961,2024-09-17,2024,666818,3,1.7674142,0.28262684,0.0,1.0,0.0,1.0,0.0,1.0,0.0,1.0
745935,2024-09-17,2024,593423,10,5.378248,0.5053599,1.0,0.0,0.96,0.040000000000000036,0.39,0.61,0.02,0.98
744961,2024-09-17,2024,605135,2,3.832636,0.32022843,0.84,0.16000000000000003,0.02,0.98,0.0,1.0,0.0,1.0
744961,2024-09-17,2024,543135,4,5.717567,0.44335425,1.0,0.0,1.0,0.0,0.68,0.31999999999999995,0.03,0.97
745044,2024-09-17,2024,669358,6,7.350719,0.5719269,1.0,0.0,1.0,0.0,1.0,0.0,0.93,0.06999999999999995
746015,2024-09-17,2024,676272,2,3.1815674,0.3244276,0.18,0.8200000000000001,0.0,1.0,0.0,1.0,0.0,1.0
746176,2024-09-17,2024,656288,6,3.806718,0.33103704,0.82,0.18000000000000005,0.0,1.0,0.0,1.0,0.0,1.0
746176,2024-09-17,2024,663436,4,4.913667,0.3557382,1.0,0.0,0.89,0.10999999999999999,0.06,0.94,0.0,1.0
746176,2024-09-17,2024,671109,1,2.1312437,0.24346381,0.0,1.0,0.0,1.0,0.0,1.0,0.0,1.0
745935,2024-09-17,2024,554430,6,6.5040174,0.4969001,1.0,0.0,1.0,0.0,0.98,0.020000000000000018,0.5,0.5
745044,2024-09-17,2024,670174,4,2.592858,0.3098747,0.0,1.0,0.0,1.0,0.0,1.0,0.0,1.0
746261,2024-09-17,2024,666142,6,7.2851124,0.58099186,1.0,0.0,1.0,0.0,1.0,0.0,0.91,0.08999999999999997
745122,2024-09-17,2024,663559,3,4.3828416,0.38657123,0.99,0.010000000000000009,0.41,0.5900000000000001,0.0,1.0,0.0,1.0
746830,2024-09-17,2024,696136,4,5.179727,0.41991502,1.0,0.0,0.96,0.040000000000000036,0.17,0.83,0.01,0.99
746261,2024-09-17,2024,663554,3,5.2111278,0.4239211,1.0,0.0,0.93,0.06999999999999995,0.25,0.75,0.0,1.0
746587,2024-09-17,2024,668909,7,5.249848,0.42929113,1.0,0.0,0.95,0.050000000000000044,0.24,0.76,0.0,1.0
746587,2024-09-17,2024,805673,5,3.8363748,0.28617167,0.87,0.13,0.02,0.98,0.0,1.0,0.0,1.0
745205,2024-09-17,2024,573186,3,2.6093118,0.3311412,0.01,0.99,0.0,1.0,0.0,1.0,0.0,1.0
745205,2024-09-17,2024,646242,1,1.8884794,0.18742818,0.0,1.0,0.0,1.0,0.0,1.0,0.0,1.0
745205,2024-09-17,2024,661563,5,5.3407683,0.38032895,1.0,0.0,1.0,0.0,0.36,0.64,0.0,1.0
745122,2024-09-17,2024,458681,5,5.3058734,0.41497022,1.0,0.0,0.97,0.030000000000000027,0.33,0.6699999999999999,0.0,1.0
745205,2024-09-17,2024,693433,7,5.68046,0.38712367,1.0,0.0,1.0,0.0,0.71,0.29000000000000004,0.01,0.99
746659,2024-09-17,2024,518585,4,3.2873945,0.5100322,0.31,0.69,0.01,0.99,0.0,1.0,0.0,1.0
746659,2024-09-17,2024,656550,2,5.2115936,0.4332408,1.0,0.0,0.96,0.040000000000000036,0.26,0.74,0.0,1.0
745366,2024-09-17,2024,686613,3,4.834576,0.3611707,1.0,0.0,0.82,0.18000000000000005,0.05,0.95,0.0,1.0
746659,2024-09-17,2024,682227,1,2.1289597,0.27371663,0.0,1.0,0.0,1.0,0.0,1.0,0.0,1.0
746659,2024-09-17,2024,686730,0,2.0489347,0.32097754,0.0,1.0,0.0,1.0,0.0,1.0,0.0,1.0
745772,2024-09-17,2024,656731,4,4.7993946,0.3805311,0.99,0.010000000000000009,0.82,0.18000000000000005,0.04,0.96,0.0,1.0
745772,2024-09-17,2024,680730,1,4.014859,0.5067886,0.85,0.15000000000000002,0.22,0.78,0.0,1.0,0.0,1.0
746830,2024-09-17,2024,687765,6,5.4409056,0.48269913,1.0,0.0,0.98,0.020000000000000018,0.46,0.54,0.01,0.99
746014,2024-09-18,2024,677960,5,3.7488592,0.38603508,0.71,0.29000000000000004,0.03,0.97,0.0,1.0,0.0,1.0
746662,2024-09-18,2024,596001,6,4.1349087,0.326699,0.98,0.020000000000000018,0.12,0.88,0.0,1.0,0.0,1.0
744959,2024-09-18,2024,674003,6,4.237921,0.3343579,0.99,0.010000000000000009,0.21,0.79,0.0,1.0,0.0,1.0
746172,2024-09-18,2024,686799,5,3.3903708,0.50535804,0.39,0.61,0.04,0.96,0.0,1.0,0.0,1.0
746662,2024-09-18,2024,680885,5,6.421015,0.47419718,1.0,0.0,1.0,0.0,1.0,0.0,0.45,0.55
746831,2024-09-18,2024,669620,5,4.1266017,0.30952477,0.97,0.030000000000000027,0.1,0.9,0.0,1.0,0.0,1.0
746831,2024-09-18,2024,657006,1,3.6419146,0.37029713,0.65,0.35,0.02,0.98,0.0,1.0,0.0,1.0
746014,2024-09-18,2024,689017,7,5.9599543,0.49988818,1.0,0.0,0.99,0.010000000000000009,0.86,0.14,0.16,0.84
745365,2024-09-18,2024,664285,6,6.5155196,0.642291,1.0,0.0,1.0,0.0,0.93,0.06999999999999995,0.5,0.5
745199,2024-09-18,2024,641482,6,5.908048,0.45477867,1.0,0.0,1.0,0.0,0.81,0.18999999999999995,0.09,0.91
746988,2024-09-18,2024,665152,7,4.6195016,0.5523253,0.97,0.030000000000000027,0.56,0.43999999999999995,0.03,0.97,0.0,1.0
745771,2024-09-18,2024,687792,5,4.4234548,0.40262604,0.98,0.020000000000000018,0.41,0.5900000000000001,0.02,0.98,0.0,1.0
745771,2024-09-18,2024,500779,4,3.1539946,0.3710315,0.19,0.81,0.0,1.0,0.0,1.0,0.0,1.0
745365,2024-09-18,2024,656302,5,7.2650347,0.5812327,1.0,0.0,1.0,0.0,1.0,0.0,0.91,0.08999999999999997
745121,2024-09-18,2024,543243,8,5.278196,0.4441281,1.0,0.0,0.99,0.010000000000000009,0.32,0.6799999999999999,0.0,1.0
745121,2024-09-18,2024,663765,5,4.29019,0.3933357,0.97,0.030000000000000027,0.29,0.71,0.0,1.0,0.0,1.0
746988,2024-09-18,2024,806185,3,5.469782,0.41869205,1.0,0.0,1.0,0.0,0.45,0.55,0.0,1.0
746582,2024-09-18,2024,641927,12,6.1634536,0.50944763,1.0,0.0,1.0,0.0,0.87,0.13,0.27,0.73
746500,2024-09-18,2024,676105,3,3.0330331,0.30412582,0.06,0.94,0.0,1.0,0.0,1.0,0.0,1.0
746500,2024-09-18,2024,596295,1,2.0092506,0.22577293,0.0,1.0,0.0,1.0,0.0,1.0,0.0,1.0
746500,2024-09-18,2024,593958,11,4.7521496,0.36104342,1.0,0.0,0.74,0.26,0.02,0.98,0.0,1.0
746254,2024-09-18,2024,679525,5,3.3270667,0.31532347,0.3,0.7,0.0,1.0,0.0,1.0,0.0,1.0
746254,2024-09-18,2024,669373,7,7.15606,0.62496954,1.0,0.0,1.0,0.0,1.0,0.0,0.83,0.17000000000000004
745040,2024-09-18,2024,686752,12,5.597856,0.51195884,1.0,0.0,0.97,0.030000000000000027,0.58,0.42000000000000004,0.04,0.96
745040,2024-09-18,2024,656557,4,4.6127305,0.5203318,0.99,0.010000000000000009,0.61,0.39,0.05,0.95,0.0,1.0
746254,2024-09-18,2024,663738,4,2.3212838,0.30105624,0.0,1.0,0.0,1.0,0.0,1.0,0.0,1.0
746582,2024-09-18,2024,676440,5,4.6744685,0.44233584,0.99,0.010000000000000009,0.66,0.33999999999999997,0.03,0.97,0.0,1.0
745933,2024-09-18,2024,605400,9,5.2745924,0.38273457,1.0,0.0,1.0,0.0,0.3,0.7,0.0,1.0
745933,2024-09-18,2024,642547,9,5.198183,0.35644618,1.0,0.0,1.0,0.0,0.24,0.76,0.0,1.0
745199,2024-09-18,2024,682243,8,7.9705157,0.62203956,1.0,0.0,1.0,0.0,1.0,0.0,0.98,0.020000000000000018
744959,2024-09-18,2024,670102,6,6.0644245,0.53421587,1.0,0.0,1.0,0.0,0.84,0.16000000000000003,0.21,0.79
745120,2024-09-19,2024,682847,7,5.2163906,0.4318843,1.0,0.0,0.94,0.06000000000000005,0.21,0.79,0.0,1.0
746011,2024-09-19,2024,665795,3,4.2933216,0.42103872,0.99,0.010000000000000009,0.31,0.69,0.0,1.0,0.0,1.0
745937,2024-09-19,2024,694297,12,7.4148726,0.5453839,1.0,0.0,1.0,0.0,1.0,0.0,0.95,0.050000000000000044
745120,2024-09-19,2024,607200,3,4.281042,0.33910397,0.99,0.010000000000000009,0.28,0.72,0.0,1.0,0.0,1.0
745204,2024-09-19,2024,669302,9,7.986742,0.67445755,1.0,0.0,1.0,0.0,1.0,0.0,0.98,0.020000000000000018
745204,2024-09-19,2024,657376,7,6.7494783,0.57919437,1.0,0.0,1.0,0.0,1.0,0.0,0.63,0.37
744962,2024-09-19,2024,592332,6,2.6607895,0.26774096,0.0,1.0,0.0,1.0,0.0,1.0,0.0,1.0
744962,2024-09-19,2024,677958,5,3.7869277,0.26111078,0.89,0.10999999999999999,0.0,1.0,0.0,1.0,0.0,1.0
744962,2024-09-19,2024,679156,3,2.5347717,0.34398454,0.0,1.0,0.0,1.0,0.0,1.0,0.0,1.0
745041,2024-09-19,2024,641793,7,3.6427717,0.36756968,0.59,0.41000000000000003,0.01,0.99,0.0,1.0,0.0,1.0
745041,2024-09-19,2024,678394,7,6.17274,0.5906968,1.0,0.0,1.0,0.0,0.89,0.10999999999999999,0.27,0.73
745769,2024-09-19,2024,592836,2,3.4697473,0.37595552,0.41,0.5900000000000001,0.01,0.99,0.0,1.0,0.0,1.0
745769,2024-09-19,2024,622663,7,6.94512,0.53919125,1.0,0.0,1.0,0.0,0.99,0.010000000000000009,0.8,0.19999999999999996
746011,2024-09-19,2024,666277,0,2.8767653,0.30133894,0.03,0.97,0.0,1.0,0.0,1.0,0.0,1.0
745937,2024-09-19,2024,668964,5,4.580925,0.3515571,1.0,0.0,0.53,0.47,0.01,0.99,0.0,1.0
746011,2024-09-19,2024,656427,5,5.505633,0.44951922,1.0,0.0,0.99,0.010000000000000009,0.53,0.47,0.02,0.98
746823,2024-09-19,2024,665871,5,4.1937594,0.2620953,1.0,0.0,0.14,0.86,0.0,1.0,0.0,1.0
746341,2024-09-19,2024,660761,5,6.9621716,0.5704478,1.0,0.0,1.0,0.0,0.99,0.010000000000000009,0.81,0.18999999999999995
746823,2024-09-19,2024,571578,4,4.524095,0.38355696,0.99,0.010000000000000009,0.48,0.52,0.0,1.0,0.0,1.0
746663,2024-09-19,2024,592426,4,2.677732,0.36159584,0.04,0.96,0.0,1.0,0.0,1.0,0.0,1.0
746663,2024-09-19,2024,605335,5,5.2169094,0.44023448,1.0,0.0,0.95,0.050000000000000044,0.24,0.76,0.0,1.0
746663,2024-09-19,2024,519242,6,6.35165,0.54623264,1.0,0.0,1.0,0.0,0.95,0.050000000000000044,0.36,0.64
746985,2024-09-19,2024,621107,5,4.9821935,0.33056805,1.0,0.0,0.95,0.050000000000000044,0.11,0.89,0.0,1.0
746663,2024-09-19,2024,687924,4,3.739804,0.26426736,0.79,0.20999999999999996,0.0,1.0,0.0,1.0,0.0,1.0
746579,2024-09-19,2024,676282,6,5.8407273,0.4922716,1.0,0.0,1.0,0.0,0.76,0.24,0.09,0.91
746579,2024-09-19,2024,680573,6,3.4246933,0.24292092,0.35,0.65,0.0,1.0,0.0,1.0,0.0,1.0
746985,2024-09-19,2024,657277,8,5.143112,0.49477565,1.0,0.0,0.91,0.08999999999999997,0.27,0.73,0.0,1.0
746341,2024-09-19,2024,579328,9,7.17647,0.47253487,1.0,0.0,1.0,0.0,1.0,0.0,0.93,0.06999999999999995
746905,2024-09-20,2024,690916,3,5.092785,0.34740418,1.0,0.0,0.97,0.030000000000000027,0.11,0.89,0.0,1.0
746013,2024-09-20,2024,678368,3,3.8943632,0.30272356,0.89,0.10999999999999999,0.03,0.97,0.0,1.0,0.0,1.0
746013,2024-09-20,2024,450203,3,8.167006,0.7642113,1.0,0.0,1.0,0.0,1.0,0.0,0.98,0.020000000000000018
744960,2024-09-20,2024,669923,4,5.9529595,0.44502223,1.0,0.0,1.0,0.0,0.83,0.17000000000000004,0.14,0.86
744960,2024-09-20,2024,683004,5,6.15109,0.48318255,1.0,0.0,1.0,0.0,0.92,0.07999999999999996,0.24,0.76
745934,2024-09-20,2024,668678,5,6.267125,0.50153416,1.0,0.0,1.0,0.0,0.91,0.08999999999999997,0.42,0.5800000000000001
744960,2024-09-20,2024,594798,5,3.9847126,0.32420468,0.94,0.06000000000000005,0.06,0.94,0.0,1.0,0.0,1.0
745123,2024-09-20,2024,594902,2,3.372561,0.2776528,0.35,0.65,0.0,1.0,0.0,1.0,0.0,1.0
746094,2024-09-20,2024,607536,2,4.6805906,0.3413364,1.0,0.0,0.7,0.30000000000000004,0.01,0.99,0.0,1.0
746824,2024-09-20,2024,592791,4,4.054916,0.38581854,0.95,0.050000000000000044,0.12,0.88,0.0,1.0,0.0,1.0
746824,2024-09-20,2024,592866,7,2.920824,0.21806188,0.01,0.99,0.0,1.0,0.0,1.0,0.0,1.0
745123,2024-09-20,2024,571927,1,2.6018348,0.46386254,0.05,0.95,0.0,1.0,0.0,1.0,0.0,1.0
745123,2024-09-20,2024,502043,2,2.0767033,0.24273925,0.0,1.0,0.0,1.0,0.0,1.0,0.0,1.0
745043,2024-09-20,2024,621244,6,6.3667207,0.5810935,1.0,0.0,1.0,0.0,0.95,0.050000000000000044,0.42,0.5800000000000001
745043,2024-09-20,2024,641302,6,3.2063384,0.34553725,0.18,0.8200000000000001,0.0,1.0,0.0,1.0,0.0,1.0
746984,2024-09-20,2024,672456,7,4.6992717,0.38653702,1.0,0.0,0.67,0.32999999999999996,0.01,0.99,0.0,1.0
746984,2024-09-20,2024,669203,8,6.833252,0.6479189,1.0,0.0,1.0,0.0,0.99,0.010000000000000009,0.65,0.35
745934,2024-09-20,2024,607067,4,4.2055516,0.32851076,0.98,0.020000000000000018,0.17,0.83,0.0,1.0,0.0,1.0
745364,2024-09-20,2024,605397,9,7.3327894,0.7020268,1.0,0.0,1.0,0.0,0.99,0.010000000000000009,0.93,0.06999999999999995
746905,2024-09-20,2024,701581,6,7.2839546,0.50388366,1.0,0.0,1.0,0.0,1.0,0.0,0.92,0.07999999999999996
745606,2024-09-20,2024,543037,7,5.8624187,0.41719824,1.0,0.0,1.0,0.0,0.81,0.18999999999999995,0.07,0.9299999999999999
745364,2024-09-20,2024,676979,8,4.175775,0.43294528,0.95,0.050000000000000044,0.24,0.76,0.0,1.0,0.0,1.0
746256,2024-09-20,2024,696131,4,5.125525,0.36378947,1.0,0.0,0.97,0.030000000000000027,0.19,0.81,0.0,1.0
746256,2024-09-20,2024,608379,5,5.4260535,0.38548106,1.0,0.0,0.98,0.020000000000000018,0.42,0.5800000000000001,0.0,1.0
745770,2024-09-20,2024,656849,4,3.3570175,0.2769126,0.32,0.6799999999999999,0.0,1.0,0.0,1.0,0.0,1.0
745770,2024-09-20,2024,650911,7,6.3622174,0.6455677,1.0,0.0,1.0,0.0,0.92,0.07999999999999996,0.4,0.6
745606,2024-09-20,2024,669372,4,3.1659057,0.28519627,0.09,0.91,0.0,1.0,0.0,1.0,0.0,1.0
746340,2024-09-20,2024,434378,4,4.997581,0.3619767,1.0,0.0,0.93,0.06999999999999995,0.07,0.9299999999999999,0.0,1.0
746661,2024-09-20,2024,656605,1,3.5805383,0.377884,0.56,0.43999999999999995,0.02,0.98,0.0,1.0,0.0,1.0
746661,2024-09-20,2024,666214,3,1.8574065,0.28771016,0.0,1.0,0.0,1.0,0.0,1.0,0.0,1.0
746340,2024-09-20,2024,672710,2,2.735801,0.32694206,0.0,1.0,0.0,1.0,0.0,1.0,0.0,1.0
746340,2024-09-20,2024,542881,4,3.438847,0.33272204,0.37,0.63,0.0,1.0,0.0,1.0,0.0,1.0
746661,2024-09-20,2024,607259,9,4.0376205,0.38296047,0.91,0.08999999999999997,0.12,0.88,0.0,1.0,0.0,1.0
746096,2024-09-21,2024,621111,9,5.0936656,0.38707668,1.0,0.0,0.96,0.040000000000000036,0.12,0.88,0.0,1.0
745124,2024-09-21,2024,571510,6,4.8534236,0.36823162,1.0,0.0,0.82,0.18000000000000005,0.06,0.94,0.0,1.0
745936,2024-09-21,2024,518876,6,4.513623,0.4137944,1.0,0.0,0.49,0.51,0.04,0.96,0.0,1.0
746338,2024-09-21,2024,672282,3,3.0649207,0.2634952,0.07,0.9299999999999999,0.0,1.0,0.0,1.0,0.0,1.0
746338,2024-09-21,2024,608334,1,2.7645059,0.31073573,0.01,0.99,0.0,1.0,0.0,1.0,0.0,1.0
745038,2024-09-21,2024,671737,4,7.751896,0.61096066,1.0,0.0,1.0,0.0,1.0,0.0,1.0,0.0
745038,2024-09-21,2024,684320,3,4.5881934,0.36505413,0.98,0.020000000000000018,0.63,0.37,0.0,1.0,0.0,1.0
745768,2024-09-21,2024,640455,6,5.327376,0.46840087,1.0,0.0,0.97,0.030000000000000027,0.32,0.6799999999999999,0.01,0.99
745768,2024-09-21,2024,624133,4,4.725089,0.37551504,1.0,0.0,0.73,0.27,0.0,1.0,0.0,1.0
746255,2024-09-21,2024,663903,6,4.926895,0.3042844,1.0,0.0,0.92,0.07999999999999996,0.03,0.97,0.0,1.0
746255,2024-09-21,2024,694738,3,6.091084,0.5657623,1.0,0.0,1.0,0.0,0.84,0.16000000000000003,0.22,0.78
746983,2024-09-21,2024,700249,7,5.732581,0.4926766,1.0,0.0,0.99,0.010000000000000009,0.73,0.27,0.05,0.95
746338,2024-09-21,2024,669854,9,5.6856313,0.40896913,1.0,0.0,0.99,0.010000000000000009,0.7,0.30000000000000004,0.03,0.97
746096,2024-09-21,2024,615698,5,4.9896007,0.4785024,1.0,0.0,0.86,0.14,0.12,0.88,0.0,1.0
745936,2024-09-21,2024,650644,2,5.2876215,0.40262598,1.0,0.0,1.0,0.0,0.31,0.69,0.0,1.0
745124,2024-09-21,2024,571945,4,4.435071,0.30413708,1.0,0.0,0.42,0.5800000000000001,0.0,1.0,0.0,1.0
745610,2024-09-21,2024,607074,4,5.9257903,0.3871457,1.0,0.0,1.0,0.0,0.87,0.13,0.07,0.9299999999999999
745610,2024-09-21,2024,656232,1,2.1031082,0.23384066,0.0,1.0,0.0,1.0,0.0,1.0,0.0,1.0
745610,2024-09-21,2024,663687,1,2.1378057,0.28269833,0.0,1.0,0.0,1.0,0.0,1.0,0.0,1.0
745610,2024-09-21,2024,676664,6,4.8356233,0.35447896,1.0,0.0,0.84,0.16000000000000003,0.05,0.95,0.0,1.0
745360,2024-09-21,2024,623167,3,4.2086415,0.36723575,0.96,0.040000000000000036,0.21,0.79,0.0,1.0,0.0,1.0
745360,2024-09-21,2024,527048,6,3.6649506,0.33642662,0.7,0.30000000000000004,0.0,1.0,0.0,1.0,0.0,1.0
746983,2024-09-21,2024,681857,3,3.5321102,0.55691695,0.44,0.56,0.06,0.94,0.0,1.0,0.0,1.0
746826,2024-09-21,2024,669022,9,6.916979,0.58741224,1.0,0.0,1.0,0.0,0.99,0.010000000000000009,0.77,0.22999999999999998
746826,2024-09-21,2024,543294,2,3.8243802,0.3472503,0.87,0.13,0.04,0.96,0.0,1.0,0.0,1.0
746660,2024-09-21,2024,683003,5,5.344493,0.42776525,1.0,0.0,0.96,0.040000000000000036,0.45,0.55,0.0,1.0
746660,2024-09-21,2024,695076,4,4.103272,0.37037778,0.96,0.040000000000000036,0.12,0.88,0.0,1.0,0.0,1.0
746983,2024-09-21,2024,676428,0,2.9413395,0.38625118,0.09,0.91,0.0,1.0,0.0,1.0,0.0,1.0
746012,2024-09-21,2024,670124,7,4.954959,0.57805,0.99,0.010000000000000009,0.78,0.21999999999999997,0.16,0.84,0.0,1.0
746012,2024-09-21,2024,608331,6,6.908228,0.7167443,1.0,0.0,1.0,0.0,0.97,0.030000000000000027,0.69,0.31000000000000005
744958,2024-09-21,2024,600917,2,2.404534,0.22597496,0.0,1.0,0.0,1.0,0.0,1.0,0.0,1.0
744958,2024-09-21,2024,641540,5,3.9085019,0.34379902,0.85,0.15000000000000002,0.03,0.97,0.0,1.0,0.0,1.0
744958,2024-09-21,2024,676106,3,4.341311,0.31618503,1.0,0.0,0.36,0.64,0.0,1.0,0.0,1.0
746903,2024-09-22,2024,641154,3,5.057329,0.37309128,1.0,0.0,0.94,0.06000000000000005,0.12,0.88,0.0,1.0
746903,2024-09-22,2024,687396,5,3.5339572,0.38061023,0.6,0.4,0.0,1.0,0.0,1.0,0.0,1.0
746982,2024-09-22,2024,680744,3,2.0691607,0.21843225,0.0,1.0,0.0,1.0,0.0,1.0,0.0,1.0
746906,2024-09-22,2024,676710,7,5.3348937,0.47943592,1.0,0.0,0.95,0.050000000000000044,0.31,0.69,0.02,0.98
746906,2024-09-22,2024,805673,6,5.1373,0.3634429,1.0,0.0,0.97,0.030000000000000027,0.18,0.8200000000000001,0.0,1.0
745767,2024-09-22,2024,656731,6,4.8692045,0.3397537,1.0,0.0,0.84,0.16000000000000003,0.04,0.96,0.0,1.0
746982,2024-09-22,2024,544150,6,5.3972664,0.45813957,1.0,0.0,0.97,0.030000000000000027,0.45,0.55,0.02,0.98
746825,2024-09-22,2024,684007,4,7.3612766,0.77961004,1.0,0.0,1.0,0.0,1.0,0.0,0.9,0.09999999999999998
746825,2024-09-22,2024,663623,3,4.666756,0.5259259,0.99,0.010000000000000009,0.6,0.4,0.08,0.92,0.0,1.0
745118,2024-09-22,2024,669467,4,3.6694348,0.28106743,0.7,0.30000000000000004,0.0,1.0,0.0,1.0,0.0,1.0
745929,2024-09-22,2024,593423,4,3.5978484,0.33028355,0.6,0.4,0.0,1.0,0.0,1.0,0.0,1.0
746253,2024-09-22,2024,607625,5,5.7217803,0.48806846,1.0,0.0,0.99,0.010000000000000009,0.68,0.31999999999999995,0.04,0.96
746253,2024-09-22,2024,605483,9,5.8283315,0.50781006,1.0,0.0,1.0,0.0,0.74,0.26,0.11,0.89
746339,2024-09-22,2024,656288,3,5.231544,0.43576172,1.0,0.0,0.95,0.050000000000000044,0.3,0.7,0.0,1.0
746339,2024-09-22,2024,681293,6,5.131427,0.39592597,1.0,0.0,0.96,0.040000000000000036,0.13,0.87,0.0,1.0
745608,2024-09-22,2024,661563,5,4.295869,0.4138327,0.97,0.030000000000000027,0.26,0.74,0.0,1.0,0.0,1.0
745608,2024-09-22,2024,683155,1,4.8131413,0.34229425,1.0,0.0,0.82,0.18000000000000005,0.03,0.97,0.0,1.0
746092,2024-09-22,2024,808967,4,4.884367,0.45718005,1.0,0.0,0.75,0.25,0.11,0.89,0.0,1.0
746092,2024-09-22,2024,676508,5,4.93296,0.53870916,1.0,0.0,0.79,0.20999999999999996,0.15,0.85,0.0,1.0
746092,2024-09-22,2024,622608,2,3.5411348,0.26972705,0.63,0.37,0.0,1.0,0.0,1.0,0.0,1.0
745118,2024-09-22,2024,668909,3,5.027174,0.36971474,1.0,0.0,0.95,0.050000000000000044,0.07,0.9299999999999999,0.0,1.0
745358,2024-09-22,2024,680732,8,5.8940907,0.41106737,1.0,0.0,1.0,0.0,0.86,0.14,0.04,0.96
744955,2024-09-22,2024,693433,4,4.8701186,0.35161674,1.0,0.0,0.86,0.14,0.03,0.97,0.0,1.0
746010,2024-09-22,2024,670766,5,3.3006873,0.3515908,0.27,0.73,0.0,1.0,0.0,1.0,0.0,1.0
746010,2024-09-22,2024,656550,5,4.772258,0.5074317,0.99,0.010000000000000009,0.75,0.25,0.09,0.91,0.0,1.0
745358,2024-09-22,2024,506433,9,5.657584,0.48786107,1.0,0.0,0.99,0.010000000000000009,0.62,0.38,0.06,0.94
745767,2024-09-22,2024,554430,8,6.0183306,0.47309238,1.0,0.0,1.0,0.0,0.87,0.13,0.14,0.86
746657,2024-09-22,2024,694973,9,5.459972,0.4778068,1.0,0.0,0.99,0.010000000000000009,0.48,0.52,0.01,0.99
746657,2024-09-22,2024,668881,4,2.2255988,0.23178338,0.0,1.0,0.0,1.0,0.0,1.0,0.0,1.0
745036,2024-09-22,2024,642232,5,2.46951,0.33937764,0.0,1.0,0.0,1.0,0.0,1.0,0.0,1.0
745036,2024-09-22,2024,669358,6,5.137669,0.4481298,1.0,0.0,0.93,0.06999999999999995,0.2,0.8,0.0,1.0
745929,2024-09-22,2024,656756,6,5.1541677,0.43491134,1.0,0.0,0.94,0.06000000000000005,0.19,0.81,0.0,1.0
744955,2024-09-22,2024,571760,4,5.128766,0.58835757,1.0,0.0,0.87,0.13,0.28,0.72,0.0,1.0
746903,2024-09-22,2024,601713,4,6.218936,0.5237506,1.0,0.0,1.0,0.0,0.92,0.07999999999999996,0.3,0.7
745527,2024-09-23,2024,668873,3,3.8748367,0.38797998,0.88,0.12,0.07,0.9299999999999999,0.0,1.0,0.0,1.0
745527,2024-09-23,2024,605400,7,7.048,0.5476983,1.0,0.0,1.0,0.0,0.99,0.010000000000000009,0.82,0.18000000000000005
747150,2024-09-23,2024,806185,6,5.6286125,0.5016184,1.0,0.0,1.0,0.0,0.57,0.43000000000000005,0.05,0.95
747150,2024-09-23,2024,593958,8,5.8230286,0.46795106,1.0,0.0,0.98,0.020000000000000018,0.77,0.22999999999999998,0.05,0.95
746334,2024-09-23,2024,682243,5,6.3965144,0.5893473,1.0,0.0,1.0,0.0,0.94,0.06000000000000005,0.4,0.6
746334,2024-09-23,2024,686613,8,5.8694263,0.47585973,1.0,0.0,1.0,0.0,0.77,0.22999999999999998,0.09,0.91
744885,2024-09-23,2024,605135,2,4.375931,0.3829041,0.98,0.020000000000000018,0.34,0.6599999999999999,0.01,0.99,0.0,1.0
744885,2024-09-23,2024,656557,0,3.2748194,0.4041088,0.28,0.72,0.02,0.98,0.0,1.0,0.0,1.0
746581,2024-09-24,2024,686730,2,2.782292,0.30743808,0.01,0.99,0.0,1.0,0.0,1.0,0.0,1.0
744876,2024-09-24,2024,670102,4,4.1780725,0.35215965,0.97,0.030000000000000027,0.21,0.79,0.0,1.0,0.0,1.0
746743,2024-09-24,2024,686563,7,3.8078315,0.3272081,0.85,0.15000000000000002,0.03,0.97,0.0,1.0,0.0,1.0
745441,2024-09-24,2024,663559,5,4.748298,0.37365818,1.0,0.0,0.77,0.22999999999999998,0.03,0.97,0.0,1.0
747068,2024-09-24,2024,622663,5,6.450038,0.5276765,1.0,0.0,1.0,0.0,0.96,0.040000000000000036,0.43,0.5700000000000001
744802,2024-09-24,2024,680730,5,5.2047634,0.4835146,1.0,0.0,0.92,0.07999999999999996,0.29,0.71,0.0,1.0
745605,2024-09-24,2024,687765,2,4.9785447,0.45499745,1.0,0.0,0.87,0.13,0.11,0.89,0.0,1.0
747068,2024-09-24,2024,680885,4,6.341354,0.42858195,1.0,0.0,1.0,0.0,0.97,0.030000000000000027,0.4,0.6
744802,2024-09-24,2024,666142,6,5.363464,0.40352926,1.0,0.0,0.99,0.010000000000000009,0.41,0.5900000000000001,0.0,1.0
744876,2024-09-24,2024,678394,4,3.847965,0.37658006,0.81,0.18999999999999995,0.06,0.94,0.0,1.0,0.0,1.0
746336,2024-09-24,2024,669302,6,7.17855,0.57204384,1.0,0.0,1.0,0.0,1.0,0.0,0.9,0.09999999999999998
746336,2024-09-24,2024,664285,4,6.259162,0.5809815,1.0,0.0,1.0,0.0,0.88,0.12,0.4,0.6
745441,2024-09-24,2024,668964,2,2.5134275,0.2750721,0.0,1.0,0.0,1.0,0.0,1.0,0.0,1.0
745526,2024-09-24,2024,663465,5,3.2264245,0.25585085,0.14,0.86,0.0,1.0,0.0,1.0,0.0,1.0
745526,2024-09-24,2024,657006,3,3.5205567,0.2797331,0.45,0.55,0.0,1.0,0.0,1.0,0.0,1.0
745526,2024-09-24,2024,592836,1,3.1396766,0.39229113,0.15,0.85,0.0,1.0,0.0,1.0,0.0,1.0
745605,2024-09-24,2024,543135,7,5.053928,0.5302803,1.0,0.0,0.82,0.18000000000000005,0.21,0.79,0.0,1.0
746581,2024-09-24,2024,676440,7,3.745738,0.34663802,0.75,0.25,0.01,0.99,0.0,1.0,0.0,1.0
746743,2024-09-24,2024,686799,4,3.954996,0.4437364,0.81,0.18999999999999995,0.13,0.87,0.0,1.0,0.0,1.0
745688,2024-09-24,2024,657376,7,5.599834,0.7000182,1.0,0.0,0.97,0.030000000000000027,0.57,0.43000000000000005,0.13,0.87
747149,2024-09-24,2024,686796,1,2.0296972,0.22893187,0.0,1.0,0.0,1.0,0.0,1.0,0.0,1.0
746421,2024-09-24,2024,686752,6,6.838663,0.5915887,1.0,0.0,1.0,0.0,0.98,0.020000000000000018,0.71,0.29000000000000004
745851,2024-09-24,2024,677960,2,4.735634,0.54345024,1.0,0.0,0.66,0.33999999999999997,0.09,0.91,0.0,1.0
745851,2024-09-24,2024,641927,7,5.0018206,0.3873779,1.0,0.0,0.91,0.08999999999999997,0.09,0.91,0.0,1.0
746421,2024-09-24,2024,669373,7,7.5774007,0.6642881,1.0,0.0,1.0,0.0,1.0,0.0,0.95,0.050000000000000044
745688,2024-09-24,2024,665152,3,5.065886,0.45319504,1.0,0.0,0.93,0.06999999999999995,0.15,0.85,0.0,1.0
747149,2024-09-24,2024,694297,4,3.3595,0.26753646,0.31,0.69,0.0,1.0,0.0,1.0,0.0,1.0
747149,2024-09-24,2024,700270,1,2.8608997,0.31667256,0.02,0.98,0.0,1.0,0.0,1.0,0.0,1.0
746504,2024-09-24,2024,663372,6,4.7582655,0.37227562,1.0,0.0,0.75,0.25,0.03,0.97,0.0,1.0
746504,2024-09-24,2024,700241,5,4.6212707,0.33255115,1.0,0.0,0.63,0.37,0.01,0.99,0.0,1.0
746093,2024-09-24,2024,650633,3,5.5902696,0.38789797,1.0,0.0,1.0,0.0,0.58,0.42000000000000004,0.0,1.0
746093,2024-09-24,2024,689017,4,4.4089026,0.36196148,0.99,0.010000000000000009,0.37,0.63,0.0,1.0,0.0,1.0
747149,2024-09-24,2024,657277,3,5.1678777,0.4282403,1.0,0.0,0.95,0.050000000000000044,0.24,0.76,0.0,1.0
745442,2024-09-25,2024,642547,7,6.2920465,0.45189282,1.0,0.0,1.0,0.0,0.96,0.040000000000000036,0.35,0.65
745442,2024-09-25,2024,682847,5,5.2470794,0.42652023,1.0,0.0,0.98,0.020000000000000018,0.33,0.6699999999999999,0.0,1.0
744877,2024-09-25,2024,670174,3,2.071099,0.34811765,0.0,1.0,0.0,1.0,0.0,1.0,0.0,1.0
744795,2024-09-25,2024,663738,2,2.285332,0.3082696,0.0,1.0,0.0,1.0,0.0,1.0,0.0,1.0
744795,2024-09-25,2024,687792,3,4.340084,0.35848114,1.0,0.0,0.3,0.7,0.01,0.99,0.0,1.0
747144,2024-09-25,2024,696131,3,4.541364,0.3805958,1.0,0.0,0.51,0.49,0.0,1.0,0.0,1.0
747144,2024-09-25,2024,668678,11,6.605173,0.5366738,1.0,0.0,1.0,0.0,0.98,0.020000000000000018,0.54,0.45999999999999996
746742,2024-09-25,2024,663436,4,4.6452084,0.33248317,1.0,0.0,0.67,0.32999999999999996,0.02,0.98,0.0,1.0
744877,2024-09-25,2024,690916,2,5.0594387,0.40949085,1.0,0.0,0.89,0.10999999999999999,0.12,0.88,0.0,1.0
744877,2024-09-25,2024,592332,3,5.7170787,0.42331913,1.0,0.0,0.99,0.010000000000000009,0.73,0.27,0.04,0.96
746742,2024-09-25,2024,660761,5,3.865979,0.34834626,0.89,0.10999999999999999,0.04,0.96,0.0,1.0,0.0,1.0
746331,2024-09-25,2024,669923,6,6.2579827,0.4829249,1.0,0.0,1.0,0.0,0.95,0.050000000000000044,0.33,0.6699999999999999
746095,2024-09-25,2024,656302,4,8.121112,0.5999653,1.0,0.0,1.0,0.0,1.0,0.0,1.0,0.0
745690,2024-09-25,2024,573186,1,1.9260668,0.38288805,0.0,1.0,0.0,1.0,0.0,1.0,0.0,1.0
745690,2024-09-25,2024,547001,3,3.0573003,0.26647586,0.04,0.96,0.0,1.0,0.0,1.0,0.0,1.0
746420,2024-09-25,2024,672456,2,2.5176437,0.24168354,0.0,1.0,0.0,1.0,0.0,1.0,0.0,1.0
746583,2024-09-25,2024,596001,3,3.6111503,0.3787925,0.66,0.33999999999999997,0.01,0.99,0.0,1.0,0.0,1.0
746095,2024-09-25,2024,656427,5,5.6738796,0.49633226,1.0,0.0,0.99,0.010000000000000009,0.64,0.36,0.03,0.97
745854,2024-09-25,2024,686973,4,2.4851105,0.25600675,0.0,1.0,0.0,1.0,0.0,1.0,0.0,1.0
745854,2024-09-25,2024,665795,5,5.089949,0.4178074,1.0,0.0,0.94,0.06000000000000005,0.14,0.86,0.0,1.0
745690,2024-09-25,2024,621107,1,4.2224736,0.31276736,1.0,0.0,0.21,0.79,0.0,1.0,0.0,1.0
746420,2024-09-25,2024,641793,7,4.494795,0.49906874,0.99,0.010000000000000009,0.53,0.47,0.03,0.97,0.0,1.0
745521,2024-09-25,2024,665871,3,3.7545187,0.2841089,0.81,0.18999999999999995,0.01,0.99,0.0,1.0,0.0,1.0
746501,2024-09-25,2024,607200,10,4.1471148,0.40698496,0.95,0.050000000000000044,0.23,0.77,0.0,1.0,0.0,1.0
745607,2024-09-25,2024,671212,5,3.5498197,0.35046372,0.58,0.42000000000000004,0.01,0.99,0.0,1.0,0.0,1.0
745607,2024-09-25,2024,669620,3,2.681127,0.22152016,0.0,1.0,0.0,1.0,0.0,1.0,0.0,1.0
746331,2024-09-25,2024,579328,8,6.839667,0.49617553,1.0,0.0,1.0,0.0,1.0,0.0,0.76,0.24
746501,2024-09-25,2024,596295,3,3.110457,0.28484398,0.13,0.87,0.0,1.0,0.0,1.0,0.0,1.0
745607,2024-09-25,2024,674003,4,3.733565,0.32458088,0.78,0.21999999999999997,0.01,0.99,0.0,1.0,0.0,1.0
745521,2024-09-25,2024,650911,4,6.0195513,0.6363232,1.0,0.0,1.0,0.0,0.82,0.18000000000000005,0.21,0.79
746088,2024-09-26,2024,621111,1,3.7524817,0.34628078,0.73,0.27,0.03,0.97,0.0,1.0,0.0,1.0
745691,2024-09-26,2024,669203,9,5.027066,0.58788633,1.0,0.0,0.84,0.16000000000000003,0.21,0.79,0.0,1.0
745853,2024-09-26,2024,622786,1,2.7918158,0.35169932,0.02,0.98,0.0,1.0,0.0,1.0,0.0,1.0
746495,2024-09-26,2024,607536,4,4.0801134,0.33553138,0.96,0.040000000000000036,0.13,0.87,0.0,1.0,0.0,1.0
746738,2024-09-26,2024,623167,7,4.912553,0.40524817,1.0,0.0,0.84,0.16000000000000003,0.07,0.9299999999999999,0.0,1.0
745853,2024-09-26,2024,678368,2,2.976652,0.22151428,0.0,1.0,0.0,1.0,0.0,1.0,0.0,1.0
745853,2024-09-26,2024,656240,3,1.8065658,0.21064173,0.0,1.0,0.0,1.0,0.0,1.0,0.0,1.0
746495,2024-09-26,2024,502043,5,4.040599,0.2752438,0.99,0.010000000000000009,0.05,0.95,0.0,1.0,0.0,1.0
745853,2024-09-26,2024,701581,5,3.3037896,0.3172266,0.25,0.75,0.0,1.0,0.0,1.0,0.0,1.0
746738,2024-09-26,2024,670046,4,2.292406,0.3415078,0.0,1.0,0.0,1.0,0.0,1.0,0.0,1.0
746738,2024-09-26,2024,542881,2,2.8845227,0.3595658,0.08,0.92,0.0,1.0,0.0,1.0,0.0,1.0
745691,2024-09-26,2024,543037,5,6.8298163,0.45503166,1.0,0.0,1.0,0.0,1.0,0.0,0.79,0.20999999999999996
745443,2024-09-26,2024,656605,6,5.2405634,0.4355813,1.0,0.0,0.94,0.06000000000000005,0.29,0.71,0.0,1.0
745443,2024-09-26,2024,650644,5,4.618202,0.37361246,1.0,0.0,0.64,0.36,0.02,0.98,0.0,1.0
746415,2024-09-26,2024,681857,3,3.8487833,0.2932213,0.9,0.09999999999999998,0.0,1.0,0.0,1.0,0.0,1.0
745609,2024-09-26,2024,669372,2,2.500583,0.3146782,0.0,1.0,0.0,1.0,0.0,1.0,0.0,1.0
744796,2024-09-26,2024,608379,2,5.077841,0.43430203,1.0,0.0,0.94,0.06000000000000005,0.12,0.88,0.02,0.98
744796,2024-09-26,2024,571578,3,3.963736,0.32635647,0.92,0.07999999999999996,0.06,0.94,0.0,1.0,0.0,1.0
746415,2024-09-26,2024,641302,6,3.508457,0.29628852,0.52,0.48,0.0,1.0,0.0,1.0,0.0,1.0
746088,2024-09-26,2024,605397,6,5.612067,0.48488316,1.0,0.0,0.99,0.010000000000000009,0.58,0.42000000000000004,0.05,0.95
745609,2024-09-26,2024,677958,2,3.5877993,0.30370623,0.65,0.35,0.0,1.0,0.0,1.0,0.0,1.0
745609,2024-09-26,2024,683004,1,2.7241316,0.2557263,0.0,1.0,0.0,1.0,0.0,1.0,0.0,1.0
745847,2024-09-27,2024,700249,2,4.4979544,0.36783844,0.99,0.010000000000000009,0.47,0.53,0.01,0.99,0.0,1.0
747145,2024-09-27,2024,506433,4,5.4768224,0.44346422,1.0,0.0,0.97,0.030000000000000027,0.49,0.51,0.0,1.0
747145,2024-09-27,2024,518876,8,6.340615,0.43901289,1.0,0.0,1.0,0.0,0.96,0.040000000000000036,0.35,0.65
746173,2024-09-27,2024,672282,12,5.9988527,0.45588332,1.0,0.0,0.99,0.010000000000000009,0.89,0.10999999999999999,0.13,0.87
747065,2024-09-27,2024,608331,9,5.4006486,0.57535315,1.0,0.0,0.94,0.06000000000000005,0.42,0.5800000000000001,0.04,0.96
744879,2024-09-27,2024,670124,3,3.841861,0.35035604,0.84,0.16000000000000003,0.06,0.94,0.0,1.0,0.0,1.0
746417,2024-09-27,2024,676979,6,4.6226153,0.40206558,0.99,0.010000000000000009,0.58,0.42000000000000004,0.01,0.99,0.0,1.0
744879,2024-09-27,2024,621244,4,2.4661822,0.22317751,0.0,1.0,0.0,1.0,0.0,1.0,0.0,1.0
745930,2024-09-27,2024,593423,6,5.3961926,0.44146383,1.0,0.0,0.98,0.020000000000000018,0.41,0.5900000000000001,0.01,0.99
745930,2024-09-27,2024,640455,1,4.7426333,0.41519198,1.0,0.0,0.69,0.31000000000000005,0.05,0.95,0.0,1.0
747065,2024-09-27,2024,663903,5,5.158102,0.4166944,1.0,0.0,0.95,0.050000000000000044,0.21,0.79,0.0,1.0
746494,2024-09-27,2024,676508,7,5.9878297,0.43825877,1.0,0.0,1.0,0.0,0.86,0.14,0.09,0.91
746494,2024-09-27,2024,615698,0,2.9805937,0.2816207,0.05,0.95,0.0,1.0,0.0,1.0,0.0,1.0
746417,2024-09-27,2024,676428,1,2.9545803,0.40110454,0.1,0.9,0.0,1.0,0.0,1.0,0.0,1.0
746417,2024-09-27,2024,694363,4,1.8456558,0.26667064,0.0,1.0,0.0,1.0,0.0,1.0,0.0,1.0
746173,2024-09-27,2024,594798,5,4.3708057,0.38787386,0.99,0.010000000000000009,0.38,0.62,0.0,1.0,0.0,1.0
745847,2024-09-27,2024,681892,1,1.9200734,0.42281443,0.0,1.0,0.0,1.0,0.0,1.0,0.0,1.0
744879,2024-09-27,2024,687922,1,2.2857068,0.35508558,0.0,1.0,0.0,1.0,0.0,1.0,0.0,1.0
744797,2024-09-27,2024,592866,5,2.150264,0.19788346,0.0,1.0,0.0,1.0,0.0,1.0,0.0,1.0
746904,2024-09-27,2024,601713,6,6.317813,0.53379554,1.0,0.0,1.0,0.0,0.95,0.050000000000000044,0.36,0.64
746904,2024-09-27,2024,671737,7,3.7304957,0.43824175,0.68,0.31999999999999995,0.03,0.97,0.0,1.0,0.0,1.0
745692,2024-09-27,2024,683003,7,5.971697,0.4554417,1.0,0.0,1.0,0.0,0.83,0.17000000000000004,0.11,0.89
746822,2024-09-27,2024,607259,3,4.7256165,0.37628967,1.0,0.0,0.74,0.26,0.01,0.99,0.0,1.0
746580,2024-09-27,2024,676282,7,4.6567945,0.42605114,1.0,0.0,0.64,0.36,0.04,0.96,0.0,1.0
746580,2024-09-27,2024,669854,3,4.492586,0.35258764,1.0,0.0,0.47,0.53,0.02,0.98,0.0,1.0
746822,2024-09-27,2024,592791,2,4.647094,0.3936082,1.0,0.0,0.65,0.35,0.0,1.0,0.0,1.0
745202,2024-09-27,2024,676664,4,5.0259075,0.35028878,1.0,0.0,0.94,0.06000000000000005,0.07,0.9299999999999999,0.0,1.0
746580,2024-09-27,2024,681293,4,2.4538164,0.26639462,0.0,1.0,0.0,1.0,0.0,1.0,0.0,1.0
745280,2024-09-27,2024,694738,4,6.571268,0.684929,1.0,0.0,1.0,0.0,0.94,0.06000000000000005,0.59,0.41000000000000003
745280,2024-09-27,2024,571945,4,5.385278,0.44461194,1.0,0.0,0.99,0.010000000000000009,0.41,0.5900000000000001,0.01,0.99
745692,2024-09-27,2024,607074,5,5.9151692,0.4856513,1.0,0.0,1.0,0.0,0.82,0.18000000000000005,0.11,0.89
745847,2024-09-27,2024,641154,8,8.323919,0.5358643,1.0,0.0,1.0,0.0,1.0,0.0,1.0,0.0
745202,2024-09-27,2024,693433,8,4.244148,0.33653265,1.0,0.0,0.18,0.8200000000000001,0.01,0.99,0.0,1.0
744797,2024-09-27,2024,624133,2,2.819156,0.25703746,0.0,1.0,0.0,1.0,0.0,1.0,0.0,1.0
745281,2024-09-28,2024,663941,3,3.202018,0.27047646,0.14,0.86,0.0,1.0,0.0,1.0,0.0,1.0
745281,2024-09-28,2024,669467,4,4.1109285,0.28283128,0.99,0.010000000000000009,0.1,0.9,0.0,1.0,0.0,1.0
745931,2024-09-28,2024,500779,9,4.164977,0.37488273,0.97,0.030000000000000027,0.22,0.78,0.0,1.0,0.0,1.0
744878,2024-09-28,2024,675540,1,3.6440885,0.2866576,0.69,0.31000000000000005,0.0,1.0,0.0,1.0,0.0,1.0
744878,2024-09-28,2024,684320,5,4.915416,0.31519726,1.0,0.0,0.91,0.08999999999999997,0.03,0.97,0.0,1.0
746414,2024-09-28,2024,680732,6,4.563585,0.3937131,1.0,0.0,0.54,0.45999999999999996,0.0,1.0,0.0,1.0
745685,2024-09-28,2024,681347,2,3.703015,0.3426915,0.72,0.28,0.0,1.0,0.0,1.0,0.0,1.0
745685,2024-09-28,2024,661563,5,5.1526265,0.4257819,1.0,0.0,0.93,0.06999999999999995,0.17,0.83,0.0,1.0
747146,2024-09-28,2024,681190,4,5.5192175,0.33442315,1.0,0.0,1.0,0.0,0.58,0.42000000000000004,0.0,1.0
747146,2024-09-28,2024,593958,3,2.7697587,0.2677508,0.0,1.0,0.0,1.0,0.0,1.0,0.0,1.0
744878,2024-09-28,2024,670766,4,2.8100786,0.31061035,0.04,0.96,0.0,1.0,0.0,1.0,0.0,1.0
746819,2024-09-28,2024,543294,2,2.8842678,0.37209314,0.04,0.96,0.0,1.0,0.0,1.0,0.0,1.0
746819,2024-09-28,2024,695076,1,4.7069163,0.3488732,1.0,0.0,0.66,0.33999999999999997,0.01,0.99,0.0,1.0
745931,2024-09-28,2024,668964,5,3.416045,0.33968621,0.38,0.62,0.0,1.0,0.0,1.0,0.0,1.0
745849,2024-09-28,2024,656353,1,3.569963,0.3255269,0.58,0.42000000000000004,0.0,1.0,0.0,1.0,0.0,1.0
745849,2024-09-28,2024,805673,5,4.4268084,0.2934698,1.0,0.0,0.4,0.6,0.0,1.0,0.0,1.0
746578,2024-09-28,2024,434378,5,6.3968334,0.46341115,1.0,0.0,1.0,0.0,0.96,0.040000000000000036,0.47,0.53
744799,2024-09-28,2024,669022,9,5.273075,0.4355443,1.0,0.0,0.96,0.040000000000000036,0.29,0.71,0.0,1.0
744799,2024-09-28,2024,554430,11,6.6696095,0.47587568,1.0,0.0,1.0,0.0,0.99,0.010000000000000009,0.67,0.32999999999999996
745203,2024-09-28,2024,676106,3,4.6363482,0.3366873,1.0,0.0,0.66,0.33999999999999997,0.01,0.99,0.0,1.0
745203,2024-09-28,2024,683155,2,4.1388416,0.37408614,0.97,0.030000000000000027,0.16,0.84,0.0,1.0,0.0,1.0
746578,2024-09-28,2024,594902,4,3.9528925,0.28136015,0.94,0.06000000000000005,0.03,0.97,0.0,1.0,0.0,1.0
746499,2024-09-28,2024,808967,6,5.333644,0.46435735,1.0,0.0,0.99,0.010000000000000009,0.38,0.62,0.0,1.0
746499,2024-09-28,2024,680736,4,3.5425305,0.2944735,0.59,0.41000000000000003,0.0,1.0,0.0,1.0,0.0,1.0
746499,2024-09-28,2024,622608,3,3.6410134,0.27994585,0.72,0.28,0.0,1.0,0.0,1.0,0.0,1.0
747066,2024-09-28,2024,625643,9,6.172357,0.51047546,1.0,0.0,1.0,0.0,0.9,0.09999999999999998,0.23,0.77
746414,2024-09-28,2024,680744,2,2.5120933,0.26428723,0.0,1.0,0.0,1.0,0.0,1.0,0.0,1.0
746171,2024-09-28,2024,656288,4,4.273889,0.30782124,1.0,0.0,0.23,0.77,0.0,1.0,0.0,1.0
746902,2024-09-28,2024,676710,6,4.213329,0.37889183,0.98,0.020000000000000018,0.22,0.78,0.0,1.0,0.0,1.0
746902,2024-09-28,2024,669358,7,6.091008,0.5496115,1.0,0.0,1.0,0.0,0.82,0.18000000000000005,0.28,0.72
746414,2024-09-28,2024,647336,5,2.6572058,0.34989977,0.01,0.99,0.0,1.0,0.0,1.0,0.0,1.0
746171,2024-09-28,2024,571760,3,5.923961,0.5673152,1.0,0.0,1.0,0.0,0.76,0.24,0.18,0.8200000000000001
746174,2024-09-29,2024,543135,5,5.691049,0.50659573,1.0,0.0,0.98,0.020000000000000018,0.66,0.33999999999999997,0.02,0.98
744798,2024-09-29,2024,663623,3,3.6197162,0.30063304,0.68,0.31999999999999995,0.0,1.0,0.0,1.0,0.0,1.0
744798,2024-09-29,2024,605400,7,6.905431,0.5993124,1.0,0.0,1.0,0.0,0.98,0.020000000000000018,0.8,0.19999999999999996
746174,2024-09-29,2024,686799,1,3.6135693,0.55165464,0.54,0.45999999999999996,0.05,0.95,0.0,1.0,0.0,1.0
746496,2024-09-29,2024,663372,3,3.6427078,0.28951618,0.72,0.28,0.0,1.0,0.0,1.0,0.0,1.0
744880,2024-09-29,2024,677960,6,5.1603346,0.4621302,1.0,0.0,0.92,0.07999999999999996,0.28,0.72,0.0,1.0
746901,2024-09-29,2024,682990,2,5.449377,0.5012163,1.0,0.0,0.96,0.040000000000000036,0.48,0.52,0.03,0.97
746901,2024-09-29,2024,686752,5,3.828166,0.33042723,0.87,0.13,0.03,0.97,0.0,1.0,0.0,1.0
745201,2024-09-29,2024,687765,5,4.1134343,0.5448063,0.85,0.15000000000000002,0.26,0.74,0.01,0.99,0.0,1.0
745201,2024-09-29,2024,669302,7,5.906999,0.60995156,1.0,0.0,1.0,0.0,0.79,0.20999999999999996,0.16,0.84
744880,2024-09-29,2024,642232,3,2.4347162,0.31545722,0.0,1.0,0.0,1.0,0.0,1.0,0.0,1.0
746820,2024-09-29,2024,668881,3,4.0375466,0.3613086,0.91,0.08999999999999997,0.11,0.89,0.0,1.0,0.0,1.0
745686,2024-09-29,2024,663559,0,2.9858618,0.28871626,0.03,0.97,0.0,1.0,0.0,1.0,0.0,1.0
745846,2024-09-29,2024,544150,4,4.33954,0.38112506,0.98,0.020000000000000018,0.33,0.6699999999999999,0.0,1.0,0.0,1.0
745846,2024-09-29,2024,641927,4,4.3601823,0.3821221,0.99,0.010000000000000009,0.35,0.65,0.0,1.0,0.0,1.0
747061,2024-09-29,2024,450203,3,5.696701,0.5670737,1.0,0.0,0.97,0.030000000000000027,0.66,0.33999999999999997,0.1,0.9
745282,2024-09-29,2024,700241,6,4.472051,0.40008926,0.99,0.010000000000000009,0.46,0.54,0.0,1.0,0.0,1.0
746496,2024-09-29,2024,689017,4,3.8684669,0.36416024,0.84,0.16000000000000003,0.04,0.96,0.0,1.0,0.0,1.0
745686,2024-09-29,2024,657376,5,5.038785,0.5430479,1.0,0.0,0.81,0.18999999999999995,0.19,0.81,0.0,1.0
746820,2024-09-29,2024,668873,4,5.4408484,0.4982934,1.0,0.0,0.97,0.030000000000000027,0.52,0.48,0.0,1.0
745932,2024-09-29,2024,607067,5,5.239856,0.47240436,1.0,0.0,0.93,0.06999999999999995,0.31,0.69,0.0,1.0
745932,2024-09-29,2024,656849,8,4.9040413,0.36082554,1.0,0.0,0.89,0.10999999999999999,0.06,0.94,0.0,1.0
747147,2024-09-29,2024,694297,9,4.6017637,0.39229363,1.0,0.0,0.56,0.43999999999999995,0.03,0.97,0.0,1.0
746416,2024-09-29,2024,686563,3,4.454028,0.31831765,1.0,0.0,0.46,0.54,0.0,1.0,0.0,1.0
746416,2024-09-29,2024,672456,2,3.008894,0.3323609,0.1,0.9,0.0,1.0,0.0,1.0,0.0,1.0
746416,2024-09-29,2024,628317,5,7.042609,0.6072346,1.0,0.0,1.0,0.0,1.0,0.0,0.82,0.18000000000000005
747147,2024-09-29,2024,663362,3,5.365417,1.2871095,0.95,0.050000000000000044,0.75,0.25,0.4,0.6,0.16,0.84
747147,2024-09-29,2024,527048,3,2.416616,0.22495688,0.0,1.0,0.0,1.0,0.0,1.0,0.0,1.0
747061,2024-09-29,2024,679525,2,4.439423,0.5128804,0.97,0.030000000000000027,0.44,0.56,0.02,0.98,0.0,1.0
745282,2024-09-29,2024,806185,11,6.777372,0.48031467,1.0,0.0,1.0,0.0,0.99,0.010000000000000009,0.71,0.29000000000000004
747139,2024-09-30,2024,621242,2,2.319296,0.2625212,0.0,1.0,0.0,1.0,0.0,1.0,0.0,1.0
747139,2024-09-30,2024,680885,5,6.8996315,0.47951174,1.0,0.0,1.0,0.0,1.0,0.0,0.82,0.18000000000000005
747064,2024-09-30,2024,656550,7,3.9749863,0.42742568,0.88,0.12,0.14,0.86,0.0,1.0,0.0,1.0
747064,2024-09-30,2024,664192,5,6.145282,0.44881606,1.0,0.0,1.0,0.0,0.95,0.050000000000000044,0.21,0.79
747139,2024-09-30,2024,656731,8,6.605883,0.4496709,1.0,0.0,1.0,0.0,0.99,0.010000000000000009,0.61,0.39
775345,2024-10-01,2024,669373,6,6.9347396,0.60930157,1.0,0.0,1.0,0.0,0.99,0.010000000000000009,0.76,0.24
775333,2024-10-01,2024,650633,12,5.3535676,0.4025201,1.0,0.0,0.98,0.020000000000000018,0.33,0.6699999999999999,0.0,1.0
775340,2024-10-01,2024,622663,3,8.469959,0.67183864,1.0,0.0,1.0,0.0,1.0,0.0,0.99,0.010000000000000009
775340,2024-10-01,2024,642547,5,3.7082736,0.33722386,0.73,0.27,0.01,0.99,0.0,1.0,0.0,1.0
775343,2024-10-01,2024,666142,8,5.3997884,0.38072097,1.0,0.0,0.99,0.010000000000000009,0.39,0.61,0.0,1.0
775343,2024-10-01,2024,669203,3,4.907295,0.7600992,0.97,0.030000000000000027,0.67,0.32999999999999996,0.23,0.77,0.02,0.98
775345,2024-10-01,2024,664285,3,5.35538,0.5507502,1.0,0.0,0.95,0.050000000000000044,0.42,0.5800000000000001,0.02,0.98
775345,2024-10-01,2024,669854,4,2.713414,0.3414188,0.01,0.99,0.0,1.0,0.0,1.0,0.0,1.0
