game_pk,game_date,game_year,pitcher,strikeouts,pred_nn
745675,2024-04-01,2024,666205,6,3.8238816
745109,2024-04-01,2024,606965,0,2.4859676
745109,2024-04-01,2024,641540,7,4.4495926
745109,2024-04-01,2024,686752,3,5.712772
744875,2024-04-01,2024,669022,6,5.981363
745600,2024-04-01,2024,650911,8,5.770253
745600,2024-04-01,2024,671096,4,5.697284
747218,2024-04-01,2024,669194,2,4.566673
747218,2024-04-01,2024,661563,6,5.5095086
747218,2024-04-01,2024,596133,0,2.319553
746409,2024-04-01,2024,669854,7,5.616516
746409,2024-04-01,2024,670102,7,5.6087003
746085,2024-04-01,2024,681217,5,4.8484287
746085,2024-04-01,2024,676974,4,4.4319844
747058,2024-04-01,2024,665152,5,4.421857
746170,2024-04-01,2024,676775,6,5.9604774
746170,2024-04-01,2024,572020,5,5.2451057
745675,2024-04-01,2024,671212,4,7.115225
745675,2024-04-01,2024,502624,3,2.4348285
745675,2024-04-01,2024,656557,10,5.571194
747058,2024-04-01,2024,608379,5,3.2876592
746817,2024-04-01,2024,450203,6,4.989886
746899,2024-04-01,2024,641712,2,3.2738585
745437,2024-04-01,2024,663362,7,5.8018293
745277,2024-04-01,2024,663474,2,4.424456
745277,2024-04-01,2024,676106,1,4.0980678
744875,2024-04-01,2024,594835,2,3.4001298
744875,2024-04-01,2024,663432,1,2.072997
745842,2024-04-01,2024,640455,8,5.004659
746899,2024-04-01,2024,663567,2,2.4753675
746899,2024-04-01,2024,684007,9,6.920332
745842,2024-04-01,2024,681857,3,5.603324
745437,2024-04-01,2024,502043,4,5.166197
746817,2024-04-01,2024,623167,1,3.8050027
746814,2024-04-02,2024,625643,5,4.5874944
745680,2024-04-02,2024,622072,7,4.9153953
746898,2024-04-02,2024,607536,2,2.3597891
746169,2024-04-02,2024,694738,4,2.9538713
746898,2024-04-02,2024,665871,5,4.730498
746086,2024-04-02,2024,666200,5,6.8033767
746898,2024-04-02,2024,683627,1,2.500517
746086,2024-04-02,2024,663773,1,2.4076262
746169,2024-04-02,2024,657277,5,4.9587
746411,2024-04-02,2024,621244,2,3.9647508
746411,2024-04-02,2024,664285,5,5.9572806
746169,2024-04-02,2024,642232,1,3.7412517
745680,2024-04-02,2024,678394,6,4.876637
746814,2024-04-02,2024,676979,8,6.8984957
746086,2024-04-02,2024,542881,5,4.21504
747057,2024-04-02,2024,608344,3,4.1289344
746009,2024-04-02,2024,686973,4,5.0487075
746009,2024-04-02,2024,660896,2,3.0939853
747220,2024-04-02,2024,668678,6,5.4591794
745598,2024-04-02,2024,668933,5,4.1450706
745598,2024-04-02,2024,620982,4,3.6354299
745598,2024-04-02,2024,605513,7,4.6387854
747220,2024-04-02,2024,664776,4,3.5823934
747220,2024-04-02,2024,641482,2,4.3651586
747057,2024-04-02,2024,679525,5,4.512937
745273,2024-04-02,2024,622491,7,5.9767756
745111,2024-04-02,2024,621107,5,5.150454
745111,2024-04-02,2024,571760,7,5.758925
745273,2024-04-02,2024,669456,9,3.6658869
746009,2024-04-02,2024,596001,4,2.3043704
745439,2024-04-02,2024,571945,4,4.041734
745439,2024-04-02,2024,506433,6,6.5958114
745603,2024-04-03,2024,593423,5,6.001956
745603,2024-04-03,2024,554430,10,5.527683
746163,2024-04-03,2024,607192,7,8.616558
745275,2024-04-03,2024,671106,6,5.491774
745275,2024-04-03,2024,669923,2,4.841368
745114,2024-04-03,2024,650644,8,4.970002
747059,2024-04-03,2024,666142,7,5.923347
747059,2024-04-03,2024,669203,3,8.789495
746900,2024-04-03,2024,676962,5,3.0969927
745440,2024-04-03,2024,605397,7,4.7432
745440,2024-04-03,2024,668868,5,5.326822
745114,2024-04-03,2024,543135,8,7.4368005
746900,2024-04-03,2024,615698,3,4.0776234
746163,2024-04-03,2024,690986,4,5.4840255
746407,2024-04-03,2024,605135,3,4.173979
746008,2024-04-03,2024,605452,3,3.7246451
746407,2024-04-03,2024,664299,3,5.025165
744869,2024-04-03,2024,592866,5,3.311642
746008,2024-04-03,2024,663978,2,4.4744534
746083,2024-04-03,2024,592288,2,2.3681667
746083,2024-04-03,2024,640462,5,5.8893733
746083,2024-04-03,2024,663776,7,5.9586678
747219,2024-04-03,2024,518876,4,6.1481557
747219,2024-04-03,2024,607074,3,6.437291
745678,2024-04-03,2024,548389,3,4.01859
745678,2024-04-03,2024,601713,3,5.4290566
744869,2024-04-03,2024,656605,5,4.811086
744870,2024-04-04,2024,680686,3,4.8996906
745200,2024-04-04,2024,458681,7,5.1923447
744870,2024-04-04,2024,527048,6,4.0970383
745200,2024-04-04,2024,677960,6,4.680965
746327,2024-04-04,2024,607625,3,5.1196027
746327,2024-04-04,2024,647336,2,5.582123
745843,2024-04-04,2024,657585,4,2.4738169
745843,2024-04-04,2024,666159,3,4.948505
745928,2024-04-04,2024,676440,9,4.8859725
745928,2024-04-04,2024,641154,2,6.705934
745843,2024-04-04,2024,676130,6,3.4620109
745844,2024-04-04,2024,605288,3,2.6887631
745844,2024-04-04,2024,663554,4,5.5833507
746897,2024-04-05,2024,675627,1,2.7943478
746897,2024-04-05,2024,543294,4,3.596988
746897,2024-04-05,2024,592767,5,2.7304516
746576,2024-04-05,2024,596295,7,4.2384124
744874,2024-04-05,2024,605400,4,5.653925
746576,2024-04-05,2024,621097,3,1.8045976
746576,2024-04-05,2024,641793,5,4.135761
746328,2024-04-05,2024,607200,4,5.009473
746328,2024-04-05,2024,663903,4,3.8641093
745361,2024-04-05,2024,656302,7,7.6665664
745361,2024-04-05,2024,663855,5,4.7941966
744874,2024-04-05,2024,571578,6,4.659666
746897,2024-04-05,2024,676272,3,3.2257857
746249,2024-04-05,2024,656288,4,4.0483046
745033,2024-04-05,2024,674003,4,5.64207
745764,2024-04-05,2024,579328,7,7.202556
745764,2024-04-05,2024,573186,6,5.134751
746733,2024-04-05,2024,668881,6,8.304341
746733,2024-04-05,2024,500779,4,4.4169393
747143,2024-04-05,2024,674072,5,5.8701816
747143,2024-04-05,2024,675911,4,5.9012055
745033,2024-04-05,2024,656232,1,2.6220765
745033,2024-04-05,2024,686613,3,4.6570954
745524,2024-04-05,2024,680570,7,5.728105
746007,2024-04-05,2024,642547,7,4.914024
746497,2024-04-05,2024,676664,1,5.5678144
746497,2024-04-05,2024,669373,9,5.769135
745524,2024-04-05,2024,683003,7,6.058327
746249,2024-04-05,2024,667755,1,2.0635567
746249,2024-04-05,2024,676710,5,5.9483914
746007,2024-04-05,2024,669302,7,5.0846314
744873,2024-04-06,2024,624133,4,3.9256222
745766,2024-04-06,2024,657376,4,5.313719
745766,2024-04-06,2024,669952,2,3.2660418
744873,2024-04-06,2024,663623,5,5.672365
746498,2024-04-06,2024,628317,3,4.8157673
746329,2024-04-06,2024,608379,8,5.4163322
745197,2024-04-06,2024,571927,3,5.1458783
745197,2024-04-06,2024,669432,3,3.7925286
747140,2024-04-06,2024,608331,5,5.8189397
747140,2024-04-06,2024,669276,0,2.8482068
747140,2024-04-06,2024,694297,7,5.0661254
746006,2024-04-06,2024,682243,7,5.5999475
746006,2024-04-06,2024,669084,5,4.302675
746498,2024-04-06,2024,666214,3,2.7205062
746248,2024-04-06,2024,672282,12,5.823966
745926,2024-04-06,2024,657746,7,7.789031
745926,2024-04-06,2024,471911,6,2.7756445
745766,2024-04-06,2024,596133,1,2.54058
746896,2024-04-06,2024,808967,8,6.8864617
746896,2024-04-06,2024,696136,7,5.9290857
745359,2024-04-06,2024,650633,4,5.3955164
745359,2024-04-06,2024,676775,1,5.4449544
746248,2024-04-06,2024,676477,4,5.529638
745766,2024-04-06,2024,592332,0,4.30206
746329,2024-04-06,2024,623167,4,3.0708025
746575,2024-04-06,2024,663372,10,5.679092
746731,2024-04-06,2024,607259,6,4.726215
745031,2024-04-06,2024,641585,4,4.3852186
745031,2024-04-06,2024,592351,3,4.902741
746731,2024-04-06,2024,622663,7,6.423038
745522,2024-04-06,2024,663559,1,3.641824
746498,2024-04-06,2024,621112,4,4.492339
746731,2024-04-06,2024,670990,3,2.6449685
745522,2024-04-06,2024,669330,3,4.574221
746575,2024-04-06,2024,641302,4,4.1292396
746575,2024-04-06,2024,606965,2,3.2382069
746574,2024-04-07,2024,641712,4,4.5656757
745523,2024-04-07,2024,594835,4,3.2842126
746493,2024-04-07,2024,671212,6,4.4587235
746003,2024-04-07,2024,676106,6,5.35819
746003,2024-04-07,2024,642048,4,1.8425201
746003,2024-04-07,2024,607067,3,3.975252
746895,2024-04-07,2024,694813,5,3.405439
746574,2024-04-07,2024,686752,11,6.5363383
746003,2024-04-07,2024,600986,5,3.6626854
746895,2024-04-07,2024,694037,2,2.5997777
745362,2024-04-07,2024,657277,3,4.1649246
746493,2024-04-07,2024,656427,5,5.5908904
746895,2024-04-07,2024,684007,3,4.2643285
746251,2024-04-07,2024,656557,7,6.3335395
746251,2024-04-07,2024,660761,3,3.0491452
746251,2024-04-07,2024,681217,7,7.1824403
746895,2024-04-07,2024,642232,3,3.048246
745362,2024-04-07,2024,663362,5,3.6886902
746251,2024-04-07,2024,502624,1,3.4356232
745523,2024-04-07,2024,665152,6,5.846015
744871,2024-04-07,2024,669022,6,5.938441
744871,2024-04-07,2024,650911,1,5.2798495
745198,2024-04-07,2024,676974,3,5.7498655
746330,2024-04-07,2024,679525,3,3.89842
746330,2024-04-07,2024,676979,5,5.0897584
747141,2024-04-07,2024,519242,6,6.4069858
745198,2024-04-07,2024,502043,5,3.7237995
745198,2024-04-07,2024,681676,1,2.2314813
746734,2024-04-07,2024,640455,6,4.923307
746734,2024-04-07,2024,671096,4,5.6867347
745765,2024-04-07,2024,670102,5,5.09789
745032,2024-04-07,2024,641540,7,5.333291
745032,2024-04-07,2024,669854,4,3.9410713
745765,2024-04-07,2024,661563,8,5.527183
747141,2024-04-07,2024,669194,7,6.5430217
745194,2024-04-08,2024,605513,6,4.7227626
745925,2024-04-08,2024,641927,7,3.4653506
745925,2024-04-08,2024,572020,4,4.744721
746252,2024-04-08,2024,621107,5,5.1257205
746735,2024-04-08,2024,668933,6,6.0658116
746252,2024-04-08,2024,542881,3,4.142083
745034,2024-04-08,2024,668874,0,1.9172906
746569,2024-04-08,2024,668678,10,7.5176764
744956,2024-04-08,2024,622491,6,6.75232
744956,2024-04-08,2024,621244,6,6.9570847
747142,2024-04-08,2024,450203,4,7.8956943
747142,2024-04-08,2024,527054,3,3.1833568
745034,2024-04-08,2024,570632,4,2.0020802
746569,2024-04-08,2024,607536,2,5.573485
745034,2024-04-08,2024,571760,2,4.4551597
746252,2024-04-08,2024,621097,2,3.1439312
746735,2024-04-08,2024,676879,2,4.6988673
745194,2024-04-08,2024,571945,3,4.608329
745761,2024-04-08,2024,666200,4,5.972102
745520,2024-04-08,2024,656605,9,6.459041
745520,2024-04-08,2024,681857,3,4.835105
745432,2024-04-08,2024,665871,7,5.287388
745432,2024-04-08,2024,658648,4,3.1074224
745432,2024-04-08,2024,506433,4,3.2333736
745363,2024-04-08,2024,678906,2,3.139707
745363,2024-04-08,2024,605483,5,4.0223045
745363,2024-04-08,2024,592866,2,3.2044837
746654,2024-04-08,2024,694363,2,1.8015277
745761,2024-04-08,2024,641482,6,4.658137
746654,2024-04-08,2024,621383,5,1.972438
746654,2024-04-08,2024,663474,2,4.1472025
745762,2024-04-09,2024,607074,6,4.4878373
744957,2024-04-09,2024,669923,3,5.3876004
746326,2024-04-09,2024,664299,4,4.357327
744957,2024-04-09,2024,605135,8,6.5633845
746326,2024-04-09,2024,666142,5,6.163697
745433,2024-04-09,2024,605397,5,6.1274085
745030,2024-04-09,2024,622072,2,2.8596215
745030,2024-04-09,2024,543135,8,5.7202272
745433,2024-04-09,2024,663568,4,2.8656137
746571,2024-04-09,2024,518876,4,6.159271
745433,2024-04-09,2024,676962,5,5.148851
747138,2024-04-09,2024,625643,6,5.955525
745517,2024-04-09,2024,527048,7,5.144868
746732,2024-04-09,2024,593423,4,6.1965647
746732,2024-04-09,2024,605452,7,5.4113774
745195,2024-04-09,2024,554430,5,6.882608
745195,2024-04-09,2024,543243,5,3.7093925
746732,2024-04-09,2024,686730,1,3.2206593
747138,2024-04-09,2024,605288,1,3.9001644
745517,2024-04-09,2024,663554,2,5.91058
746571,2024-04-09,2024,615698,6,4.3803096
745924,2024-04-09,2024,607192,14,7.4485307
746981,2024-04-09,2024,670174,4,2.3181272
745762,2024-04-09,2024,640462,2,5.474606
746250,2024-04-09,2024,650644,4,4.897838
746250,2024-04-09,2024,663776,6,6.090744
745924,2024-04-09,2024,686973,6,6.190719
746653,2024-04-09,2024,671106,4,3.9869432
746653,2024-04-09,2024,647336,4,3.8292422
746981,2024-04-09,2024,669203,6,6.666709
745357,2024-04-09,2024,690986,8,5.4264164
746981,2024-04-09,2024,678394,3,4.9526057
745357,2024-04-09,2024,672851,2,3.1940622
746980,2024-04-10,2024,676710,6,4.4468026
746980,2024-04-10,2024,608344,4,3.6067002
746323,2024-04-10,2024,656786,0,3.7767873
746323,2024-04-10,2024,681293,3,4.42713
745763,2024-04-10,2024,677960,1,5.155564
746573,2024-04-10,2024,674072,6,4.4982924
745024,2024-04-10,2024,548389,5,3.8809562
745196,2024-04-10,2024,668868,6,1.7843688
745196,2024-04-10,2024,605400,3,4.924659
745196,2024-04-10,2024,458681,6,4.4234586
745355,2024-04-10,2024,571578,2,3.2678037
745763,2024-04-10,2024,573186,7,5.430465
745355,2024-04-10,2024,663855,2,4.95268
745024,2024-04-10,2024,674003,7,4.5854025
746323,2024-04-10,2024,656232,2,2.2109036
746323,2024-04-10,2024,607625,2,5.3177896
746573,2024-04-10,2024,596295,4,4.9226556
746247,2024-04-10,2024,667755,6,4.29592
746247,2024-04-10,2024,641793,4,6.1358285
745923,2024-04-10,2024,676272,4,4.461253
746655,2024-04-10,2024,607200,3,4.230075
746655,2024-04-10,2024,676440,2,5.374936
745923,2024-04-10,2024,663978,5,4.968576
746728,2024-04-10,2024,489119,0,1.9301088
746573,2024-04-10,2024,686826,3,2.4074707
744950,2024-04-10,2024,669302,8,4.92331
746728,2024-04-10,2024,668881,9,8.884832
746728,2024-04-10,2024,669060,1,2.1412096
745429,2024-04-10,2024,543294,2,4.280104
745429,2024-04-10,2024,656302,7,8.115586
745429,2024-04-10,2024,694037,3,2.8592975
744950,2024-04-10,2024,579328,9,6.714855
746977,2024-04-11,2024,676477,4,4.697782
745601,2024-04-11,2024,683003,8,6.721815
746322,2024-04-11,2024,663903,4,4.2848325
745601,2024-04-11,2024,624133,8,4.8445487
746977,2024-04-11,2024,680570,5,5.857776
747137,2024-04-11,2024,500779,4,4.858933
746322,2024-04-11,2024,686613,0,2.269058
746322,2024-04-11,2024,669422,2,1.9819267
747137,2024-04-11,2024,642216,1,3.1903796
745029,2024-04-11,2024,592351,9,5.8623657
745029,2024-04-11,2024,676664,5,4.7744565
745112,2024-04-12,2024,676775,6,5.9085703
746408,2024-04-12,2024,641540,3,3.3127415
746408,2024-04-12,2024,641585,3,4.0534863
745112,2024-04-12,2024,621097,4,3.5570695
746084,2024-04-12,2024,669432,5,4.250551
746408,2024-04-12,2024,669270,1,2.1494017
746162,2024-04-12,2024,650633,4,5.7281275
746162,2024-04-12,2024,808967,6,6.509994
745679,2024-04-12,2024,663623,5,3.5498931
747055,2024-04-12,2024,669330,3,4.3438816
747055,2024-04-12,2024,642547,11,5.9617124
747217,2024-04-12,2024,571927,2,4.1929255
745679,2024-04-12,2024,621112,4,3.466916
746812,2024-04-12,2024,694363,2,2.8812532
746812,2024-04-12,2024,671096,3,5.701711
746812,2024-04-12,2024,623167,2,3.7372456
745596,2024-04-12,2024,650911,6,4.7395763
745596,2024-04-12,2024,663559,3,3.7410648
746084,2024-04-12,2024,608331,4,4.4716783
744954,2024-04-12,2024,592332,4,5.1870933
747055,2024-04-12,2024,669169,2,2.6823487
747217,2024-04-12,2024,694297,4,6.941555
744954,2024-04-12,2024,502179,2,3.0138493
744954,2024-04-12,2024,669952,2,2.808654
746978,2024-04-12,2024,656557,2,6.3686547
745274,2024-04-12,2024,682243,4,6.8289914
746978,2024-04-12,2024,672282,7,6.173886
745274,2024-04-12,2024,696136,6,5.9261475
745838,2024-04-12,2024,608379,4,4.233026
744954,2024-04-12,2024,663372,4,6.026239
746491,2024-04-12,2024,543859,5,1.9122121
745838,2024-04-12,2024,622663,4,4.8775373
746491,2024-04-12,2024,641154,7,5.663203
746491,2024-04-12,2024,669373,5,6.606392
745676,2024-04-13,2024,669022,11,6.5156016
747054,2024-04-13,2024,669084,4,3.1484694
746490,2024-04-13,2024,666159,7,6.106601
747054,2024-04-13,2024,665152,3,4.477367
746489,2024-04-13,2024,657746,12,7.1813064
745676,2024-04-13,2024,671212,5,7.120419
745676,2024-04-13,2024,666205,5,2.2781522
745839,2024-04-13,2024,642121,2,3.033828
746490,2024-04-13,2024,680573,5,4.0948367
746489,2024-04-13,2024,628317,5,6.045491
746811,2024-04-13,2024,676979,10,5.266794
746811,2024-04-13,2024,666157,10,6.759052
746979,2024-04-13,2024,656288,6,3.3892875
744953,2024-04-13,2024,670102,3,3.2987485
744953,2024-04-13,2024,684320,6,5.541018
746811,2024-04-13,2024,608718,2,2.0791414
746979,2024-04-13,2024,608334,5,3.0660214
746490,2024-04-13,2024,666214,4,2.73217
746979,2024-04-13,2024,681867,4,4.188711
746405,2024-04-13,2024,571760,1,3.6971352
746082,2024-04-13,2024,676974,7,4.514011
745839,2024-04-13,2024,679525,2,4.734183
744953,2024-04-13,2024,641712,5,4.7107177
745272,2024-04-13,2024,684007,4,6.6437974
745272,2024-04-13,2024,676106,4,3.5345497
745110,2024-04-13,2024,606965,2,3.112486
745110,2024-04-13,2024,657277,4,5.475534
746656,2024-04-13,2024,471911,2,4.34495
746656,2024-04-13,2024,657376,7,4.4061766
746658,2024-04-13,2024,547001,4,3.1175435
746658,2024-04-13,2024,663474,1,3.4060593
745110,2024-04-13,2024,686752,6,5.3683734
747215,2024-04-13,2024,669194,4,4.8985353
747215,2024-04-13,2024,502043,2,4.0521617
745594,2024-04-13,2024,594835,5,4.5612674
745594,2024-04-13,2024,605513,3,5.490071
746405,2024-04-13,2024,669854,5,4.243942
746161,2024-04-13,2024,663362,4,5.036369
746161,2024-04-13,2024,694813,4,3.553965
746082,2024-04-13,2024,519242,7,7.1243224
745839,2024-04-13,2024,640455,4,4.1187057
746404,2024-04-14,2024,664299,5,4.9636893
746079,2024-04-14,2024,450203,8,5.4967813
746079,2024-04-14,2024,666200,4,6.890904
746404,2024-04-14,2024,543135,3,4.1929297
746810,2024-04-14,2024,621383,2,2.3447623
746810,2024-04-14,2024,668933,8,4.5066476
745681,2024-04-14,2024,592866,7,2.5484288
745681,2024-04-14,2024,622072,4,4.8109446
745841,2024-04-14,2024,666142,8,6.269765
747216,2024-04-14,2024,571945,3,3.2351253
745113,2024-04-14,2024,641302,4,3.605154
745113,2024-04-14,2024,605483,4,5.5486674
747216,2024-04-14,2024,668678,7,5.5951066
747216,2024-04-14,2024,681676,2,2.324343
745271,2024-04-14,2024,665871,6,3.785471
745271,2024-04-14,2024,622491,9,6.6969275
746975,2024-04-14,2024,542881,4,3.9923086
746975,2024-04-14,2024,660761,3,1.9929682
746810,2024-04-14,2024,647336,4,3.7597184
745841,2024-04-14,2024,676130,9,4.511
746975,2024-04-14,2024,678394,8,6.9852023
745595,2024-04-14,2024,656605,4,5.754787
744952,2024-04-14,2024,607536,3,4.2817636
746164,2024-04-14,2024,572020,1,5.028346
745595,2024-04-14,2024,620982,1,1.8383255
747056,2024-04-14,2024,607067,6,4.705571
747056,2024-04-14,2024,669203,5,7.766226
746164,2024-04-14,2024,506433,2,5.0195966
744952,2024-04-14,2024,621244,7,6.1708755
745595,2024-04-14,2024,554430,10,6.726372
746648,2024-04-14,2024,641482,6,4.872709
746648,2024-04-14,2024,671106,4,3.9640243
746492,2024-04-14,2024,656427,8,6.6818914
746492,2024-04-14,2024,641927,3,4.136669
746813,2024-04-15,2024,680897,5,3.5205667
744951,2024-04-15,2024,661563,6,5.4255285
747053,2024-04-15,2024,608344,4,4.6660247
747053,2024-04-15,2024,621199,2,1.8993087
745677,2024-04-15,2024,543243,6,4.468584
746406,2024-04-15,2024,670241,4,4.1430726
746158,2024-04-15,2024,607192,5,8.281496
746002,2024-04-15,2024,605397,3,5.570399
745106,2024-04-15,2024,663776,3,5.245299
745106,2024-04-15,2024,621107,5,4.627991
746813,2024-04-15,2024,607625,4,4.792185
746002,2024-04-15,2024,605452,4,3.531841
745840,2024-04-15,2024,605288,5,4.6345735
745840,2024-04-15,2024,527048,1,3.4432926
746158,2024-04-15,2024,680730,4,4.5917363
747053,2024-04-15,2024,686973,6,5.1399665
745677,2024-04-15,2024,548389,4,5.4614162
746406,2024-04-15,2024,681293,5,5.893165
747213,2024-04-15,2024,518876,5,6.190921
746488,2024-04-15,2024,681857,8,5.440681
746488,2024-04-15,2024,547179,4,4.2444263
746974,2024-04-15,2024,676710,6,5.235913
746080,2024-04-15,2024,665795,10,6.4147077
746080,2024-04-15,2024,690986,2,5.0940776
746974,2024-04-15,2024,675540,3,4.422301
747213,2024-04-15,2024,686826,2,1.9748293
747213,2024-04-15,2024,676962,4,6.080916
744951,2024-04-15,2024,605135,5,5.603829
746002,2024-04-15,2024,600986,2,2.3326738
745597,2024-04-15,2024,615698,1,4.0362988
745268,2024-04-15,2024,571656,3,1.9164381
745268,2024-04-15,2024,593423,1,2.5521328
745268,2024-04-15,2024,607259,3,2.6614192
745268,2024-04-15,2024,669923,6,5.9105773
745597,2024-04-15,2024,605400,9,7.211639
746976,2024-04-16,2024,676477,1,2.849228
744944,2024-04-16,2024,579328,9,7.4655185
744944,2024-04-16,2024,607074,5,7.058717
746004,2024-04-16,2024,656302,7,8.338981
746486,2024-04-16,2024,663554,6,5.4613843
746486,2024-04-16,2024,592351,7,6.2521186
745270,2024-04-16,2024,668881,8,7.222584
745837,2024-04-16,2024,500779,4,4.363892
745837,2024-04-16,2024,683003,7,5.3862576
746004,2024-04-16,2024,489119,2,2.557857
745270,2024-04-16,2024,669302,6,5.642322
746157,2024-04-16,2024,642232,3,2.1801162
745108,2024-04-16,2024,667755,6,5.5193353
745108,2024-04-16,2024,650644,8,6.16281
746081,2024-04-16,2024,663855,5,5.4423594
747214,2024-04-16,2024,543294,3,3.678977
747051,2024-04-16,2024,663978,2,4.3954225
747214,2024-04-16,2024,674072,3,2.7843666
746081,2024-04-16,2024,677960,10,5.854279
746400,2024-04-16,2024,625643,7,5.6223874
746400,2024-04-16,2024,681869,2,2.1130776
747051,2024-04-16,2024,680570,6,5.605408
745674,2024-04-16,2024,458681,1,6.099896
745674,2024-04-16,2024,676664,2,4.212187
745593,2024-04-16,2024,624133,8,6.2724814
746157,2024-04-16,2024,571578,5,4.8494487
745593,2024-04-16,2024,596295,4,3.8100162
746976,2024-04-16,2024,676440,3,6.0476046
746400,2024-04-16,2024,686613,3,4.7010775
746076,2024-04-17,2024,676775,4,4.7555842
746487,2024-04-17,2024,669373,6,6.127375
746973,2024-04-17,2024,656557,9,7.0829077
746973,2024-04-17,2024,594902,7,3.2043116
745836,2024-04-17,2024,622663,4,6.1031146
746401,2024-04-17,2024,641585,4,4.053097
745836,2024-04-17,2024,663559,4,3.3674765
747212,2024-04-17,2024,696136,5,4.823931
745267,2024-04-17,2024,671096,6,5.9597735
746807,2024-04-17,2024,663903,5,5.0795016
745591,2024-04-17,2024,650911,10,7.07187
745591,2024-04-17,2024,663372,8,6.146699
745671,2024-04-17,2024,621112,7,4.8921657
745671,2024-04-17,2024,571927,4,5.4163013
746005,2024-04-17,2024,650633,10,7.0208592
746005,2024-04-17,2024,669060,2,3.647732
747212,2024-04-17,2024,694297,6,5.351888
744948,2024-04-17,2024,592332,6,7.1975074
747212,2024-04-17,2024,669713,2,2.672471
746809,2024-04-17,2024,608379,4,5.5734096
746809,2024-04-17,2024,607200,5,5.070701
746807,2024-04-17,2024,686563,3,4.2566023
745267,2024-04-17,2024,682243,7,6.380648
744948,2024-04-17,2024,573186,2,5.2308517
746076,2024-04-17,2024,669432,6,5.466497
746401,2024-04-17,2024,608331,2,4.7814546
746487,2024-04-17,2024,641540,5,4.7425385
746159,2024-04-17,2024,689017,4,3.297954
747049,2024-04-17,2024,641154,7,5.1986775
747049,2024-04-17,2024,544150,4,4.8915176
745105,2024-04-17,2024,641793,7,6.8518224
745105,2024-04-17,2024,672282,4,5.8533773
746159,2024-04-17,2024,663623,6,5.2016864
745356,2024-04-18,2024,657277,5,5.8406157
745104,2024-04-18,2024,656288,4,4.748792
745104,2024-04-18,2024,686752,7,6.539578
746485,2024-04-18,2024,570632,1,1.1458969
746970,2024-04-18,2024,471911,5,3.6350412
746485,2024-04-18,2024,683004,3,5.220522
746485,2024-04-18,2024,628317,2,3.1533883
745356,2024-04-18,2024,663531,3,3.872908
746970,2024-04-18,2024,681867,0,2.3912616
746650,2024-04-19,2024,671212,3,4.2638717
745758,2024-04-19,2024,641302,4,3.0336418
746325,2024-04-19,2024,679525,6,4.988916
745922,2024-04-19,2024,657746,6,6.0181413
745922,2024-04-19,2024,656427,10,4.753577
744872,2024-04-19,2024,669022,4,6.7632594
744872,2024-04-19,2024,434378,4,3.6407514
747136,2024-04-19,2024,519242,7,6.9933124
745518,2024-04-19,2024,682990,2,4.0218453
746650,2024-04-19,2024,663474,6,4.5011697
745189,2024-04-19,2024,502043,3,3.4774802
745189,2024-04-19,2024,642547,7,6.748657
746729,2024-04-19,2024,542881,2,4.2735715
747136,2024-04-19,2024,571760,5,6.015449
746729,2024-04-19,2024,666157,6,5.6715374
745518,2024-04-19,2024,678394,7,5.6306086
746325,2024-04-19,2024,665152,3,4.855105
745352,2024-04-19,2024,605483,3,4.3333983
745592,2024-04-19,2024,605513,6,5.241881
745352,2024-04-19,2024,656756,3,4.692738
745430,2024-04-19,2024,684320,7,5.4512687
745430,2024-04-19,2024,663362,2,4.7863364
746160,2024-04-19,2024,808967,9,7.678923
746160,2024-04-19,2024,640455,3,3.5631027
745592,2024-04-19,2024,623167,4,3.0818396
746892,2024-04-19,2024,640462,4,4.93408
746892,2024-04-19,2024,592791,4,4.6298766
745758,2024-04-19,2024,657376,7,6.926483
745592,2024-04-19,2024,676979,3,4.402207
746893,2024-04-20,2024,665871,3,4.2974434
746570,2024-04-20,2024,622491,9,6.1135015
746570,2024-04-20,2024,641712,1,4.1801987
744865,2024-04-20,2024,669854,6,5.719524
746891,2024-04-20,2024,684007,5,7.243793
746893,2024-04-20,2024,666200,6,6.723967
746156,2024-04-20,2024,676130,6,3.899685
746570,2024-04-20,2024,683627,2,2.4305568
745190,2024-04-20,2024,669084,3,3.8243253
745190,2024-04-20,2024,669467,0,2.1327589
745921,2024-04-20,2024,641927,6,4.8582354
746156,2024-04-20,2024,694813,1,3.213698
745760,2024-04-20,2024,621107,6,3.8791153
745760,2024-04-20,2024,641482,9,5.23397
745921,2024-04-20,2024,681857,4,7.0462613
745590,2024-04-20,2024,554430,8,7.8311667
745590,2024-04-20,2024,647336,2,5.7038007
745190,2024-04-20,2024,571945,5,3.745026
744865,2024-04-20,2024,592866,4,2.7651455
746891,2024-04-20,2024,682610,7,3.9876308
746324,2024-04-20,2024,666142,4,3.7152832
746726,2024-04-20,2024,607259,2,1.9640517
746726,2024-04-20,2024,663776,6,4.871618
746726,2024-04-20,2024,668933,4,3.4175637
745515,2024-04-20,2024,682847,2,1.782963
745431,2024-04-20,2024,681190,3,5.957641
745354,2024-04-20,2024,668678,6,5.7108455
745515,2024-04-20,2024,676710,6,7.0446243
746651,2024-04-20,2024,671106,4,4.849087
747135,2024-04-20,2024,543135,6,6.6222806
745431,2024-04-20,2024,621244,6,5.3488154
747135,2024-04-20,2024,450203,4,6.2282805
746324,2024-04-20,2024,669203,4,8.149825
746651,2024-04-20,2024,622072,4,3.647523
745354,2024-04-20,2024,690986,5,3.929231
745515,2024-04-20,2024,656605,4,4.643841
746727,2024-04-21,2024,608718,2,2.0218885
745192,2024-04-21,2024,607067,3,3.4841752
745434,2024-04-21,2024,605397,3,6.8960056
745434,2024-04-21,2024,605135,4,4.9844775
745514,2024-04-21,2024,670174,1,1.842443
745514,2024-04-21,2024,527048,7,4.4965982
745514,2024-04-21,2024,656924,2,2.1550214
745353,2024-04-21,2024,677944,3,3.202859
746154,2024-04-21,2024,701643,1,2.1233335
745353,2024-04-21,2024,663855,0,6.1845946
746572,2024-04-21,2024,676106,4,4.9459157
746572,2024-04-21,2024,663567,5,2.9701438
746568,2024-04-21,2024,615698,4,5.061527
746572,2024-04-21,2024,663562,2,1.8200916
746568,2024-04-21,2024,669923,7,5.0532837
745759,2024-04-21,2024,661563,9,6.030278
746894,2024-04-21,2024,665795,7,5.81251
746894,2024-04-21,2024,543294,5,2.4835532
745759,2024-04-21,2024,650644,5,6.933809
746154,2024-04-21,2024,607192,10,8.21791
745192,2024-04-21,2024,543243,12,6.599026
744866,2024-04-21,2024,686613,6,4.365332
746316,2024-04-21,2024,608344,2,3.9258986
746316,2024-04-21,2024,607625,1,4.9807954
746727,2024-04-21,2024,667755,7,6.040791
747133,2024-04-21,2024,670241,2,4.776526
745588,2024-04-21,2024,680897,3,4.7887115
745588,2024-04-21,2024,605400,7,6.065098
747133,2024-04-21,2024,547179,7,5.0667634
746154,2024-04-21,2024,605288,3,2.829095
746652,2024-04-21,2024,676440,8,5.1610637
745920,2024-04-21,2024,663554,4,4.5774894
744866,2024-04-21,2024,680730,8,4.077206
746652,2024-04-21,2024,548389,4,3.9346437
745920,2024-04-21,2024,686973,2,3.372154
747134,2024-04-22,2024,677960,1,6.0522265
747134,2024-04-22,2024,693821,4,3.969915
745757,2024-04-22,2024,676664,7,4.498368
746723,2024-04-22,2024,624133,5,4.1885366
745916,2024-04-22,2024,663978,10,5.0844245
745351,2024-04-22,2024,676775,6,5.1939435
746319,2024-04-22,2024,579328,4,5.371115
746319,2024-04-22,2024,663903,5,6.7786183
745351,2024-04-22,2024,500779,4,3.7126403
746565,2024-04-22,2024,656302,8,6.952917
746565,2024-04-22,2024,596295,2,4.385522
745107,2024-04-22,2024,669373,9,5.8899975
745916,2024-04-22,2024,678692,2,1.883526
745191,2024-04-22,2024,694297,4,3.637158
746242,2024-04-22,2024,672282,4,6.0148425
746242,2024-04-22,2024,544150,5,5.2371244
745519,2024-04-22,2024,605452,4,4.433444
745757,2024-04-22,2024,607074,4,5.517219
745191,2024-04-22,2024,458681,7,4.864943
745916,2024-04-22,2024,686563,5,4.4245043
746723,2024-04-22,2024,668881,6,7.5711517
745107,2024-04-22,2024,641793,7,5.822416
745519,2024-04-22,2024,683003,7,7.0308127
745348,2024-04-23,2024,622663,5,6.597689
745348,2024-04-23,2024,657277,4,6.040071
745754,2024-04-23,2024,621112,5,5.5954127
745917,2024-04-23,2024,607200,11,3.9095926
745917,2024-04-23,2024,543351,4,2.1559594
746888,2024-04-23,2024,641585,6,5.239865
746647,2024-04-23,2024,594902,7,5.3726974
745193,2024-04-23,2024,571927,4,5.7710924
745193,2024-04-23,2024,674072,6,4.369665
745193,2024-04-23,2024,668868,5,2.9156122
746647,2024-04-23,2024,656557,4,6.534251
746888,2024-04-23,2024,696136,4,5.7383
746888,2024-04-23,2024,661527,3,1.8745614
745917,2024-04-23,2024,641154,6,4.2964544
746566,2024-04-23,2024,663372,4,5.0582767
745516,2024-04-23,2024,668964,4,4.627044
745102,2024-04-23,2024,686752,4,5.274836
746321,2024-04-23,2024,608379,4,5.0339317
746246,2024-04-23,2024,656288,4,4.120167
746321,2024-04-23,2024,592332,2,7.514921
745026,2024-04-23,2024,641540,7,4.639624
747130,2024-04-23,2024,608331,6,5.7164826
745102,2024-04-23,2024,628317,5,5.0222683
746566,2024-04-23,2024,650633,5,4.087686
745516,2024-04-23,2024,663559,8,4.1673265
745754,2024-04-23,2024,573186,9,5.998071
745026,2024-04-23,2024,669302,6,5.4876204
744863,2024-04-23,2024,572020,1,4.306668
746246,2024-04-23,2024,680570,7,5.0816455
744863,2024-04-23,2024,571578,3,3.2780495
746722,2024-04-23,2024,671096,3,3.2847981
746722,2024-04-23,2024,650911,3,4.674273
747130,2024-04-23,2024,669432,4,3.662837
745188,2024-04-24,2024,502043,6,3.5346014
745919,2024-04-24,2024,657746,8,6.5003023
745919,2024-04-24,2024,676979,6,5.369751
744864,2024-04-24,2024,663623,3,6.891605
745188,2024-04-24,2024,656756,4,5.0866804
745753,2024-04-24,2024,671212,6,5.9264045
746649,2024-04-24,2024,681867,3,3.3449101
746649,2024-04-24,2024,471911,4,4.140335
746649,2024-04-24,2024,658648,2,2.4649324
745028,2024-04-24,2024,592351,7,6.6892505
746317,2024-04-24,2024,684320,2,3.7522311
746317,2024-04-24,2024,679525,1,3.615162
746317,2024-04-24,2024,672582,3,2.3564336
746244,2024-04-24,2024,542881,7,4.264976
746725,2024-04-24,2024,666157,4,6.7568383
746725,2024-04-24,2024,605513,8,4.05051
745513,2024-04-24,2024,682847,4,2.818226
745513,2024-04-24,2024,669060,3,3.6498482
746244,2024-04-24,2024,665152,10,5.6569543
744864,2024-04-24,2024,689017,5,5.7263503
745028,2024-04-24,2024,682243,5,5.4004626
745346,2024-04-24,2024,640455,6,5.0417786
747132,2024-04-24,2024,664350,3,2.898551
745753,2024-04-24,2024,657376,6,5.090118
746889,2024-04-24,2024,592791,4,5.055885
745099,2024-04-24,2024,641302,4,2.3852594
745099,2024-04-24,2024,656427,6,5.9927063
746567,2024-04-24,2024,663362,5,4.917134
746889,2024-04-24,2024,681293,7,5.7633114
747132,2024-04-24,2024,625643,6,5.0529213
746567,2024-04-24,2024,621389,0,3.5625062
746567,2024-04-24,2024,683627,0,1.9578584
746887,2024-04-25,2024,434378,7,5.605531
744867,2024-04-25,2024,808967,7,7.516869
746320,2024-04-25,2024,666142,4,3.7946873
744867,2024-04-25,2024,669022,4,7.0818324
746724,2024-04-25,2024,607259,3,4.6528907
746320,2024-04-25,2024,621244,1,2.8226612
746564,2024-04-25,2024,641712,4,2.451378
745918,2024-04-25,2024,647336,1,2.1459558
746887,2024-04-25,2024,665871,5,4.108852
746724,2024-04-25,2024,554430,8,6.4477887
745512,2024-04-25,2024,656605,7,6.312933
745512,2024-04-25,2024,642547,5,5.6907144
746646,2024-04-25,2024,663474,7,4.5821013
746646,2024-04-25,2024,502624,0,2.4471421
745027,2024-04-25,2024,622491,6,6.878452
745755,2024-04-25,2024,622072,5,5.564061
745755,2024-04-25,2024,641482,4,5.206081
745027,2024-04-25,2024,571760,7,4.7183127
746564,2024-04-25,2024,681190,2,4.778114
745918,2024-04-25,2024,680573,6,6.3797965
745347,2024-04-26,2024,690986,7,5.787214
746243,2024-04-26,2024,663776,4,6.0301757
746078,2024-04-26,2024,592866,1,3.809579
745835,2024-04-26,2024,571945,5,4.9333773
745835,2024-04-26,2024,676130,4,4.639177
746972,2024-04-26,2024,684007,7,7.3515267
746972,2024-04-26,2024,676710,4,5.429809
745347,2024-04-26,2024,682990,6,4.2834015
746243,2024-04-26,2024,641927,8,5.405574
746482,2024-04-26,2024,607625,9,6.489224
744949,2024-04-26,2024,694813,2,5.190997
745424,2024-04-26,2024,605400,10,6.9610925
745424,2024-04-26,2024,605397,4,5.6541185
745269,2024-04-26,2024,668678,3,2.5020025
745269,2024-04-26,2024,676106,4,4.8433294
747050,2024-04-26,2024,548389,3,5.220487
747129,2024-04-26,2024,671106,5,4.948641
747129,2024-04-26,2024,519242,6,7.2244387
746000,2024-04-26,2024,607067,4,3.6179786
744949,2024-04-26,2024,605135,4,4.4939494
745025,2024-04-26,2024,668933,3,4.430537
746808,2024-04-26,2024,623167,2,3.2654
747050,2024-04-26,2024,669203,6,7.7313094
746808,2024-04-26,2024,541640,3,2.4759731
746000,2024-04-26,2024,661563,6,5.769636
747050,2024-04-26,2024,687765,2,2.941733
745025,2024-04-26,2024,543135,8,5.7117248
746808,2024-04-26,2024,621107,4,4.859417
746482,2024-04-26,2024,681857,8,6.79633
746075,2024-04-27,2024,680730,2,4.7946687
745020,2024-04-27,2024,547179,3,6.423902
745020,2024-04-27,2024,570632,3,2.1886666
745425,2024-04-27,2024,670970,5,3.2061198
747052,2024-04-27,2024,676664,8,5.969452
745020,2024-04-27,2024,668881,6,7.6744876
745350,2024-04-27,2024,663855,9,5.7891035
745425,2024-04-27,2024,656302,5,5.778353
747052,2024-04-27,2024,608344,5,4.720396
745350,2024-04-27,2024,527048,4,4.0080667
745425,2024-04-27,2024,624133,8,5.1685367
746245,2024-04-27,2024,667755,1,2.4366252
746484,2024-04-27,2024,663903,6,5.676462
746560,2024-04-27,2024,669854,8,5.7019744
746560,2024-04-27,2024,615698,2,5.4269905
746971,2024-04-27,2024,605155,1,2.346333
746971,2024-04-27,2024,670174,1,2.293116
746484,2024-04-27,2024,663554,2,5.5526605
746971,2024-04-27,2024,676962,4,3.434935
746803,2024-04-27,2024,686563,5,5.7942986
747131,2024-04-27,2024,450203,6,6.287871
746803,2024-04-27,2024,650644,3,4.399245
745998,2024-04-27,2024,607074,8,5.407724
745833,2024-04-27,2024,605288,2,3.604752
745998,2024-04-27,2024,600986,1,1.952724
745998,2024-04-27,2024,605452,5,4.2889104
746075,2024-04-27,2024,665795,4,3.4498322
747131,2024-04-27,2024,676440,9,6.2923064
746245,2024-04-27,2024,608334,2,2.6733727
746245,2024-04-27,2024,660761,1,2.5336022
745266,2024-04-27,2024,669923,12,6.751804
744946,2024-04-27,2024,607192,9,8.575225
744946,2024-04-27,2024,579328,3,6.1951194
745266,2024-04-27,2024,677944,8,4.972359
746245,2024-04-27,2024,663978,2,4.7982717
746075,2024-04-27,2024,592288,2,2.170352
745833,2024-04-27,2024,543243,9,6.287371
746483,2024-04-28,2024,608379,3,4.16749
744947,2024-04-28,2024,642232,2,2.336029
747125,2024-04-28,2024,693821,2,3.5291188
746561,2024-04-28,2024,664285,6,5.5778985
747045,2024-04-28,2024,666205,2,2.8091285
747045,2024-04-28,2024,621112,5,3.7736037
746483,2024-04-28,2024,669373,6,5.974261
747125,2024-04-28,2024,594902,5,3.9748259
744947,2024-04-28,2024,592332,5,6.908856
746237,2024-04-28,2024,672282,3,5.970328
746237,2024-04-28,2024,641154,8,6.262504
745265,2024-04-28,2024,669302,9,6.1643233
746561,2024-04-28,2024,596295,2,3.3404493
746001,2024-04-28,2024,676083,0,3.3217034
745834,2024-04-28,2024,669461,0,3.059563
746001,2024-04-28,2024,573186,4,3.8546581
745428,2024-04-28,2024,592836,4,4.722837
746077,2024-04-28,2024,571578,4,4.996409
746077,2024-04-28,2024,677960,3,5.6397777
745349,2024-04-28,2024,676775,5,4.6098514
745349,2024-04-28,2024,683003,3,5.975142
745428,2024-04-28,2024,650633,6,6.0263996
747045,2024-04-28,2024,544150,6,5.3053603
745022,2024-04-28,2024,641540,10,3.3731747
746001,2024-04-28,2024,668964,5,2.8442683
746805,2024-04-28,2024,607200,9,6.384094
745022,2024-04-28,2024,671096,7,4.7319083
746967,2024-04-28,2024,669713,3,3.8926919
746967,2024-04-28,2024,656557,9,7.2131248
745834,2024-04-28,2024,458681,3,4.860729
745834,2024-04-28,2024,500779,3,5.3969393
746805,2024-04-28,2024,641793,6,6.1386905
745265,2024-04-28,2024,694297,11,6.0167537
747211,2024-04-29,2024,663531,0,2.7882323
745832,2024-04-29,2024,592791,1,3.9894695
745832,2024-04-29,2024,622663,5,6.2571635
747211,2024-04-29,2024,674072,0,2.83861
745263,2024-04-29,2024,608331,7,5.2531986
747211,2024-04-29,2024,572020,4,5.0958014
745263,2024-04-29,2024,682243,10,6.8536525
744945,2024-04-29,2024,680742,3,3.5326285
744945,2024-04-29,2024,684320,1,4.931047
745427,2024-04-29,2024,663362,4,5.329165
746236,2024-04-29,2024,650911,1,3.8876677
746804,2024-04-29,2024,676979,7,5.198748
746236,2024-04-29,2024,656288,1,3.7380779
746804,2024-04-29,2024,657746,3,7.3112316
745999,2024-04-29,2024,669060,6,4.9057374
745672,2024-04-29,2024,663559,5,2.8359315
746074,2024-04-29,2024,669432,3,4.4429274
746074,2024-04-29,2024,663623,3,5.884751
745999,2024-04-29,2024,686752,7,6.2011476
745672,2024-04-29,2024,672710,3,2.5134988
745427,2024-04-29,2024,666157,11,7.602802
747046,2024-04-29,2024,657376,5,4.846721
747046,2024-04-29,2024,680570,3,6.2278256
745672,2024-04-29,2024,671212,4,6.136392
745997,2024-04-30,2024,682052,1,2.8448956
745426,2024-04-30,2024,506433,3,4.008541
745018,2024-04-30,2024,669022,7,6.1089625
745997,2024-04-30,2024,642547,7,4.812364
746481,2024-04-30,2024,571927,1,3.2635477
746073,2024-04-30,2024,663372,3,4.234169
746477,2024-04-30,2024,502043,9,5.7415004
746477,2024-04-30,2024,656427,14,6.4785676
746481,2024-04-30,2024,656412,3,2.622148
745018,2024-04-30,2024,592351,3,6.3264966
744942,2024-04-30,2024,621244,3,4.1154766
744942,2024-04-30,2024,666142,9,7.3107495
746481,2024-04-30,2024,666159,7,7.2731495
745426,2024-04-30,2024,607259,3,3.9001224
746073,2024-04-30,2024,664350,3,4.0756903
747210,2024-04-30,2024,686826,4,1.9865462
746239,2024-04-30,2024,605513,6,5.775993
747210,2024-04-30,2024,689017,2,2.580381
747047,2024-04-30,2024,665152,4,5.0721745
746398,2024-04-30,2024,471911,3,3.8317182
747047,2024-04-30,2024,641482,5,4.692529
745260,2024-04-30,2024,625643,7,5.129003
745260,2024-04-30,2024,622491,7,7.19758
746239,2024-04-30,2024,542881,6,3.9296942
746968,2024-04-30,2024,657277,4,4.3440213
746968,2024-04-30,2024,681867,4,3.3829703
746968,2024-04-30,2024,694738,4,3.7573392
745673,2024-04-30,2024,622072,4,4.664414
745673,2024-04-30,2024,656605,7,5.645211
745831,2024-04-30,2024,640455,3,4.728122
745831,2024-04-30,2024,665871,1,3.9817028
746806,2024-04-30,2024,647336,3,3.6496568
746806,2024-04-30,2024,680573,2,4.630418
746398,2024-04-30,2024,686613,7,5.423071
745997,2024-04-30,2024,641302,3,3.640801
745261,2024-05-01,2024,519242,9,6.857933
746238,2024-05-01,2024,554430,6,7.211116
746238,2024-05-01,2024,663776,10,6.603049
745829,2024-05-01,2024,676130,6,5.0120916
746399,2024-05-01,2024,663474,6,5.1005816
745423,2024-05-01,2024,668933,4,3.5837681
745423,2024-05-01,2024,605397,9,5.796039
745670,2024-05-01,2024,682990,3,4.437097
746800,2024-05-01,2024,623167,4,4.569465
746800,2024-05-01,2024,641927,3,4.447949
746966,2024-05-01,2024,676710,6,3.749929
746399,2024-05-01,2024,434378,2,5.4411454
747207,2024-05-01,2024,656756,1,2.5340228
745670,2024-05-01,2024,548389,2,3.626363
747207,2024-05-01,2024,808967,5,6.698525
745829,2024-05-01,2024,684007,7,7.1077332
746072,2024-05-01,2024,682610,7,5.1050353
744939,2024-05-01,2024,607625,8,4.937552
744939,2024-05-01,2024,605135,4,5.698153
746072,2024-05-01,2024,641712,2,3.4422688
745023,2024-05-01,2024,571760,4,4.750402
747207,2024-05-01,2024,686796,5,3.3105707
747048,2024-05-01,2024,669203,6,6.8447003
745996,2024-05-01,2024,541640,1,2.1712794
745023,2024-05-01,2024,592866,3,2.6153798
745996,2024-05-01,2024,621107,6,5.6333604
747048,2024-05-01,2024,661563,5,5.606027
746478,2024-05-01,2024,571945,4,4.2036304
746478,2024-05-01,2024,628317,5,4.9268823
745261,2024-05-01,2024,676106,4,3.7478955
745996,2024-05-01,2024,607067,5,5.704495
746966,2024-05-01,2024,641726,3,1.526196
746070,2024-05-02,2024,663567,3,3.5914662
746070,2024-05-02,2024,665795,9,6.5076346
746070,2024-05-02,2024,621389,2,2.2757201
747044,2024-05-02,2024,680694,5,5.010381
745830,2024-05-02,2024,676962,5,6.7603097
746969,2024-05-02,2024,670174,0,2.26986
745830,2024-05-02,2024,605288,2,3.4038336
746969,2024-05-02,2024,690986,7,5.482651
746403,2024-05-02,2024,681293,6,4.851795
745021,2024-05-02,2024,680730,5,4.763938
745021,2024-05-02,2024,543135,8,5.4747686
747044,2024-05-02,2024,607074,6,6.3508697
746403,2024-05-02,2024,671106,5,4.8461423
746152,2024-05-03,2024,450203,5,6.742725
745510,2024-05-03,2024,527048,4,4.50387
745510,2024-05-03,2024,615698,9,5.315827
744868,2024-05-03,2024,579328,7,8.6228075
745187,2024-05-03,2024,694363,2,2.5221791
745665,2024-05-03,2024,676664,6,4.9037957
746152,2024-05-03,2024,694813,5,5.019199
745665,2024-05-03,2024,677960,5,6.627172
746645,2024-05-03,2024,660761,3,2.7795393
746645,2024-05-03,2024,667755,3,5.0387716
746645,2024-05-03,2024,676440,4,7.170468
745101,2024-05-03,2024,500779,2,3.4755614
746318,2024-05-03,2024,663903,8,5.982013
745187,2024-05-03,2024,641745,5,6.314047
745101,2024-05-03,2024,650644,5,5.652579
746318,2024-05-03,2024,547179,3,5.7264085
746721,2024-05-03,2024,608344,4,3.0668397
746721,2024-05-03,2024,668881,5,9.011539
745589,2024-05-03,2024,605400,4,5.569777
745756,2024-05-03,2024,573186,3,4.750222
745187,2024-05-03,2024,543243,6,6.3314133
745589,2024-05-03,2024,663855,3,5.253925
745914,2024-05-03,2024,683822,2,1.7742412
745914,2024-05-03,2024,663978,6,4.7217493
745914,2024-05-03,2024,656557,5,6.9115396
746402,2024-05-03,2024,669854,6,5.1280646
746890,2024-05-03,2024,669713,8,5.6695423
746402,2024-05-03,2024,669923,3,4.552486
745756,2024-05-03,2024,681857,5,5.039081
747208,2024-05-03,2024,679885,4,3.0365396
744868,2024-05-03,2024,571578,3,4.3181505
747208,2024-05-03,2024,677944,4,5.684593
746890,2024-05-03,2024,605452,4,4.2543654
747208,2024-05-03,2024,656302,8,8.055187
746311,2024-05-04,2024,681882,0,1.6952418
744862,2024-05-04,2024,592332,8,7.8320065
746311,2024-05-04,2024,608379,3,3.6563332
744862,2024-05-04,2024,663623,4,6.7703032
745750,2024-05-04,2024,663554,6,6.402211
745750,2024-05-04,2024,657376,7,5.0363507
746644,2024-05-04,2024,672282,7,4.7234335
746644,2024-05-04,2024,594902,5,3.5303333
746884,2024-05-04,2024,668964,2,2.6787353
746311,2024-05-04,2024,641540,4,2.9078872
745100,2024-05-04,2024,681035,6,6.7917094
746884,2024-05-04,2024,592791,7,7.1144586
745100,2024-05-04,2024,641793,7,5.676438
745511,2024-05-04,2024,683003,10,7.933288
745183,2024-05-04,2024,607200,2,4.582109
745911,2024-05-04,2024,641154,8,7.169664
745183,2024-05-04,2024,458681,4,4.486719
746720,2024-05-04,2024,671096,8,5.367812
746394,2024-05-04,2024,669302,6,5.7372108
745511,2024-05-04,2024,596295,3,3.3498878
746394,2024-05-04,2024,664285,3,6.675115
746720,2024-05-04,2024,607644,8,4.1780677
745583,2024-05-04,2024,669952,0,3.011464
746155,2024-05-04,2024,607192,10,7.0831246
747209,2024-05-04,2024,650633,3,5.1641064
745666,2024-05-04,2024,621112,3,6.200004
745666,2024-05-04,2024,669432,1,3.8818097
745666,2024-05-04,2024,670766,2,3.1443381
746155,2024-05-04,2024,693821,4,2.005015
747209,2024-05-04,2024,694297,4,5.477561
745583,2024-05-04,2024,678495,2,2.7877162
745583,2024-05-04,2024,624133,6,5.277151
745913,2024-05-05,2024,681892,2,2.4236822
744861,2024-05-05,2024,666201,6,4.622688
745504,2024-05-05,2024,663372,3,4.862514
747206,2024-05-05,2024,669194,3,7.368099
745587,2024-05-05,2024,657277,6,5.213408
745504,2024-05-05,2024,663559,3,4.4310727
746153,2024-05-05,2024,608331,7,6.597008
745913,2024-05-05,2024,657746,5,6.8747516
746153,2024-05-05,2024,572020,3,4.4166837
746314,2024-05-05,2024,592351,7,5.5171347
747206,2024-05-05,2024,666745,0,1.9094591
745751,2024-05-05,2024,669373,12,6.8730025
745751,2024-05-05,2024,641482,9,6.1837945
746719,2024-05-05,2024,666157,6,6.2861047
746719,2024-05-05,2024,665152,6,5.12185
744861,2024-05-05,2024,669022,4,5.2514634
747206,2024-05-05,2024,663362,2,3.157717
745913,2024-05-05,2024,681867,5,3.913984
746883,2024-05-05,2024,665871,4,4.255151
745587,2024-05-05,2024,592836,7,5.266807
746883,2024-05-05,2024,642547,5,4.468079
745185,2024-05-05,2024,676979,6,6.271865
745667,2024-05-05,2024,687765,5,5.3399477
745667,2024-05-05,2024,664350,2,2.068398
746643,2024-05-05,2024,656288,5,5.2936616
746643,2024-05-05,2024,471911,3,4.677686
746395,2024-05-05,2024,686613,5,5.6610703
746314,2024-05-05,2024,663738,6,3.5075774
745103,2024-05-05,2024,686752,3,1.9393628
746395,2024-05-05,2024,682243,3,6.0994487
745185,2024-05-05,2024,669461,5,2.247307
745103,2024-05-05,2024,622663,6,6.1341496
745912,2024-05-06,2024,680573,8,4.196723
745912,2024-05-06,2024,622491,7,6.737102
745585,2024-05-06,2024,696131,4,4.3415737
746639,2024-05-06,2024,663474,6,4.5491724
745182,2024-05-06,2024,640455,1,4.37621
746313,2024-05-06,2024,669060,6,4.9245353
746639,2024-05-06,2024,656427,6,6.230968
745509,2024-05-06,2024,656605,5,7.3147206
745182,2024-05-06,2024,502043,4,3.5510945
745098,2024-05-06,2024,694363,0,2.5360172
745585,2024-05-06,2024,554430,11,7.546411
745509,2024-05-06,2024,542881,5,3.8636189
746149,2024-05-06,2024,682610,5,6.539044
746149,2024-05-06,2024,621111,4,4.0726004
745669,2024-05-06,2024,622072,3,4.1582475
746313,2024-05-06,2024,666142,8,6.337019
745669,2024-05-06,2024,571760,5,6.7902827
745098,2024-05-06,2024,605182,0,2.183075
746886,2024-05-06,2024,506433,5,4.9576864
746886,2024-05-06,2024,657006,2,3.5395603
745098,2024-05-06,2024,641302,7,3.4744735
746147,2024-05-07,2024,665795,1,3.9386365
746559,2024-05-07,2024,690986,2,3.3718672
746559,2024-05-07,2024,621389,2,2.6749816
745095,2024-05-07,2024,647336,4,6.332892
746315,2024-05-07,2024,607067,2,3.7889056
746559,2024-05-07,2024,641712,2,4.511345
746638,2024-05-07,2024,671106,2,3.7383292
745095,2024-05-07,2024,621107,3,3.777421
745668,2024-05-07,2024,570632,2,5.1738462
745668,2024-05-07,2024,548389,2,2.2979465
745915,2024-05-07,2024,676106,0,3.281457
745508,2024-05-07,2024,682990,1,2.1935284
745586,2024-05-07,2024,621244,7,5.682377
745586,2024-05-07,2024,650911,5,4.913346
745186,2024-05-07,2024,571945,3,3.2098677
745915,2024-05-07,2024,660896,1,2.9233923
744859,2024-05-07,2024,669203,6,6.7667656
744859,2024-05-07,2024,592866,8,2.7198226
745508,2024-05-07,2024,672710,3,2.8687496
745508,2024-05-07,2024,663776,7,7.1480756
746718,2024-05-07,2024,668678,6,3.7478952
746718,2024-05-07,2024,593423,7,6.509319
745915,2024-05-07,2024,641927,7,4.636668
745095,2024-05-07,2024,641745,0,3.0513241
745186,2024-05-07,2024,676130,3,3.633603
745668,2024-05-07,2024,642546,1,1.7439241
745752,2024-05-07,2024,434378,2,6.845429
745752,2024-05-07,2024,661563,5,7.673185
746147,2024-05-07,2024,666277,3,2.2312105
746147,2024-05-07,2024,808967,5,6.1476154
745668,2024-05-07,2024,621053,3,3.2750444
746885,2024-05-07,2024,681190,6,5.5654197
746885,2024-05-07,2024,684007,8,7.3466067
747126,2024-05-07,2024,625643,5,4.9715633
745668,2024-05-07,2024,666720,3,3.5150113
746638,2024-05-07,2024,628317,1,3.321128
746638,2024-05-07,2024,658648,4,3.2619853
745668,2024-05-07,2024,663687,5,6.1438956
747126,2024-05-07,2024,676710,6,6.323648
746315,2024-05-07,2024,607625,5,4.0886307
746312,2024-05-08,2024,605452,2,3.1879296
746312,2024-05-08,2024,663903,4,4.46737
746717,2024-05-08,2024,656756,2,5.2566786
746879,2024-05-08,2024,656302,12,8.806803
745906,2024-05-08,2024,669923,4,3.6428065
745906,2024-05-08,2024,663978,10,5.509773
744858,2024-05-08,2024,680694,9,5.3430924
744858,2024-05-08,2024,680730,3,4.743503
745584,2024-05-08,2024,605400,7,5.888042
745584,2024-05-08,2024,605135,6,5.904634
745659,2024-05-08,2024,666205,2,2.934884
745659,2024-05-08,2024,674370,4,2.8133276
745659,2024-05-08,2024,683004,3,3.4358296
745664,2024-05-08,2024,547179,6,5.5732837
745664,2024-05-08,2024,676664,3,3.9025154
745507,2024-05-08,2024,667755,6,3.937726
746640,2024-05-08,2024,681857,4,6.2915635
746640,2024-05-08,2024,676440,5,4.721282
746717,2024-05-08,2024,668933,2,4.189262
745507,2024-05-08,2024,527048,5,2.9826899
746879,2024-05-08,2024,669713,3,5.3701715
745097,2024-05-08,2024,650644,4,5.254083
745097,2024-05-08,2024,623167,8,5.7693133
746562,2024-05-08,2024,663567,2,2.8247867
746562,2024-05-08,2024,663855,5,6.72364
746562,2024-05-08,2024,683627,3,2.460662
745749,2024-05-08,2024,681293,4,5.0952535
745749,2024-05-08,2024,607074,7,8.06551
747127,2024-05-08,2024,519242,10,7.210977
746151,2024-05-08,2024,677960,3,5.3882346
746151,2024-05-08,2024,694813,4,4.8851705
747127,2024-05-08,2024,601713,1,3.4459345
746241,2024-05-09,2024,608379,6,5.9728007
745748,2024-05-09,2024,669854,5,6.050017
746241,2024-05-09,2024,660761,6,3.3346124
746241,2024-05-09,2024,672282,5,5.353946
745748,2024-05-09,2024,573186,5,5.082128
746563,2024-05-09,2024,676775,1,2.907526
746802,2024-05-09,2024,607200,3,4.373688
746715,2024-05-09,2024,607259,2,2.3632164
746715,2024-05-09,2024,668881,6,4.5148664
746715,2024-05-09,2024,677944,2,3.778186
745910,2024-05-09,2024,641154,10,6.1771045
745910,2024-05-09,2024,669302,4,5.4006834
745995,2024-05-09,2024,668964,6,4.1993675
745995,2024-05-09,2024,543243,6,5.7082934
746563,2024-05-09,2024,615698,5,4.3519998
746563,2024-05-09,2024,678495,4,3.2478685
746802,2024-05-09,2024,594902,2,4.5601473
745094,2024-05-10,2024,671737,7,5.8989425
745264,2024-05-10,2024,621112,5,4.3302665
746479,2024-05-10,2024,663554,2,4.6707864
746553,2024-05-10,2024,596295,5,4.4266257
746553,2024-05-10,2024,592351,7,5.6563907
745993,2024-05-10,2024,643361,0,3.2465835
745993,2024-05-10,2024,458681,5,4.6079135
746479,2024-05-10,2024,664285,4,7.025889
745094,2024-05-10,2024,657376,6,5.544226
745506,2024-05-10,2024,665871,4,4.4241066
745993,2024-05-10,2024,688107,4,4.7202563
746964,2024-05-10,2024,571578,4,3.928034
746071,2024-05-10,2024,624133,9,4.4577413
746071,2024-05-10,2024,669432,3,4.6384964
746801,2024-05-10,2024,676979,11,6.6841903
745506,2024-05-10,2024,683003,4,6.3156047
745340,2024-05-10,2024,657277,6,4.976735
745340,2024-05-10,2024,671096,2,4.4264493
746801,2024-05-10,2024,471911,5,3.2032661
745421,2024-05-10,2024,650633,11,7.0502453
745421,2024-05-10,2024,607192,10,8.678795
745993,2024-05-10,2024,681517,2,1.7744554
746964,2024-05-10,2024,656557,4,7.0707183
745264,2024-05-10,2024,693433,3,4.213406
746240,2024-05-10,2024,679525,7,4.3374677
744940,2024-05-10,2024,657746,7,8.230285
744940,2024-05-10,2024,579328,3,7.7808137
747043,2024-05-10,2024,608344,6,5.287445
745827,2024-05-10,2024,500779,3,3.8996856
747043,2024-05-10,2024,694297,0,4.181081
746240,2024-05-10,2024,656288,3,4.808022
745827,2024-05-10,2024,450203,7,6.945746
745994,2024-05-11,2024,642547,8,6.3977513
746554,2024-05-11,2024,663372,4,4.557279
746232,2024-05-11,2024,666142,3,7.0920854
746232,2024-05-11,2024,542881,4,3.496389
745344,2024-05-11,2024,666157,6,6.917833
745262,2024-05-11,2024,682243,9,5.7243676
746480,2024-05-11,2024,686613,7,4.391541
746480,2024-05-11,2024,669373,7,7.361361
746480,2024-05-11,2024,664299,0,1.7777021
747041,2024-05-11,2024,669194,3,5.140674
747041,2024-05-11,2024,607644,3,4.6387334
745262,2024-05-11,2024,683155,5,3.1547594
745096,2024-05-11,2024,641793,3,4.3602567
745096,2024-05-11,2024,641482,5,3.7629528
746554,2024-05-11,2024,571760,8,4.2220545
745422,2024-05-11,2024,572020,4,5.581639
745828,2024-05-11,2024,608331,5,6.6143107
745422,2024-05-11,2024,663362,6,4.674957
745422,2024-05-11,2024,666745,2,2.5327122
746069,2024-05-11,2024,666200,8,5.7701936
745994,2024-05-11,2024,502043,7,5.7185836
746069,2024-05-11,2024,592836,4,4.8691397
745828,2024-05-11,2024,681035,8,5.630781
745344,2024-05-11,2024,696131,2,4.749071
745505,2024-05-11,2024,657006,3,4.8205237
746963,2024-05-11,2024,663623,6,8.015234
744943,2024-05-11,2024,592332,6,6.184133
744943,2024-05-11,2024,680573,2,5.534947
746797,2024-05-11,2024,605182,5,4.2026353
745505,2024-05-11,2024,694973,7,7.8332167
746963,2024-05-11,2024,681867,9,4.079395
746797,2024-05-11,2024,663474,5,6.1930203
745499,2024-05-12,2024,543294,5,4.3750362
746234,2024-05-12,2024,663776,3,5.841307
746476,2024-05-12,2024,661527,2,2.2542405
746798,2024-05-12,2024,647336,4,3.7110507
746476,2024-05-12,2024,656427,7,5.54541
746476,2024-05-12,2024,434378,8,6.4419985
746798,2024-05-12,2024,671106,3,4.5673156
745825,2024-05-12,2024,693821,6,3.296418
745990,2024-05-12,2024,669060,1,3.5897713
745092,2024-05-12,2024,641302,3,3.5521045
745825,2024-05-12,2024,622663,4,5.2796416
747042,2024-05-12,2024,665152,10,5.2933316
747042,2024-05-12,2024,544150,3,2.2133677
746068,2024-05-12,2024,666129,8,3.8656373
746068,2024-05-12,2024,554430,2,4.526175
746965,2024-05-12,2024,669022,9,7.798389
745092,2024-05-12,2024,661563,3,5.3035645
745499,2024-05-12,2024,663559,1,2.508729
746965,2024-05-12,2024,678394,1,2.9244537
747042,2024-05-12,2024,668678,4,4.798388
745255,2024-05-12,2024,666205,5,2.203765
746798,2024-05-12,2024,641745,3,1.7536995
745419,2024-05-12,2024,506433,7,6.4681315
745419,2024-05-12,2024,621111,2,4.2770452
745255,2024-05-12,2024,622491,8,5.771826
746555,2024-05-12,2024,570632,3,5.5737014
744941,2024-05-12,2024,641927,10,6.2784524
745345,2024-05-12,2024,593423,3,3.2455552
745345,2024-05-12,2024,690986,5,5.281239
745255,2024-05-12,2024,622072,1,2.4940472
744941,2024-05-12,2024,666201,6,3.3960943
746234,2024-05-12,2024,607625,12,7.2148747
745990,2024-05-12,2024,571945,3,5.3274417
746555,2024-05-12,2024,621389,2,2.7537107
746961,2024-05-13,2024,621107,2,5.3682804
746393,2024-05-13,2024,548389,1,1.1664342
745343,2024-05-13,2024,663855,4,6.3441825
746961,2024-05-13,2024,676710,6,6.426209
745343,2024-05-13,2024,808967,6,5.933069
745826,2024-05-13,2024,650911,5,8.458399
745826,2024-05-13,2024,640455,6,5.7342134
745019,2024-05-13,2024,547179,4,5.2197657
747040,2024-05-13,2024,669203,2,7.0814576
746961,2024-05-13,2024,669711,2,2.316702
747040,2024-05-13,2024,621244,4,5.1998754
746233,2024-05-13,2024,667755,6,4.6891284
747128,2024-05-13,2024,625643,4,5.393492
746233,2024-05-13,2024,660761,2,2.3990784
745256,2024-05-13,2024,663903,6,6.9867344
745256,2024-05-13,2024,669923,6,6.637243
745420,2024-05-13,2024,641712,3,3.3904486
745420,2024-05-13,2024,670970,3,2.1540797
746233,2024-05-13,2024,669461,1,3.2790453
747204,2024-05-13,2024,668933,3,5.4476295
745019,2024-05-13,2024,676440,4,5.8297067
746393,2024-05-13,2024,681293,5,4.913339
745991,2024-05-13,2024,656605,7,6.816316
747128,2024-05-13,2024,669713,2,2.6026678
745420,2024-05-13,2024,681190,0,4.4103985
747128,2024-05-13,2024,684007,8,6.898026
747204,2024-05-13,2024,656756,7,5.610618
746471,2024-05-13,2024,666159,5,4.9469495
746471,2024-05-13,2024,664350,2,3.8428433
745991,2024-05-13,2024,607067,5,5.893487
745991,2024-05-13,2024,676596,1,1.666142
745418,2024-05-14,2024,656302,8,7.9344134
746796,2024-05-14,2024,623167,5,3.9851694
746396,2024-05-14,2024,669854,4,2.572593
745909,2024-05-14,2024,663978,4,5.170362
745821,2024-05-14,2024,605400,8,8.772776
746796,2024-05-14,2024,592866,2,2.6486142
745909,2024-05-14,2024,607074,6,6.929791
746799,2024-05-14,2024,680730,3,4.3297715
745418,2024-05-14,2024,615698,5,4.447733
746799,2024-05-14,2024,607200,6,4.4391327
746396,2024-05-14,2024,676664,2,5.562164
745821,2024-05-14,2024,676130,4,5.4116063
745014,2024-05-14,2024,594902,5,4.5078306
745342,2024-05-14,2024,678495,5,3.2232876
746962,2024-05-14,2024,650644,6,4.338477
746962,2024-05-14,2024,601713,8,6.9492717
746235,2024-05-14,2024,672282,7,6.3374906
746235,2024-05-14,2024,543243,9,5.8247824
747205,2024-05-14,2024,663531,2,2.5993454
747205,2024-05-14,2024,668881,5,7.5176177
747205,2024-05-14,2024,677944,3,4.8700852
745989,2024-05-14,2024,682990,5,4.2976403
745989,2024-05-14,2024,605452,6,4.811153
745257,2024-05-14,2024,608379,7,4.840582
745342,2024-05-14,2024,694813,2,4.050862
746473,2024-05-14,2024,681857,6,6.434863
746473,2024-05-14,2024,677960,4,6.312226
745257,2024-05-14,2024,669302,7,7.4109783
745014,2024-05-14,2024,666720,0,2.362508
745014,2024-05-14,2024,683004,1,2.9327462
745342,2024-05-14,2024,676775,4,4.5630364
747124,2024-05-14,2024,519242,9,6.2823243
747124,2024-05-14,2024,592791,2,4.683232
746231,2024-05-15,2024,656288,5,5.432921
746960,2024-05-15,2024,671737,6,4.996651
746960,2024-05-15,2024,656557,7,8.525114
745908,2024-05-15,2024,641154,3,6.945184
746397,2024-05-15,2024,605156,5,4.7159677
745341,2024-05-15,2024,674285,3,2.2543836
745341,2024-05-15,2024,657277,5,5.662275
745341,2024-05-15,2024,622694,3,5.229429
746795,2024-05-15,2024,571578,0,3.201705
747038,2024-05-15,2024,680694,3,5.1204453
746231,2024-05-15,2024,458681,5,6.855145
745992,2024-05-15,2024,527048,4,3.581904
745992,2024-05-15,2024,682847,5,2.308812
745992,2024-05-15,2024,688107,2,4.4708705
747038,2024-05-15,2024,579328,9,5.5922313
745015,2024-05-15,2024,592351,3,5.756576
745015,2024-05-15,2024,471911,3,2.4717593
745259,2024-05-15,2024,679525,7,6.594608
745259,2024-05-15,2024,693433,5,5.2243047
746795,2024-05-15,2024,676979,6,6.823776
745908,2024-05-15,2024,573186,2,4.3626294
746397,2024-05-15,2024,664285,8,7.549825
745417,2024-05-15,2024,596295,5,3.606051
745417,2024-05-15,2024,650633,7,4.1261225
747203,2024-05-15,2024,694297,9,6.405645
747203,2024-05-15,2024,671096,4,5.7355266
747123,2024-05-15,2024,450203,4,4.892172
746472,2024-05-15,2024,663554,6,5.5628285
746472,2024-05-15,2024,669432,6,5.136536
745582,2024-05-15,2024,605288,1,1.3842025
745582,2024-05-15,2024,605513,0,2.9025428
745582,2024-05-15,2024,624133,3,4.2769566
745582,2024-05-15,2024,664192,2,2.718966
747123,2024-05-15,2024,665871,7,4.2039003
745580,2024-05-16,2024,500779,4,3.400783
746391,2024-05-16,2024,683155,4,4.7068686
746391,2024-05-16,2024,664299,8,3.528726
746150,2024-05-16,2024,607259,4,3.1491914
746150,2024-05-16,2024,607192,8,7.5201797
746150,2024-05-16,2024,598286,1,1.5190661
746881,2024-05-16,2024,657006,7,5.3487973
745580,2024-05-16,2024,592836,1,3.757522
746391,2024-05-16,2024,663687,3,2.7811403
746881,2024-05-16,2024,683003,7,7.2840877
745907,2024-05-16,2024,657746,5,6.7599273
746959,2024-05-16,2024,641793,3,4.816874
746959,2024-05-16,2024,681867,3,4.6794915
745907,2024-05-16,2024,657376,8,4.7642965
746388,2024-05-17,2024,686613,5,4.9798484
747201,2024-05-17,2024,669373,6,5.468021
745579,2024-05-17,2024,554430,6,7.9522777
745579,2024-05-17,2024,663623,2,5.4845495
747201,2024-05-17,2024,669194,4,4.2957926
745178,2024-05-17,2024,502624,1,2.820839
747201,2024-05-17,2024,621199,3,2.4492526
745747,2024-05-17,2024,605182,5,3.4619775
745747,2024-05-17,2024,641482,6,5.0302787
747037,2024-05-17,2024,607644,4,4.6961446
747037,2024-05-17,2024,682243,1,6.3757124
745178,2024-05-17,2024,678394,4,6.3532314
746388,2024-05-17,2024,642547,6,5.833133
746065,2024-05-17,2024,681035,3,4.856894
746065,2024-05-17,2024,677020,2,2.9610782
746310,2024-05-17,2024,666142,7,5.621239
744934,2024-05-17,2024,605135,5,6.343828
744934,2024-05-17,2024,641302,4,5.694224
746148,2024-05-17,2024,572020,2,5.0098968
746148,2024-05-17,2024,593423,1,6.7929378
745016,2024-05-17,2024,542881,4,3.775953
745016,2024-05-17,2024,571760,5,5.1948333
746065,2024-05-17,2024,666200,7,6.4369626
746310,2024-05-17,2024,687765,4,5.128356
746878,2024-05-17,2024,694973,11,8.456396
746878,2024-05-17,2024,669387,1,2.2531228
746878,2024-05-17,2024,543294,4,4.640395
746641,2024-05-17,2024,663474,5,4.7618747
745335,2024-05-17,2024,663372,2,3.4252682
745335,2024-05-17,2024,696131,2,2.3280528
746641,2024-05-17,2024,680573,2,5.0885477
746310,2024-05-17,2024,656232,1,1.9424002
745016,2024-05-17,2024,641312,3,2.801209
745178,2024-05-17,2024,502043,3,2.759198
747122,2024-05-17,2024,608331,2,4.7526407
747122,2024-05-17,2024,663362,10,5.7846437
745744,2024-05-18,2024,661563,14,7.1806827
745744,2024-05-18,2024,647336,7,5.0306797
745744,2024-05-18,2024,641745,4,4.466862
747202,2024-05-18,2024,656427,9,5.721216
744938,2024-05-18,2024,592332,6,8.243853
744938,2024-05-18,2024,621107,3,3.213159
745339,2024-05-18,2024,621389,3,3.3142047
745339,2024-05-18,2024,683232,1,2.0384722
745339,2024-05-18,2024,690986,4,3.357263
746642,2024-05-18,2024,641927,4,5.578097
745177,2024-05-18,2024,676710,5,6.048468
746642,2024-05-18,2024,658648,2,2.1060426
746642,2024-05-18,2024,671106,7,5.291324
746389,2024-05-18,2024,669060,3,2.437046
746389,2024-05-18,2024,434378,3,6.218093
747036,2024-05-18,2024,680570,7,4.8284698
747036,2024-05-18,2024,622491,2,4.39994
746142,2024-05-18,2024,668933,5,6.664027
746142,2024-05-18,2024,621111,7,4.6619782
747202,2024-05-18,2024,668678,10,6.8753524
745177,2024-05-18,2024,571945,4,3.5471961
745013,2024-05-18,2024,570632,3,5.9043155
746308,2024-05-18,2024,548389,2,3.8911443
745581,2024-05-18,2024,650911,8,6.6301126
745013,2024-05-18,2024,663776,5,6.539896
746067,2024-05-18,2024,622663,3,5.3837414
746067,2024-05-18,2024,666129,5,4.9913363
745581,2024-05-18,2024,669022,3,5.653899
746882,2024-05-18,2024,684007,7,6.138906
746308,2024-05-18,2024,607625,10,6.348845
746882,2024-05-18,2024,663559,2,3.7218614
745336,2024-05-19,2024,663855,1,3.6090474
746636,2024-05-19,2024,663978,6,5.7294955
746636,2024-05-19,2024,676440,8,5.123565
746880,2024-05-19,2024,676962,3,2.2974935
746880,2024-05-19,2024,656605,3,5.180638
746880,2024-05-19,2024,592791,4,5.5067563
746144,2024-05-19,2024,668881,8,8.39941
746306,2024-05-19,2024,663903,9,5.4349084
746064,2024-05-19,2024,664350,2,4.1581516
747120,2024-05-19,2024,693821,3,4.279129
746064,2024-05-19,2024,640455,4,5.0753775
745012,2024-05-19,2024,667755,5,4.8105783
747198,2024-05-19,2024,666159,1,5.553995
744937,2024-05-19,2024,666201,7,6.4028134
744937,2024-05-19,2024,650644,3,5.5675244
745336,2024-05-19,2024,641712,3,3.95933
746306,2024-05-19,2024,676664,4,3.2446897
746144,2024-05-19,2024,689017,5,3.3280892
747198,2024-05-19,2024,656756,3,5.9109387
745012,2024-05-19,2024,547179,6,6.165322
747120,2024-05-19,2024,506433,9,5.995587
745745,2024-05-19,2024,543859,2,2.6335626
745577,2024-05-19,2024,605400,5,6.594311
745577,2024-05-19,2024,592866,3,4.050345
745745,2024-05-19,2024,607074,6,7.1294928
746392,2024-05-19,2024,681293,6,5.5430484
746392,2024-05-19,2024,669952,2,2.0226517
746392,2024-05-19,2024,607067,5,5.393711
745179,2024-05-19,2024,687798,3,2.113363
747120,2024-05-19,2024,678061,4,4.6141677
745179,2024-05-19,2024,669461,3,3.9146023
747035,2024-05-19,2024,669923,3,4.8685894
747035,2024-05-19,2024,669203,11,7.959307
745179,2024-05-19,2024,601713,8,5.0621214
745745,2024-05-19,2024,623167,4,4.705457
745746,2024-05-20,2024,573186,6,4.2761154
744857,2024-05-20,2024,641154,5,4.620849
747121,2024-05-20,2024,519242,9,7.260571
746307,2024-05-20,2024,608379,3,4.2607155
746307,2024-05-20,2024,681857,2,3.4362526
746066,2024-05-20,2024,657649,0,2.0088975
747119,2024-05-20,2024,656302,5,6.03405
747119,2024-05-20,2024,670810,2,1.9625328
744935,2024-05-20,2024,621244,6,6.3466125
744935,2024-05-20,2024,607200,2,4.520587
746146,2024-05-20,2024,808967,8,5.9266
747119,2024-05-20,2024,625643,4,4.908734
746637,2024-05-20,2024,594902,7,4.437534
746066,2024-05-20,2024,677960,8,5.3050494
746390,2024-05-20,2024,664285,3,6.068471
746390,2024-05-20,2024,672282,3,4.5372243
746146,2024-05-20,2024,677944,2,3.8686266
746637,2024-05-20,2024,656731,7,5.727484
744857,2024-05-20,2024,680730,7,5.4917054
745181,2024-05-20,2024,543243,6,5.479063
745746,2024-05-20,2024,669302,1,3.646597
745093,2024-05-20,2024,656557,5,6.349316
745093,2024-05-20,2024,671737,10,5.611051
747121,2024-05-20,2024,681190,2,6.79831
745181,2024-05-20,2024,665152,2,5.175767
746145,2024-05-21,2024,694297,7,6.4992566
746145,2024-05-21,2024,694813,5,4.8646464
746385,2024-05-21,2024,664299,1,3.0799482
746633,2024-05-21,2024,675540,2,4.2362566
745503,2024-05-21,2024,527048,4,5.8065844
745503,2024-05-21,2024,657277,6,6.2857623
745503,2024-05-21,2024,682847,0,2.451461
745180,2024-05-21,2024,680694,6,5.6036253
745180,2024-05-21,2024,458681,5,4.132968
744860,2024-05-21,2024,657746,6,7.7719793
745090,2024-05-21,2024,681867,6,4.7431903
745090,2024-05-21,2024,641793,7,3.9164505
746633,2024-05-21,2024,605288,4,2.4977064
746875,2024-05-21,2024,665871,4,4.803113
746309,2024-05-21,2024,663554,2,2.5647652
744860,2024-05-21,2024,571578,3,3.7834587
745742,2024-05-21,2024,693433,7,5.254565
745578,2024-05-21,2024,592351,4,3.3167765
745578,2024-05-21,2024,624133,10,5.980437
746875,2024-05-21,2024,450203,8,6.8705945
744936,2024-05-21,2024,676979,4,5.5544915
744936,2024-05-21,2024,579328,6,7.1503115
745742,2024-05-21,2024,657376,6,6.166932
746058,2024-05-21,2024,688107,0,3.5514958
745662,2024-05-21,2024,615698,8,5.406461
746716,2024-05-21,2024,671096,2,4.7005796
746716,2024-05-21,2024,605397,3,4.5727572
746385,2024-05-21,2024,656288,2,5.069159
746309,2024-05-21,2024,679525,5,4.5865293
746058,2024-05-21,2024,669432,4,5.141754
745662,2024-05-21,2024,605156,3,3.292335
746712,2024-05-22,2024,650633,6,5.233421
746712,2024-05-22,2024,607259,2,3.1329522
744933,2024-05-22,2024,647336,3,3.2107625
744933,2024-05-22,2024,605135,4,6.6264815
745173,2024-05-22,2024,608344,2,3.1591072
746143,2024-05-22,2024,607192,6,7.6853337
745173,2024-05-22,2024,607644,1,2.1053808
744933,2024-05-22,2024,680897,0,4.5988326
746143,2024-05-22,2024,669194,5,4.6129713
746063,2024-05-22,2024,666200,4,6.8922486
745743,2024-05-22,2024,682243,4,5.0149007
746634,2024-05-22,2024,663474,5,5.3327403
746634,2024-05-22,2024,500779,4,2.6884756
745173,2024-05-22,2024,502043,3,3.5704246
746304,2024-05-22,2024,666142,12,7.213994
746304,2024-05-22,2024,669373,6,6.694268
745502,2024-05-22,2024,683003,5,7.2089734
745502,2024-05-22,2024,605483,5,4.900477
746063,2024-05-22,2024,642547,7,6.0794964
745743,2024-05-22,2024,641482,6,5.448409
745089,2024-05-22,2024,686752,3,4.864517
745576,2024-05-22,2024,592836,5,4.312363
744856,2024-05-22,2024,680573,1,3.7972732
746876,2024-05-22,2024,657006,5,5.242464
746876,2024-05-22,2024,621016,2,2.7801843
746876,2024-05-22,2024,608331,9,6.887262
744856,2024-05-22,2024,663623,6,5.792316
745576,2024-05-22,2024,666720,2,2.6761014
745661,2024-05-22,2024,687765,4,3.6313052
745661,2024-05-22,2024,596295,6,4.3250523
746386,2024-05-22,2024,686613,3,4.659146
746386,2024-05-22,2024,542881,4,3.3733592
745576,2024-05-22,2024,642546,4,2.844467
745089,2024-05-22,2024,678394,6,5.479794
745576,2024-05-22,2024,641540,4,3.3573718
745741,2024-05-23,2024,661563,8,6.535455
745660,2024-05-23,2024,663372,6,5.5009084
745660,2024-05-23,2024,683155,6,6.5519485
746792,2024-05-23,2024,605182,5,5.091871
745500,2024-05-23,2024,694973,3,8.014631
745500,2024-05-23,2024,696131,2,2.7769542
746874,2024-05-23,2024,700363,4,6.6628776
745573,2024-05-23,2024,554430,5,5.029821
745573,2024-05-23,2024,571760,1,4.101651
745741,2024-05-23,2024,622491,3,5.273811
746792,2024-05-23,2024,680570,7,6.111399
746874,2024-05-23,2024,676962,6,4.1412706
746474,2024-05-23,2024,656427,9,7.4103513
746474,2024-05-23,2024,592332,10,6.4403124
746792,2024-05-23,2024,694363,1,1.1172948
746714,2024-05-23,2024,663362,7,4.395199
746714,2024-05-23,2024,593423,3,5.8136344
746558,2024-05-24,2024,621389,2,3.246269
746956,2024-05-24,2024,676710,4,5.6182814
746956,2024-05-24,2024,669060,7,4.013545
746956,2024-05-24,2024,502624,2,3.38662
745822,2024-05-24,2024,681035,4,6.1142387
747200,2024-05-24,2024,668678,5,5.4970946
746713,2024-05-24,2024,668933,3,3.4203894
745087,2024-05-24,2024,641302,4,4.2950644
747200,2024-05-24,2024,666129,6,5.138478
746793,2024-05-24,2024,623167,2,4.045728
745415,2024-05-24,2024,506433,5,3.3128603
745087,2024-05-24,2024,607625,3,6.134732
744853,2024-05-24,2024,669022,8,7.2902584
744853,2024-05-24,2024,669923,3,4.8630805
746793,2024-05-24,2024,669203,6,7.190246
746558,2024-05-24,2024,650911,2,5.3211493
745663,2024-05-24,2024,666205,1,2.1643088
745905,2024-05-24,2024,641927,5,5.35793
745822,2024-05-24,2024,690986,6,6.2899036
745501,2024-05-24,2024,663559,4,5.8170805
746227,2024-05-24,2024,663776,4,4.4526668
746475,2024-05-24,2024,628317,1,3.4224024
746475,2024-05-24,2024,666201,4,5.6922846
745501,2024-05-24,2024,670241,2,4.369807
745501,2024-05-24,2024,678061,6,3.9864664
746475,2024-05-24,2024,689225,2,2.068497
746227,2024-05-24,2024,660761,2,3.2496877
746713,2024-05-24,2024,572020,4,4.9718924
745663,2024-05-24,2024,434378,9,6.191528
745415,2024-05-24,2024,607074,2,7.839007
746227,2024-05-24,2024,671106,7,5.914567
745663,2024-05-24,2024,548389,3,2.6687126
745905,2024-05-24,2024,570632,6,4.4697404
745411,2024-05-25,2024,656302,9,9.579125
745658,2024-05-25,2024,681293,7,5.7318635
745823,2024-05-25,2024,622663,6,6.467179
747199,2024-05-25,2024,664350,2,3.5657787
747199,2024-05-25,2024,656756,4,4.3719363
746470,2024-05-25,2024,621244,5,3.7408643
745823,2024-05-25,2024,663855,8,6.4421744
746794,2024-05-25,2024,669211,2,2.2769084
746794,2024-05-25,2024,607200,6,5.0041013
745176,2024-05-25,2024,592791,3,6.5159135
746794,2024-05-25,2024,544150,3,5.0717707
745176,2024-05-25,2024,571945,6,4.7207246
745658,2024-05-25,2024,676664,1,3.0820417
746470,2024-05-25,2024,681857,4,5.6437526
745086,2024-05-25,2024,663903,3,5.40196
746958,2024-05-25,2024,607067,2,2.9413774
745411,2024-05-25,2024,573186,5,3.6693025
744851,2024-05-25,2024,592866,8,3.066384
745901,2024-05-25,2024,547179,4,4.2875714
746556,2024-05-25,2024,641712,2,3.4571085
746556,2024-05-25,2024,605400,5,7.5532813
746710,2024-05-25,2024,668881,5,8.518177
745493,2024-05-25,2024,625643,3,4.0045485
746710,2024-05-25,2024,621111,4,5.4502983
745493,2024-05-25,2024,656605,4,5.029281
746958,2024-05-25,2024,677161,2,2.8756485
744851,2024-05-25,2024,669302,4,4.922857
745086,2024-05-25,2024,650644,5,4.9172597
746958,2024-05-25,2024,601713,3,5.0649633
745411,2024-05-25,2024,596133,1,2.1548965
746226,2024-05-25,2024,676440,6,5.8855653
746226,2024-05-25,2024,667755,8,4.8749146
745901,2024-05-25,2024,663978,3,3.2385
744855,2024-05-26,2024,693433,1,4.9057007
746789,2024-05-26,2024,647336,5,3.793941
745498,2024-05-26,2024,519242,8,6.83365
745498,2024-05-26,2024,527048,2,1.8135216
746789,2024-05-26,2024,680694,11,6.710179
745902,2024-05-26,2024,641154,6,6.0013943
746789,2024-05-26,2024,676979,11,6.0509944
745902,2024-05-26,2024,642520,2,4.5901637
745172,2024-05-26,2024,665871,8,3.6729062
745413,2024-05-26,2024,657376,6,5.922004
745824,2024-05-26,2024,657277,8,6.109543
744855,2024-05-26,2024,571578,4,3.8640382
746957,2024-05-26,2024,656557,7,6.6316047
745172,2024-05-26,2024,543243,8,4.2641535
746711,2024-05-26,2024,607259,3,3.0540466
746557,2024-05-26,2024,615698,5,3.9953442
746557,2024-05-26,2024,624133,9,5.8734956
746711,2024-05-26,2024,686730,3,3.285458
746711,2024-05-26,2024,808967,8,7.4038467
745088,2024-05-26,2024,608379,7,5.6028695
746230,2024-05-26,2024,672282,8,6.766319
746230,2024-05-26,2024,594902,5,4.570167
746469,2024-05-26,2024,579328,0,2.8506353
745088,2024-05-26,2024,671737,6,6.09295
746469,2024-05-26,2024,663554,0,5.3307567
745824,2024-05-26,2024,640455,6,4.979644
745824,2024-05-26,2024,605288,2,1.7335958
746957,2024-05-26,2024,668964,4,2.656981
747197,2024-05-26,2024,686796,4,2.665163
745653,2024-05-26,2024,672552,2,2.2915988
745653,2024-05-26,2024,605156,1,3.5985441
745653,2024-05-26,2024,669854,6,5.9788337
747197,2024-05-26,2024,677960,7,6.265369
745413,2024-05-26,2024,605397,5,5.621392
747118,2024-05-27,2024,450203,7,8.140412
745338,2024-05-27,2024,605483,7,5.9878497
746788,2024-05-27,2024,605135,7,3.5397806
745254,2024-05-27,2024,682243,6,6.9774704
745254,2024-05-27,2024,664285,4,5.9651785
746549,2024-05-27,2024,683627,0,2.0336776
746549,2024-05-27,2024,642028,2,2.9343028
746788,2024-05-27,2024,680897,5,3.479731
747118,2024-05-27,2024,680730,6,7.1536784
746549,2024-05-27,2024,675540,3,4.049195
745416,2024-05-27,2024,669432,3,4.171651
745904,2024-05-27,2024,657746,9,7.2925086
747034,2024-05-27,2024,681867,2,3.4214382
745904,2024-05-27,2024,679525,7,6.5253115
747034,2024-05-27,2024,641745,2,3.5647168
747034,2024-05-27,2024,608344,6,4.788688
746708,2024-05-27,2024,666157,3,5.7259326
745986,2024-05-27,2024,657006,8,5.402858
746708,2024-05-27,2024,458681,5,4.212174
745338,2024-05-27,2024,592836,4,6.193344
745986,2024-05-27,2024,688107,7,4.457152
745416,2024-05-27,2024,650633,7,5.3519816
746229,2024-05-28,2024,641482,4,5.087858
745987,2024-05-28,2024,642547,11,8.178043
745818,2024-05-28,2024,607192,8,6.9704103
745816,2024-05-28,2024,694813,7,4.2829046
747115,2024-05-28,2024,608331,6,6.451187
747115,2024-05-28,2024,663623,10,6.112193
745816,2024-05-28,2024,500779,3,4.37503
745818,2024-05-28,2024,656731,9,5.6413507
746229,2024-05-28,2024,656288,5,4.3428073
745337,2024-05-28,2024,675921,4,3.0653672
747033,2024-05-28,2024,678394,7,6.284807
745091,2024-05-28,2024,687765,4,6.244537
745091,2024-05-28,2024,641793,9,5.1041136
745017,2024-05-28,2024,571760,1,1.519752
746552,2024-05-28,2024,663372,1,4.115918
746552,2024-05-28,2024,663474,9,5.076799
746791,2024-05-28,2024,663765,4,4.8161044
747033,2024-05-28,2024,680570,10,6.249805
746791,2024-05-28,2024,592332,3,5.189962
745017,2024-05-28,2024,694297,5,6.501822
746709,2024-05-28,2024,671096,3,4.9596696
746709,2024-05-28,2024,502043,6,5.140827
745903,2024-05-28,2024,680573,4,5.334103
745903,2024-05-28,2024,666142,7,5.8909364
745412,2024-05-28,2024,663362,8,6.2331443
745412,2024-05-28,2024,666200,4,5.157952
745258,2024-05-28,2024,686613,9,4.1582923
745258,2024-05-28,2024,622491,6,4.995572
745337,2024-05-28,2024,554430,9,7.174693
745987,2024-05-28,2024,676962,10,7.307385
745817,2024-05-29,2024,656849,3,5.013314
745988,2024-05-29,2024,543294,1,1.6069694
745988,2024-05-29,2024,669060,1,3.8747182
745084,2024-05-29,2024,686752,7,6.16958
745084,2024-05-29,2024,683155,5,5.756181
747117,2024-05-29,2024,680885,5,6.575298
747117,2024-05-29,2024,669022,10,6.500566
746468,2024-05-29,2024,694973,9,8.522994
746468,2024-05-29,2024,672456,5,5.2248
746468,2024-05-29,2024,666214,3,2.4330254
745250,2024-05-29,2024,669923,8,6.146744
746467,2024-05-29,2024,669373,8,7.3031697
746467,2024-05-29,2024,682847,3,2.9202948
746790,2024-05-29,2024,623167,6,3.9633913
745988,2024-05-29,2024,684007,1,5.8921294
745333,2024-05-29,2024,690986,5,5.9551473
745333,2024-05-29,2024,650911,7,7.242861
746706,2024-05-29,2024,669467,4,4.509878
746706,2024-05-29,2024,593423,5,7.6683173
745250,2024-05-29,2024,434378,9,5.8684373
745900,2024-05-29,2024,607625,5,5.8015466
745414,2024-05-29,2024,666745,2,2.27692
745414,2024-05-29,2024,666129,2,4.2036724
745414,2024-05-29,2024,506433,2,3.603457
746551,2024-05-29,2024,621389,5,5.0901337
746467,2024-05-29,2024,683003,2,5.3281107
745011,2024-05-29,2024,641540,6,4.4656377
746228,2024-05-29,2024,661563,9,5.4097567
746228,2024-05-29,2024,542881,4,4.3127136
745900,2024-05-29,2024,641927,4,4.1789966
746551,2024-05-29,2024,671106,1,2.487031
745817,2024-05-29,2024,572020,3,1.84718
747031,2024-05-29,2024,676710,5,6.3600187
747031,2024-05-29,2024,669203,5,8.187582
745011,2024-05-29,2024,669194,3,6.4331985
745898,2024-05-30,2024,663978,4,4.937964
747114,2024-05-30,2024,678061,7,5.2375193
745819,2024-05-30,2024,681035,4,6.4589524
746225,2024-05-30,2024,663776,7,6.0146956
745985,2024-05-30,2024,592791,4,4.9655223
745985,2024-05-30,2024,607067,5,4.6329083
745081,2024-05-30,2024,641302,7,3.0465324
745081,2024-05-30,2024,663687,7,6.088598
745081,2024-05-30,2024,695243,4,2.7918756
745249,2024-05-30,2024,681293,8,4.709898
745249,2024-05-30,2024,669302,5,7.3334045
745898,2024-05-30,2024,663738,2,2.5960162
746225,2024-05-30,2024,607074,5,5.8717136
747114,2024-05-30,2024,592866,4,3.3247452
746954,2024-05-30,2024,601713,9,7.1477866
746954,2024-05-30,2024,656427,9,6.6121216
746059,2024-05-31,2024,642546,3,2.2934568
746059,2024-05-31,2024,570632,1,2.6884098
744928,2024-05-31,2024,663559,5,4.995694
746059,2024-05-31,2024,664350,0,1.9180741
746140,2024-05-31,2024,641712,3,4.8962636
744928,2024-05-31,2024,669387,3,2.3881884
746635,2024-05-31,2024,571578,5,4.463246
746635,2024-05-31,2024,676440,7,4.7189384
746140,2024-05-31,2024,621111,7,5.201488
744928,2024-05-31,2024,621244,5,5.7627087
745574,2024-05-31,2024,571945,5,5.135737
745983,2024-05-31,2024,607200,8,5.630194
747116,2024-05-31,2024,676664,5,4.722059
746303,2024-05-31,2024,656302,5,7.9326167
746955,2024-05-31,2024,656557,6,7.4200554
746955,2024-05-31,2024,628317,6,4.973058
745253,2024-05-31,2024,667755,3,6.075044
745253,2024-05-31,2024,693433,2,4.560697
745574,2024-05-31,2024,605400,6,7.124284
747032,2024-05-31,2024,544150,5,5.7611213
747032,2024-05-31,2024,650644,3,5.5307546
746303,2024-05-31,2024,608379,2,3.9184732
746877,2024-05-31,2024,668933,4,3.3554587
745331,2024-05-31,2024,573186,2,3.5563524
745331,2024-05-31,2024,663855,4,6.5082464
746387,2024-05-31,2024,641154,6,6.471419
746387,2024-05-31,2024,669854,6,5.6879416
745820,2024-05-31,2024,663531,2,2.9684253
745820,2024-05-31,2024,656756,4,3.0993457
745820,2024-05-31,2024,622663,4,5.5728297
745983,2024-05-31,2024,668964,4,3.9356747
747116,2024-05-31,2024,625643,8,5.69529
746877,2024-05-31,2024,665871,7,4.8522286
745812,2024-06-01,2024,676714,0,2.1395721
745812,2024-06-01,2024,677020,2,3.1098008
746062,2024-06-01,2024,623211,3,2.1580222
746062,2024-06-01,2024,547179,7,5.3122
744932,2024-06-01,2024,579328,4,5.9386125
746062,2024-06-01,2024,677960,11,6.9967227
744932,2024-06-01,2024,656605,8,7.054215
745812,2024-06-01,2024,677944,4,4.5611615
745812,2024-06-01,2024,640455,10,6.0836425
746138,2024-06-01,2024,808967,7,6.812779
745980,2024-06-01,2024,676979,8,7.719833
746870,2024-06-01,2024,657006,5,5.389354
746870,2024-06-01,2024,668881,5,6.6173964
746629,2024-06-01,2024,680730,5,5.931353
746629,2024-06-01,2024,594902,4,4.9084883
746952,2024-06-01,2024,681857,5,6.6985755
746952,2024-06-01,2024,681867,5,4.236325
745251,2024-06-01,2024,682243,9,5.3479257
745251,2024-06-01,2024,672282,3,5.098299
745251,2024-06-01,2024,608334,2,1.7586634
745980,2024-06-01,2024,688107,3,3.4171906
747029,2024-06-01,2024,606965,2,3.0838623
745332,2024-06-01,2024,657277,6,6.138353
747029,2024-06-01,2024,671737,3,4.1976757
745332,2024-06-01,2024,547001,6,3.1743078
747111,2024-06-01,2024,605156,1,3.4681764
745575,2024-06-01,2024,543243,10,5.1029468
745575,2024-06-01,2024,605513,6,2.4908996
747111,2024-06-01,2024,519242,4,4.60054
746305,2024-06-01,2024,679525,3,3.4247296
746305,2024-06-01,2024,681190,5,4.580372
746384,2024-06-01,2024,664285,4,4.8834395
747029,2024-06-01,2024,680694,6,4.807295
746138,2024-06-01,2024,615698,1,5.0253925
746384,2024-06-01,2024,657746,4,6.592533
746301,2024-06-02,2024,650633,4,6.358956
746632,2024-06-02,2024,663623,6,7.469605
746632,2024-06-02,2024,471911,5,3.174487
746383,2024-06-02,2024,680573,6,4.1880517
744929,2024-06-02,2024,682990,3,4.3393807
746061,2024-06-02,2024,571760,7,5.335692
746061,2024-06-02,2024,669432,3,2.9347742
746301,2024-06-02,2024,666142,6,5.642627
745572,2024-06-02,2024,592836,5,5.7159142
746383,2024-06-02,2024,686613,7,6.0085588
745572,2024-06-02,2024,458681,4,4.751434
745330,2024-06-02,2024,641482,7,5.4303684
745330,2024-06-02,2024,605483,7,6.323026
744929,2024-06-02,2024,605135,7,6.1086383
745984,2024-06-02,2024,642547,7,6.404573
745984,2024-06-02,2024,680897,1,4.2071276
745813,2024-06-02,2024,500779,4,4.2524376
745813,2024-06-02,2024,694297,8,6.3076034
747110,2024-06-02,2024,665622,6,5.405111
747110,2024-06-02,2024,450203,6,7.113331
747030,2024-06-02,2024,641793,2,4.6268134
747030,2024-06-02,2024,608344,1,4.552882
746141,2024-06-02,2024,596295,2,3.5138373
746141,2024-06-02,2024,663567,3,4.013683
746953,2024-06-02,2024,678394,5,6.386532
746141,2024-06-02,2024,694813,6,4.1085944
746871,2024-06-02,2024,543294,3,1.6556208
746953,2024-06-02,2024,663554,4,4.8125305
745252,2024-06-02,2024,622491,6,6.121822
745252,2024-06-02,2024,656288,4,4.415211
746871,2024-06-02,2024,666157,3,5.862943
746871,2024-06-02,2024,676962,6,4.8356
745569,2024-06-03,2024,554430,6,7.3331347
746382,2024-06-03,2024,434378,4,6.8609896
746382,2024-06-03,2024,502043,8,5.5798483
747194,2024-06-03,2024,669194,1,2.7771578
746548,2024-06-03,2024,671096,6,5.424231
744854,2024-06-03,2024,656731,4,3.3750477
744854,2024-06-03,2024,669022,2,6.7314863
746548,2024-06-03,2024,663372,3,4.3118076
744854,2024-06-03,2024,605288,0,1.831572
745009,2024-06-03,2024,689225,4,2.7570431
745569,2024-06-03,2024,669060,1,4.1165204
747194,2024-06-03,2024,675921,3,3.9575727
745009,2024-06-03,2024,669373,6,6.6703563
744930,2024-06-03,2024,592332,3,6.965035
745009,2024-06-03,2024,543135,7,5.293087
746224,2024-06-03,2024,542881,2,3.5897841
744930,2024-06-03,2024,680570,4,5.642696
746224,2024-06-03,2024,663362,4,4.963782
746630,2024-06-04,2024,607625,5,6.043643
745010,2024-06-04,2024,656427,4,3.5316682
745497,2024-06-04,2024,607192,9,8.395988
746060,2024-06-04,2024,623211,3,2.3602958
746060,2024-06-04,2024,666200,2,4.9868083
746060,2024-06-04,2024,686752,8,5.8008275
746222,2024-06-04,2024,663776,7,7.120774
745497,2024-06-04,2024,683003,6,8.349134
746222,2024-06-04,2024,800049,2,3.53037
745568,2024-06-04,2024,650911,3,5.8739977
745568,2024-06-04,2024,607067,2,3.6700788
747196,2024-06-04,2024,686796,2,4.0012712
746949,2024-06-04,2024,676710,5,5.3477516
746949,2024-06-04,2024,608331,13,6.423674
746949,2024-06-04,2024,502624,1,1.671005
747196,2024-06-04,2024,690986,5,6.059782
746872,2024-06-04,2024,684007,6,4.264686
746872,2024-06-04,2024,623167,4,3.7172194
744931,2024-06-04,2024,670102,2,4.1944146
745010,2024-06-04,2024,641540,4,4.2476673
744931,2024-06-04,2024,670950,4,3.1371498
745739,2024-06-04,2024,661563,6,5.3825965
746630,2024-06-04,2024,663474,7,4.4620433
745656,2024-06-04,2024,687765,3,5.1358714
746380,2024-06-04,2024,681293,4,3.564042
746380,2024-06-04,2024,669467,1,3.2454925
745656,2024-06-04,2024,669923,9,6.035708
745010,2024-06-04,2024,656412,2,2.9373596
744931,2024-06-04,2024,669203,5,7.931816
744850,2024-06-04,2024,656849,2,3.0579333
744850,2024-06-04,2024,687792,3,3.9861724
745739,2024-06-04,2024,641927,2,4.5656943
746550,2024-06-04,2024,621389,2,4.174166
746550,2024-06-04,2024,593423,9,6.482871
744852,2024-06-05,2024,622663,4,3.9438455
747195,2024-06-05,2024,676714,1,2.8273447
746056,2024-06-05,2024,621107,3,2.865294
747195,2024-06-05,2024,663531,5,4.4410195
746544,2024-06-05,2024,668933,2,3.3642013
746544,2024-06-05,2024,641712,4,3.1215196
745740,2024-06-05,2024,663978,7,4.5946393
745740,2024-06-05,2024,607074,9,8.381868
747195,2024-06-05,2024,656756,1,2.4931817
745494,2024-06-05,2024,572020,2,1.8785676
745494,2024-06-05,2024,642232,2,2.016862
745494,2024-06-05,2024,694973,8,7.387436
746056,2024-06-05,2024,666129,3,1.7805312
747195,2024-06-05,2024,663855,7,5.9744186
744852,2024-06-05,2024,571578,3,4.0698447
746379,2024-06-05,2024,571945,3,2.8442407
746873,2024-06-05,2024,592791,6,4.2189703
746379,2024-06-05,2024,669854,2,5.9632506
745654,2024-06-05,2024,683155,5,5.286223
745654,2024-06-05,2024,669302,5,4.5958548
745007,2024-06-05,2024,570632,6,5.3990483
745007,2024-06-05,2024,666214,2,2.4550197
744927,2024-06-05,2024,621244,2,5.3947654
745007,2024-06-05,2024,669438,1,2.479166
744927,2024-06-05,2024,544150,4,4.595884
746221,2024-06-05,2024,667755,1,3.3349571
745570,2024-06-05,2024,676879,3,5.55925
745570,2024-06-05,2024,605400,5,6.839315
746950,2024-06-05,2024,680885,4,6.144596
746950,2024-06-05,2024,678061,2,3.5073123
746950,2024-06-05,2024,601713,9,6.213081
746873,2024-06-05,2024,607200,7,4.709768
746221,2024-06-05,2024,656302,6,8.6417265
744844,2024-06-06,2024,625643,7,5.4399037
745408,2024-06-06,2024,677944,3,5.223329
745174,2024-06-06,2024,543243,5,5.0508847
746707,2024-06-06,2024,665871,7,3.6452537
745408,2024-06-06,2024,681190,3,5.1596704
745495,2024-06-06,2024,621111,3,3.93076
746707,2024-06-06,2024,668881,8,7.7820168
746631,2024-06-06,2024,676440,7,5.9398227
746784,2024-06-06,2024,663765,3,4.5737724
745738,2024-06-06,2024,641154,4,6.0354347
746631,2024-06-06,2024,663903,2,2.9421082
745657,2024-06-06,2024,676664,8,5.205387
745495,2024-06-06,2024,663559,6,3.735357
745495,2024-06-06,2024,693312,3,2.9024427
745657,2024-06-06,2024,693433,6,6.6231666
745174,2024-06-06,2024,615698,1,4.2054057
744923,2024-06-06,2024,700249,2,4.3946824
744923,2024-06-06,2024,579328,6,5.694938
745738,2024-06-06,2024,573186,2,2.4144745
744844,2024-06-06,2024,680730,2,3.3826444
746784,2024-06-06,2024,656557,9,6.7788453
745169,2024-06-07,2024,458681,6,6.104785
745406,2024-06-07,2024,528748,1,2.7383285
745169,2024-06-07,2024,596295,4,4.4565635
745169,2024-06-07,2024,683627,1,2.2982473
746704,2024-06-07,2024,666157,7,8.289418
745406,2024-06-07,2024,694297,5,5.4710975
745406,2024-06-07,2024,650633,5,5.9110274
746785,2024-06-07,2024,676979,10,7.107421
746785,2024-06-07,2024,681867,2,4.2952013
746785,2024-06-07,2024,686563,4,3.636235
745083,2024-06-07,2024,608344,6,4.7792926
745083,2024-06-07,2024,650644,8,6.99505
746220,2024-06-07,2024,656288,2,2.7470846
746220,2024-06-07,2024,664285,8,7.78721
746704,2024-06-07,2024,657006,7,4.3259816
745008,2024-06-07,2024,657277,6,5.531485
745737,2024-06-07,2024,808967,7,7.26158
745496,2024-06-07,2024,657746,8,7.065865
746302,2024-06-07,2024,663738,4,4.204351
745008,2024-06-07,2024,547179,1,4.835858
746302,2024-06-07,2024,608717,3,2.619557
745496,2024-06-07,2024,656605,8,6.80172
746053,2024-06-07,2024,677960,3,2.2879012
745737,2024-06-07,2024,547001,1,4.5531716
746466,2024-06-07,2024,681857,6,4.859181
746466,2024-06-07,2024,668964,5,5.5820117
744845,2024-06-07,2024,663623,4,6.32772
744845,2024-06-07,2024,519242,10,7.217839
746053,2024-06-07,2024,671106,3,3.6171293
746466,2024-06-07,2024,689225,2,2.8992946
745655,2024-06-07,2024,605135,7,6.432225
745655,2024-06-07,2024,663687,3,5.0146666
746302,2024-06-07,2024,682243,1,6.264442
746057,2024-06-08,2024,594902,1,3.220642
745735,2024-06-08,2024,641482,4,3.9945662
746300,2024-06-08,2024,679525,8,5.548194
746057,2024-06-08,2024,623211,0,2.6039672
745082,2024-06-08,2024,671737,7,7.10353
746786,2024-06-08,2024,502624,1,1.7798204
746786,2024-06-08,2024,678394,2,6.4759784
746786,2024-06-08,2024,680897,5,4.638475
746300,2024-06-08,2024,622491,4,5.2616515
745082,2024-06-08,2024,680694,9,5.8987455
746057,2024-06-08,2024,682610,3,4.6632123
746461,2024-06-08,2024,663554,1,5.124411
745001,2024-06-08,2024,675921,2,4.3305826
745001,2024-06-08,2024,571760,5,5.7350163
746057,2024-06-08,2024,658648,6,2.2085886
745492,2024-06-08,2024,682847,3,3.2622004
745492,2024-06-08,2024,680573,6,7.139605
746223,2024-06-08,2024,686613,7,4.6096215
746703,2024-06-08,2024,676962,3,3.828939
745166,2024-06-08,2024,502043,7,5.10645
746223,2024-06-08,2024,542881,3,4.253673
745814,2024-06-08,2024,640455,3,4.9953017
746703,2024-06-08,2024,696136,2,2.9738681
745735,2024-06-08,2024,694813,6,5.2527094
746703,2024-06-08,2024,671096,5,4.528707
745814,2024-06-08,2024,624133,6,3.66997
745652,2024-06-08,2024,592332,10,7.300672
745410,2024-06-08,2024,669194,1,5.942612
745410,2024-06-08,2024,663531,1,2.4312434
745410,2024-06-08,2024,663362,4,5.3204494
744848,2024-06-08,2024,450203,3,6.1090946
745652,2024-06-08,2024,665622,1,3.909505
745652,2024-06-08,2024,672552,1,2.2201266
746461,2024-06-08,2024,642547,3,6.21874
744848,2024-06-08,2024,669022,7,5.96205
745166,2024-06-08,2024,663372,7,4.8727136
746463,2024-06-09,2024,669373,10,6.243058
746463,2024-06-09,2024,669060,4,4.6674795
746216,2024-06-09,2024,434378,3,5.317101
745167,2024-06-09,2024,621389,3,3.9088726
745571,2024-06-09,2024,500779,1,3.5355017
745571,2024-06-09,2024,592836,6,3.3488572
745167,2024-06-09,2024,669467,6,4.5607533
745651,2024-06-09,2024,687765,3,5.324023
745651,2024-06-09,2024,670102,3,2.5153046
745003,2024-06-09,2024,676775,7,4.759605
745003,2024-06-09,2024,543135,5,6.2014546
746216,2024-06-09,2024,663776,4,6.565065
746297,2024-06-09,2024,666142,9,8.775407
746297,2024-06-09,2024,669923,4,6.3639426
746054,2024-06-09,2024,572143,2,2.4073238
745407,2024-06-09,2024,800049,2,4.10715
745491,2024-06-09,2024,621294,2,2.968246
746705,2024-06-09,2024,593423,2,3.171695
746705,2024-06-09,2024,684007,7,6.8897557
745491,2024-06-09,2024,641927,5,5.077217
745491,2024-06-09,2024,683003,3,4.58306
744849,2024-06-09,2024,694462,1,4.2181687
744849,2024-06-09,2024,687792,5,4.1912117
745736,2024-06-09,2024,661563,5,5.5791264
745407,2024-06-09,2024,674072,1,2.2056625
745407,2024-06-09,2024,666745,3,2.4133992
746054,2024-06-09,2024,471911,3,1.7999557
746054,2024-06-09,2024,669432,5,3.0125408
746787,2024-06-09,2024,623167,3,4.1622505
746705,2024-06-09,2024,686730,7,5.085711
745736,2024-06-09,2024,607192,12,8.57761
745085,2024-06-09,2024,641793,3,5.382153
746787,2024-06-09,2024,657514,2,2.043609
745085,2024-06-09,2024,680570,6,7.528971
745897,2024-06-10,2024,663978,6,5.0847554
746295,2024-06-10,2024,607625,4,5.870051
746295,2024-06-10,2024,607074,3,7.9712453
745409,2024-06-10,2024,683155,3,6.0706143
745409,2024-06-10,2024,656302,8,7.8584123
745982,2024-06-10,2024,607067,4,5.423681
745334,2024-06-10,2024,681293,6,5.7995143
745080,2024-06-10,2024,669203,6,6.391028
745982,2024-06-10,2024,621244,4,5.89224
745248,2024-06-10,2024,607200,4,4.770869
745248,2024-06-10,2024,669302,8,5.836732
745897,2024-06-10,2024,641712,1,2.5036945
745080,2024-06-10,2024,686752,9,6.0076394
745334,2024-06-10,2024,690986,3,3.9183464
747190,2024-06-11,2024,656756,3,4.401269
745981,2024-06-11,2024,692230,4,3.9645734
747190,2024-06-11,2024,660761,3,3.049644
745981,2024-06-11,2024,579328,5,6.3426223
747190,2024-06-11,2024,608334,2,2.7395756
746296,2024-06-11,2024,676760,3,2.7285142
746139,2024-06-11,2024,572020,2,3.9121618
746139,2024-06-11,2024,641540,2,4.0003934
746296,2024-06-11,2024,663903,6,5.1490064
747027,2024-06-11,2024,608331,3,4.8536606
747027,2024-06-11,2024,544150,4,5.8971424
746951,2024-06-11,2024,676710,8,6.8357806
746951,2024-06-11,2024,554430,4,6.373327
746464,2024-06-11,2024,628317,5,3.8421307
746464,2024-06-11,2024,680730,1,2.719986
746296,2024-06-11,2024,573186,1,3.8495727
746702,2024-06-11,2024,663474,4,3.112187
747190,2024-06-11,2024,686826,1,1.9510729
745327,2024-06-11,2024,663855,5,5.213254
745815,2024-06-11,2024,666200,4,6.567485
745815,2024-06-11,2024,656731,8,5.5553803
745170,2024-06-11,2024,571945,6,4.3355675
745077,2024-06-11,2024,592791,5,6.122684
745404,2024-06-11,2024,676664,1,4.0497756
745404,2024-06-11,2024,681190,5,6.228001
745170,2024-06-11,2024,694973,8,8.967531
745899,2024-06-11,2024,615698,5,5.9478955
745899,2024-06-11,2024,686973,3,3.0490165
745077,2024-06-11,2024,621107,3,3.6043642
745327,2024-06-11,2024,669854,8,4.8586097
745244,2024-06-11,2024,646242,4,4.312749
745244,2024-06-11,2024,689672,4,5.2319894
745079,2024-06-12,2024,650644,6,4.911554
745079,2024-06-12,2024,665871,4,3.8924375
746294,2024-06-12,2024,547001,2,4.023518
745328,2024-06-12,2024,657277,5,4.564379
746294,2024-06-12,2024,663738,3,4.0282736
745978,2024-06-12,2024,668964,4,3.7078795
745978,2024-06-12,2024,605135,5,5.935527
746462,2024-06-12,2024,681857,3,5.6300254
746462,2024-06-12,2024,663623,5,6.164482
745328,2024-06-12,2024,664285,1,3.1816497
745896,2024-06-12,2024,641154,5,4.7249856
747193,2024-06-12,2024,677944,4,4.1422243
745246,2024-06-12,2024,682243,8,6.9785724
747193,2024-06-12,2024,667755,5,4.6193023
747193,2024-06-12,2024,600986,1,2.5826123
747193,2024-06-12,2024,543518,2,2.939548
746137,2024-06-12,2024,621111,2,3.7761345
746137,2024-06-12,2024,592351,3,3.3278751
746948,2024-06-12,2024,601713,4,6.591106
746948,2024-06-12,2024,650911,2,2.6221526
746701,2024-06-12,2024,666157,6,7.1346064
746701,2024-06-12,2024,676440,11,6.217852
745405,2024-06-12,2024,663687,5,3.9031892
745405,2024-06-12,2024,650633,12,5.9173717
745811,2024-06-12,2024,656849,1,5.2419305
745811,2024-06-12,2024,666129,4,3.7380352
745896,2024-06-12,2024,596295,2,3.7725143
745171,2024-06-12,2024,543243,9,5.3568416
745246,2024-06-12,2024,686563,7,6.552649
747028,2024-06-12,2024,700249,6,4.6735444
747028,2024-06-12,2024,680885,3,6.6755357
745171,2024-06-12,2024,663559,5,4.809789
745245,2024-06-13,2024,676979,13,8.209658
746299,2024-06-13,2024,679525,7,5.670732
745245,2024-06-13,2024,676106,1,3.942285
747026,2024-06-13,2024,625643,8,5.42125
746944,2024-06-13,2024,656557,5,6.6782413
746944,2024-06-13,2024,641745,3,1.8241501
746944,2024-06-13,2024,605400,2,4.9862533
746465,2024-06-13,2024,663554,4,5.4342217
746465,2024-06-13,2024,571578,4,4.845882
746136,2024-06-13,2024,547179,2,5.184003
746299,2024-06-13,2024,641482,2,4.3799376
745075,2024-06-13,2024,671737,11,7.411955
746136,2024-06-13,2024,642232,3,2.8450704
745075,2024-06-13,2024,657006,5,6.909514
747192,2024-06-13,2024,694297,8,7.686179
745894,2024-06-13,2024,665622,3,6.271206
745168,2024-06-13,2024,656605,4,6.5155625
745168,2024-06-13,2024,458681,5,4.8939447
747192,2024-06-13,2024,656288,3,4.627172
745894,2024-06-13,2024,657746,5,6.340365
747026,2024-06-13,2024,608344,8,6.0540967
745809,2024-06-13,2024,622663,2,5.8624287
745809,2024-06-13,2024,682610,5,4.6066027
745892,2024-06-14,2024,687765,3,4.9228497
746134,2024-06-14,2024,666142,4,5.4575005
744924,2024-06-14,2024,671106,3,3.35712
746134,2024-06-14,2024,694813,3,4.3889346
745892,2024-06-14,2024,680573,4,4.4137235
745326,2024-06-14,2024,675921,1,2.9501991
744924,2024-06-14,2024,592332,6,7.072396
745326,2024-06-14,2024,678495,1,2.65804
747191,2024-06-14,2024,623167,2,3.9101105
746947,2024-06-14,2024,502624,3,2.193986
746947,2024-06-14,2024,661563,6,6.9995646
746545,2024-06-14,2024,682847,3,3.143209
746545,2024-06-14,2024,663372,8,5.365219
745326,2024-06-14,2024,542881,5,4.549667
746947,2024-06-14,2024,678394,5,6.1935034
745247,2024-06-14,2024,622491,7,6.0252447
745810,2024-06-14,2024,640455,7,4.426442
746378,2024-06-14,2024,669373,2,5.53316
747191,2024-06-14,2024,669194,8,6.541536
746869,2024-06-14,2024,502043,6,3.8061655
746378,2024-06-14,2024,686613,9,5.337342
747112,2024-06-14,2024,641793,2,3.5194218
747112,2024-06-14,2024,519242,7,7.150695
744847,2024-06-14,2024,669022,10,7.3808856
746869,2024-06-14,2024,543294,1,2.1301534
747191,2024-06-14,2024,647336,4,2.8990262
747025,2024-06-14,2024,624133,6,2.717548
747025,2024-06-14,2024,680694,4,3.636289
744847,2024-06-14,2024,623211,1,2.7367296
745979,2024-06-14,2024,642547,6,6.5556784
745979,2024-06-14,2024,668881,5,8.48166
745247,2024-06-14,2024,571760,4,4.1593533
745247,2024-06-14,2024,570632,2,2.6443949
745810,2024-06-14,2024,663362,2,5.195977
746381,2024-06-15,2024,669438,2,2.6343615
746381,2024-06-15,2024,681293,2,2.569768
746381,2024-06-15,2024,681869,0,2.4066942
744846,2024-06-15,2024,669432,3,5.1047406
747113,2024-06-15,2024,686752,4,5.5688434
746865,2024-06-15,2024,669467,4,2.8999305
746865,2024-06-15,2024,684007,6,7.8666253
747113,2024-06-15,2024,450203,8,7.022896
745241,2024-06-15,2024,543135,6,4.26817
747187,2024-06-15,2024,600986,3,3.0569592
747187,2024-06-15,2024,607200,6,6.1254244
747187,2024-06-15,2024,674072,3,2.232023
745241,2024-06-15,2024,669923,6,5.1541986
746135,2024-06-15,2024,607625,4,5.3243704
744846,2024-06-15,2024,687792,13,4.993337
746547,2024-06-15,2024,683003,6,6.3074365
745976,2024-06-15,2024,669060,6,3.358272
745976,2024-06-15,2024,671096,3,5.382094
746946,2024-06-15,2024,686580,3,3.2107892
746946,2024-06-15,2024,681867,6,4.859594
745805,2024-06-15,2024,500779,6,3.902924
747024,2024-06-15,2024,592836,4,4.0916405
746946,2024-06-15,2024,676760,3,2.9337108
746946,2024-06-15,2024,607074,7,7.4347506
744925,2024-06-15,2024,471911,2,3.8130932
744925,2024-06-15,2024,670102,2,5.332855
746381,2024-06-15,2024,656427,6,3.7140093
747024,2024-06-15,2024,680570,6,7.674749
746381,2024-06-15,2024,663321,5,3.403255
746547,2024-06-15,2024,621389,5,3.5695224
745805,2024-06-15,2024,800049,4,4.556541
745329,2024-06-15,2024,663776,5,5.3500533
745329,2024-06-15,2024,676775,6,5.14003
744926,2024-06-16,2024,621244,1,5.3929114
746377,2024-06-16,2024,628317,1,5.7999954
746377,2024-06-16,2024,669854,8,6.2095227
747109,2024-06-16,2024,621107,7,4.495366
744839,2024-06-16,2024,680730,4,6.447453
744839,2024-06-16,2024,666200,2,3.9370918
744926,2024-06-16,2024,594902,4,4.6723866
746866,2024-06-16,2024,571945,5,4.7023654
747189,2024-06-16,2024,656756,7,4.7135496
747189,2024-06-16,2024,641771,3,2.306956
746945,2024-06-16,2024,676710,9,5.2162967
746945,2024-06-16,2024,573186,3,4.3556113
746130,2024-06-16,2024,607192,9,6.3461924
746130,2024-06-16,2024,663903,4,5.031638
745807,2024-06-16,2024,656731,5,6.2566223
745807,2024-06-16,2024,656302,5,6.8021326
745242,2024-06-16,2024,641540,8,4.5953975
745242,2024-06-16,2024,669302,9,6.6353292
746866,2024-06-16,2024,592791,3,4.4887514
747109,2024-06-16,2024,694462,2,3.7736716
747023,2024-06-16,2024,554430,4,5.7345996
747189,2024-06-16,2024,689672,0,1.8855767
745891,2024-06-16,2024,686973,4,2.7278569
745321,2024-06-16,2024,690829,3,2.0719512
745895,2024-06-16,2024,676664,1,4.5466247
745895,2024-06-16,2024,641927,8,6.1439595
746546,2024-06-16,2024,641712,5,5.174301
745977,2024-06-16,2024,607067,6,5.098473
745977,2024-06-16,2024,593423,5,6.2659574
745891,2024-06-16,2024,683155,2,4.074141
746546,2024-06-16,2024,676596,2,1.8506404
747023,2024-06-16,2024,669203,7,6.603383
745891,2024-06-16,2024,663978,0,2.7918887
744918,2024-06-17,2024,601713,4,7.1109104
746868,2024-06-17,2024,663855,4,4.455159
746543,2024-06-17,2024,664875,2,2.7061388
746543,2024-06-17,2024,615698,3,4.7985773
746543,2024-06-17,2024,572020,8,5.209581
744918,2024-06-17,2024,579328,7,5.5325017
746215,2024-06-17,2024,668676,1,3.622975
746215,2024-06-17,2024,692230,3,4.3471413
745005,2024-06-17,2024,668390,1,2.8248453
746055,2024-06-17,2024,666129,6,4.9212337
746055,2024-06-17,2024,543243,4,4.101378
746868,2024-06-17,2024,665871,7,3.617396
745005,2024-06-17,2024,656849,6,5.840962
745005,2024-06-17,2024,642546,4,3.6237183
745005,2024-06-17,2024,592351,2,3.091477
745567,2024-06-17,2024,650911,5,5.9640956
745567,2024-06-17,2024,681190,2,5.6785846
747108,2024-06-17,2024,681857,8,6.4860644
747108,2024-06-17,2024,608331,6,5.7765927
745490,2024-06-17,2024,694973,7,8.139403
745490,2024-06-17,2024,686730,5,6.416112
745893,2024-06-18,2024,650644,5,5.4525456
745893,2024-06-18,2024,641154,3,2.7301908
746867,2024-06-18,2024,657006,8,5.122515
745650,2024-06-18,2024,663687,3,5.6649594
746542,2024-06-18,2024,621111,2,3.6075733
746049,2024-06-18,2024,682610,3,3.5144396
744917,2024-06-18,2024,656557,5,8.147304
746542,2024-06-18,2024,596295,3,5.091473
745563,2024-06-18,2024,605400,6,6.348338
745563,2024-06-18,2024,650633,6,6.3956623
747107,2024-06-18,2024,680885,7,5.8185406
747107,2024-06-18,2024,663554,3,5.1282043
745004,2024-06-18,2024,547179,3,4.5129027
745004,2024-06-18,2024,622663,1,4.557975
745650,2024-06-18,2024,679525,4,3.78334
746049,2024-06-18,2024,458681,5,5.4481635
744917,2024-06-18,2024,605135,6,6.370112
746867,2024-06-18,2024,657277,5,5.796264
745488,2024-06-18,2024,666157,8,6.32042
746783,2024-06-18,2024,686563,4,6.5193653
746217,2024-06-18,2024,656288,4,5.379333
746217,2024-06-18,2024,668964,6,5.121041
745733,2024-06-18,2024,544150,3,5.3195276
746783,2024-06-18,2024,664285,5,5.7407503
745733,2024-06-18,2024,641482,6,5.788235
746627,2024-06-18,2024,663474,0,2.184672
746217,2024-06-18,2024,672710,4,2.1713192
744843,2024-06-18,2024,677944,6,4.6067376
746627,2024-06-18,2024,682243,2,5.324582
745488,2024-06-18,2024,663559,3,4.529105
744843,2024-06-18,2024,663623,2,5.583533
746538,2024-06-19,2024,676272,2,4.7437825
745887,2024-06-19,2024,671737,3,5.5625033
746538,2024-06-19,2024,663372,6,5.6981206
745887,2024-06-19,2024,657746,5,6.2506413
747106,2024-06-19,2024,669438,3,2.7081394
746219,2024-06-19,2024,542881,5,4.328795
746219,2024-06-19,2024,642547,8,6.544209
745489,2024-06-19,2024,656605,7,4.6371045
747106,2024-06-19,2024,625643,6,5.683294
746050,2024-06-19,2024,669461,1,2.409651
746050,2024-06-19,2024,630023,6,4.9700093
745561,2024-06-19,2024,663362,6,5.558176
747106,2024-06-19,2024,669373,7,5.969408
745561,2024-06-19,2024,624133,4,5.212234
745646,2024-06-19,2024,666142,7,6.627341
746864,2024-06-19,2024,702352,1,2.0191638
744842,2024-06-19,2024,571578,7,4.154508
744842,2024-06-19,2024,694297,0,5.796222
744920,2024-06-19,2024,592332,4,6.7112746
744920,2024-06-19,2024,678394,6,4.25538
746625,2024-06-19,2024,693433,1,4.386604
746625,2024-06-19,2024,676440,12,5.608458
745002,2024-06-19,2024,571760,9,3.720093
745646,2024-06-19,2024,665622,3,4.6357217
746781,2024-06-19,2024,686613,6,5.0561814
745732,2024-06-19,2024,543037,5,3.567134
746864,2024-06-19,2024,543294,8,3.0246987
745002,2024-06-19,2024,640455,6,4.7698994
745489,2024-06-19,2024,668881,9,8.678233
746781,2024-06-19,2024,676979,8,5.8444924
745732,2024-06-19,2024,700249,1,4.738133
745164,2024-06-20,2024,676775,2,3.630863
745889,2024-06-20,2024,641793,5,5.1806674
745164,2024-06-20,2024,669467,5,5.9228535
745734,2024-06-20,2024,608344,2,4.522227
745401,2024-06-20,2024,800049,3,4.0507574
745889,2024-06-20,2024,680573,6,5.891828
745401,2024-06-20,2024,669060,5,3.9240918
744841,2024-06-20,2024,669022,7,7.5495234
745734,2024-06-20,2024,661563,1,1.8542148
746782,2024-06-20,2024,681293,2,4.5923567
746782,2024-06-20,2024,623167,6,5.2172894
746539,2024-06-20,2024,694813,7,4.3974395
745645,2024-06-20,2024,687765,7,5.441512
746539,2024-06-20,2024,683627,1,2.2254896
745645,2024-06-20,2024,607625,8,5.4630957
746626,2024-06-20,2024,671106,2,4.3624425
746539,2024-06-20,2024,621389,2,2.7037568
744841,2024-06-20,2024,669194,2,2.4346805
746626,2024-06-20,2024,622491,4,5.305856
745006,2024-06-21,2024,543135,6,5.748919
746624,2024-06-21,2024,684320,1,3.8203182
745006,2024-06-21,2024,663903,4,4.9390645
745403,2024-06-21,2024,607067,0,3.9634023
745729,2024-06-21,2024,672782,5,3.9708066
745729,2024-06-21,2024,607074,3,6.377931
746624,2024-06-21,2024,670102,4,4.8209076
746624,2024-06-21,2024,658648,3,1.7841892
746624,2024-06-21,2024,471911,7,5.126713
746131,2024-06-21,2024,689017,2,4.224906
746131,2024-06-21,2024,642232,2,1.8645898
745562,2024-06-21,2024,605513,2,2.246745
745562,2024-06-21,2024,656756,5,3.9987614
745562,2024-06-21,2024,592836,3,2.9152374
746698,2024-06-21,2024,671096,10,5.3902946
746698,2024-06-21,2024,676710,7,4.8681035
745483,2024-06-21,2024,686752,3,4.9901853
745483,2024-06-21,2024,682847,3,5.057222
746460,2024-06-21,2024,656427,8,6.736234
745649,2024-06-21,2024,663978,3,3.195819
746540,2024-06-21,2024,687792,5,3.630692
746375,2024-06-21,2024,663321,2,2.6055298
746375,2024-06-21,2024,680570,8,7.027184
746375,2024-06-21,2024,814005,2,4.6969056
745483,2024-06-21,2024,669387,0,2.137274
745483,2024-06-21,2024,641726,1,2.5696979
745403,2024-06-21,2024,663568,1,2.2372658
745403,2024-06-21,2024,656302,10,7.8119693
745729,2024-06-21,2024,519242,8,6.701271
746460,2024-06-21,2024,607200,3,4.0453186
746540,2024-06-21,2024,641712,0,2.9926732
745649,2024-06-21,2024,683155,1,5.4079237
746052,2024-06-21,2024,669923,5,5.6796517
746052,2024-06-21,2024,669432,5,4.665934
746861,2024-06-21,2024,684007,3,5.232042
746861,2024-06-21,2024,687863,5,2.58053
746861,2024-06-21,2024,669713,2,2.0896604
746861,2024-06-21,2024,500779,8,6.169457
746861,2024-06-21,2024,493603,3,2.2997262
744997,2024-06-22,2024,592351,3,5.0331016
745486,2024-06-22,2024,683003,8,6.468307
746622,2024-06-22,2024,594902,4,4.241012
746541,2024-06-22,2024,680730,8,6.091862
746541,2024-06-22,2024,615698,5,4.8091755
744997,2024-06-22,2024,608379,5,4.703962
745564,2024-06-22,2024,543518,0,1.656651
745564,2024-06-22,2024,554430,8,6.6398854
745402,2024-06-22,2024,681190,3,6.2173276
745402,2024-06-22,2024,692230,2,3.1773703
745564,2024-06-22,2024,674072,2,2.566187
746459,2024-06-22,2024,689672,5,4.565095
745163,2024-06-22,2024,663855,1,4.836936
745163,2024-06-22,2024,571945,3,4.2504935
746459,2024-06-22,2024,628317,5,6.3703837
746048,2024-06-22,2024,641312,3,3.45183
746048,2024-06-22,2024,669302,6,6.975114
746048,2024-06-22,2024,686539,4,3.1434386
746700,2024-06-22,2024,601713,5,6.0245614
746700,2024-06-22,2024,593423,4,5.035537
746132,2024-06-22,2024,668676,1,3.1448698
746132,2024-06-22,2024,607192,10,5.910822
745486,2024-06-22,2024,621107,6,5.1246705
745644,2024-06-22,2024,641927,10,4.359797
746622,2024-06-22,2024,621244,3,3.6884806
745644,2024-06-22,2024,676664,1,1.7508895
746376,2024-06-22,2024,669854,4,4.802942
746376,2024-06-22,2024,669203,5,6.583163
745731,2024-06-22,2024,573186,6,3.4971461
745731,2024-06-22,2024,450203,4,6.655393
746863,2024-06-22,2024,656731,6,4.490752
745644,2024-06-22,2024,674370,6,6.5629325
746863,2024-06-22,2024,592791,10,4.9040027
746863,2024-06-22,2024,605288,2,2.2650054
746621,2024-06-23,2024,579328,3,4.459694
745566,2024-06-23,2024,677944,2,3.0093098
745165,2024-06-23,2024,543243,8,4.7637167
745648,2024-06-23,2024,663687,2,3.206946
746373,2024-06-23,2024,544150,3,4.6075873
746373,2024-06-23,2024,664285,7,7.1380563
745000,2024-06-23,2024,679525,4,6.277618
745000,2024-06-23,2024,570632,1,1.3449284
745566,2024-06-23,2024,650911,4,4.674499
746699,2024-06-23,2024,666157,3,4.93222
746051,2024-06-23,2024,667725,2,3.0137315
746051,2024-06-23,2024,682243,3,3.1143105
745000,2024-06-23,2024,453286,4,2.9308991
745485,2024-06-23,2024,694973,8,8.878695
746457,2024-06-23,2024,694363,3,2.7694895
746457,2024-06-23,2024,686563,1,2.41079
746457,2024-06-23,2024,681857,3,6.044742
745485,2024-06-23,2024,650644,3,3.5693252
746862,2024-06-23,2024,622663,10,6.283196
745165,2024-06-23,2024,657277,8,6.7636576
745648,2024-06-23,2024,641154,14,7.6175723
746621,2024-06-23,2024,663474,6,4.07955
746621,2024-06-23,2024,670766,0,2.0703356
745396,2024-06-23,2024,668964,3,4.2257957
746457,2024-06-23,2024,641771,7,5.2556252
745396,2024-06-23,2024,650633,8,5.2784038
746862,2024-06-23,2024,624522,2,3.0826206
746536,2024-06-23,2024,663623,10,6.0780773
746536,2024-06-23,2024,607536,4,4.07107
746862,2024-06-23,2024,665871,0,4.3395743
745727,2024-06-23,2024,641482,7,6.148599
745727,2024-06-23,2024,608331,4,4.0944185
745323,2024-06-24,2024,702352,3,1.9696765
745323,2024-06-24,2024,657006,9,6.1971273
746218,2024-06-24,2024,665622,4,4.3967853
746218,2024-06-24,2024,605156,2,3.19837
746298,2024-06-24,2024,682610,4,5.512835
745974,2024-06-24,2024,642547,6,6.511365
746780,2024-06-24,2024,676979,6,6.8358026
746780,2024-06-24,2024,572020,6,4.885739
745078,2024-06-24,2024,671737,8,5.9785733
746941,2024-06-24,2024,605135,2,5.8992667
745974,2024-06-24,2024,642546,1,2.326892
745974,2024-06-24,2024,547179,5,5.2624803
746218,2024-06-24,2024,656288,5,5.723558
745078,2024-06-24,2024,693433,3,5.868548
745323,2024-06-24,2024,675921,8,4.5258756
746458,2024-06-24,2024,605400,6,6.0284386
746458,2024-06-24,2024,663554,10,6.4745655
746941,2024-06-24,2024,656557,7,8.310517
746298,2024-06-24,2024,666142,11,8.342224
745160,2024-06-24,2024,458681,5,5.4414663
745078,2024-06-24,2024,606965,0,3.3011458
745397,2024-06-24,2024,571578,5,5.011036
745397,2024-06-24,2024,663362,8,6.172806
746696,2024-06-24,2024,686730,5,4.6542516
746696,2024-06-24,2024,663559,2,4.4771247
745160,2024-06-24,2024,680885,6,5.65012
747021,2024-06-24,2024,700249,5,4.8566155
747021,2024-06-24,2024,676440,7,6.6635146
746372,2024-06-25,2024,686613,7,5.577069
746372,2024-06-25,2024,596295,4,4.4052258
745806,2024-06-25,2024,656849,8,6.6453743
745806,2024-06-25,2024,543037,0,3.919196
745973,2024-06-25,2024,571760,4,6.8705983
745973,2024-06-25,2024,669060,4,3.3289115
746775,2024-06-25,2024,676272,1,2.984898
746775,2024-06-25,2024,623167,3,5.6128845
745399,2024-06-25,2024,669022,1,6.0623775
745399,2024-06-25,2024,800049,0,2.1677682
745076,2024-06-25,2024,622491,4,7.0808177
746293,2024-06-25,2024,630023,5,3.221474
746293,2024-06-25,2024,607625,8,5.004116
747188,2024-06-25,2024,657746,5,6.382232
746943,2024-06-25,2024,678394,2,2.502324
746943,2024-06-25,2024,670174,8,4.4395328
746943,2024-06-25,2024,592332,5,7.553431
746213,2024-06-25,2024,542881,2,5.4868674
746213,2024-06-25,2024,687765,6,4.174856
747022,2024-06-25,2024,608344,1,2.3221989
746697,2024-06-25,2024,691172,4,2.6911807
747188,2024-06-25,2024,694297,2,3.9378793
746697,2024-06-25,2024,656605,6,7.62849
745322,2024-06-25,2024,543294,4,5.571631
745322,2024-06-25,2024,678495,5,4.1395516
746697,2024-06-25,2024,668881,5,6.7756042
745076,2024-06-25,2024,641793,6,4.3465285
746454,2024-06-25,2024,624133,4,4.8953834
746454,2024-06-25,2024,669373,7,5.6560464
747022,2024-06-25,2024,671106,5,2.8028553
745400,2024-06-26,2024,656302,9,8.121156
745975,2024-06-26,2024,572971,4,2.284784
745158,2024-06-26,2024,693821,4,4.698482
745808,2024-06-26,2024,661563,2,5.490914
745158,2024-06-26,2024,669461,8,5.227039
745808,2024-06-26,2024,672782,1,2.9140682
745400,2024-06-26,2024,687792,1,2.9783576
746777,2024-06-26,2024,607200,5,4.4715204
745975,2024-06-26,2024,543135,4,7.7069325
746777,2024-06-26,2024,647336,7,3.8776813
746777,2024-06-26,2024,694813,7,5.9959555
747184,2024-06-26,2024,669194,3,5.076327
746942,2024-06-26,2024,642232,4,2.556312
747184,2024-06-26,2024,680573,4,5.4700074
746291,2024-06-26,2024,678368,2,3.0645742
747019,2024-06-26,2024,471911,3,5.4132056
747019,2024-06-26,2024,675540,1,3.020045
747019,2024-06-26,2024,680570,4,5.650151
745808,2024-06-26,2024,640455,3,3.635765
746291,2024-06-26,2024,663903,5,5.9893017
746212,2024-06-26,2024,683155,8,5.857968
745157,2024-06-26,2024,681517,1,3.1830657
746212,2024-06-26,2024,672710,2,3.166604
745157,2024-06-26,2024,625643,5,5.6785626
746374,2024-06-26,2024,663372,2,3.8139243
745325,2024-06-26,2024,806185,5,5.9398
745325,2024-06-26,2024,669713,7,4.326939
746942,2024-06-26,2024,601713,10,6.0902925
746374,2024-06-26,2024,681293,10,6.5035753
746456,2024-06-26,2024,672456,6,6.348188
746695,2024-06-26,2024,682847,7,5.101471
745157,2024-06-26,2024,502043,4,3.793313
745073,2024-06-26,2024,686752,8,5.7765183
745073,2024-06-26,2024,669923,7,4.920755
746695,2024-06-26,2024,668933,3,3.4278426
745808,2024-06-26,2024,605288,3,1.97835
744919,2024-06-27,2024,607074,8,7.422719
746210,2024-06-27,2024,669721,8,6.3478084
746816,2024-06-27,2024,641771,3,1.9388793
746288,2024-06-27,2024,594902,5,3.4223502
746288,2024-06-27,2024,608379,6,5.556922
746210,2024-06-27,2024,656427,7,6.5437007
746816,2024-06-27,2024,519242,11,7.287477
745324,2024-06-27,2024,663855,7,5.922378
747185,2024-06-27,2024,656756,1,4.4659195
745162,2024-06-27,2024,571945,1,4.9706964
747185,2024-06-27,2024,686826,0,2.0086944
747185,2024-06-27,2024,701581,2,4.046904
745565,2024-06-27,2024,554430,5,8.924631
745565,2024-06-27,2024,669432,4,6.1336017
747020,2024-06-27,2024,669203,5,5.9228578
747020,2024-06-27,2024,642546,2,2.6102939
747020,2024-06-27,2024,592351,1,3.0129294
745162,2024-06-27,2024,671096,2,6.5769253
747185,2024-06-27,2024,543518,2,3.0905905
744919,2024-06-27,2024,621244,8,4.365209
745324,2024-06-27,2024,684007,3,5.407299
745319,2024-06-28,2024,689017,7,4.0459614
746214,2024-06-28,2024,668676,3,2.4029715
746214,2024-06-28,2024,628317,4,5.181194
745070,2024-06-28,2024,621107,6,5.7727313
746776,2024-06-28,2024,689672,4,5.2718544
746776,2024-06-28,2024,641712,3,2.7868214
745070,2024-06-28,2024,680730,5,5.4142194
747183,2024-06-28,2024,676664,6,4.179621
747183,2024-06-28,2024,677944,7,5.3336177
745319,2024-06-28,2024,657277,6,5.718554
745161,2024-06-28,2024,593423,5,5.3683305
745238,2024-06-28,2024,669302,3,4.885575
745238,2024-06-28,2024,641927,9,4.860976
745970,2024-06-28,2024,607067,8,5.04464
745804,2024-06-28,2024,500779,7,5.6512814
745804,2024-06-28,2024,669854,5,6.1839027
747105,2024-06-28,2024,527048,4,4.7590737
747105,2024-06-28,2024,450203,7,8.189578
746292,2024-06-28,2024,679525,5,5.080322
746292,2024-06-28,2024,670766,1,4.2379346
746292,2024-06-28,2024,663474,3,2.24424
746939,2024-06-28,2024,502624,2,3.331921
746939,2024-06-28,2024,601713,4,5.193529
745161,2024-06-28,2024,669467,5,3.6416748
747017,2024-06-28,2024,453286,4,4.698612
747105,2024-06-28,2024,641726,3,2.8620462
747017,2024-06-28,2024,544150,2,3.8872702
745970,2024-06-28,2024,592791,5,5.985555
745560,2024-06-28,2024,650911,9,8.908512
744922,2024-06-28,2024,573186,3,4.7121716
744922,2024-06-28,2024,579328,7,5.5700474
745560,2024-06-28,2024,667725,4,4.8422217
746939,2024-06-28,2024,681190,1,3.313178
747104,2024-06-29,2024,694973,9,8.138587
747104,2024-06-29,2024,608331,4,6.2321773
745972,2024-06-29,2024,668964,6,4.8676286
745317,2024-06-29,2024,663546,1,3.1715722
745159,2024-06-29,2024,700669,4,3.0357747
747018,2024-06-29,2024,547179,3,3.5773292
745159,2024-06-29,2024,543243,6,6.0993795
746778,2024-06-29,2024,686563,3,4.682699
745317,2024-06-29,2024,675921,0,3.307997
745972,2024-06-29,2024,657006,5,5.0969124
746778,2024-06-29,2024,615698,8,4.198598
747018,2024-06-29,2024,700249,3,4.6077156
747018,2024-06-29,2024,641540,1,1.772502
745159,2024-06-29,2024,686730,4,4.001355
744921,2024-06-29,2024,605135,8,5.47332
745071,2024-06-29,2024,650644,2,6.752163
745317,2024-06-29,2024,607192,1,4.102068
746211,2024-06-29,2024,656288,4,5.735516
746940,2024-06-29,2024,650633,6,5.65261
745559,2024-06-29,2024,682610,4,4.1633024
745801,2024-06-29,2024,664285,5,6.6321235
745559,2024-06-29,2024,605400,9,7.4222183
745239,2024-06-29,2024,641154,9,6.606695
746289,2024-06-29,2024,666142,6,5.5617304
746211,2024-06-29,2024,681857,9,6.0365996
746940,2024-06-29,2024,690544,2,3.5408936
747186,2024-06-29,2024,663687,3,3.4362454
744921,2024-06-29,2024,641482,5,4.1578345
747186,2024-06-29,2024,668678,7,4.7645836
745071,2024-06-29,2024,663623,5,5.7867255
746940,2024-06-29,2024,656557,4,6.1125846
747186,2024-06-29,2024,674370,2,2.3560576
745801,2024-06-29,2024,656731,6,7.984246
745239,2024-06-29,2024,682243,6,5.858609
746289,2024-06-29,2024,676440,3,6.0747437
746938,2024-06-30,2024,670174,1,2.7605805
745320,2024-06-30,2024,702352,3,1.9967309
747101,2024-06-30,2024,680885,7,4.4567204
746209,2024-06-30,2024,542881,2,4.2431183
746938,2024-06-30,2024,663362,3,4.447048
745154,2024-06-30,2024,458681,6,5.387473
745154,2024-06-30,2024,668881,6,7.3386636
746209,2024-06-30,2024,663554,2,5.092811
747101,2024-06-30,2024,663559,5,3.492773
745243,2024-06-30,2024,622491,3,4.5002136
745555,2024-06-30,2024,630023,4,4.7824025
744916,2024-06-30,2024,543037,6,6.0075936
744916,2024-06-30,2024,592332,7,8.644533
745072,2024-06-30,2024,571578,5,5.2171087
745555,2024-06-30,2024,624133,0,4.929968
747182,2024-06-30,2024,665622,5,6.0006604
747182,2024-06-30,2024,694297,8,4.0205207
745971,2024-06-30,2024,642547,8,7.0449815
745802,2024-06-30,2024,622663,3,2.800233
745072,2024-06-30,2024,671737,11,6.7595363
747016,2024-06-30,2024,571760,10,6.018544
745320,2024-06-30,2024,572020,4,4.4247203
745971,2024-06-30,2024,543294,3,2.1826348
745320,2024-06-30,2024,694738,3,3.5000086
746779,2024-06-30,2024,607536,3,2.8589785
746779,2024-06-30,2024,647336,6,2.6442099
746779,2024-06-30,2024,676979,11,6.7658095
745802,2024-06-30,2024,681869,2,2.82686
746290,2024-06-30,2024,671106,3,3.5725675
746290,2024-06-30,2024,607625,10,6.491569
747016,2024-06-30,2024,608344,2,3.3498597
745243,2024-06-30,2024,657746,10,8.084719
746535,2024-07-01,2024,596295,3,3.767521
746535,2024-07-01,2024,669060,3,3.7274876
744914,2024-07-01,2024,684320,6,4.677963
744840,2024-07-01,2024,669022,8,7.278933
744840,2024-07-01,2024,656849,2,4.781319
744914,2024-07-01,2024,686613,5,5.6798224
745240,2024-07-02,2024,680570,8,6.8070045
745240,2024-07-02,2024,669923,5,6.435291
746047,2024-07-02,2024,676710,7,5.2074103
745730,2024-07-02,2024,668933,3,3.509739
745647,2024-07-02,2024,687765,5,5.335287
746047,2024-07-02,2024,678368,8,5.1332707
746133,2024-07-02,2024,676272,4,5.228103
746133,2024-07-02,2024,669194,3,3.754667
744838,2024-07-02,2024,687792,10,6.19105
744838,2024-07-02,2024,640455,5,5.1311064
744999,2024-07-02,2024,656302,5,5.49292
744999,2024-07-02,2024,543135,6,5.9051147
745730,2024-07-02,2024,661563,3,4.6648493
745647,2024-07-02,2024,667755,4,2.9223065
746623,2024-07-02,2024,471911,7,3.505071
745482,2024-07-02,2024,656605,5,6.293939
746537,2024-07-02,2024,663372,3,3.1595056
747102,2024-07-02,2024,806185,5,5.5811925
745886,2024-07-02,2024,680573,4,5.781614
745886,2024-07-02,2024,669373,7,6.6577964
746860,2024-07-02,2024,669713,7,5.4762063
746623,2024-07-02,2024,623167,3,5.866612
746537,2024-07-02,2024,572971,5,2.0908258
744913,2024-07-02,2024,681293,5,5.691796
744913,2024-07-02,2024,621244,1,1.302138
747102,2024-07-02,2024,625643,6,6.4253926
746860,2024-07-02,2024,675650,4,4.5029435
745482,2024-07-02,2024,502043,8,3.749808
746282,2024-07-02,2024,641793,4,3.7158017
746282,2024-07-02,2024,663903,4,5.2405663
744998,2024-07-03,2024,641540,3,1.9066763
744998,2024-07-03,2024,592351,2,4.2170367
746858,2024-07-03,2024,684007,8,6.037917
746858,2024-07-03,2024,554430,7,7.532112
744998,2024-07-03,2024,800049,4,3.5092454
745487,2024-07-03,2024,683003,5,6.3277125
746283,2024-07-03,2024,608379,8,4.2545347
745643,2024-07-03,2024,669721,3,4.504771
745643,2024-07-03,2024,683155,4,5.9126225
746283,2024-07-03,2024,686752,0,5.846415
745888,2024-07-03,2024,672456,4,5.780763
746534,2024-07-03,2024,663567,2,2.1603131
745728,2024-07-03,2024,671096,2,5.3036866
746534,2024-07-03,2024,641712,4,3.8029742
746534,2024-07-03,2024,607067,4,5.902291
745728,2024-07-03,2024,607074,8,6.1980786
745487,2024-07-03,2024,571945,4,5.319143
745888,2024-07-03,2024,701581,6,5.4750514
744837,2024-07-03,2024,680730,5,5.1699696
746045,2024-07-03,2024,669432,6,5.0372996
744915,2024-07-03,2024,670102,2,3.2427206
746045,2024-07-03,2024,678394,7,5.313341
746128,2024-07-03,2024,642232,3,1.967145
746617,2024-07-03,2024,668909,2,4.19217
746617,2024-07-03,2024,607200,3,4.1434746
744915,2024-07-03,2024,579328,5,6.7230277
746128,2024-07-03,2024,694813,3,4.261313
746128,2024-07-03,2024,686826,1,2.457109
745234,2024-07-03,2024,669302,6,5.6749783
745234,2024-07-03,2024,665152,8,5.089242
747100,2024-07-03,2024,663855,6,5.789997
747100,2024-07-03,2024,519242,9,7.682284
744837,2024-07-03,2024,681035,2,6.8479652
746128,2024-07-03,2024,691441,2,4.872214
744915,2024-07-03,2024,669854,4,6.08504
746126,2024-07-04,2024,668678,4,5.7705016
746126,2024-07-04,2024,598286,1,2.0589755
746619,2024-07-04,2024,594902,6,4.767386
746619,2024-07-04,2024,641771,1,4.48944
746285,2024-07-04,2024,621107,3,6.3640733
746857,2024-07-04,2024,592791,7,4.8609242
745890,2024-07-04,2024,666214,1,2.399516
745890,2024-07-04,2024,641927,8,6.695483
746619,2024-07-04,2024,694363,2,2.147849
746126,2024-07-04,2024,679885,5,1.9496124
744912,2024-07-04,2024,605135,3,5.783774
745890,2024-07-04,2024,628317,3,5.962635
744912,2024-07-04,2024,664285,4,5.702035
746532,2024-07-04,2024,668964,5,6.87143
746532,2024-07-04,2024,615698,2,5.482823
745726,2024-07-04,2024,573186,6,4.01766
745726,2024-07-04,2024,593423,4,5.2117014
746043,2024-07-04,2024,667725,3,3.513785
746043,2024-07-04,2024,601713,10,5.375076
745236,2024-07-04,2024,682243,6,6.3523574
745236,2024-07-04,2024,669203,6,7.478069
746285,2024-07-04,2024,679525,1,3.7375383
746285,2024-07-04,2024,672582,2,2.2938118
746126,2024-07-04,2024,689017,6,4.535919
746857,2024-07-04,2024,650911,3,4.5538464
746285,2024-07-04,2024,672578,1,2.1190438
745641,2024-07-04,2024,676664,6,5.1804013
744996,2024-07-04,2024,453286,3,5.217399
744996,2024-07-04,2024,650633,5,5.3700356
745484,2024-07-04,2024,527048,2,4.13271
744834,2024-07-04,2024,663623,8,6.9447455
747103,2024-07-04,2024,656550,4,3.2714694
745484,2024-07-04,2024,669467,5,5.220526
747103,2024-07-04,2024,657277,6,6.0020356
744834,2024-07-04,2024,500779,1,3.9524446
745641,2024-07-04,2024,672710,1,2.3587554
747103,2024-07-04,2024,450203,5,6.9595037
745884,2024-07-05,2024,664351,2,1.9822251
746533,2024-07-05,2024,666142,8,6.544366
745884,2024-07-05,2024,641154,6,6.1592903
746046,2024-07-05,2024,689672,5,5.2846274
746533,2024-07-05,2024,607536,5,4.155134
746046,2024-07-05,2024,682610,2,5.4514194
746859,2024-07-05,2024,657006,7,3.279258
746046,2024-07-05,2024,663773,4,2.0483177
745398,2024-07-05,2024,677944,2,4.818887
744836,2024-07-05,2024,571578,3,5.0069175
745725,2024-07-05,2024,641482,8,6.28998
745725,2024-07-05,2024,656557,1,5.2292004
744992,2024-07-05,2024,547179,4,4.8115244
744992,2024-07-05,2024,669358,6,5.2016044
745237,2024-07-05,2024,592332,10,8.450355
744836,2024-07-05,2024,543243,6,5.226571
745398,2024-07-05,2024,681190,6,6.885382
745884,2024-07-05,2024,681869,2,2.1345685
745884,2024-07-05,2024,680739,2,3.0748758
746127,2024-07-05,2024,607192,7,7.777699
746859,2024-07-05,2024,656288,4,4.4712787
747097,2024-07-05,2024,608331,4,6.03234
747097,2024-07-05,2024,605400,8,7.270417
745639,2024-07-05,2024,544150,6,4.2863007
745639,2024-07-05,2024,663687,4,5.2094917
746127,2024-07-05,2024,650644,8,6.313573
745479,2024-07-05,2024,694973,8,8.919087
745479,2024-07-05,2024,686654,1,2.915051
745479,2024-07-05,2024,622663,3,3.4434729
746620,2024-07-05,2024,676440,6,5.683542
745237,2024-07-05,2024,622491,8,6.2890406
746693,2024-07-05,2024,686730,3,4.0826964
746693,2024-07-05,2024,681857,8,5.262613
746693,2024-07-05,2024,608718,4,2.7735467
746620,2024-07-05,2024,702352,2,2.3483536
744835,2024-07-06,2024,458681,2,4.265699
747099,2024-07-06,2024,680885,6,5.1907735
745395,2024-07-06,2024,663362,6,5.409618
745642,2024-07-06,2024,665622,3,6.5751157
744835,2024-07-06,2024,606149,1,2.0614216
744835,2024-07-06,2024,669022,5,5.1172953
745235,2024-07-06,2024,676106,4,5.2955637
744835,2024-07-06,2024,669461,2,3.4119973
745642,2024-07-06,2024,672552,3,2.9062853
747099,2024-07-06,2024,624133,7,4.127697
745642,2024-07-06,2024,700249,1,2.0722725
745235,2024-07-06,2024,684320,6,4.0188823
746044,2024-07-06,2024,630023,5,4.4130874
745395,2024-07-06,2024,694297,6,3.4498231
746129,2024-07-06,2024,572020,3,3.1291914
745642,2024-07-06,2024,622253,1,2.5611014
746856,2024-07-06,2024,543294,1,1.4875312
745724,2024-07-06,2024,670174,4,2.6756258
745724,2024-07-06,2024,543037,8,5.383721
745724,2024-07-06,2024,502624,3,2.6851363
745642,2024-07-06,2024,608344,4,2.8203292
746856,2024-07-06,2024,542881,10,4.4738774
746694,2024-07-06,2024,689225,5,2.197795
746694,2024-07-06,2024,668881,7,7.6575847
746129,2024-07-06,2024,669060,1,2.9060433
746129,2024-07-06,2024,642547,4,6.325332
746044,2024-07-06,2024,647336,4,3.0809174
746044,2024-07-06,2024,676979,5,7.2679753
744995,2024-07-06,2024,571760,7,6.3984437
745885,2024-07-06,2024,657746,8,7.7944455
746615,2024-07-06,2024,690986,2,2.884297
745476,2024-07-06,2024,656849,5,5.3656554
746529,2024-07-06,2024,607625,5,6.625088
746615,2024-07-06,2024,671106,9,5.442304
745476,2024-07-06,2024,663559,2,2.2199898
746529,2024-07-06,2024,596295,3,4.7875314
745885,2024-07-06,2024,686613,6,5.452571
744995,2024-07-06,2024,671737,5,4.080566
746530,2024-07-07,2024,685299,4,4.552692
746616,2024-07-07,2024,471911,4,4.122411
745637,2024-07-07,2024,687765,5,5.0675836
744832,2024-07-07,2024,502043,8,5.0455527
745637,2024-07-07,2024,680570,8,5.5919394
745723,2024-07-07,2024,676710,4,4.2259126
747098,2024-07-07,2024,675650,1,2.4366841
746530,2024-07-07,2024,663903,7,4.9152837
744832,2024-07-07,2024,687792,4,7.1147566
747098,2024-07-07,2024,625643,6,6.683064
746122,2024-07-07,2024,572971,0,2.4030538
745233,2024-07-07,2024,669923,8,5.6219573
746616,2024-07-07,2024,806185,5,4.514862
745477,2024-07-07,2024,682847,5,5.8635883
747098,2024-07-07,2024,663969,7,3.691922
745723,2024-07-07,2024,661563,9,6.6353745
745233,2024-07-07,2024,621244,10,6.2947817
746855,2024-07-07,2024,669713,2,5.4209204
744993,2024-07-07,2024,641793,5,4.130575
745391,2024-07-07,2024,656302,8,8.968521
745391,2024-07-07,2024,669194,5,5.515972
746855,2024-07-07,2024,667755,3,2.466218
746039,2024-07-07,2024,665795,4,4.3539557
746122,2024-07-07,2024,680736,4,5.462174
746691,2024-07-07,2024,669373,13,7.0042233
746122,2024-07-07,2024,642232,3,2.1921644
744993,2024-07-07,2024,543135,5,5.931865
746039,2024-07-07,2024,686563,3,3.43505
746122,2024-07-07,2024,596001,3,2.3230863
745883,2024-07-07,2024,680573,4,5.864845
745883,2024-07-07,2024,681293,6,5.9806437
745477,2024-07-07,2024,640455,6,5.365269
745477,2024-07-07,2024,547973,2,2.8262753
746691,2024-07-07,2024,668933,2,2.459818
747181,2024-07-08,2024,700270,5,5.1715775
746455,2024-07-08,2024,668909,5,6.1461124
746455,2024-07-08,2024,672456,4,4.092869
747181,2024-07-08,2024,693821,1,2.4219108
746692,2024-07-08,2024,671096,8,7.708919
746692,2024-07-08,2024,663372,6,5.254051
746208,2024-07-08,2024,592351,2,4.6609416
746771,2024-07-08,2024,623167,4,5.193142
746771,2024-07-08,2024,663978,3,3.8201551
746208,2024-07-08,2024,608334,5,2.5523412
746208,2024-07-08,2024,669721,3,2.6450005
744833,2024-07-08,2024,571945,3,3.6993208
745480,2024-07-08,2024,681035,3,5.506572
745480,2024-07-08,2024,656605,6,6.7244
744833,2024-07-08,2024,680730,6,4.7689195
745968,2024-07-09,2024,607067,3,3.159978
747014,2024-07-09,2024,669211,4,3.229435
746690,2024-07-09,2024,664875,1,2.7748487
746690,2024-07-09,2024,666157,4,3.6015444
745316,2024-07-09,2024,579328,13,7.1043572
746368,2024-07-09,2024,669854,7,3.2868557
746368,2024-07-09,2024,669432,5,5.985606
745393,2024-07-09,2024,669302,7,4.6018434
746937,2024-07-09,2024,683155,1,3.3351326
746937,2024-07-09,2024,678394,11,6.889253
747180,2024-07-09,2024,519242,9,7.7485185
747014,2024-07-09,2024,665152,3,4.354873
746206,2024-07-09,2024,672710,1,2.0227761
746206,2024-07-09,2024,453286,6,5.5651584
745074,2024-07-09,2024,607074,5,6.1344852
745074,2024-07-09,2024,686752,7,6.825529
745968,2024-07-09,2024,682990,8,5.2595067
745393,2024-07-09,2024,800049,6,4.3061066
747014,2024-07-09,2024,592791,7,4.966169
746690,2024-07-09,2024,615698,4,2.4077346
746937,2024-07-09,2024,671305,4,2.3025186
745557,2024-07-09,2024,554430,7,4.70606
746937,2024-07-09,2024,621053,2,2.1213293
746451,2024-07-09,2024,666214,3,3.5492678
745803,2024-07-09,2024,500779,5,5.3385243
745557,2024-07-09,2024,676272,2,5.1216474
746690,2024-07-09,2024,663567,2,2.485357
746451,2024-07-09,2024,628317,2,3.2021835
746451,2024-07-09,2024,594902,4,3.8456483
745316,2024-07-09,2024,605483,3,4.191135
747180,2024-07-09,2024,668678,4,7.1219563
745803,2024-07-09,2024,663623,2,5.5469213
745155,2024-07-10,2024,679525,8,5.5434194
746773,2024-07-10,2024,641154,5,5.688764
745969,2024-07-10,2024,668964,6,6.7224793
745969,2024-07-10,2024,641703,1,1.4184415
745969,2024-07-10,2024,527048,5,5.212347
746772,2024-07-10,2024,641927,6,4.1854124
745155,2024-07-10,2024,669467,5,6.2731557
745556,2024-07-10,2024,650911,5,6.7138867
745156,2024-07-10,2024,669461,0,2.5897522
747179,2024-07-10,2024,450203,5,6.8928766
747179,2024-07-10,2024,677944,3,4.090098
745796,2024-07-10,2024,622663,4,4.5563483
746934,2024-07-10,2024,676664,8,6.4894094
746934,2024-07-10,2024,601713,10,6.926519
746689,2024-07-10,2024,593423,7,6.537811
746205,2024-07-10,2024,656288,3,3.6105459
746689,2024-07-10,2024,607536,9,5.9118156
745156,2024-07-10,2024,608379,3,5.0156035
745796,2024-07-10,2024,571578,5,4.3157983
746205,2024-07-10,2024,547179,3,4.1520205
745394,2024-07-10,2024,650633,9,5.7200785
745318,2024-07-10,2024,657277,4,4.855639
746772,2024-07-10,2024,607200,5,4.0843034
745394,2024-07-10,2024,682243,1,5.5102725
745069,2024-07-10,2024,621107,6,5.863032
746453,2024-07-10,2024,676440,8,6.3142033
746453,2024-07-10,2024,681857,3,5.400972
745318,2024-07-10,2024,605135,6,5.3144383
745556,2024-07-10,2024,694813,3,3.7969685
747015,2024-07-10,2024,684007,6,6.533812
747015,2024-07-10,2024,669203,5,7.2835956
746366,2024-07-10,2024,686539,5,3.2328107
746366,2024-07-10,2024,664285,10,7.32859
746366,2024-07-10,2024,663773,1,2.513005
746773,2024-07-10,2024,689672,1,3.523141
745069,2024-07-10,2024,573186,2,3.263187
746688,2024-07-11,2024,596295,5,6.5532217
745313,2024-07-11,2024,592332,3,6.895015
745558,2024-07-11,2024,689017,5,4.343201
746935,2024-07-11,2024,665622,7,5.5322504
745558,2024-07-11,2024,605400,9,6.651463
745313,2024-07-11,2024,663855,1,4.8509736
746367,2024-07-11,2024,814005,4,4.309296
746367,2024-07-11,2024,682610,2,4.938577
745799,2024-07-11,2024,656849,5,6.276753
746935,2024-07-11,2024,656557,6,7.995562
746688,2024-07-11,2024,668881,10,6.5430436
745065,2024-07-11,2024,669358,5,3.911576
745799,2024-07-11,2024,669022,4,5.953345
746204,2024-07-11,2024,686799,1,3.0136085
747178,2024-07-11,2024,608331,7,6.9034553
747178,2024-07-11,2024,694297,4,6.76977
747011,2024-07-11,2024,608344,1,1.5533328
745967,2024-07-11,2024,694973,11,8.091113
745065,2024-07-11,2024,641482,4,5.3359203
745967,2024-07-11,2024,650644,6,6.748778
747011,2024-07-11,2024,544150,4,5.664621
746452,2024-07-11,2024,675921,4,3.7367196
746452,2024-07-11,2024,658648,2,2.0187135
747011,2024-07-11,2024,657006,4,3.5875177
746204,2024-07-11,2024,670046,4,4.111987
746452,2024-07-11,2024,656427,4,4.693683
746204,2024-07-11,2024,622491,5,5.028669
746371,2024-07-12,2024,571760,5,5.6177716
745312,2024-07-12,2024,657746,6,7.07178
746685,2024-07-12,2024,630023,1,4.361843
747175,2024-07-12,2024,669194,5,7.2588887
745312,2024-07-12,2024,690986,3,3.3789225
746450,2024-07-12,2024,669373,8,7.1076336
745064,2024-07-12,2024,471911,3,3.5265737
745064,2024-07-12,2024,671737,8,5.786026
745390,2024-07-12,2024,680885,3,5.714348
746371,2024-07-12,2024,686613,5,4.47492
746685,2024-07-12,2024,686730,9,3.9700756
746774,2024-07-12,2024,686563,4,5.365367
745390,2024-07-12,2024,663362,1,3.9716823
746774,2024-07-12,2024,594835,4,2.714983
747175,2024-07-12,2024,684320,7,4.3713202
745965,2024-07-12,2024,671131,6,4.2056904
746207,2024-07-12,2024,542881,4,3.7910793
746207,2024-07-12,2024,693433,1,3.7626507
745965,2024-07-12,2024,642547,6,5.4596477
746450,2024-07-12,2024,572020,1,3.846475
745800,2024-07-12,2024,663567,4,2.8990493
745800,2024-07-12,2024,640455,9,6.131916
746936,2024-07-12,2024,666142,7,6.3841825
746936,2024-07-12,2024,681867,1,5.4405904
745153,2024-07-12,2024,543243,6,6.8511415
745800,2024-07-12,2024,685299,3,4.367471
745552,2024-07-12,2024,663687,0,2.9752383
745552,2024-07-12,2024,674370,2,2.3531175
747012,2024-07-12,2024,543037,7,7.139242
745153,2024-07-12,2024,543294,3,4.0221357
747012,2024-07-12,2024,700249,6,4.585493
745552,2024-07-12,2024,624133,6,4.038043
746447,2024-07-13,2024,672456,4,5.1825957
747013,2024-07-13,2024,680570,7,6.6714206
745311,2024-07-13,2024,806185,3,3.66576
745311,2024-07-13,2024,680573,7,5.6823564
746930,2024-07-13,2024,676710,4,6.4738445
746930,2024-07-13,2024,607625,6,3.9745471
746766,2024-07-13,2024,682847,5,6.379314
747177,2024-07-13,2024,670102,1,3.130599
745067,2024-07-13,2024,641793,3,3.4004407
746687,2024-07-13,2024,665795,7,3.2000394
745549,2024-07-13,2024,663969,5,4.8355517
746766,2024-07-13,2024,623167,4,2.808926
745549,2024-07-13,2024,687765,6,4.857731
745392,2024-07-13,2024,625643,2,5.7771363
745392,2024-07-13,2024,656302,11,9.226241
747177,2024-07-13,2024,700270,2,4.5874004
747177,2024-07-13,2024,621244,0,4.6827936
746687,2024-07-13,2024,671096,4,3.7961583
745067,2024-07-13,2024,668909,2,5.6863637
746447,2024-07-13,2024,680736,4,4.3629694
747013,2024-07-13,2024,661563,7,5.341381
746369,2024-07-13,2024,681293,7,5.183973
746369,2024-07-13,2024,543135,7,5.0195107
745963,2024-07-13,2024,680730,2,2.2812316
745963,2024-07-13,2024,572971,2,2.2986424
745798,2024-07-13,2024,681035,5,4.518195
745798,2024-07-13,2024,676130,5,1.9136701
745798,2024-07-13,2024,663372,7,4.6496887
745152,2024-07-13,2024,458681,6,7.1076064
745175,2024-07-13,2024,502043,3,5.126494
745175,2024-07-13,2024,665871,0,2.0261204
745152,2024-07-13,2024,669713,4,5.924871
746202,2024-07-13,2024,669923,7,5.5983567
746202,2024-07-13,2024,667755,5,4.4910226
746370,2024-07-14,2024,453286,6,3.7397194
745151,2024-07-14,2024,592791,3,4.2091312
746686,2024-07-14,2024,669432,4,4.3003035
745151,2024-07-14,2024,571945,2,3.5068574
745797,2024-07-14,2024,500779,8,5.0450253
745797,2024-07-14,2024,608566,3,3.634234
746686,2024-07-14,2024,666157,4,5.3515873
746370,2024-07-14,2024,669854,5,4.82711
745314,2024-07-14,2024,605483,8,4.7204394
745066,2024-07-14,2024,594902,7,4.3451276
746449,2024-07-14,2024,642232,0,2.5315552
745385,2024-07-14,2024,681190,5,3.984748
745314,2024-07-14,2024,663978,6,4.3174453
746201,2024-07-14,2024,608334,7,3.6922646
746201,2024-07-14,2024,669302,9,6.384379
745551,2024-07-14,2024,683155,5,6.6570334
745551,2024-07-14,2024,675650,2,4.2734294
747009,2024-07-14,2024,665152,4,4.032425
747009,2024-07-14,2024,607074,7,7.0671535
746932,2024-07-14,2024,678394,3,5.2883806
746932,2024-07-14,2024,663903,3,3.2957091
745962,2024-07-14,2024,607067,7,4.3388424
745962,2024-07-14,2024,663623,3,5.3970227
745066,2024-07-14,2024,686752,4,6.129918
745385,2024-07-14,2024,519242,4,5.5179253
746449,2024-07-14,2024,628317,5,3.5012317
746769,2024-07-14,2024,641771,4,3.3718197
746769,2024-07-14,2024,656605,3,3.675658
747176,2024-07-14,2024,668678,1,3.7405977
747176,2024-07-14,2024,579328,6,5.0562263
745228,2024-07-19,2024,686613,5,6.2033362
745640,2024-07-19,2024,676664,4,3.882863
746618,2024-07-19,2024,663362,5,6.996983
746618,2024-07-19,2024,676440,3,6.478595
746531,2024-07-19,2024,690986,6,4.4104657
746531,2024-07-19,2024,615698,5,5.936816
745228,2024-07-19,2024,622491,3,4.5908484
744911,2024-07-19,2024,605135,6,6.123446
746123,2024-07-19,2024,694813,3,3.915049
745721,2024-07-19,2024,543037,8,6.9968514
744911,2024-07-19,2024,656427,8,6.6474843
746854,2024-07-19,2024,657006,6,5.9809694
746854,2024-07-19,2024,669194,9,6.9164567
746040,2024-07-19,2024,640455,1,4.66906
746123,2024-07-19,2024,601713,8,6.3613896
745721,2024-07-19,2024,621107,5,4.6279287
745640,2024-07-19,2024,656288,3,2.5437682
746284,2024-07-19,2024,623167,4,4.7682576
745481,2024-07-19,2024,693312,3,1.8563914
746040,2024-07-19,2024,665795,1,2.8398476
744990,2024-07-19,2024,669203,6,7.7678533
744990,2024-07-19,2024,543135,2,4.961186
746284,2024-07-19,2024,641771,2,1.9424834
745481,2024-07-19,2024,527048,4,4.166136
744829,2024-07-19,2024,571578,6,4.0986123
745481,2024-07-19,2024,605400,4,5.021793
746284,2024-07-19,2024,608379,7,4.3794937
744829,2024-07-19,2024,593423,3,5.282004
746527,2024-07-20,2024,657277,4,4.992351
746527,2024-07-20,2024,607536,4,4.8407063
746286,2024-07-20,2024,663903,7,5.3239217
744910,2024-07-20,2024,579328,8,7.0516276
744910,2024-07-20,2024,628317,1,2.70679
744994,2024-07-20,2024,453286,1,2.549148
744994,2024-07-20,2024,570632,4,3.2244253
744994,2024-07-20,2024,642016,2,2.6764288
744994,2024-07-20,2024,680570,8,7.6276727
747093,2024-07-20,2024,450203,4,6.4144278
745229,2024-07-20,2024,669923,6,6.188069
745478,2024-07-20,2024,650911,2,5.662085
746286,2024-07-20,2024,686563,4,4.851769
746852,2024-07-20,2024,668678,4,6.423646
746852,2024-07-20,2024,543294,2,3.6330194
746041,2024-07-20,2024,682610,5,3.4125552
746041,2024-07-20,2024,622663,7,4.7560854
744830,2024-07-20,2024,669022,2,3.5184703
746613,2024-07-20,2024,675921,2,2.6653838
746613,2024-07-20,2024,668909,5,4.799651
746613,2024-07-20,2024,656302,10,8.785002
745720,2024-07-20,2024,641482,1,5.246478
745720,2024-07-20,2024,656671,2,1.9427722
745720,2024-07-20,2024,671737,5,6.3273854
745229,2024-07-20,2024,664285,6,7.5355377
744830,2024-07-20,2024,666157,8,6.9198966
745478,2024-07-20,2024,682847,2,5.4724813
745880,2024-07-20,2024,642547,8,6.2264657
747093,2024-07-20,2024,502043,6,5.206654
745880,2024-07-20,2024,641154,7,8.136369
747096,2024-07-20,2024,656550,2,2.5564098
747096,2024-07-20,2024,693821,9,4.4786344
745638,2024-07-20,2024,670046,3,2.8978415
747096,2024-07-20,2024,543243,10,4.828549
746121,2024-07-20,2024,680736,5,5.4344544
745638,2024-07-20,2024,686799,4,3.661153
745638,2024-07-20,2024,687765,3,4.187105
746121,2024-07-20,2024,678394,7,4.8758187
745230,2024-07-21,2024,669854,5,6.1395926
745722,2024-07-21,2024,573186,5,4.246742
745882,2024-07-21,2024,650644,4,5.2385807
745882,2024-07-21,2024,657746,6,6.5188565
745722,2024-07-21,2024,669358,1,4.1600313
746287,2024-07-21,2024,689672,5,5.346981
746528,2024-07-21,2024,663372,6,4.166909
746042,2024-07-21,2024,681035,4,4.5065665
746610,2024-07-21,2024,594902,2,5.470693
746287,2024-07-21,2024,607625,6,6.3966208
744991,2024-07-21,2024,571760,4,5.2356687
745230,2024-07-21,2024,693433,5,4.984877
746042,2024-07-21,2024,669432,5,5.4482007
745470,2024-07-21,2024,594835,4,3.9603322
745470,2024-07-21,2024,663969,3,5.5681477
745470,2024-07-21,2024,676596,0,1.8281374
745633,2024-07-21,2024,683155,4,6.30051
745633,2024-07-21,2024,608334,3,3.6961641
746610,2024-07-21,2024,650633,6,4.2406373
744991,2024-07-21,2024,665152,2,3.9442246
744831,2024-07-21,2024,663623,7,6.625486
744831,2024-07-21,2024,671096,1,6.662496
746528,2024-07-21,2024,806185,12,6.649875
747094,2024-07-21,2024,571945,3,4.7344174
746125,2024-07-21,2024,676710,2,5.1494365
746853,2024-07-21,2024,694297,7,6.152638
744909,2024-07-21,2024,592332,5,6.592588
746125,2024-07-21,2024,572020,7,5.545546
746853,2024-07-21,2024,684007,10,5.50617
747094,2024-07-21,2024,680885,8,7.0425506
744909,2024-07-21,2024,672456,3,5.5596967
746280,2024-07-22,2024,700270,0,4.077144
746280,2024-07-22,2024,666142,5,6.821312
747095,2024-07-22,2024,625643,5,4.611071
746612,2024-07-22,2024,669373,6,6.248856
746280,2024-07-22,2024,528748,3,1.7765012
747095,2024-07-22,2024,668881,7,9.545522
746612,2024-07-22,2024,471911,6,5.429915
745881,2024-07-22,2024,624133,4,4.115032
745881,2024-07-22,2024,641927,4,4.1645026
746850,2024-07-22,2024,668964,6,5.123557
745717,2024-07-22,2024,607074,10,6.600657
744988,2024-07-22,2024,607200,5,5.2052207
745635,2024-07-22,2024,663687,7,3.8730345
745635,2024-07-22,2024,681293,3,6.1194277
746850,2024-07-22,2024,665871,2,3.4451997
746034,2024-07-22,2024,656849,4,5.224533
746526,2024-07-22,2024,596295,5,6.312557
746526,2024-07-22,2024,656557,2,5.095394
745473,2024-07-22,2024,669467,3,5.077912
745232,2024-07-22,2024,542881,8,5.004582
745232,2024-07-22,2024,682243,5,5.9206605
746124,2024-07-22,2024,689981,2,2.5040526
746034,2024-07-22,2024,630023,4,4.0511847
745717,2024-07-22,2024,641793,6,6.373671
744988,2024-07-22,2024,547179,8,5.5905805
746124,2024-07-22,2024,605483,4,6.049094
745473,2024-07-22,2024,656605,3,5.8439174
745632,2024-07-23,2024,674370,6,3.5507035
745475,2024-07-23,2024,694973,8,8.925171
745632,2024-07-23,2024,814005,5,4.0249386
745475,2024-07-23,2024,458681,2,4.632274
745878,2024-07-23,2024,554430,7,7.150316
744985,2024-07-23,2024,592351,5,4.7053256
744904,2024-07-23,2024,621244,5,5.0222235
744828,2024-07-23,2024,681190,1,3.8053489
744828,2024-07-23,2024,687792,4,5.0014195
744985,2024-07-23,2024,676979,7,5.4368815
746281,2024-07-23,2024,679525,6,4.9603896
746281,2024-07-23,2024,656756,2,3.5013328
746848,2024-07-23,2024,607067,8,5.353434
744904,2024-07-23,2024,641302,4,2.0470886
746848,2024-07-23,2024,592791,3,4.2206526
746036,2024-07-23,2024,544150,3,3.0136735
746118,2024-07-23,2024,663855,7,5.423564
746524,2024-07-23,2024,683627,2,3.0829906
745227,2024-07-23,2024,667755,5,3.775457
746036,2024-07-23,2024,667725,5,5.7888517
746524,2024-07-23,2024,681867,4,5.4426904
746524,2024-07-23,2024,663562,3,2.864005
746614,2024-07-23,2024,675540,1,3.573525
746524,2024-07-23,2024,621389,1,2.4732537
745227,2024-07-23,2024,669302,8,6.968868
745878,2024-07-23,2024,680573,5,4.96781
745715,2024-07-23,2024,500779,6,5.2130556
745715,2024-07-23,2024,661563,6,4.8580604
746614,2024-07-23,2024,666214,3,1.565462
746118,2024-07-23,2024,689017,6,5.0429397
747091,2024-07-24,2024,593423,6,6.613542
746525,2024-07-24,2024,615698,3,5.1768384
746525,2024-07-24,2024,601713,6,5.040603
745716,2024-07-24,2024,640455,4,5.5926895
746525,2024-07-24,2024,502624,2,1.8144007
745716,2024-07-24,2024,543037,4,6.936768
747091,2024-07-24,2024,656550,5,3.0509405
744905,2024-07-24,2024,621107,4,4.4838653
744824,2024-07-24,2024,680730,5,4.3831863
745472,2024-07-24,2024,527048,2,3.368095
745472,2024-07-24,2024,669461,3,3.5105376
745472,2024-07-24,2024,688297,2,2.6899767
746035,2024-07-24,2024,665795,6,5.366367
744905,2024-07-24,2024,684320,6,4.1529546
745634,2024-07-24,2024,666205,3,1.6415741
747091,2024-07-24,2024,642216,3,3.2195292
745231,2024-07-24,2024,622491,7,6.5318465
745231,2024-07-24,2024,656288,6,5.3037486
746119,2024-07-24,2024,607192,4,6.7684836
746611,2024-07-24,2024,676440,4,3.8076282
746611,2024-07-24,2024,656427,6,5.9222274
746035,2024-07-24,2024,694646,3,5.20925
745634,2024-07-24,2024,686613,8,4.299068
746851,2024-07-24,2024,596001,1,2.7310977
746851,2024-07-24,2024,657006,4,4.806452
746851,2024-07-24,2024,669060,3,2.140922
744824,2024-07-24,2024,663362,4,4.2329726
745877,2024-07-24,2024,701581,7,4.1992383
744989,2024-07-24,2024,623167,3,4.748289
744989,2024-07-24,2024,543135,10,7.144673
745877,2024-07-24,2024,605400,6,6.8181324
745634,2024-07-24,2024,676664,3,4.8360615
746279,2024-07-24,2024,669194,2,5.3170247
746279,2024-07-24,2024,608379,1,4.6532187
746119,2024-07-24,2024,592662,8,5.1112914
746199,2024-07-25,2024,548389,3,2.8333511
746609,2024-07-25,2024,668909,9,7.9263825
745794,2024-07-25,2024,622663,6,5.375547
745794,2024-07-25,2024,676130,4,1.8956206
745794,2024-07-25,2024,519242,9,7.2644267
746199,2024-07-25,2024,670046,1,2.678495
746037,2024-07-25,2024,669203,5,8.219907
746037,2024-07-25,2024,682610,3,5.281857
746117,2024-07-25,2024,657277,4,4.857242
744827,2024-07-25,2024,656302,9,10.010926
744827,2024-07-25,2024,571578,7,5.138712
744907,2024-07-25,2024,671737,7,5.2398763
744984,2024-07-25,2024,686563,1,5.2268353
744984,2024-07-25,2024,453286,9,5.4825573
746117,2024-07-25,2024,477132,6,4.016008
744907,2024-07-25,2024,605135,6,5.4187684
746933,2024-07-26,2024,641482,5,3.2013316
746767,2024-07-26,2024,669923,7,4.4842567
746767,2024-07-26,2024,671111,3,1.9276028
746767,2024-07-26,2024,694363,3,3.1455379
745964,2024-07-26,2024,669432,1,4.454654
747010,2024-07-26,2024,680570,2,5.6608677
745792,2024-07-26,2024,673540,9,6.532669
745792,2024-07-26,2024,450203,2,3.0606613
744906,2024-07-26,2024,579328,5,6.9678893
745068,2024-07-26,2024,669358,7,5.0712647
745068,2024-07-26,2024,666157,5,6.1342406
747174,2024-07-26,2024,682847,4,5.8946233
745146,2024-07-26,2024,669022,3,4.969623
745146,2024-07-26,2024,543243,7,5.6189475
744906,2024-07-26,2024,571760,4,4.5349994
746448,2024-07-26,2024,666214,3,3.4400566
746448,2024-07-26,2024,672456,5,5.7750454
745964,2024-07-26,2024,642547,4,5.112857
746200,2024-07-26,2024,608334,3,3.4358232
745315,2024-07-26,2024,607536,8,4.669362
745315,2024-07-26,2024,690986,11,6.2862134
746448,2024-07-26,2024,641154,7,5.76977
745554,2024-07-26,2024,650911,2,6.7175946
745554,2024-07-26,2024,594902,6,4.6178145
746277,2024-07-26,2024,663903,5,5.971843
746277,2024-07-26,2024,543294,4,4.5226383
746933,2024-07-26,2024,678394,4,3.7722163
746361,2024-07-26,2024,664285,10,8.435931
746200,2024-07-26,2024,621112,2,2.6875832
746361,2024-07-26,2024,694813,3,5.102705
747174,2024-07-26,2024,668678,6,7.312762
746203,2024-07-27,2024,542881,10,5.43815
745966,2024-07-27,2024,676974,3,5.430343
745966,2024-07-27,2024,663773,3,1.903959
745793,2024-07-27,2024,656731,4,5.85795
746768,2024-07-27,2024,607200,4,4.148268
745793,2024-07-27,2024,680885,11,5.5166116
745150,2024-07-27,2024,606149,4,1.9278684
745150,2024-07-27,2024,663623,5,6.1792846
745966,2024-07-27,2024,650644,3,5.422417
745150,2024-07-27,2024,502043,0,5.010537
744908,2024-07-27,2024,547179,1,2.2845829
744908,2024-07-27,2024,592332,8,9.189217
744908,2024-07-27,2024,570632,2,2.672916
747171,2024-07-27,2024,594835,1,2.8664305
747171,2024-07-27,2024,682990,2,3.9707794
747171,2024-07-27,2024,694297,4,5.5075006
746768,2024-07-27,2024,693433,3,4.4228263
745059,2024-07-27,2024,671096,2,5.4305863
745059,2024-07-27,2024,641793,5,4.7569556
746931,2024-07-27,2024,676710,5,5.143869
744908,2024-07-27,2024,641540,2,3.120472
746203,2024-07-27,2024,687765,3,5.9861007
746768,2024-07-27,2024,663436,3,4.063621
745307,2024-07-27,2024,663372,6,4.6748915
746931,2024-07-27,2024,573186,0,1.3258567
745307,2024-07-27,2024,605483,15,7.629498
747006,2024-07-27,2024,608344,0,2.4380805
747006,2024-07-27,2024,650633,9,5.780706
747006,2024-07-27,2024,665152,7,5.964721
746446,2024-07-27,2024,669373,8,6.0610976
746362,2024-07-27,2024,669854,9,5.7038875
746362,2024-07-27,2024,680736,2,5.6881213
745310,2024-07-27,2024,685299,5,4.292543
745310,2024-07-27,2024,806185,8,7.9817224
746446,2024-07-27,2024,657746,8,6.1664586
746278,2024-07-27,2024,607625,2,4.1356063
746278,2024-07-27,2024,684007,3,7.178623
745553,2024-07-27,2024,663969,4,6.543295
745553,2024-07-27,2024,471911,5,4.8190217
746929,2024-07-28,2024,669711,2,1.9234071
747173,2024-07-28,2024,656605,6,6.133032
745305,2024-07-28,2024,596295,6,4.0427194
745305,2024-07-28,2024,663562,3,2.7192354
745305,2024-07-28,2024,678495,3,2.959169
747173,2024-07-28,2024,700270,7,4.301226
745063,2024-07-28,2024,668881,5,7.686889
745961,2024-07-28,2024,668964,5,4.387591
744902,2024-07-28,2024,547179,1,2.4547575
744902,2024-07-28,2024,621244,5,6.781783
745550,2024-07-28,2024,663465,1,3.0473752
745145,2024-07-28,2024,687792,8,5.270696
745145,2024-07-28,2024,571945,3,3.174893
747008,2024-07-28,2024,544150,2,4.149047
747008,2024-07-28,2024,660853,4,2.4084878
747008,2024-07-28,2024,681190,2,3.6682656
746445,2024-07-28,2024,628317,4,5.578394
746445,2024-07-28,2024,641927,11,6.294457
746929,2024-07-28,2024,656557,2,6.3982053
746274,2024-07-28,2024,665871,5,3.0205677
746195,2024-07-28,2024,674370,6,4.8256783
746274,2024-07-28,2024,666142,7,5.6224766
746195,2024-07-28,2024,667755,2,3.1130264
745550,2024-07-28,2024,676282,3,3.3956692
745795,2024-07-28,2024,625643,2,2.8660479
745961,2024-07-28,2024,667725,5,4.0157857
745795,2024-07-28,2024,656849,7,4.482557
745961,2024-07-28,2024,642629,3,5.3741393
746364,2024-07-28,2024,689981,8,5.477365
746364,2024-07-28,2024,681293,8,6.377774
746770,2024-07-28,2024,641771,4,4.14052
746929,2024-07-28,2024,607074,7,8.576939
746770,2024-07-28,2024,676979,3,4.730751
746770,2024-07-28,2024,682243,6,5.7923617
747039,2024-07-29,2024,608344,5,2.933811
747007,2024-07-29,2024,621107,7,4.8751063
747007,2024-07-29,2024,684320,1,1.9849267
747007,2024-07-29,2024,685126,0,2.5736685
745959,2024-07-29,2024,607067,6,4.7228837
745959,2024-07-29,2024,656550,8,4.437591
746444,2024-07-29,2024,676440,2,5.1705065
746360,2024-07-29,2024,694973,6,8.1448965
745147,2024-07-29,2024,543135,2,5.7672105
746765,2024-07-29,2024,623167,2,5.2789598
746765,2024-07-29,2024,679525,3,3.0586932
747172,2024-07-29,2024,680730,3,3.8577466
747172,2024-07-29,2024,656756,1,3.7443862
747172,2024-07-29,2024,612434,0,1.4314609
745547,2024-07-29,2024,661563,8,5.926065
746444,2024-07-29,2024,676614,5,5.14836
745147,2024-07-29,2024,669467,5,5.5568156
745547,2024-07-29,2024,554430,6,6.650621
746928,2024-07-29,2024,663423,1,2.3733163
747039,2024-07-29,2024,670102,2,5.485022
747039,2024-07-29,2024,700249,1,4.888557
746684,2024-07-29,2024,686730,4,2.6457882
746684,2024-07-29,2024,592791,4,4.7299495
746928,2024-07-29,2024,601713,10,7.7142324
746928,2024-07-29,2024,669302,4,5.33731
745791,2024-07-29,2024,680573,2,4.887386
745791,2024-07-29,2024,500779,5,5.43236
745791,2024-07-29,2024,676130,2,1.9498951
745149,2024-07-30,2024,674003,2,2.5224664
745787,2024-07-30,2024,640455,11,6.0772805
745787,2024-07-30,2024,701581,6,3.8955054
746365,2024-07-30,2024,686613,8,5.6210513
746365,2024-07-30,2024,663559,3,3.7735128
746683,2024-07-30,2024,657006,7,5.678932
746926,2024-07-30,2024,622491,4,6.83443
745149,2024-07-30,2024,458681,3,4.003802
745309,2024-07-30,2024,592662,4,6.0453353
745309,2024-07-30,2024,676664,9,4.9718843
746763,2024-07-30,2024,608379,5,4.4994817
746763,2024-07-30,2024,686563,2,4.850957
746197,2024-07-30,2024,656288,6,5.9491124
746683,2024-07-30,2024,607259,3,2.8058918
745958,2024-07-30,2024,693821,7,4.0694532
745958,2024-07-30,2024,669060,3,2.082468
747005,2024-07-30,2024,669203,7,7.796963
746926,2024-07-30,2024,572020,5,3.287651
747167,2024-07-30,2024,674285,0,2.0433972
747167,2024-07-30,2024,669194,9,8.062189
745149,2024-07-30,2024,453286,5,4.020913
746441,2024-07-30,2024,668909,8,6.1501775
746197,2024-07-30,2024,615698,4,3.883059
747005,2024-07-30,2024,605135,3,4.907758
745546,2024-07-30,2024,701542,6,5.3459945
747167,2024-07-30,2024,571578,3,3.8104465
745060,2024-07-30,2024,685116,2,2.0852797
745060,2024-07-30,2024,665795,7,4.969308
745389,2024-07-30,2024,663362,6,4.6947184
745389,2024-07-30,2024,607192,8,7.442676
745958,2024-07-30,2024,605452,4,5.169785
745060,2024-07-30,2024,605488,3,4.576197
745546,2024-07-30,2024,605400,4,5.093865
745960,2024-07-31,2024,642547,7,5.6339483
745960,2024-07-31,2024,519242,6,7.083033
746363,2024-07-31,2024,664285,10,4.997544
747003,2024-07-31,2024,502179,1,3.8234556
747170,2024-07-31,2024,668678,6,5.994018
746198,2024-07-31,2024,669721,5,4.4107795
746198,2024-07-31,2024,607536,6,4.814172
745543,2024-07-31,2024,650911,7,5.7888317
746678,2024-07-31,2024,543294,4,2.568581
745386,2024-07-31,2024,656302,6,8.159693
745148,2024-07-31,2024,700241,3,5.694362
746925,2024-07-31,2024,669923,2,5.944679
745061,2024-07-31,2024,682610,7,4.0217996
745061,2024-07-31,2024,671737,6,5.575765
745061,2024-07-31,2024,670955,5,2.7557812
745543,2024-07-31,2024,641482,6,5.8827195
745386,2024-07-31,2024,641703,2,4.498306
745789,2024-07-31,2024,622663,2,3.4931881
745789,2024-07-31,2024,641154,7,7.2268686
746925,2024-07-31,2024,678394,7,6.0172477
745306,2024-07-31,2024,657277,6,5.966178
745386,2024-07-31,2024,477132,0,4.8013663
746363,2024-07-31,2024,663765,3,4.034852
746764,2024-07-31,2024,663903,4,3.6162882
746764,2024-07-31,2024,689672,0,3.9301214
746678,2024-07-31,2024,666157,6,7.777432
747003,2024-07-31,2024,680570,8,6.041968
745306,2024-07-31,2024,548389,0,3.2503207
745148,2024-07-31,2024,571760,2,5.388044
747170,2024-07-31,2024,669022,1,6.8058057
747092,2024-08-01,2024,676974,7,5.887571
746196,2024-08-01,2024,608334,8,3.489594
746607,2024-08-01,2024,544150,1,2.1907601
746607,2024-08-01,2024,594902,4,3.6494198
746607,2024-08-01,2024,669432,3,5.193776
746196,2024-08-01,2024,663372,3,4.2714705
747092,2024-08-01,2024,450203,6,5.847182
746442,2024-08-01,2024,672456,3,5.255899
746442,2024-08-01,2024,607625,3,4.8713946
746849,2024-08-01,2024,543243,9,6.2331843
746849,2024-08-01,2024,684007,7,6.395229
745631,2024-08-02,2024,683155,6,3.787242
745224,2024-08-02,2024,693433,6,5.208015
746845,2024-08-02,2024,607200,4,4.5831065
746443,2024-08-02,2024,666142,6,6.3899913
744986,2024-08-02,2024,676710,5,5.8550334
744986,2024-08-02,2024,656641,0,2.3803363
746845,2024-08-02,2024,665871,3,4.33131
746443,2024-08-02,2024,669373,8,6.340553
745875,2024-08-02,2024,657746,7,8.119029
745875,2024-08-02,2024,663436,5,3.786052
745387,2024-08-02,2024,681190,4,5.3764253
744825,2024-08-02,2024,663623,4,7.135859
745387,2024-08-02,2024,596295,6,5.284195
746605,2024-08-02,2024,665152,2,6.3153462
746605,2024-08-02,2024,471911,5,4.2534904
744825,2024-08-02,2024,593423,5,5.7157593
744986,2024-08-02,2024,570632,2,3.2911172
746193,2024-08-02,2024,542881,3,5.0960965
745719,2024-08-02,2024,592332,2,5.1237698
745224,2024-08-02,2024,663969,1,3.2490427
746193,2024-08-02,2024,621112,6,4.1160917
746354,2024-08-02,2024,579328,11,7.387464
746354,2024-08-02,2024,669358,5,4.3144155
745631,2024-08-02,2024,694813,5,4.3292813
745471,2024-08-02,2024,694297,3,6.9740725
745471,2024-08-02,2024,682847,2,4.956978
747089,2024-08-02,2024,680885,10,6.1751037
747089,2024-08-02,2024,678368,5,2.4188008
746679,2024-08-02,2024,605483,11,9.49719
745719,2024-08-02,2024,573186,3,2.7089872
746679,2024-08-02,2024,671096,8,5.0719857
744823,2024-08-03,2024,687792,6,4.535096
746846,2024-08-03,2024,502043,7,5.490835
746358,2024-08-03,2024,669854,7,5.3076167
746846,2024-08-03,2024,592791,4,4.4979324
745388,2024-08-03,2024,685299,4,5.2480216
746608,2024-08-03,2024,621107,3,4.455754
746608,2024-08-03,2024,675540,2,2.750908
745388,2024-08-03,2024,527048,7,4.9599314
746194,2024-08-03,2024,667755,6,5.2270827
745714,2024-08-03,2024,607074,8,7.8161383
745714,2024-08-03,2024,621244,6,5.2982135
746194,2024-08-03,2024,656849,4,3.0909839
745636,2024-08-03,2024,687765,6,6.185722
746608,2024-08-03,2024,676282,4,4.744523
745636,2024-08-03,2024,656427,7,5.9762273
745225,2024-08-03,2024,663465,4,2.837444
744987,2024-08-03,2024,674003,5,2.900814
747087,2024-08-03,2024,445926,3,2.1857371
747087,2024-08-03,2024,656550,4,4.144403
747087,2024-08-03,2024,667725,2,3.3706317
746440,2024-08-03,2024,547179,5,4.808535
746440,2024-08-03,2024,628317,4,4.857366
744987,2024-08-03,2024,656557,7,6.9876723
744823,2024-08-03,2024,650644,3,4.7899394
746681,2024-08-03,2024,668881,11,7.4577746
745225,2024-08-03,2024,682243,4,5.7351556
746681,2024-08-03,2024,690986,4,2.2877855
745474,2024-08-03,2024,656605,4,3.802502
745474,2024-08-03,2024,656756,3,2.936501
745876,2024-08-03,2024,657053,3,3.2925892
745876,2024-08-03,2024,676979,2,5.7148542
746358,2024-08-03,2024,641793,3,3.6658864
745474,2024-08-03,2024,677944,3,3.1470184
745876,2024-08-03,2024,641927,7,4.3665543
745384,2024-08-04,2024,663362,7,4.914666
747088,2024-08-04,2024,665795,8,6.342919
746680,2024-08-04,2024,592662,9,5.049018
745468,2024-08-04,2024,669194,7,6.123963
745468,2024-08-04,2024,694973,4,6.980314
747088,2024-08-04,2024,608331,6,4.5109544
746439,2024-08-04,2024,608379,2,4.5379
746356,2024-08-04,2024,681293,12,6.6723685
745627,2024-08-04,2024,674370,6,6.0770936
744979,2024-08-04,2024,543135,7,7.0610943
746844,2024-08-04,2024,571945,3,5.1051507
744979,2024-08-04,2024,601713,5,3.9358673
746191,2024-08-04,2024,656288,8,5.0494266
746844,2024-08-04,2024,657006,6,5.1349134
745384,2024-08-04,2024,615698,2,4.255193
746356,2024-08-04,2024,641302,5,2.4380765
746191,2024-08-04,2024,500779,4,4.4307137
746680,2024-08-04,2024,686730,5,4.609506
745718,2024-08-04,2024,543037,4,6.9284334
746606,2024-08-04,2024,687362,3,2.6411953
745718,2024-08-04,2024,684320,4,4.904857
746606,2024-08-04,2024,668909,8,5.561962
745222,2024-08-04,2024,669302,7,7.1446123
745222,2024-08-04,2024,554430,9,6.502166
745879,2024-08-04,2024,680573,6,4.861161
746606,2024-08-04,2024,669203,4,6.725022
744826,2024-08-04,2024,668964,2,3.0722811
745879,2024-08-04,2024,671111,4,1.7603843
747088,2024-08-04,2024,592426,5,2.6864321
745627,2024-08-04,2024,689981,4,4.7846894
745879,2024-08-04,2024,623167,3,3.2906382
744826,2024-08-04,2024,680730,3,4.4508348
745628,2024-08-05,2024,681066,3,3.7564247
746600,2024-08-05,2024,671106,2,4.0497
746600,2024-08-05,2024,668678,4,5.2142706
744821,2024-08-05,2024,657277,4,5.5135803
746116,2024-08-05,2024,607192,9,7.2812953
744982,2024-08-05,2024,571760,4,3.7061245
746276,2024-08-05,2024,572020,4,4.9463625
745628,2024-08-05,2024,676664,5,3.7486978
746116,2024-08-05,2024,605400,4,6.4175124
744821,2024-08-05,2024,571578,6,5.110657
744982,2024-08-05,2024,686613,4,4.3525777
746276,2024-08-05,2024,663903,6,6.2908063
746038,2024-08-05,2024,607259,5,3.7485952
745184,2024-08-05,2024,640455,10,7.0993824
746038,2024-08-05,2024,682610,2,3.5961933
746847,2024-08-05,2024,701581,9,4.260093
746847,2024-08-05,2024,543294,5,4.8245754
746038,2024-08-05,2024,641312,2,2.4852655
746038,2024-08-05,2024,596001,1,2.2091913
745184,2024-08-05,2024,669467,2,5.452591
745221,2024-08-06,2024,622491,9,5.409712
744817,2024-08-06,2024,806185,1,4.4358582
747086,2024-08-06,2024,445926,1,2.5899835
744817,2024-08-06,2024,678495,3,3.1612878
745629,2024-08-06,2024,686563,5,4.5642576
746273,2024-08-06,2024,678394,6,5.840748
746840,2024-08-06,2024,684007,10,6.1966853
746840,2024-08-06,2024,677976,1,2.22669
745141,2024-08-06,2024,543243,6,6.8888545
747086,2024-08-06,2024,607067,9,5.22112
746033,2024-08-06,2024,666157,7,7.1194983
744817,2024-08-06,2024,663546,3,2.7940288
744983,2024-08-06,2024,664285,5,8.555916
747086,2024-08-06,2024,693821,6,3.5496225
746033,2024-08-06,2024,670766,3,2.3868465
746033,2024-08-06,2024,676974,2,2.5169573
744983,2024-08-06,2024,641816,2,4.899877
744983,2024-08-06,2024,641540,2,2.5671568
746840,2024-08-06,2024,641154,2,5.503143
744817,2024-08-06,2024,669022,6,6.6150312
745221,2024-08-06,2024,672456,8,5.004116
746120,2024-08-06,2024,650911,2,5.832563
746120,2024-08-06,2024,641703,1,4.49534
745467,2024-08-06,2024,663765,1,2.7745316
746120,2024-08-06,2024,477132,5,5.2741055
745141,2024-08-06,2024,605488,3,4.8520446
745467,2024-08-06,2024,663773,3,2.6124556
746519,2024-08-06,2024,622663,5,5.9549413
745467,2024-08-06,2024,693312,1,2.795632
746519,2024-08-06,2024,607536,7,4.2762713
746273,2024-08-06,2024,607625,4,6.2189064
744901,2024-08-06,2024,544150,6,4.105395
744901,2024-08-06,2024,605135,9,5.5201926
745629,2024-08-06,2024,548389,2,4.096179
744822,2024-08-07,2024,663623,4,6.0078864
746272,2024-08-07,2024,676710,3,5.733708
747085,2024-08-07,2024,519242,10,7.29001
745630,2024-08-07,2024,683155,4,6.3560557
746842,2024-08-07,2024,680739,3,1.9305768
746842,2024-08-07,2024,670950,0,2.7566879
745630,2024-08-07,2024,663436,4,4.546891
746115,2024-08-07,2024,663969,3,4.257743
746115,2024-08-07,2024,694813,2,4.43407
746842,2024-08-07,2024,665871,1,3.5234299
744981,2024-08-07,2024,570632,0,2.2128277
746272,2024-08-07,2024,666142,7,6.39578
746031,2024-08-07,2024,678368,4,4.145758
746031,2024-08-07,2024,671096,7,7.368413
744981,2024-08-07,2024,579328,8,7.652485
744822,2024-08-07,2024,605483,8,6.582283
747085,2024-08-07,2024,642547,6,6.30471
746521,2024-08-07,2024,621112,6,5.912681
746521,2024-08-07,2024,663562,3,3.1174335
745142,2024-08-07,2024,671737,3,5.048689
745142,2024-08-07,2024,607200,6,5.104898
745469,2024-08-07,2024,650633,7,5.3736467
745469,2024-08-07,2024,594835,3,3.9219131
745709,2024-08-07,2024,661563,6,7.750753
745709,2024-08-07,2024,669721,4,3.8969882
744903,2024-08-07,2024,670102,7,5.9417086
745223,2024-08-07,2024,669923,7,6.0762863
745223,2024-08-07,2024,669373,9,8.300028
746604,2024-08-07,2024,694297,6,5.7031546
746602,2024-08-07,2024,471911,5,3.5341706
746602,2024-08-07,2024,593958,1,2.2160687
746604,2024-08-07,2024,594902,2,3.887241
744903,2024-08-07,2024,669432,2,5.454186
745713,2024-08-07,2024,608334,1,4.7482
745713,2024-08-07,2024,701542,6,5.1558614
745466,2024-08-08,2024,682847,3,5.501164
746522,2024-08-08,2024,663567,3,2.7724035
746522,2024-08-08,2024,683627,2,2.5194492
745466,2024-08-08,2024,681190,3,4.8130417
746522,2024-08-08,2024,596295,1,2.32962
745710,2024-08-08,2024,641482,2,4.7522607
745143,2024-08-08,2024,502043,6,4.921561
746522,2024-08-08,2024,656849,5,4.6114907
745226,2024-08-08,2024,676614,4,2.5123806
745226,2024-08-08,2024,693433,7,5.4927835
744819,2024-08-08,2024,687792,4,3.7798147
744819,2024-08-08,2024,690986,3,1.8335952
745710,2024-08-08,2024,542881,7,3.7896004
745143,2024-08-08,2024,669358,2,5.134566
747169,2024-08-08,2024,656756,4,6.8146358
747081,2024-08-08,2024,450203,3,5.4384866
747169,2024-08-08,2024,663465,3,3.009665
746030,2024-08-08,2024,668881,5,7.92108
744899,2024-08-08,2024,665152,6,5.5409617
746030,2024-08-08,2024,667725,3,4.791268
747081,2024-08-08,2024,669060,3,2.3356707
747081,2024-08-08,2024,593423,7,5.8549266
747081,2024-08-08,2024,592426,1,2.7986717
744899,2024-08-08,2024,592332,2,6.601058
747169,2024-08-08,2024,677944,2,4.0299153
747081,2024-08-08,2024,670161,3,3.276245
745308,2024-08-09,2024,592662,7,6.241793
746032,2024-08-09,2024,527048,6,4.8995357
746032,2024-08-09,2024,665795,4,6.662269
747168,2024-08-09,2024,669194,9,7.3881965
746760,2024-08-09,2024,676979,5,4.4152684
746927,2024-08-09,2024,656557,1,5.155993
745308,2024-08-09,2024,628317,2,3.7162285
745957,2024-08-09,2024,650644,5,5.579357
746760,2024-08-09,2024,657053,6,2.9770138
745871,2024-08-09,2024,502171,1,3.95335
745871,2024-08-09,2024,686973,4,4.356234
746927,2024-08-09,2024,669854,5,5.0433064
747168,2024-08-09,2024,554430,8,6.3532805
746760,2024-08-09,2024,592791,4,5.10996
744900,2024-08-09,2024,621244,8,6.2950883
746113,2024-08-09,2024,656605,5,6.1155744
744900,2024-08-09,2024,687765,2,4.273288
745062,2024-08-09,2024,621107,7,4.846934
744818,2024-08-09,2024,680730,5,5.419746
744818,2024-08-09,2024,667755,7,4.0890055
746275,2024-08-09,2024,547179,3,5.271161
745220,2024-08-09,2024,682243,6,5.653696
745220,2024-08-09,2024,500779,8,6.7720165
745957,2024-08-09,2024,686730,7,5.441035
745062,2024-08-09,2024,641793,5,4.883035
745927,2024-08-09,2024,641927,9,7.1256046
746275,2024-08-09,2024,571945,3,3.9517426
745927,2024-08-09,2024,676282,2,4.524997
746113,2024-08-09,2024,656427,10,8.078494
746523,2024-08-09,2024,656550,8,7.700996
746113,2024-08-09,2024,593334,3,4.399151
745308,2024-08-09,2024,689225,5,2.90672
746523,2024-08-09,2024,685299,7,4.513662
745219,2024-08-10,2024,669302,6,6.3314905
747164,2024-08-10,2024,668678,3,5.8075566
746112,2024-08-10,2024,621294,4,2.1445036
744820,2024-08-10,2024,571578,2,5.6369777
746112,2024-08-10,2024,689981,4,3.572271
746112,2024-08-10,2024,694973,8,7.192128
745219,2024-08-10,2024,640455,3,4.5735364
746520,2024-08-10,2024,608331,9,5.8455377
744820,2024-08-10,2024,656288,0,4.5908976
746520,2024-08-10,2024,641712,1,3.1937459
747164,2024-08-10,2024,605400,4,5.359657
745955,2024-08-10,2024,607259,7,4.7169147
746761,2024-08-10,2024,657006,8,6.3973117
746922,2024-08-10,2024,681293,13,5.408832
746922,2024-08-10,2024,641745,6,3.1792338
745304,2024-08-10,2024,676428,5,4.6059866
745304,2024-08-10,2024,657277,8,7.4462295
744897,2024-08-10,2024,674370,5,5.1112266
746026,2024-08-10,2024,682610,3,4.7472253
746026,2024-08-10,2024,663362,5,4.844239
745873,2024-08-10,2024,668909,3,4.461327
746520,2024-08-10,2024,663562,1,2.29895
745056,2024-08-10,2024,641302,3,4.5042386
745056,2024-08-10,2024,669203,5,6.8863053
745873,2024-08-10,2024,680573,7,5.499411
745708,2024-08-10,2024,543037,10,6.564166
746761,2024-08-10,2024,623167,1,2.7546911
745712,2024-08-10,2024,681982,3,3.104714
745712,2024-08-10,2024,656271,2,3.609362
745712,2024-08-10,2024,607074,6,8.53554
745955,2024-08-10,2024,668964,9,6.1589417
745712,2024-08-10,2024,543135,4,4.811909
744897,2024-08-10,2024,684320,5,4.4440045
746269,2024-08-10,2024,608379,6,5.4622664
745708,2024-08-10,2024,674003,7,4.183887
746269,2024-08-10,2024,669467,4,6.5074444
745872,2024-08-11,2024,677976,3,2.098988
746025,2024-08-11,2024,676974,4,4.8816447
745872,2024-08-11,2024,676440,5,4.3485274
745872,2024-08-11,2024,701581,3,3.6933718
746923,2024-08-11,2024,686613,9,6.1077013
746517,2024-08-11,2024,680885,7,6.904222
746517,2024-08-11,2024,607536,1,2.7919273
745057,2024-08-11,2024,544150,5,5.8329487
747166,2024-08-11,2024,650911,4,6.977295
745303,2024-08-11,2024,672456,2,4.79958
745711,2024-08-11,2024,605280,2,3.2209244
747166,2024-08-11,2024,518876,2,4.5036354
745956,2024-08-11,2024,605452,3,2.9441066
745956,2024-08-11,2024,666157,4,4.9229407
745711,2024-08-11,2024,573186,1,4.2413964
744895,2024-08-11,2024,642232,1,1.9544842
745956,2024-08-11,2024,669084,9,6.6157126
745711,2024-08-11,2024,571760,4,4.5074997
745216,2024-08-11,2024,622491,9,6.1423564
745216,2024-08-11,2024,622663,8,6.3954287
746114,2024-08-11,2024,607192,4,6.944558
744895,2024-08-11,2024,676664,4,5.3749924
746025,2024-08-11,2024,656302,5,7.340284
744816,2024-08-11,2024,686799,2,4.005849
745057,2024-08-11,2024,605488,8,4.392874
744816,2024-08-11,2024,669022,2,4.3394694
745303,2024-08-11,2024,806185,5,5.47949
744895,2024-08-11,2024,605135,5,4.0481896
746114,2024-08-11,2024,663559,2,5.679311
745383,2024-08-12,2024,605397,1,3.9843163
746921,2024-08-12,2024,678394,5,6.882134
745383,2024-08-12,2024,663765,2,3.3720694
746603,2024-08-12,2024,594902,1,3.645746
745953,2024-08-12,2024,477132,6,4.723888
746603,2024-08-12,2024,684007,3,6.798096
746192,2024-08-12,2024,670102,8,5.6209235
745953,2024-08-12,2024,642547,4,5.6219954
746192,2024-08-12,2024,669721,5,4.777126
745300,2024-08-12,2024,605483,11,8.39201
746921,2024-08-12,2024,641816,7,6.7063737
746682,2024-08-12,2024,671096,6,5.227735
746762,2024-08-12,2024,660853,1,2.4949431
747165,2024-08-12,2024,687134,4,5.296146
746762,2024-08-12,2024,661563,3,7.317042
745874,2024-08-12,2024,663903,9,5.244312
746762,2024-08-12,2024,681066,2,4.8547397
745058,2024-08-12,2024,671737,6,5.8425817
746682,2024-08-12,2024,543243,9,5.5004325
747165,2024-08-12,2024,694297,11,6.582665
745300,2024-08-12,2024,519242,12,7.853287
745874,2024-08-12,2024,641154,5,7.3471227
745058,2024-08-12,2024,664285,9,7.794564
745954,2024-08-13,2024,607067,4,5.1285567
745954,2024-08-13,2024,689017,2,3.834678
746435,2024-08-13,2024,669923,5,3.6767387
745867,2024-08-13,2024,607625,4,4.081353
747004,2024-08-13,2024,669432,2,3.7047403
745867,2024-08-13,2024,805673,5,3.8008516
747160,2024-08-13,2024,593958,5,4.3390746
747004,2024-08-13,2024,663623,3,6.792968
746187,2024-08-13,2024,592332,5,7.6940713
746187,2024-08-13,2024,608334,3,3.339989
745954,2024-08-13,2024,694813,6,5.0101867
746187,2024-08-13,2024,670046,4,2.9159293
747160,2024-08-13,2024,596295,4,3.21602
746435,2024-08-13,2024,669373,9,6.399184
746673,2024-08-13,2024,607200,2,4.8408904
746757,2024-08-13,2024,641482,9,5.916796
746924,2024-08-13,2024,676710,4,4.258076
746924,2024-08-13,2024,570632,3,4.9535475
745548,2024-08-13,2024,592836,5,4.1055417
745548,2024-08-13,2024,678368,4,4.3090167
745055,2024-08-13,2024,579328,5,7.7142653
745055,2024-08-13,2024,669358,6,6.137591
746673,2024-08-13,2024,668881,8,8.553755
746601,2024-08-13,2024,571510,6,5.0691066
746435,2024-08-13,2024,663423,0,3.24545
745302,2024-08-13,2024,690986,6,4.299162
746601,2024-08-13,2024,665871,2,3.111027
745302,2024-08-13,2024,450203,8,6.8467665
745788,2024-08-13,2024,676130,3,2.159462
745382,2024-08-13,2024,650633,10,5.35464
746757,2024-08-13,2024,686563,4,4.722201
745788,2024-08-13,2024,621112,4,3.4873328
745788,2024-08-13,2024,671212,6,6.994754
745382,2024-08-13,2024,682847,3,4.8081026
746759,2024-08-14,2024,543859,2,2.3935552
746919,2024-08-14,2024,641540,3,3.8010771
746598,2024-08-14,2024,502171,3,4.366116
746919,2024-08-14,2024,656557,3,7.5722528
746759,2024-08-14,2024,663436,5,4.1862106
745544,2024-08-14,2024,663969,4,4.8223667
745951,2024-08-14,2024,621111,3,4.331457
745951,2024-08-14,2024,593423,6,6.7379274
746759,2024-08-14,2024,701542,5,6.0614786
746598,2024-08-14,2024,592791,6,4.638306
745544,2024-08-14,2024,665795,2,4.26624
745053,2024-08-14,2024,641793,3,3.2245748
745790,2024-08-14,2024,656849,4,4.228822
747163,2024-08-14,2024,656756,8,7.7754683
747163,2024-08-14,2024,663567,1,2.2795663
747163,2024-08-14,2024,685299,0,2.3248396
747000,2024-08-14,2024,687792,5,5.4788246
745053,2024-08-14,2024,669854,4,3.552059
746677,2024-08-14,2024,686730,4,2.951617
746677,2024-08-14,2024,502043,6,5.1981883
745301,2024-08-14,2024,656550,6,6.5865855
745790,2024-08-14,2024,683155,3,4.4864154
746188,2024-08-14,2024,621244,5,4.349379
745381,2024-08-14,2024,527048,8,4.965683
745381,2024-08-14,2024,656605,2,4.5412073
746436,2024-08-14,2024,693433,6,5.9139533
746188,2024-08-14,2024,542881,8,5.7619915
745869,2024-08-14,2024,686973,3,6.048299
746436,2024-08-14,2024,676614,4,3.7133973
747000,2024-08-14,2024,665152,3,5.6936584
745869,2024-08-14,2024,666142,8,5.843557
745783,2024-08-15,2024,621053,2,1.9953985
746437,2024-08-15,2024,628317,5,5.514808
745545,2024-08-15,2024,680730,6,4.699369
747002,2024-08-15,2024,601713,6,5.488275
747002,2024-08-15,2024,621107,8,3.9808476
745545,2024-08-15,2024,554430,6,6.3971095
747002,2024-08-15,2024,663767,2,2.297179
745783,2024-08-15,2024,500779,1,4.3270936
745950,2024-08-15,2024,668964,1,5.024114
745298,2024-08-15,2024,657277,7,6.023586
744980,2024-08-15,2024,674003,2,6.1376023
744980,2024-08-15,2024,641927,3,4.8778634
745950,2024-08-15,2024,656427,7,5.173456
745783,2024-08-15,2024,687765,1,4.7933173
745298,2024-08-15,2024,608331,5,6.208942
746437,2024-08-15,2024,682243,9,6.369923
745949,2024-08-16,2024,650644,4,4.0446186
746843,2024-08-16,2024,684320,5,4.9197474
745949,2024-08-16,2024,668909,5,6.238839
745144,2024-08-16,2024,571945,7,5.1015277
745144,2024-08-16,2024,680736,3,4.8532147
746843,2024-08-16,2024,543294,2,2.1937535
746189,2024-08-16,2024,667755,5,2.6428833
744974,2024-08-16,2024,571760,8,5.7702866
745542,2024-08-16,2024,605400,4,7.8808312
745542,2024-08-16,2024,571578,2,5.0097413
745054,2024-08-16,2024,686752,5,4.6311183
744974,2024-08-16,2024,680573,1,4.100773
746518,2024-08-16,2024,663362,6,5.200034
746518,2024-08-16,2024,615698,5,4.949585
746438,2024-08-16,2024,676428,5,3.97324
747001,2024-08-16,2024,681867,1,4.011846
747001,2024-08-16,2024,669203,7,7.1308694
745054,2024-08-16,2024,669194,6,6.517868
745462,2024-08-16,2024,694973,6,6.7313437
746189,2024-08-16,2024,680885,8,6.01844
745784,2024-08-16,2024,666277,2,3.1303356
745784,2024-08-16,2024,682610,5,4.8298717
746357,2024-08-16,2024,657053,3,2.3660545
746357,2024-08-16,2024,676979,9,3.8862236
746357,2024-08-16,2024,681293,5,5.9212832
746674,2024-08-16,2024,547179,3,4.8830047
746438,2024-08-16,2024,543037,8,7.084729
746674,2024-08-16,2024,607259,4,2.7464824
745784,2024-08-16,2024,640455,4,6.2558255
745462,2024-08-16,2024,669302,6,6.0191207
745140,2024-08-17,2024,641703,0,4.2017484
746434,2024-08-17,2024,607074,5,5.5718718
745537,2024-08-17,2024,650911,4,7.156729
745140,2024-08-17,2024,669467,5,5.295239
746515,2024-08-17,2024,663567,0,2.433959
746434,2024-08-17,2024,672456,5,5.1493335
745537,2024-08-17,2024,669022,6,7.0669036
746515,2024-08-17,2024,656302,5,8.414362
746190,2024-08-17,2024,656288,3,5.2630863
746190,2024-08-17,2024,519242,10,7.1276007
745785,2024-08-17,2024,622663,8,8.8938055
745785,2024-08-17,2024,676974,3,5.601579
745952,2024-08-17,2024,676440,7,5.0999293
746675,2024-08-17,2024,608379,9,4.882644
745140,2024-08-17,2024,676272,1,4.2441835
746434,2024-08-17,2024,663947,2,2.229021
746675,2024-08-17,2024,666157,2,4.0477386
745049,2024-08-17,2024,605488,7,4.7504992
745626,2024-08-17,2024,674370,6,5.6546693
746355,2024-08-17,2024,686613,6,6.5864034
746515,2024-08-17,2024,607536,3,5.2092566
746355,2024-08-17,2024,694363,2,2.4765658
745463,2024-08-17,2024,663559,8,5.011663
745463,2024-08-17,2024,622491,6,6.2484813
746355,2024-08-17,2024,623167,1,3.3431907
746841,2024-08-17,2024,605135,5,3.1228805
745626,2024-08-17,2024,806185,5,4.9780383
746997,2024-08-17,2024,678394,6,5.8870864
746997,2024-08-17,2024,700249,6,4.666449
744977,2024-08-17,2024,543135,6,7.5997195
744977,2024-08-17,2024,701581,6,4.3523965
745952,2024-08-17,2024,642547,3,2.814035
745049,2024-08-17,2024,668678,3,6.4897704
745786,2024-08-18,2024,621112,4,4.8493304
746838,2024-08-18,2024,681799,2,2.5431
746838,2024-08-18,2024,670102,7,5.921617
745464,2024-08-18,2024,669923,5,5.8108726
745786,2024-08-18,2024,678368,4,3.1731427
745464,2024-08-18,2024,663765,4,4.882031
746186,2024-08-18,2024,686799,0,3.8739424
746838,2024-08-18,2024,684007,6,6.2484736
745464,2024-08-18,2024,656924,1,2.6695397
745539,2024-08-18,2024,663623,5,6.2977405
745139,2024-08-18,2024,477132,2,3.3898
745139,2024-08-18,2024,543243,6,5.983004
745948,2024-08-18,2024,594902,5,3.5003753
745948,2024-08-18,2024,607067,5,3.5833144
746431,2024-08-18,2024,573186,5,3.509877
746431,2024-08-18,2024,669373,5,7.4861345
746186,2024-08-18,2024,450203,7,6.0624366
746999,2024-08-18,2024,544150,6,6.420414
746676,2024-08-18,2024,671096,4,4.8689446
746516,2024-08-18,2024,687134,2,3.770257
745621,2024-08-18,2024,676664,9,5.53894
746676,2024-08-18,2024,663903,6,5.5902476
746516,2024-08-18,2024,605397,6,5.615248
745621,2024-08-18,2024,605483,10,7.845632
744975,2024-08-18,2024,642520,3,2.367658
744975,2024-08-18,2024,641816,1,3.9353373
745051,2024-08-18,2024,518876,4,6.0020804
745051,2024-08-18,2024,641302,5,3.1589625
746999,2024-08-18,2024,676710,4,4.839472
745539,2024-08-18,2024,592836,3,5.805115
746359,2024-08-18,2024,664285,9,7.103014
746359,2024-08-18,2024,681066,5,3.7168202
744975,2024-08-18,2024,641154,3,8.595242
744976,2024-08-19,2024,570632,3,2.9125633
744976,2024-08-19,2024,641540,4,2.9654045
746027,2024-08-19,2024,694297,4,5.8682523
746027,2024-08-19,2024,670124,2,4.385464
745780,2024-08-19,2024,656849,8,5.724005
745780,2024-08-19,2024,669432,5,4.6577387
744976,2024-08-19,2024,682847,7,5.0386133
745380,2024-08-19,2024,805673,1,4.2601113
745380,2024-08-19,2024,650633,6,4.02377
745620,2024-08-19,2024,671737,2,4.335138
744898,2024-08-19,2024,687924,2,2.1882296
744898,2024-08-19,2024,592332,5,6.7260814
746270,2024-08-19,2024,607625,8,4.7950735
746270,2024-08-19,2024,608334,4,3.7446876
746351,2024-08-19,2024,579328,7,6.4457307
746351,2024-08-19,2024,656557,8,6.6596913
745294,2024-08-19,2024,690986,5,5.8460784
746109,2024-08-19,2024,694813,10,6.1144404
746270,2024-08-19,2024,682989,3,2.6612363
746109,2024-08-19,2024,693433,5,5.3800807
745294,2024-08-19,2024,686563,4,5.0722127
745620,2024-08-19,2024,671212,6,9.11434
746029,2024-08-20,2024,593958,5,5.8523316
746029,2024-08-20,2024,665795,3,4.615024
746349,2024-08-20,2024,669854,6,4.6638656
746349,2024-08-20,2024,601713,2,5.6013374
746107,2024-08-20,2024,682243,5,5.523863
746839,2024-08-20,2024,665871,7,4.69792
745624,2024-08-20,2024,683155,5,4.946589
745295,2024-08-20,2024,592662,9,7.09866
744896,2024-08-20,2024,621244,7,4.3922844
745136,2024-08-20,2024,607200,2,4.585806
745136,2024-08-20,2024,593423,3,5.411609
744896,2024-08-20,2024,686730,3,2.678823
746107,2024-08-20,2024,621111,1,5.168875
747083,2024-08-20,2024,554430,8,6.007815
745782,2024-08-20,2024,665152,7,5.357898
746266,2024-08-20,2024,666142,9,5.958712
746266,2024-08-20,2024,542881,2,5.3955426
745782,2024-08-20,2024,500779,3,3.729465
744978,2024-08-20,2024,674003,8,5.103105
744978,2024-08-20,2024,656605,9,7.070438
745374,2024-08-20,2024,527048,2,3.3449898
745374,2024-08-20,2024,641927,5,4.011915
747083,2024-08-20,2024,625643,10,6.079151
745707,2024-08-20,2024,661563,3,3.2523801
746839,2024-08-20,2024,676614,2,3.7508836
744814,2024-08-20,2024,596295,5,4.584247
745624,2024-08-20,2024,669358,4,5.280098
744814,2024-08-20,2024,687792,7,6.497102
745295,2024-08-20,2024,663436,5,4.3093963
745295,2024-08-20,2024,657053,3,1.8947842
745707,2024-08-20,2024,571510,2,3.4001315
746267,2024-08-21,2024,547179,5,5.021188
746837,2024-08-21,2024,676428,4,3.1325448
746837,2024-08-21,2024,592791,5,5.0827737
746267,2024-08-21,2024,456501,1,3.1741123
744893,2024-08-21,2024,684320,6,4.4230156
744893,2024-08-21,2024,607259,3,4.1274147
745297,2024-08-21,2024,657277,6,6.061365
744812,2024-08-21,2024,685299,2,4.0603757
745297,2024-08-21,2024,676979,4,3.7663126
744973,2024-08-21,2024,571760,8,5.4648423
746110,2024-08-21,2024,669302,7,6.8805013
746110,2024-08-21,2024,656427,5,5.8771377
746350,2024-08-21,2024,434378,6,4.190318
746350,2024-08-21,2024,681867,4,3.2943492
745375,2024-08-21,2024,663362,3,4.300694
745375,2024-08-21,2024,669308,4,3.21374
745375,2024-08-21,2024,680573,7,6.473696
745622,2024-08-21,2024,686752,5,5.926428
745622,2024-08-21,2024,687765,10,6.753856
746028,2024-08-21,2024,656756,4,4.9994397
746028,2024-08-21,2024,682610,3,3.077387
744973,2024-08-21,2024,593334,4,4.223092
744812,2024-08-21,2024,680730,6,4.213098
745781,2024-08-21,2024,608344,2,3.1498108
745781,2024-08-21,2024,640455,9,5.1502833
745138,2024-08-21,2024,502043,5,3.4997916
745704,2024-08-21,2024,641482,4,5.830073
747084,2024-08-21,2024,605400,5,6.1912727
745704,2024-08-21,2024,676282,5,4.7342124
745138,2024-08-21,2024,668964,5,4.431886
747084,2024-08-21,2024,608331,4,4.762565
745705,2024-08-22,2024,543037,2,5.857987
747082,2024-08-22,2024,680885,9,7.4912343
745465,2024-08-22,2024,596001,3,3.3597274
745623,2024-08-22,2024,605488,3,4.408727
745623,2024-08-22,2024,674370,6,5.6037655
745705,2024-08-22,2024,668909,5,6.8643723
745379,2024-08-22,2024,656302,7,8.986553
745465,2024-08-22,2024,666157,9,6.4651237
746836,2024-08-22,2024,657006,10,5.547953
746836,2024-08-22,2024,628317,5,7.0063667
746998,2024-08-22,2024,669203,2,7.0621963
746998,2024-08-22,2024,681293,6,6.073171
745379,2024-08-22,2024,622663,5,6.1954703
744815,2024-08-22,2024,571578,8,5.4531484
745137,2024-08-22,2024,642547,2,4.161842
745137,2024-08-22,2024,571945,3,3.3568828
744894,2024-08-22,2024,656288,6,4.2571197
747082,2024-08-22,2024,650911,8,6.838671
744815,2024-08-22,2024,615698,4,5.231642
745465,2024-08-22,2024,694973,9,6.359367
744894,2024-08-22,2024,642232,4,3.1491659
744815,2024-08-22,2024,663567,2,3.079782
745705,2024-08-22,2024,687362,3,2.6990306
744889,2024-08-23,2024,686799,1,3.3030667
746920,2024-08-23,2024,669194,7,5.8929973
746920,2024-08-23,2024,670174,3,2.3559484
746920,2024-08-23,2024,678394,2,5.850263
745217,2024-08-23,2024,806185,5,4.9189024
745625,2024-08-23,2024,650644,3,3.7075844
745625,2024-08-23,2024,548389,4,3.9492464
745217,2024-08-23,2024,622491,9,6.5434504
745702,2024-08-23,2024,607536,3,5.651946
745702,2024-08-23,2024,607074,5,7.694746
745625,2024-08-23,2024,676664,3,4.6149397
744889,2024-08-23,2024,605135,6,5.4603114
746758,2024-08-23,2024,623167,5,4.254921
746268,2024-08-23,2024,656457,1,2.672178
746024,2024-08-23,2024,676974,2,4.7259793
746758,2024-08-23,2024,672456,4,4.7214255
746597,2024-08-23,2024,543135,5,7.1425166
745378,2024-08-23,2024,493603,1,2.9000137
745378,2024-08-23,2024,605397,9,4.879026
745378,2024-08-23,2024,621112,1,2.8904343
746024,2024-08-23,2024,543294,0,2.6726108
746268,2024-08-23,2024,592836,2,4.7603564
746268,2024-08-23,2024,608379,5,5.876223
747080,2024-08-23,2024,519242,4,5.9643407
747080,2024-08-23,2024,669022,4,4.294947
745870,2024-08-23,2024,669467,5,5.6636
745870,2024-08-23,2024,670950,1,2.0596113
745870,2024-08-23,2024,701581,5,3.584437
746111,2024-08-23,2024,676272,9,6.979904
746597,2024-08-23,2024,676440,6,5.192314
745460,2024-08-23,2024,663559,4,4.238998
746995,2024-08-23,2024,686613,6,6.5919404
746995,2024-08-23,2024,700249,3,3.6036181
746111,2024-08-23,2024,641302,1,3.466528
746022,2024-08-24,2024,684007,3,6.2532744
746022,2024-08-24,2024,678368,1,1.9196641
746996,2024-08-24,2024,544150,3,5.397626
746108,2024-08-24,2024,671737,5,6.419599
746108,2024-08-24,2024,477132,5,5.6313176
746996,2024-08-24,2024,664285,8,8.003488
745457,2024-08-24,2024,687924,4,4.883158
746022,2024-08-24,2024,642629,2,4.6581836
745218,2024-08-24,2024,669923,3,5.440651
745617,2024-08-24,2024,671305,3,1.6917913
745617,2024-08-24,2024,607067,5,6.472509
745617,2024-08-24,2024,671212,8,8.5164795
746599,2024-08-24,2024,681982,2,2.3418481
745377,2024-08-24,2024,650633,7,4.8089523
745377,2024-08-24,2024,656849,2,4.234484
745868,2024-08-24,2024,543243,7,6.5212035
745868,2024-08-24,2024,641154,9,7.807021
746756,2024-08-24,2024,669373,8,5.318199
746756,2024-08-24,2024,681066,1,2.4991455
746917,2024-08-24,2024,676710,3,4.6456113
746917,2024-08-24,2024,668678,9,5.997823
745218,2024-08-24,2024,605483,5,4.140143
745703,2024-08-24,2024,687134,5,6.0227656
745457,2024-08-24,2024,663765,3,3.7909122
746599,2024-08-24,2024,594902,4,5.621839
745703,2024-08-24,2024,701542,6,4.931953
746599,2024-08-24,2024,679156,3,2.8011913
747077,2024-08-24,2024,663623,3,5.199946
746599,2024-08-24,2024,592351,1,2.7750714
747077,2024-08-24,2024,450203,6,7.8823376
746271,2024-08-24,2024,624133,6,3.595529
746271,2024-08-24,2024,663903,5,5.19135
744890,2024-08-24,2024,670102,12,9.141733
744890,2024-08-24,2024,608334,8,4.863531
746754,2024-08-25,2024,676614,3,1.2867337
746263,2024-08-25,2024,607625,3,4.618133
745618,2024-08-25,2024,593423,7,8.053654
746994,2024-08-25,2024,665152,5,4.888056
745706,2024-08-25,2024,573186,5,4.3821816
746106,2024-08-25,2024,682052,6,3.4306278
745376,2024-08-25,2024,500779,0,4.15885
745376,2024-08-25,2024,527048,1,3.9034636
745706,2024-08-25,2024,596295,4,4.2697706
746263,2024-08-25,2024,663465,5,3.6026638
747078,2024-08-25,2024,687792,8,5.610665
747078,2024-08-25,2024,625643,7,4.950927
746918,2024-08-25,2024,518876,5,5.8583245
744892,2024-08-25,2024,592332,10,6.962576
746918,2024-08-25,2024,656557,2,7.094858
745863,2024-08-25,2024,607200,7,4.0681453
745863,2024-08-25,2024,805673,7,4.6572146
746994,2024-08-25,2024,579328,4,7.6192164
746754,2024-08-25,2024,686563,4,4.258562
746754,2024-08-25,2024,657053,3,2.865391
745459,2024-08-25,2024,686730,1,2.9338644
745618,2024-08-25,2024,683155,5,4.7050605
746106,2024-08-25,2024,694813,7,3.453939
746023,2024-08-25,2024,670124,6,4.7082896
745212,2024-08-25,2024,693433,7,6.24237
744892,2024-08-25,2024,542881,3,5.2869887
745212,2024-08-25,2024,663546,1,2.4721804
746023,2024-08-25,2024,665871,3,3.3959074
746595,2024-08-25,2024,571510,4,3.9709606
746595,2024-08-25,2024,674003,3,2.895895
745459,2024-08-25,2024,682847,5,5.9147286
745459,2024-08-25,2024,607259,1,3.214558
745212,2024-08-25,2024,592662,4,4.030204
746753,2024-08-26,2024,663436,4,4.4166336
746753,2024-08-26,2024,680744,2,4.305026
746753,2024-08-26,2024,694363,3,2.136244
744813,2024-08-26,2024,680730,5,4.8398685
745133,2024-08-26,2024,502043,2,3.8016262
745458,2024-08-26,2024,621399,0,2.2805207
746513,2024-08-26,2024,665795,8,6.978563
744813,2024-08-26,2024,686747,1,1.1920321
746513,2024-08-26,2024,663372,2,4.143231
746628,2024-08-26,2024,666142,4,4.9011087
746915,2024-08-26,2024,677161,4,3.1667466
744813,2024-08-26,2024,641482,5,4.490117
745458,2024-08-26,2024,656605,4,6.323256
746915,2024-08-26,2024,621244,6,4.5933022
746915,2024-08-26,2024,641745,2,4.7921023
745538,2024-08-26,2024,669854,5,4.980454
745865,2024-08-26,2024,641927,2,2.5073853
745865,2024-08-26,2024,608331,7,4.6806865
745458,2024-08-26,2024,593334,3,4.127444
745458,2024-08-26,2024,592791,3,4.8150406
745133,2024-08-26,2024,681190,2,6.0037837
745538,2024-08-26,2024,554430,6,6.896479
746596,2024-08-26,2024,679525,2,4.995833
746596,2024-08-26,2024,671106,1,3.1532707
745215,2024-08-26,2024,682243,10,4.857097
745215,2024-08-26,2024,686752,6,5.404964
746916,2024-08-27,2024,681867,0,3.151137
746916,2024-08-27,2024,684320,3,3.376211
745213,2024-08-27,2024,669302,10,7.0941043
744811,2024-08-27,2024,571578,6,5.491099
745132,2024-08-27,2024,656302,4,5.9520955
744811,2024-08-27,2024,543037,7,5.716251
745213,2024-08-27,2024,605488,9,4.116089
745946,2024-08-27,2024,657277,4,5.901545
745132,2024-08-27,2024,571945,3,4.187026
745540,2024-08-27,2024,605400,6,7.6274652
745540,2024-08-27,2024,434378,3,4.6751175
746510,2024-08-27,2024,615698,2,3.641348
746510,2024-08-27,2024,642834,3,1.5092973
746105,2024-08-27,2024,656427,5,6.0113235
746105,2024-08-27,2024,608344,3,2.859944
746510,2024-08-27,2024,682610,0,1.9107542
745461,2024-08-27,2024,683003,4,5.589416
747162,2024-08-27,2024,694297,6,6.7304044
747162,2024-08-27,2024,656756,2,4.2864947
747162,2024-08-27,2024,640455,11,5.5365324
746429,2024-08-27,2024,456501,5,3.3688016
746755,2024-08-27,2024,623167,4,5.1836905
745864,2024-08-27,2024,680573,3,4.9659443
745461,2024-08-27,2024,657006,6,4.8763638
746755,2024-08-27,2024,571760,2,3.856565
746671,2024-08-27,2024,687765,3,4.180197
745946,2024-08-27,2024,668964,4,4.2130613
746671,2024-08-27,2024,596001,3,2.3161361
745864,2024-08-27,2024,680885,8,7.5794415
746594,2024-08-27,2024,672578,2,2.620875
746429,2024-08-27,2024,676428,4,4.7298236
746594,2024-08-27,2024,668909,6,5.377115
746512,2024-08-28,2024,676974,6,5.150805
746512,2024-08-28,2024,607536,5,4.6643004
746589,2024-08-28,2024,676440,6,6.680278
746752,2024-08-28,2024,570632,2,2.9209957
745452,2024-08-28,2024,543294,2,2.850261
746752,2024-08-28,2024,671111,2,1.2847236
746752,2024-08-28,2024,683004,4,6.1521487
746589,2024-08-28,2024,608379,7,4.964529
746672,2024-08-28,2024,518585,6,3.5748777
745541,2024-08-28,2024,592836,0,5.206763
745541,2024-08-28,2024,681293,11,6.2733426
746672,2024-08-28,2024,543391,2,1.7295418
745452,2024-08-28,2024,694973,6,6.3307357
746430,2024-08-28,2024,656288,4,5.33401
746672,2024-08-28,2024,674370,5,4.5856547
747161,2024-08-28,2024,593958,5,4.464376
747161,2024-08-28,2024,622663,9,6.220469
746430,2024-08-28,2024,628317,5,6.5340457
745943,2024-08-28,2024,642547,8,7.058363
745943,2024-08-28,2024,690986,7,4.937355
746103,2024-08-28,2024,621111,4,6.3552976
745866,2024-08-28,2024,701581,7,5.306387
744809,2024-08-28,2024,607074,8,7.187961
746103,2024-08-28,2024,669203,4,8.059033
745134,2024-08-28,2024,669467,3,6.163574
745211,2024-08-28,2024,622491,4,6.3085437
745211,2024-08-28,2024,641302,4,3.32836
745134,2024-08-28,2024,605397,3,6.4300356
746913,2024-08-28,2024,605135,9,5.233649
746913,2024-08-28,2024,678394,9,6.8163104
744809,2024-08-28,2024,669022,6,6.394464
745866,2024-08-28,2024,519242,6,7.5057597
746670,2024-08-29,2024,669372,4,2.9455566
745135,2024-08-29,2024,543243,4,5.544474
745135,2024-08-29,2024,650633,3,5.8247323
745945,2024-08-29,2024,694738,4,3.3649416
745945,2024-08-29,2024,650644,7,5.8263574
746670,2024-08-29,2024,687924,1,3.4502692
746914,2024-08-29,2024,676710,3,3.9364305
745945,2024-08-29,2024,806185,6,5.7401433
746514,2024-08-29,2024,687134,3,4.295646
747159,2024-08-29,2024,669194,4,6.6336064
747159,2024-08-29,2024,656849,4,3.6897652
746514,2024-08-29,2024,678368,4,3.3292828
746102,2024-08-29,2024,700249,3,3.7980328
745531,2024-08-29,2024,450203,7,7.6611915
745531,2024-08-29,2024,650911,8,7.494784
746352,2024-08-29,2024,663903,6,5.988112
746352,2024-08-29,2024,686613,4,5.5653625
746432,2024-08-29,2024,686799,4,3.8114388
746432,2024-08-29,2024,672456,5,4.8206253
746102,2024-08-29,2024,621199,2,1.9937389
746102,2024-08-29,2024,676272,3,4.929549
746914,2024-08-29,2024,670102,5,4.2446017
746748,2024-08-29,2024,680897,3,6.463936
746748,2024-08-29,2024,543135,10,6.758104
745862,2024-08-30,2024,592332,4,7.71094
745533,2024-08-30,2024,625643,6,6.6070466
746665,2024-08-30,2024,695076,6,3.9530556
746665,2024-08-30,2024,691172,3,2.2807186
746665,2024-08-30,2024,669084,5,5.080629
745052,2024-08-30,2024,527048,4,5.313828
745052,2024-08-30,2024,541640,4,2.9600892
745052,2024-08-30,2024,669308,5,2.3962584
745052,2024-08-30,2024,671737,2,5.340399
746433,2024-08-30,2024,663554,4,4.1614327
746749,2024-08-30,2024,686563,3,4.615013
746511,2024-08-30,2024,544150,4,5.514081
746511,2024-08-30,2024,596295,4,4.102573
747156,2024-08-30,2024,523260,1,2.396278
744969,2024-08-30,2024,592351,5,4.2526135
744969,2024-08-30,2024,641540,0,3.2226338
744969,2024-08-30,2024,676664,4,5.0697393
747156,2024-08-30,2024,668678,7,6.852217
746593,2024-08-30,2024,663559,2,2.3066473
746593,2024-08-30,2024,594902,3,4.479781
746593,2024-08-30,2024,593334,4,2.9406726
745862,2024-08-30,2024,641154,3,7.117762
746433,2024-08-30,2024,656557,6,6.986869
745533,2024-08-30,2024,624133,6,4.197521
746730,2024-08-30,2024,607067,5,5.2732253
745299,2024-08-30,2024,605483,8,7.937254
746730,2024-08-30,2024,607259,3,3.7728388
746184,2024-08-30,2024,669923,2,3.969955
745299,2024-08-30,2024,670124,8,5.127017
746353,2024-08-30,2024,607625,9,4.1158233
745299,2024-08-30,2024,657508,2,3.0133657
746749,2024-08-30,2024,656731,6,5.543901
746749,2024-08-30,2024,657053,3,3.5944045
746353,2024-08-30,2024,664285,7,7.735243
746184,2024-08-30,2024,691951,3,2.6910853
744810,2024-08-30,2024,684007,8,6.7478843
745700,2024-08-30,2024,607200,8,4.4267
745700,2024-08-30,2024,573186,5,5.0402236
744810,2024-08-30,2024,663623,6,6.084825
747158,2024-08-31,2024,518876,1,4.870718
747158,2024-08-31,2024,694813,4,3.691415
745296,2024-08-31,2024,665795,3,5.01623
744808,2024-08-31,2024,687792,5,6.003533
744808,2024-08-31,2024,665871,4,3.6275432
746348,2024-08-31,2024,579328,12,7.9795866
745296,2024-08-31,2024,696131,6,4.5750566
744971,2024-08-31,2024,683155,7,4.502043
746751,2024-08-31,2024,663436,6,5.641875
746348,2024-08-31,2024,666142,10,6.036735
746182,2024-08-31,2024,693433,3,4.458888
746507,2024-08-31,2024,663372,6,4.7812295
745699,2024-08-31,2024,701542,3,4.223847
745050,2024-08-31,2024,689690,1,2.998653
745050,2024-08-31,2024,681190,3,6.329304
745050,2024-08-31,2024,669358,5,4.966719
745859,2024-08-31,2024,805673,5,3.6160278
745532,2024-08-31,2024,554430,7,5.786288
745532,2024-08-31,2024,608331,4,5.9766364
746590,2024-08-31,2024,571510,8,5.104855
745859,2024-08-31,2024,656240,3,2.8784282
745859,2024-08-31,2024,621244,5,1.8022516
746424,2024-08-31,2024,601713,6,6.1059537
746424,2024-08-31,2024,669373,8,6.3666253
746182,2024-08-31,2024,542881,3,3.1391625
746507,2024-08-31,2024,665152,3,3.0631971
746590,2024-08-31,2024,682847,5,5.0141826
745699,2024-08-31,2024,502043,6,3.2650347
746751,2024-08-31,2024,500779,6,4.553835
744971,2024-08-31,2024,674003,8,5.4257936
746667,2024-08-31,2024,593423,4,5.3155155
746667,2024-08-31,2024,518585,5,3.1118932
746667,2024-08-31,2024,571527,1,2.641986
744970,2024-09-01,2024,687765,5,6.077435
746750,2024-09-01,2024,640455,5,5.5361323
746505,2024-09-01,2024,621389,1,2.3625946
746505,2024-09-01,2024,621107,9,6.081141
745861,2024-09-01,2024,684320,3,2.7641509
746347,2024-09-01,2024,679525,5,3.4055047
745048,2024-09-01,2024,686752,4,6.422691
745048,2024-09-01,2024,656302,4,6.0838623
745048,2024-09-01,2024,642121,1,2.4731011
745861,2024-09-01,2024,641927,8,5.6193733
745292,2024-09-01,2024,670766,2,3.6389532
744806,2024-09-01,2024,680730,8,4.5031505
745536,2024-09-01,2024,605400,9,7.2109017
745536,2024-09-01,2024,680885,2,5.9313083
746183,2024-09-01,2024,682243,4,4.892698
746426,2024-09-01,2024,681867,5,2.2473538
746426,2024-09-01,2024,676428,5,4.344642
746183,2024-09-01,2024,702674,4,5.294409
746669,2024-09-01,2024,596001,1,3.268113
746669,2024-09-01,2024,668964,7,5.820157
746669,2024-09-01,2024,669060,2,2.319355
746669,2024-09-01,2024,682227,5,2.7623813
745292,2024-09-01,2024,657277,4,4.95808
744806,2024-09-01,2024,696136,0,3.932932
746347,2024-09-01,2024,669854,3,5.4750266
746592,2024-09-01,2024,502171,6,5.010137
745701,2024-09-01,2024,571945,5,4.3988566
744970,2024-09-01,2024,570632,2,2.7812896
747157,2024-09-01,2024,680736,2,4.8474116
745701,2024-09-01,2024,641482,2,3.8783774
747157,2024-09-01,2024,694297,10,7.2026715
746592,2024-09-01,2024,656605,7,4.7819896
746750,2024-09-01,2024,676979,8,4.516511
746992,2024-09-02,2024,623167,5,4.663302
747155,2024-09-02,2024,677944,0,3.521038
746992,2024-09-02,2024,608344,2,2.1909676
746668,2024-09-02,2024,434378,3,5.517715
746833,2024-09-02,2024,592791,3,4.474932
746833,2024-09-02,2024,683003,4,5.3678813
746668,2024-09-02,2024,686730,2,2.9231498
746668,2024-09-02,2024,687924,2,2.6962779
744972,2024-09-02,2024,683004,2,5.7004614
744972,2024-09-02,2024,543037,9,5.41038
744972,2024-09-02,2024,502624,5,4.941042
745373,2024-09-02,2024,605397,8,7.165792
745373,2024-09-02,2024,680744,1,3.3271632
745046,2024-09-02,2024,680573,2,3.8793604
745046,2024-09-02,2024,641793,2,3.9588761
745619,2024-09-02,2024,674370,4,5.4659476
745619,2024-09-02,2024,669302,9,7.786404
745779,2024-09-02,2024,622663,5,5.8566785
745779,2024-09-02,2024,670174,4,2.3246403
745947,2024-09-02,2024,669467,3,5.449333
747155,2024-09-02,2024,656756,1,2.0025723
745779,2024-09-02,2024,678394,4,5.5549827
747155,2024-09-02,2024,656427,7,4.6487
746265,2024-09-02,2024,608379,3,4.7469964
746265,2024-09-02,2024,668909,6,7.0046225
746992,2024-09-02,2024,669203,4,5.6165357
745947,2024-09-02,2024,642547,3,6.75921
746992,2024-09-02,2024,657053,3,3.3802474
747155,2024-09-02,2024,593958,1,4.801213
745615,2024-09-03,2024,669372,7,3.3483915
745778,2024-09-03,2024,656849,11,5.2329473
745778,2024-09-03,2024,676710,8,5.6295595
744891,2024-09-03,2024,605135,7,5.9350266
746991,2024-09-03,2024,680897,2,2.5815272
746185,2024-09-03,2024,621111,6,4.269238
746991,2024-09-03,2024,694363,5,2.5684788
744968,2024-09-03,2024,571760,8,4.618568
746991,2024-09-03,2024,700249,10,5.3860126
745047,2024-09-03,2024,701581,7,5.797993
745293,2024-09-03,2024,690986,3,3.0000894
746020,2024-09-03,2024,676974,5,5.465607
746020,2024-09-03,2024,571578,8,4.4905105
745615,2024-09-03,2024,622491,5,6.235311
746834,2024-09-03,2024,694973,6,7.638389
744891,2024-09-03,2024,592836,0,3.0842373
746264,2024-09-03,2024,676440,6,5.678292
745944,2024-09-03,2024,650644,7,5.8586
746185,2024-09-03,2024,672282,10,6.2786965
746834,2024-09-03,2024,543294,5,3.5890117
745944,2024-09-03,2024,571927,7,4.371738
745293,2024-09-03,2024,663941,4,3.3117263
745293,2024-09-03,2024,669194,9,6.324323
747079,2024-09-03,2024,676105,1,2.5921211
745047,2024-09-03,2024,605488,4,4.167657
746264,2024-09-03,2024,663903,3,4.692728
747079,2024-09-03,2024,519242,9,6.5458345
747079,2024-09-03,2024,607536,5,3.70324
744968,2024-09-03,2024,607074,11,6.7954583
747075,2024-09-04,2024,450203,8,6.705743
746262,2024-09-04,2024,607625,4,6.959643
745938,2024-09-04,2024,607067,4,3.5607047
744887,2024-09-04,2024,670102,6,6.040606
745290,2024-09-04,2024,702352,3,2.2601829
744887,2024-09-04,2024,650911,7,6.7567277
747075,2024-09-04,2024,687134,2,4.0617566
745776,2024-09-04,2024,656731,3,3.759139
745776,2024-09-04,2024,656557,7,5.5687227
745614,2024-09-04,2024,676664,5,5.1101623
745614,2024-09-04,2024,669923,9,5.7602696
746262,2024-09-04,2024,594902,3,3.4239626
745938,2024-09-04,2024,669084,6,3.3910866
745290,2024-09-04,2024,668678,8,7.1531334
746835,2024-09-04,2024,593334,3,3.6633897
745290,2024-09-04,2024,806185,4,3.7225547
745614,2024-09-04,2024,548389,1,3.357562
744964,2024-09-04,2024,573186,3,3.8772593
744964,2024-09-04,2024,543135,6,7.493782
745938,2024-09-04,2024,543243,7,6.511803
746666,2024-09-04,2024,605463,1,3.1543605
746666,2024-09-04,2024,607259,7,6.1742473
746666,2024-09-04,2024,608718,6,2.0864527
745370,2024-09-04,2024,506433,4,3.794953
746990,2024-09-04,2024,686563,4,4.725054
746666,2024-09-04,2024,666215,2,1.9794145
746178,2024-09-04,2024,656288,7,5.2063813
745370,2024-09-04,2024,672456,2,3.5286088
746835,2024-09-04,2024,684007,7,7.3233986
746019,2024-09-04,2024,669022,9,6.744999
746019,2024-09-04,2024,678368,1,3.4147904
746178,2024-09-04,2024,676272,8,6.382125
745045,2024-09-04,2024,686973,1,3.029223
745045,2024-09-04,2024,656240,3,3.2023957
746990,2024-09-04,2024,544150,2,2.7380006
745045,2024-09-04,2024,641302,2,2.5790749
746021,2024-09-05,2024,670124,6,4.2122884
746021,2024-09-05,2024,624133,4,3.4849606
747073,2024-09-05,2024,596295,6,3.683239
745369,2024-09-05,2024,527048,5,3.4131744
745369,2024-09-05,2024,663554,2,4.9134736
745451,2024-09-05,2024,663623,4,5.3184023
745289,2024-09-05,2024,518876,8,5.78238
745289,2024-09-05,2024,605483,2,2.5039659
745289,2024-09-05,2024,694738,5,3.6430538
747073,2024-09-05,2024,625643,11,6.4932218
745451,2024-09-05,2024,663559,3,5.69079
745612,2024-09-05,2024,693433,6,5.492759
744966,2024-09-05,2024,686799,0,5.3106217
745612,2024-09-05,2024,683155,3,5.9964433
745042,2024-09-05,2024,641154,9,6.738236
745042,2024-09-05,2024,671737,10,6.1703515
744966,2024-09-05,2024,674003,4,3.6751602
746664,2024-09-05,2024,686613,6,5.5129485
746664,2024-09-05,2024,695076,3,4.105843
747074,2024-09-06,2024,592332,5,8.567663
744967,2024-09-06,2024,642520,1,2.3774467
746016,2024-09-06,2024,554430,7,5.5181327
746016,2024-09-06,2024,656793,3,1.3669021
746016,2024-09-06,2024,685116,1,2.6486259
745131,2024-09-06,2024,682243,4,5.991282
746104,2024-09-06,2024,689017,8,6.269665
747074,2024-09-06,2024,608331,8,6.481978
745941,2024-09-06,2024,593423,10,5.1098204
746104,2024-09-06,2024,571510,6,5.09121
744967,2024-09-06,2024,570632,3,3.6363256
746912,2024-09-06,2024,663436,3,3.6833892
745777,2024-09-06,2024,682227,1,1.7722589
745777,2024-09-06,2024,640455,9,5.490348
744967,2024-09-06,2024,691951,7,4.3876133
746257,2024-09-06,2024,666142,7,5.7667365
746257,2024-09-06,2024,805673,4,5.634028
745941,2024-09-06,2024,663372,6,5.7209125
746912,2024-09-06,2024,601713,6,6.4759183
745611,2024-09-06,2024,669373,7,6.196759
745371,2024-09-06,2024,696131,6,5.9455338
745371,2024-09-06,2024,650633,8,5.736697
746343,2024-09-06,2024,664285,7,6.3220096
745131,2024-09-06,2024,607200,1,4.1187973
746343,2024-09-06,2024,656756,3,3.9415102
746832,2024-09-06,2024,661563,7,5.401962
746993,2024-09-06,2024,669358,5,6.8487906
746993,2024-09-06,2024,665152,7,4.5225787
746832,2024-09-06,2024,696136,4,5.0543227
746343,2024-09-06,2024,694297,5,6.5664067
745611,2024-09-06,2024,687765,6,5.2558036
746344,2024-09-07,2024,579328,6,6.5293727
746986,2024-09-07,2024,621107,4,5.083092
746344,2024-09-07,2024,593958,1,4.507832
746344,2024-09-07,2024,669854,5,2.5084963
746829,2024-09-07,2024,641482,3,2.600299
746259,2024-09-07,2024,641927,7,4.5419707
746018,2024-09-07,2024,670766,4,4.080216
746259,2024-09-07,2024,679525,5,5.046787
746829,2024-09-07,2024,665871,5,3.586663
746829,2024-09-07,2024,657376,2,3.606678
747076,2024-09-07,2024,621244,5,5.436152
747076,2024-09-07,2024,680885,3,4.726908
746986,2024-09-07,2024,686752,4,6.117525
746018,2024-09-07,2024,605400,5,7.345949
745372,2024-09-07,2024,656302,4,8.468254
745372,2024-09-07,2024,657277,3,3.9368906
746911,2024-09-07,2024,681867,0,4.0531135
746911,2024-09-07,2024,676979,3,2.737825
746911,2024-09-07,2024,663767,2,2.4756775
745775,2024-09-07,2024,686730,4,3.742938
745775,2024-09-07,2024,596001,5,3.9132113
745942,2024-09-07,2024,668964,11,5.416548
745942,2024-09-07,2024,621389,1,3.008003
745775,2024-09-07,2024,500779,6,5.2279983
745613,2024-09-07,2024,676428,3,3.827257
744963,2024-09-07,2024,542881,7,5.2659287
744963,2024-09-07,2024,683004,6,5.539125
745613,2024-09-07,2024,674370,3,2.8503227
745125,2024-09-07,2024,502043,9,6.0896707
745125,2024-09-07,2024,669302,10,6.6479692
745613,2024-09-07,2024,669620,6,4.516841
745455,2024-09-07,2024,682847,2,5.6268806
745455,2024-09-07,2024,687792,5,5.11085
745456,2024-09-07,2024,656605,8,6.0446177
745456,2024-09-07,2024,680730,5,3.9490151
746099,2024-09-07,2024,680736,2,2.4487453
746098,2024-09-08,2024,676440,4,4.8232884
746017,2024-09-08,2024,686751,0,3.9220572
746827,2024-09-08,2024,592791,6,4.9993577
746910,2024-09-08,2024,690916,2,3.8831968
746910,2024-09-08,2024,623167,6,4.163145
745940,2024-09-08,2024,642547,4,4.3285384
745940,2024-09-08,2024,607536,4,4.3990016
744965,2024-09-08,2024,571760,8,6.423039
744965,2024-09-08,2024,702674,1,2.4041533
745453,2024-09-08,2024,571578,5,5.1499696
746098,2024-09-08,2024,656427,6,4.479441
745453,2024-09-08,2024,683003,9,8.223389
745616,2024-09-08,2024,669372,5,3.2829657
746989,2024-09-08,2024,641793,4,4.4153037
746989,2024-09-08,2024,669203,3,7.383207
745368,2024-09-08,2024,702352,3,3.841535
745368,2024-09-08,2024,689690,4,2.9617882
745368,2024-09-08,2024,605397,7,4.2235823
746827,2024-09-08,2024,543037,7,6.0095286
746017,2024-09-08,2024,665795,6,6.396774
745616,2024-09-08,2024,680744,7,5.216338
745128,2024-09-08,2024,571945,3,3.0970407
746345,2024-09-08,2024,669194,4,6.1646814
745128,2024-09-08,2024,571927,4,3.083799
745128,2024-09-08,2024,622491,3,2.8025608
746345,2024-09-08,2024,434378,0,3.4634364
747072,2024-09-08,2024,684320,6,4.0096126
746258,2024-09-08,2024,680573,2,4.17069
746258,2024-09-08,2024,608379,7,5.569532
747072,2024-09-08,2024,519242,7,7.51938
745774,2024-09-08,2024,687924,2,4.433793
745774,2024-09-08,2024,622663,8,6.952288
746746,2024-09-09,2024,676282,10,5.257088
746746,2024-09-09,2024,680897,2,4.4001856
746909,2024-09-09,2024,700249,5,2.954355
745534,2024-09-09,2024,650911,4,7.214482
745534,2024-09-09,2024,641302,1,2.3985734
745860,2024-09-09,2024,660761,4,2.5782447
745860,2024-09-09,2024,672282,8,5.538503
745860,2024-09-09,2024,701581,4,3.6124616
746909,2024-09-09,2024,678394,5,6.176807
746746,2024-09-09,2024,694363,5,2.7270343
746101,2024-09-09,2024,543294,2,4.535396
745454,2024-09-09,2024,694973,9,7.2351966
745454,2024-09-09,2024,678368,2,3.4134812
744888,2024-09-09,2024,656731,9,5.115119
744888,2024-09-09,2024,642232,2,2.6490629
746909,2024-09-09,2024,670174,3,2.1987014
746101,2024-09-09,2024,621111,4,5.551746
745698,2024-09-09,2024,607074,9,6.9350533
745698,2024-09-09,2024,663903,3,5.14885
747090,2024-09-09,2024,450203,7,8.022658
747090,2024-09-09,2024,607259,5,5.3952203
745291,2024-09-10,2024,650644,2,4.183246
746346,2024-09-10,2024,676664,1,3.7723362
745210,2024-09-10,2024,506433,5,3.1340375
746428,2024-09-10,2024,672456,5,5.2101803
744807,2024-09-10,2024,605154,2,2.4669437
744807,2024-09-10,2024,669022,3,4.1354284
747152,2024-09-10,2024,543135,6,6.290537
747152,2024-09-10,2024,668678,7,6.257231
746907,2024-09-10,2024,544150,8,6.288053
745694,2024-09-10,2024,573186,4,4.4760623
745446,2024-09-10,2024,670124,2,4.43253
745446,2024-09-10,2024,666277,4,2.4500835
745446,2024-09-10,2024,666214,3,2.7598505
746747,2024-09-10,2024,686563,4,5.2606816
746747,2024-09-10,2024,680732,3,3.2579699
745694,2024-09-10,2024,607625,10,6.6553016
744886,2024-09-10,2024,656849,2,4.5681863
744886,2024-09-10,2024,605135,8,6.374484
746346,2024-09-10,2024,681293,7,6.966065
746428,2024-09-10,2024,683627,2,1.8953378
745210,2024-09-10,2024,669923,4,6.0239987
746907,2024-09-10,2024,676710,6,4.375282
745856,2024-09-10,2024,656288,4,6.277888
745856,2024-09-10,2024,641154,10,7.019119
746097,2024-09-10,2024,684007,4,5.7617564
746428,2024-09-10,2024,687134,4,3.364108
746097,2024-09-10,2024,808967,8,5.335753
745535,2024-09-10,2024,671737,6,5.064532
745535,2024-09-10,2024,624133,2,4.2163672
745291,2024-09-10,2024,694738,3,4.8598294
745126,2024-09-10,2024,695076,3,3.7663975
745126,2024-09-10,2024,669467,6,3.9806302
746908,2024-09-11,2024,601713,9,5.9583416
745450,2024-09-11,2024,642834,0,1.5186259
746425,2024-09-11,2024,663554,7,2.8207965
746745,2024-09-11,2024,571510,9,5.606489
745450,2024-09-11,2024,675540,3,2.8290415
746100,2024-09-11,2024,696136,2,3.3876023
745214,2024-09-11,2024,693433,5,6.823519
746745,2024-09-11,2024,663436,4,3.6481113
745214,2024-09-11,2024,650633,6,5.6109443
744881,2024-09-11,2024,670102,1,6.7001038
744881,2024-09-11,2024,640455,8,6.406135
745697,2024-09-11,2024,661563,5,6.232283
745697,2024-09-11,2024,666142,7,6.2369323
745285,2024-09-11,2024,605483,8,5.826737
745285,2024-09-11,2024,607067,1,3.398859
746100,2024-09-11,2024,676272,2,5.396546
745857,2024-09-11,2024,686799,3,2.6190162
745450,2024-09-11,2024,663559,5,3.8980827
745857,2024-09-11,2024,805673,5,2.706352
746908,2024-09-11,2024,665152,7,6.4946856
745525,2024-09-11,2024,554430,9,7.1490316
745525,2024-09-11,2024,669358,4,5.0436573
744804,2024-09-11,2024,608331,6,5.7463517
744804,2024-09-11,2024,663623,5,4.9918213
744804,2024-09-11,2024,678226,3,2.848145
747154,2024-09-11,2024,518876,3,3.9158554
745127,2024-09-11,2024,458681,7,6.4721417
745127,2024-09-11,2024,682227,5,3.684324
747154,2024-09-11,2024,674003,4,2.458735
746425,2024-09-11,2024,685299,1,3.6229074
747154,2024-09-11,2024,502624,2,2.6746845
746342,2024-09-11,2024,683155,2,4.354915
746342,2024-09-11,2024,686613,7,5.264256
746591,2024-09-12,2024,668909,5,5.6287203
745288,2024-09-12,2024,806185,4,4.0240097
745288,2024-09-12,2024,593423,8,6.9285
745129,2024-09-12,2024,686730,4,4.0390787
745695,2024-09-12,2024,681867,4,4.6312013
745129,2024-09-12,2024,596001,3,3.5948205
746427,2024-09-12,2024,669373,6,6.197634
746427,2024-09-12,2024,663372,6,5.4397645
746337,2024-09-12,2024,687765,2,4.0152893
746337,2024-09-12,2024,664285,6,8.201607
745208,2024-09-12,2024,682243,7,4.4889035
744805,2024-09-12,2024,670766,1,3.6380093
745208,2024-09-12,2024,677958,7,4.653106
745695,2024-09-12,2024,641482,9,4.725697
744805,2024-09-12,2024,680730,5,3.3577352
745129,2024-09-12,2024,543243,9,5.62351
746591,2024-09-12,2024,642121,4,2.253387
747153,2024-09-13,2024,642547,5,6.3777895
747153,2024-09-13,2024,593958,7,5.0570426
745447,2024-09-13,2024,682847,5,6.166228
746744,2024-09-13,2024,676979,4,3.6660304
746509,2024-09-13,2024,665871,5,3.281975
745696,2024-09-13,2024,690916,2,5.9321904
745696,2024-09-13,2024,657376,5,5.330355
745855,2024-09-13,2024,641927,6,4.8749604
745855,2024-09-13,2024,687924,4,4.312059
746586,2024-09-13,2024,641793,5,5.5144596
746586,2024-09-13,2024,676440,9,4.364511
746423,2024-09-13,2024,676428,8,3.6931682
746423,2024-09-13,2024,621107,3,4.5488544
745529,2024-09-13,2024,676661,1,2.628959
745529,2024-09-13,2024,605400,7,5.953872
745207,2024-09-13,2024,594798,4,4.9991927
745529,2024-09-13,2024,500779,4,4.7310123
746744,2024-09-13,2024,669620,2,3.7334497
745207,2024-09-13,2024,676106,5,4.775747
746509,2024-09-13,2024,596295,4,5.615516
745286,2024-09-13,2024,663941,4,1.9164889
747069,2024-09-13,2024,680885,6,5.408053
747069,2024-09-13,2024,689017,2,3.5076222
746181,2024-09-13,2024,579328,6,5.962163
745286,2024-09-13,2024,656302,10,6.864685
744882,2024-09-13,2024,592332,3,7.6894712
745286,2024-09-13,2024,657277,4,4.290406
746181,2024-09-13,2024,660761,5,3.3117657
744882,2024-09-13,2024,607200,3,4.272209
746181,2024-09-13,2024,691951,0,1.4860867
744882,2024-09-13,2024,669461,3,2.6301348
744800,2024-09-13,2024,687792,5,5.099763
744800,2024-09-13,2024,665795,9,6.867807
745447,2024-09-13,2024,679525,11,5.5462403
746584,2024-09-14,2024,641302,2,2.6824417
746584,2024-09-14,2024,676282,6,3.7867005
745209,2024-09-14,2024,683004,6,5.270619
745689,2024-09-14,2024,641835,2,3.0762053
745284,2024-09-14,2024,605397,8,6.5207753
745689,2024-09-14,2024,543037,2,4.121761
745284,2024-09-14,2024,696131,2,4.371835
745528,2024-09-14,2024,663465,3,3.1619053
745448,2024-09-14,2024,656605,6,5.453132
745448,2024-09-14,2024,608379,8,5.815412
746740,2024-09-14,2024,669372,3,3.2299697
745209,2024-09-14,2024,453286,2,3.8959248
745209,2024-09-14,2024,669302,7,6.975778
745689,2024-09-14,2024,678394,2,5.302508
746740,2024-09-14,2024,623167,8,5.722669
745528,2024-09-14,2024,622663,5,5.181232
746508,2024-09-14,2024,592791,6,3.8942006
747148,2024-09-14,2024,571670,1,1.9437615
746177,2024-09-14,2024,434378,2,4.5794272
747148,2024-09-14,2024,700270,2,4.9411387
746508,2024-09-14,2024,607536,3,4.5392103
744884,2024-09-14,2024,676617,3,2.731767
744884,2024-09-14,2024,621244,4,5.6615233
746422,2024-09-14,2024,628317,2,4.25262
744884,2024-09-14,2024,502043,1,4.7154946
746177,2024-09-14,2024,542881,4,5.4940443
746422,2024-09-14,2024,669203,7,5.9840107
746422,2024-09-14,2024,680744,2,3.130476
745858,2024-09-14,2024,680573,3,3.0516145
745858,2024-09-14,2024,656240,1,2.3039021
745858,2024-09-14,2024,608718,2,2.3348086
744803,2024-09-14,2024,678368,4,3.3344898
745858,2024-09-14,2024,607259,6,4.144019
744803,2024-09-14,2024,571578,6,4.823171
747070,2024-09-14,2024,519242,6,5.926147
747070,2024-09-14,2024,656427,4,3.8218927
747148,2024-09-14,2024,694297,0,2.8598943
747148,2024-09-14,2024,668964,3,5.2109747
746180,2024-09-15,2024,669854,5,5.0674343
746180,2024-09-15,2024,702674,3,2.372004
746741,2024-09-15,2024,676664,4,4.084301
746741,2024-09-15,2024,680732,5,6.0717416
747071,2024-09-15,2024,621111,5,6.5221543
745449,2024-09-15,2024,683003,5,8.261906
746419,2024-09-15,2024,672456,1,3.2984502
746419,2024-09-15,2024,700249,8,4.255021
745530,2024-09-15,2024,650911,7,6.51715
745530,2024-09-15,2024,656849,6,5.921047
746585,2024-09-15,2024,671737,6,6.8401623
746585,2024-09-15,2024,594902,2,1.9235765
745852,2024-09-15,2024,701581,4,3.8044457
745693,2024-09-15,2024,607074,5,6.1515884
745693,2024-09-15,2024,676710,7,5.154837
745852,2024-09-15,2024,695076,5,3.4357743
746506,2024-09-15,2024,543294,7,3.2127376
746506,2024-09-15,2024,615698,2,2.779867
745449,2024-09-15,2024,663903,6,3.8502655
746506,2024-09-15,2024,676105,6,1.9681797
747071,2024-09-15,2024,450203,6,4.887509
745206,2024-09-15,2024,571760,3,5.3674426
747151,2024-09-15,2024,668678,7,6.2481947
747151,2024-09-15,2024,605452,4,2.0125356
744883,2024-09-15,2024,684320,2,3.035163
745206,2024-09-15,2024,642520,2,3.6373205
745206,2024-09-15,2024,669923,3,5.5046554
744883,2024-09-15,2024,571945,4,3.6670547
744801,2024-09-15,2024,670124,2,3.1962981
744801,2024-09-15,2024,669022,5,6.2400246
747151,2024-09-15,2024,669084,4,4.819551
745287,2024-09-15,2024,527048,2,2.560032
745287,2024-09-15,2024,694738,4,4.534817
746828,2024-09-16,2024,684007,11,6.2121377
745130,2024-09-16,2024,669467,9,5.719483
745130,2024-09-16,2024,694973,7,7.403753
746260,2024-09-16,2024,681857,3,2.719571
745367,2024-09-16,2024,506433,3,4.8504853
746502,2024-09-16,2024,518876,5,4.5676684
746502,2024-09-16,2024,622608,2,3.5646448
745939,2024-09-16,2024,624133,5,5.240085
746588,2024-09-16,2024,571510,5,3.14108
746588,2024-09-16,2024,641154,4,5.1740146
745939,2024-09-16,2024,650644,6,4.742129
746828,2024-09-16,2024,683155,1,3.1926706
745773,2024-09-16,2024,663623,5,6.2635274
745367,2024-09-16,2024,681293,3,6.510633
746260,2024-09-16,2024,607625,4,5.6367745
746179,2024-09-16,2024,672282,6,4.96855
746179,2024-09-16,2024,686563,7,5.900718
747067,2024-09-16,2024,608331,7,5.35553
747067,2024-09-16,2024,808967,3,5.065072
746828,2024-09-16,2024,656232,1,2.1393402
746828,2024-09-16,2024,663687,3,2.282421
745773,2024-09-16,2024,640455,6,4.6271024
746987,2024-09-17,2024,605483,12,7.398037
746503,2024-09-17,2024,686796,4,2.0886729
746987,2024-09-17,2024,544150,3,4.12004
746503,2024-09-17,2024,663372,2,4.791582
745044,2024-09-17,2024,601713,6,5.153586
746503,2024-09-17,2024,656756,4,5.227488
745366,2024-09-17,2024,650633,7,4.204508
746015,2024-09-17,2024,670766,4,2.9439232
744961,2024-09-17,2024,666818,3,1.7955337
745935,2024-09-17,2024,593423,10,5.2911177
744961,2024-09-17,2024,605135,2,3.8429868
744961,2024-09-17,2024,543135,4,5.6970477
745044,2024-09-17,2024,669358,6,7.432463
746015,2024-09-17,2024,676272,2,3.1795478
746176,2024-09-17,2024,656288,6,3.799394
746176,2024-09-17,2024,663436,4,4.9024105
746176,2024-09-17,2024,671109,1,2.1152852
745935,2024-09-17,2024,554430,6,6.4781613
745044,2024-09-17,2024,670174,4,2.5475793
746261,2024-09-17,2024,666142,6,7.233745
745122,2024-09-17,2024,663559,3,4.4002423
746830,2024-09-17,2024,696136,4,5.1412635
746261,2024-09-17,2024,663554,3,5.1955204
746587,2024-09-17,2024,668909,7,5.245856
746587,2024-09-17,2024,805673,5,3.7990928
745205,2024-09-17,2024,573186,3,2.628634
745205,2024-09-17,2024,646242,1,1.9260926
745205,2024-09-17,2024,661563,5,5.3362784
745122,2024-09-17,2024,458681,5,5.2555337
745205,2024-09-17,2024,693433,7,5.7423835
746659,2024-09-17,2024,518585,4,3.3206143
746659,2024-09-17,2024,656550,2,5.188782
745366,2024-09-17,2024,686613,3,4.798531
746659,2024-09-17,2024,682227,1,2.103438
746659,2024-09-17,2024,686730,0,2.084151
745772,2024-09-17,2024,656731,4,4.8176904
745772,2024-09-17,2024,680730,1,4.0223484
746830,2024-09-17,2024,687765,6,5.4533386
746014,2024-09-18,2024,677960,5,3.7682202
746662,2024-09-18,2024,596001,6,4.1512947
744959,2024-09-18,2024,674003,6,4.196858
746172,2024-09-18,2024,686799,5,3.3823082
746662,2024-09-18,2024,680885,5,6.4371476
746831,2024-09-18,2024,669620,5,4.1180224
746831,2024-09-18,2024,657006,1,3.6470861
746014,2024-09-18,2024,689017,7,5.9935675
745365,2024-09-18,2024,664285,6,6.4755936
745199,2024-09-18,2024,641482,6,5.9621015
746988,2024-09-18,2024,665152,7,4.637924
745771,2024-09-18,2024,687792,5,4.467318
745771,2024-09-18,2024,500779,4,3.2061691
745365,2024-09-18,2024,656302,5,7.182746
745121,2024-09-18,2024,543243,8,5.2871366
745121,2024-09-18,2024,663765,5,4.293441
746988,2024-09-18,2024,806185,3,5.386061
746582,2024-09-18,2024,641927,12,6.151585
746500,2024-09-18,2024,676105,3,3.031683
746500,2024-09-18,2024,596295,1,2.0378706
746500,2024-09-18,2024,593958,11,4.7278156
746254,2024-09-18,2024,679525,5,3.3751335
746254,2024-09-18,2024,669373,7,7.30958
745040,2024-09-18,2024,686752,12,5.6511617
745040,2024-09-18,2024,656557,4,4.6526446
746254,2024-09-18,2024,663738,4,2.2719524
746582,2024-09-18,2024,676440,5,4.670157
745933,2024-09-18,2024,605400,9,5.2132735
745933,2024-09-18,2024,642547,9,5.216414
745199,2024-09-18,2024,682243,8,7.935325
744959,2024-09-18,2024,670102,6,6.078956
745120,2024-09-19,2024,682847,7,5.218425
746011,2024-09-19,2024,665795,3,4.3336897
745937,2024-09-19,2024,694297,12,7.394202
745120,2024-09-19,2024,607200,3,4.1932263
745204,2024-09-19,2024,669302,9,8.030203
745204,2024-09-19,2024,657376,7,6.785708
744962,2024-09-19,2024,592332,6,2.6444516
744962,2024-09-19,2024,677958,5,3.7845378
744962,2024-09-19,2024,679156,3,2.4812698
745041,2024-09-19,2024,641793,7,3.6724756
745041,2024-09-19,2024,678394,7,6.1876016
745769,2024-09-19,2024,592836,2,3.472504
745769,2024-09-19,2024,622663,7,7.025785
746011,2024-09-19,2024,666277,0,2.8914783
745937,2024-09-19,2024,668964,5,4.5380273
746011,2024-09-19,2024,656427,5,5.4988656
746823,2024-09-19,2024,665871,5,4.1462345
746341,2024-09-19,2024,660761,5,7.0028863
746823,2024-09-19,2024,571578,4,4.554075
746663,2024-09-19,2024,592426,4,2.6103895
746663,2024-09-19,2024,605335,5,5.2510877
746663,2024-09-19,2024,519242,6,6.2404995
746985,2024-09-19,2024,621107,5,5.044988
746663,2024-09-19,2024,687924,4,3.838462
746579,2024-09-19,2024,676282,6,5.8059297
746579,2024-09-19,2024,680573,6,3.4207897
746985,2024-09-19,2024,657277,8,5.1419334
746341,2024-09-19,2024,579328,9,7.236298
746905,2024-09-20,2024,690916,3,5.106585
746013,2024-09-20,2024,678368,3,3.872041
746013,2024-09-20,2024,450203,3,8.236127
744960,2024-09-20,2024,669923,4,6.049225
744960,2024-09-20,2024,683004,5,6.207621
745934,2024-09-20,2024,668678,5,6.224829
744960,2024-09-20,2024,594798,5,4.035449
745123,2024-09-20,2024,594902,2,3.418044
746094,2024-09-20,2024,607536,2,4.641953
746824,2024-09-20,2024,592791,4,4.059547
746824,2024-09-20,2024,592866,7,2.9381058
745123,2024-09-20,2024,571927,1,2.5609343
745123,2024-09-20,2024,502043,2,2.0727792
745043,2024-09-20,2024,621244,6,6.3240294
745043,2024-09-20,2024,641302,6,3.1806087
746984,2024-09-20,2024,672456,7,4.7473636
746984,2024-09-20,2024,669203,8,6.8382726
745934,2024-09-20,2024,607067,4,4.1868167
745364,2024-09-20,2024,605397,9,7.4110446
746905,2024-09-20,2024,701581,6,7.3376484
745606,2024-09-20,2024,543037,7,5.796977
745364,2024-09-20,2024,676979,8,4.2075863
746256,2024-09-20,2024,696131,4,5.150717
746256,2024-09-20,2024,608379,5,5.4299135
745770,2024-09-20,2024,656849,4,3.3885045
745770,2024-09-20,2024,650911,7,6.5916142
745606,2024-09-20,2024,669372,4,3.1772232
746340,2024-09-20,2024,434378,4,4.934413
746661,2024-09-20,2024,656605,1,3.6122963
746661,2024-09-20,2024,666214,3,1.8872178
746340,2024-09-20,2024,672710,2,2.7054698
746340,2024-09-20,2024,542881,4,3.3958077
746661,2024-09-20,2024,607259,9,4.0599
746096,2024-09-21,2024,621111,9,5.11412
745124,2024-09-21,2024,571510,6,4.915525
745936,2024-09-21,2024,518876,6,4.470099
746338,2024-09-21,2024,672282,3,3.030218
746338,2024-09-21,2024,608334,1,2.804676
745038,2024-09-21,2024,671737,4,7.823551
745038,2024-09-21,2024,684320,3,4.5365577
745768,2024-09-21,2024,640455,6,5.3145776
745768,2024-09-21,2024,624133,4,4.726319
746255,2024-09-21,2024,663903,6,4.9267707
746255,2024-09-21,2024,694738,3,6.091796
746983,2024-09-21,2024,700249,7,5.810077
746338,2024-09-21,2024,669854,9,5.650081
746096,2024-09-21,2024,615698,5,4.9974246
745936,2024-09-21,2024,650644,2,5.310444
745124,2024-09-21,2024,571945,4,4.446073
745610,2024-09-21,2024,607074,4,5.8728547
745610,2024-09-21,2024,656232,1,2.1291575
745610,2024-09-21,2024,663687,1,2.126699
745610,2024-09-21,2024,676664,6,4.8382115
745360,2024-09-21,2024,623167,3,4.246744
745360,2024-09-21,2024,527048,6,3.6934197
746983,2024-09-21,2024,681857,3,3.507029
746826,2024-09-21,2024,669022,9,6.9869914
746826,2024-09-21,2024,543294,2,3.8407736
746660,2024-09-21,2024,683003,5,5.3718886
746660,2024-09-21,2024,695076,4,4.1044407
746983,2024-09-21,2024,676428,0,2.8862784
746012,2024-09-21,2024,670124,7,4.97269
746012,2024-09-21,2024,608331,6,6.8863935
744958,2024-09-21,2024,600917,2,2.3967912
744958,2024-09-21,2024,641540,5,3.9496212
744958,2024-09-21,2024,676106,3,4.3642325
746903,2024-09-22,2024,641154,3,5.013912
746903,2024-09-22,2024,687396,5,3.5836878
746982,2024-09-22,2024,680744,3,2.0887434
746906,2024-09-22,2024,676710,7,5.2690063
746906,2024-09-22,2024,805673,6,5.11568
745767,2024-09-22,2024,656731,6,4.906993
746982,2024-09-22,2024,544150,6,5.3277655
746825,2024-09-22,2024,684007,4,7.2436585
746825,2024-09-22,2024,663623,3,4.6294627
745118,2024-09-22,2024,669467,4,3.6823874
745929,2024-09-22,2024,593423,4,3.6115522
746253,2024-09-22,2024,607625,5,5.719004
746253,2024-09-22,2024,605483,9,5.8420024
746339,2024-09-22,2024,656288,3,5.198054
746339,2024-09-22,2024,681293,6,5.1141295
745608,2024-09-22,2024,661563,5,4.250222
745608,2024-09-22,2024,683155,1,4.7604594
746092,2024-09-22,2024,808967,4,4.912458
746092,2024-09-22,2024,676508,5,4.9852757
746092,2024-09-22,2024,622608,2,3.4914582
745118,2024-09-22,2024,668909,3,5.0355067
745358,2024-09-22,2024,680732,8,5.9473596
744955,2024-09-22,2024,693433,4,4.8829055
746010,2024-09-22,2024,670766,5,3.3349638
746010,2024-09-22,2024,656550,5,4.7993927
745358,2024-09-22,2024,506433,9,5.647561
745767,2024-09-22,2024,554430,8,5.984271
746657,2024-09-22,2024,694973,9,5.4496922
746657,2024-09-22,2024,668881,4,2.193433
745036,2024-09-22,2024,642232,5,2.4518774
745036,2024-09-22,2024,669358,6,5.1405997
745929,2024-09-22,2024,656756,6,5.085613
744955,2024-09-22,2024,571760,4,5.158046
746903,2024-09-22,2024,601713,4,6.2704463
745527,2024-09-23,2024,668873,3,3.845655
745527,2024-09-23,2024,605400,7,6.9954915
747150,2024-09-23,2024,806185,6,5.675919
747150,2024-09-23,2024,593958,8,5.815907
746334,2024-09-23,2024,682243,5,6.4305654
746334,2024-09-23,2024,686613,8,5.880692
744885,2024-09-23,2024,605135,2,4.3192587
744885,2024-09-23,2024,656557,0,3.2483926
746581,2024-09-24,2024,686730,2,2.8348556
744876,2024-09-24,2024,670102,4,4.255948
746743,2024-09-24,2024,686563,7,3.755229
745441,2024-09-24,2024,663559,5,4.7158985
747068,2024-09-24,2024,622663,5,6.39472
744802,2024-09-24,2024,680730,5,5.1363955
745605,2024-09-24,2024,687765,2,4.996884
747068,2024-09-24,2024,680885,4,6.307924
744802,2024-09-24,2024,666142,6,5.4455037
744876,2024-09-24,2024,678394,4,3.840621
746336,2024-09-24,2024,669302,6,7.1295524
746336,2024-09-24,2024,664285,4,6.354463
745441,2024-09-24,2024,668964,2,2.5035658
745526,2024-09-24,2024,663465,5,3.2439823
745526,2024-09-24,2024,657006,3,3.522816
745526,2024-09-24,2024,592836,1,3.2209415
745605,2024-09-24,2024,543135,7,5.0611095
746581,2024-09-24,2024,676440,7,3.7625527
746743,2024-09-24,2024,686799,4,3.951065
745688,2024-09-24,2024,657376,7,5.4807696
747149,2024-09-24,2024,686796,1,2.0091622
746421,2024-09-24,2024,686752,6,6.6498814
745851,2024-09-24,2024,677960,2,4.8141284
745851,2024-09-24,2024,641927,7,5.084092
746421,2024-09-24,2024,669373,7,7.500566
745688,2024-09-24,2024,665152,3,5.1478963
747149,2024-09-24,2024,694297,4,3.4176557
747149,2024-09-24,2024,700270,1,2.8086495
746504,2024-09-24,2024,663372,6,4.8230186
746504,2024-09-24,2024,700241,5,4.6418056
746093,2024-09-24,2024,650633,3,5.6266317
746093,2024-09-24,2024,689017,4,4.4034095
747149,2024-09-24,2024,657277,3,5.2259383
745442,2024-09-25,2024,642547,7,6.2634215
745442,2024-09-25,2024,682847,5,5.2677436
744877,2024-09-25,2024,670174,3,2.0012128
744795,2024-09-25,2024,663738,2,2.2981424
744795,2024-09-25,2024,687792,3,4.3923206
747144,2024-09-25,2024,696131,3,4.5972304
747144,2024-09-25,2024,668678,11,6.6111383
746742,2024-09-25,2024,663436,4,4.6751394
744877,2024-09-25,2024,690916,2,5.121493
744877,2024-09-25,2024,592332,3,5.668061
746742,2024-09-25,2024,660761,5,3.8556223
746331,2024-09-25,2024,669923,6,6.299727
746095,2024-09-25,2024,656302,4,8.19702
745690,2024-09-25,2024,573186,1,1.9036211
745690,2024-09-25,2024,547001,3,3.06366
746420,2024-09-25,2024,672456,2,2.4993193
746583,2024-09-25,2024,596001,3,3.6253085
746095,2024-09-25,2024,656427,5,5.6231008
745854,2024-09-25,2024,686973,4,2.5080724
745854,2024-09-25,2024,665795,5,5.05618
745690,2024-09-25,2024,621107,1,4.228184
746420,2024-09-25,2024,641793,7,4.4287667
745521,2024-09-25,2024,665871,3,3.7213974
746501,2024-09-25,2024,607200,10,4.157847
745607,2024-09-25,2024,671212,5,3.5050354
745607,2024-09-25,2024,669620,3,2.6168795
746331,2024-09-25,2024,579328,8,6.849715
746501,2024-09-25,2024,596295,3,3.1238966
745607,2024-09-25,2024,674003,4,3.7367814
745521,2024-09-25,2024,650911,4,6.0436053
746088,2024-09-26,2024,621111,1,3.7662807
745691,2024-09-26,2024,669203,9,5.041578
745853,2024-09-26,2024,622786,1,2.807908
746495,2024-09-26,2024,607536,4,4.080493
746738,2024-09-26,2024,623167,7,5.022333
745853,2024-09-26,2024,678368,2,2.9890757
745853,2024-09-26,2024,656240,3,1.797451
746495,2024-09-26,2024,502043,5,4.0893745
745853,2024-09-26,2024,701581,5,3.345766
746738,2024-09-26,2024,670046,4,2.2636523
746738,2024-09-26,2024,542881,2,2.8865366
745691,2024-09-26,2024,543037,5,6.753277
745443,2024-09-26,2024,656605,6,5.290878
745443,2024-09-26,2024,650644,5,4.633781
746415,2024-09-26,2024,681857,3,3.855977
745609,2024-09-26,2024,669372,2,2.533391
744796,2024-09-26,2024,608379,2,5.056651
744796,2024-09-26,2024,571578,3,4.0097795
746415,2024-09-26,2024,641302,6,3.556567
746088,2024-09-26,2024,605397,6,5.7060094
745609,2024-09-26,2024,677958,2,3.657337
745609,2024-09-26,2024,683004,1,2.709128
745847,2024-09-27,2024,700249,2,4.5329843
747145,2024-09-27,2024,506433,4,5.5052876
747145,2024-09-27,2024,518876,8,6.337318
746173,2024-09-27,2024,672282,12,6.0365067
747065,2024-09-27,2024,608331,9,5.368232
744879,2024-09-27,2024,670124,3,3.7892203
746417,2024-09-27,2024,676979,6,4.6134768
744879,2024-09-27,2024,621244,4,2.4354956
745930,2024-09-27,2024,593423,6,5.3971095
745930,2024-09-27,2024,640455,1,4.8091
747065,2024-09-27,2024,663903,5,5.121905
746494,2024-09-27,2024,676508,7,6.0100074
746494,2024-09-27,2024,615698,0,2.9287317
746417,2024-09-27,2024,676428,1,2.9832578
746417,2024-09-27,2024,694363,4,1.851693
746173,2024-09-27,2024,594798,5,4.3643613
745847,2024-09-27,2024,681892,1,1.9025981
744879,2024-09-27,2024,687922,1,2.2772372
744797,2024-09-27,2024,592866,5,2.1225274
746904,2024-09-27,2024,601713,6,6.4322057
746904,2024-09-27,2024,671737,7,3.812339
745692,2024-09-27,2024,683003,7,5.962066
746822,2024-09-27,2024,607259,3,4.776798
746580,2024-09-27,2024,676282,7,4.647325
746580,2024-09-27,2024,669854,3,4.4010653
746822,2024-09-27,2024,592791,2,4.639024
745202,2024-09-27,2024,676664,4,5.031973
746580,2024-09-27,2024,681293,4,2.406164
745280,2024-09-27,2024,694738,4,6.626237
745280,2024-09-27,2024,571945,4,5.375101
745692,2024-09-27,2024,607074,5,5.9157495
745847,2024-09-27,2024,641154,8,8.279973
745202,2024-09-27,2024,693433,8,4.3092704
744797,2024-09-27,2024,624133,2,2.8253982
745281,2024-09-28,2024,663941,3,3.1654985
745281,2024-09-28,2024,669467,4,4.068169
745931,2024-09-28,2024,500779,9,4.1995378
744878,2024-09-28,2024,675540,1,3.7123551
744878,2024-09-28,2024,684320,5,4.879552
746414,2024-09-28,2024,680732,6,4.5731
745685,2024-09-28,2024,681347,2,3.6763713
745685,2024-09-28,2024,661563,5,5.160026
747146,2024-09-28,2024,681190,4,5.5529866
747146,2024-09-28,2024,593958,3,2.78017
744878,2024-09-28,2024,670766,4,2.770618
746819,2024-09-28,2024,543294,2,2.8660417
746819,2024-09-28,2024,695076,1,4.680915
745931,2024-09-28,2024,668964,5,3.432652
745849,2024-09-28,2024,656353,1,3.5012078
745849,2024-09-28,2024,805673,5,4.441709
746578,2024-09-28,2024,434378,5,6.4337835
744799,2024-09-28,2024,669022,9,5.270431
744799,2024-09-28,2024,554430,11,6.7555737
745203,2024-09-28,2024,676106,3,4.620616
745203,2024-09-28,2024,683155,2,4.144192
746578,2024-09-28,2024,594902,4,3.9398615
746499,2024-09-28,2024,808967,6,5.3202953
746499,2024-09-28,2024,680736,4,3.452178
746499,2024-09-28,2024,622608,3,3.685919
747066,2024-09-28,2024,625643,9,6.184034
746414,2024-09-28,2024,680744,2,2.495162
746171,2024-09-28,2024,656288,4,4.2834163
746902,2024-09-28,2024,676710,6,4.291161
746902,2024-09-28,2024,669358,7,6.1308146
746414,2024-09-28,2024,647336,5,2.5635724
746171,2024-09-28,2024,571760,3,5.977156
746174,2024-09-29,2024,543135,5,5.6952157
744798,2024-09-29,2024,663623,3,3.6706262
744798,2024-09-29,2024,605400,7,6.8488336
746174,2024-09-29,2024,686799,1,3.559656
746496,2024-09-29,2024,663372,3,3.6481855
744880,2024-09-29,2024,677960,6,5.1268964
746901,2024-09-29,2024,682990,2,5.461163
746901,2024-09-29,2024,686752,5,3.8432748
745201,2024-09-29,2024,687765,5,4.072264
745201,2024-09-29,2024,669302,7,5.984284
744880,2024-09-29,2024,642232,3,2.499974
746820,2024-09-29,2024,668881,3,3.9980178
745686,2024-09-29,2024,663559,0,2.9860168
745846,2024-09-29,2024,544150,4,4.3125844
745846,2024-09-29,2024,641927,4,4.410585
747061,2024-09-29,2024,450203,3,5.810845
745282,2024-09-29,2024,700241,6,4.5032153
746496,2024-09-29,2024,689017,4,3.8328876
745686,2024-09-29,2024,657376,5,4.891216
746820,2024-09-29,2024,668873,4,5.4346795
745932,2024-09-29,2024,607067,5,5.291672
745932,2024-09-29,2024,656849,8,4.8702407
747147,2024-09-29,2024,694297,9,4.6254067
746416,2024-09-29,2024,686563,3,4.436691
746416,2024-09-29,2024,672456,2,3.0484428
746416,2024-09-29,2024,628317,5,6.940103
747147,2024-09-29,2024,663362,3,5.4663014
747147,2024-09-29,2024,527048,3,2.377945
747061,2024-09-29,2024,679525,2,4.398643
745282,2024-09-29,2024,806185,11,6.7687163
747139,2024-09-30,2024,621242,2,2.277537
747139,2024-09-30,2024,680885,5,6.865397
747064,2024-09-30,2024,656550,7,3.9271498
747064,2024-09-30,2024,664192,5,6.1922126
747139,2024-09-30,2024,656731,8,6.5839095
775345,2024-10-01,2024,669373,6,7.0269837
775333,2024-10-01,2024,650633,12,5.3704743
775340,2024-10-01,2024,622663,3,8.495315
775340,2024-10-01,2024,642547,5,3.6829927
775343,2024-10-01,2024,666142,8,5.4634304
775343,2024-10-01,2024,669203,3,5.038049
775345,2024-10-01,2024,664285,3,5.424082
775345,2024-10-01,2024,669854,4,2.6866856
