game_pk,game_date,game_year,pitcher,strikeouts,pred_xgb
745675,2024-04-01,2024,666205,6,3.1381943
745109,2024-04-01,2024,606965,0,2.994906
745109,2024-04-01,2024,641540,7,3.78951
745109,2024-04-01,2024,686752,3,5.489578
744875,2024-04-01,2024,669022,6,5.403111
745600,2024-04-01,2024,650911,8,5.1675005
745600,2024-04-01,2024,671096,4,5.7306175
747218,2024-04-01,2024,669194,2,4.3054576
747218,2024-04-01,2024,661563,6,6.1291366
747218,2024-04-01,2024,596133,0,3.0570648
746409,2024-04-01,2024,669854,7,5.4121633
746409,2024-04-01,2024,670102,7,4.8606668
746085,2024-04-01,2024,681217,5,4.6765194
746085,2024-04-01,2024,676974,4,4.275325
747058,2024-04-01,2024,665152,5,4.4685287
746170,2024-04-01,2024,676775,6,5.902129
746170,2024-04-01,2024,572020,5,5.776063
745675,2024-04-01,2024,671212,4,5.7605577
745675,2024-04-01,2024,502624,3,2.5461102
745675,2024-04-01,2024,656557,10,5.514289
747058,2024-04-01,2024,608379,5,3.4838018
746817,2024-04-01,2024,450203,6,5.5358834
746899,2024-04-01,2024,641712,2,2.6422544
745437,2024-04-01,2024,663362,7,5.051603
745277,2024-04-01,2024,663474,2,5.185434
745277,2024-04-01,2024,676106,1,3.7254493
744875,2024-04-01,2024,594835,2,2.901987
744875,2024-04-01,2024,663432,1,2.2393656
745842,2024-04-01,2024,640455,8,4.2384295
746899,2024-04-01,2024,663567,2,2.9823
746899,2024-04-01,2024,684007,9,6.8093996
745842,2024-04-01,2024,681857,3,5.750083
745437,2024-04-01,2024,502043,4,4.592561
746817,2024-04-01,2024,623167,1,3.7099915
746814,2024-04-02,2024,625643,5,3.9997118
745680,2024-04-02,2024,622072,7,4.9429784
746898,2024-04-02,2024,607536,2,1.5296279
746169,2024-04-02,2024,694738,4,3.4827788
746898,2024-04-02,2024,665871,5,5.228726
746086,2024-04-02,2024,666200,5,6.336685
746898,2024-04-02,2024,683627,1,2.4295733
746086,2024-04-02,2024,663773,1,2.6069696
746169,2024-04-02,2024,657277,5,4.446077
746411,2024-04-02,2024,621244,2,3.6320338
746411,2024-04-02,2024,664285,5,5.871579
746169,2024-04-02,2024,642232,1,3.4055228
745680,2024-04-02,2024,678394,6,4.1148453
746814,2024-04-02,2024,676979,8,6.331211
746086,2024-04-02,2024,542881,5,4.307122
747057,2024-04-02,2024,608344,3,4.144102
746009,2024-04-02,2024,686973,4,5.2213755
746009,2024-04-02,2024,660896,2,2.7568266
747220,2024-04-02,2024,668678,6,5.496166
745598,2024-04-02,2024,668933,5,4.2983603
745598,2024-04-02,2024,620982,4,3.7057076
745598,2024-04-02,2024,605513,7,6.0585656
747220,2024-04-02,2024,664776,4,3.1566875
747220,2024-04-02,2024,641482,2,4.533778
747057,2024-04-02,2024,679525,5,4.2720394
745273,2024-04-02,2024,622491,7,6.8820434
745111,2024-04-02,2024,621107,5,6.0992374
745111,2024-04-02,2024,571760,7,6.378107
745273,2024-04-02,2024,669456,9,4.000471
746009,2024-04-02,2024,596001,4,2.1039064
745439,2024-04-02,2024,571945,4,4.0351925
745439,2024-04-02,2024,506433,6,6.4738374
745603,2024-04-03,2024,593423,5,6.0532427
745603,2024-04-03,2024,554430,10,4.2164125
746163,2024-04-03,2024,607192,7,7.9204545
745275,2024-04-03,2024,671106,6,5.0830116
745275,2024-04-03,2024,669923,2,4.0997815
745114,2024-04-03,2024,650644,8,4.6712995
747059,2024-04-03,2024,666142,7,7.1763988
747059,2024-04-03,2024,669203,3,9.971079
746900,2024-04-03,2024,676962,5,3.2711246
745440,2024-04-03,2024,605397,7,4.477904
745440,2024-04-03,2024,668868,5,4.5412936
745114,2024-04-03,2024,543135,8,8.203819
746900,2024-04-03,2024,615698,3,3.8482482
746163,2024-04-03,2024,690986,4,5.131643
746407,2024-04-03,2024,605135,3,3.5845442
746008,2024-04-03,2024,605452,3,2.952237
746407,2024-04-03,2024,664299,3,5.5122247
744869,2024-04-03,2024,592866,5,3.9477859
746008,2024-04-03,2024,663978,2,4.4168463
746083,2024-04-03,2024,592288,2,2.9524803
746083,2024-04-03,2024,640462,5,5.6468754
746083,2024-04-03,2024,663776,7,6.147179
747219,2024-04-03,2024,518876,4,6.488141
747219,2024-04-03,2024,607074,3,7.6388235
745678,2024-04-03,2024,548389,3,3.4935884
745678,2024-04-03,2024,601713,3,5.766218
744869,2024-04-03,2024,656605,5,5.022946
744870,2024-04-04,2024,680686,3,4.87071
745200,2024-04-04,2024,458681,7,4.680543
744870,2024-04-04,2024,527048,6,3.9611843
745200,2024-04-04,2024,677960,6,4.17108
746327,2024-04-04,2024,607625,3,4.405808
746327,2024-04-04,2024,647336,2,5.981227
745843,2024-04-04,2024,657585,4,2.061723
745843,2024-04-04,2024,666159,3,5.274616
745928,2024-04-04,2024,676440,9,5.5593934
745928,2024-04-04,2024,641154,2,7.085069
745843,2024-04-04,2024,676130,6,3.9393349
745844,2024-04-04,2024,605288,3,2.604835
745844,2024-04-04,2024,663554,4,5.5199027
746897,2024-04-05,2024,675627,1,2.3709435
746897,2024-04-05,2024,543294,4,4.4244885
746897,2024-04-05,2024,592767,5,3.4881763
746576,2024-04-05,2024,596295,7,4.5448127
744874,2024-04-05,2024,605400,4,5.8435044
746576,2024-04-05,2024,621097,3,1.6455952
746576,2024-04-05,2024,641793,5,4.0207453
746328,2024-04-05,2024,607200,4,5.336622
746328,2024-04-05,2024,663903,4,2.8821862
745361,2024-04-05,2024,656302,7,7.2952633
745361,2024-04-05,2024,663855,5,4.929662
744874,2024-04-05,2024,571578,6,4.7033114
746897,2024-04-05,2024,676272,3,2.7294586
746249,2024-04-05,2024,656288,4,3.4857402
745033,2024-04-05,2024,674003,4,5.4346995
745764,2024-04-05,2024,579328,7,7.0379405
745764,2024-04-05,2024,573186,6,6.15139
746733,2024-04-05,2024,668881,6,7.9912252
746733,2024-04-05,2024,500779,4,4.906094
747143,2024-04-05,2024,674072,5,5.438821
747143,2024-04-05,2024,675911,4,5.908169
745033,2024-04-05,2024,656232,1,2.3783767
745033,2024-04-05,2024,686613,3,4.127169
745524,2024-04-05,2024,680570,7,4.877469
746007,2024-04-05,2024,642547,7,4.6131163
746497,2024-04-05,2024,676664,1,5.3240643
746497,2024-04-05,2024,669373,9,5.611947
745524,2024-04-05,2024,683003,7,6.5418143
746249,2024-04-05,2024,667755,1,2.63336
746249,2024-04-05,2024,676710,5,5.215363
746007,2024-04-05,2024,669302,7,5.7973537
744873,2024-04-06,2024,624133,4,4.4807267
745766,2024-04-06,2024,657376,4,7.383978
745766,2024-04-06,2024,669952,2,3.7507188
744873,2024-04-06,2024,663623,5,4.6536803
746498,2024-04-06,2024,628317,3,5.3771577
746329,2024-04-06,2024,608379,8,5.5592113
745197,2024-04-06,2024,571927,3,4.553166
745197,2024-04-06,2024,669432,3,4.2776246
747140,2024-04-06,2024,608331,5,5.937289
747140,2024-04-06,2024,669276,0,4.336588
747140,2024-04-06,2024,694297,7,5.259158
746006,2024-04-06,2024,682243,7,3.9845936
746006,2024-04-06,2024,669084,5,4.0157022
746498,2024-04-06,2024,666214,3,3.4345603
746248,2024-04-06,2024,672282,12,5.505162
745926,2024-04-06,2024,657746,7,5.8543286
745926,2024-04-06,2024,471911,6,3.6814265
745766,2024-04-06,2024,596133,1,2.755195
746896,2024-04-06,2024,808967,8,6.1325793
746896,2024-04-06,2024,696136,7,6.468118
745359,2024-04-06,2024,650633,4,5.36058
745359,2024-04-06,2024,676775,1,5.3262477
746248,2024-04-06,2024,676477,4,6.7434783
745766,2024-04-06,2024,592332,0,4.5090866
746329,2024-04-06,2024,623167,4,2.5745618
746575,2024-04-06,2024,663372,10,6.232079
746731,2024-04-06,2024,607259,6,4.845089
745031,2024-04-06,2024,641585,4,4.2286873
745031,2024-04-06,2024,592351,3,4.554352
746731,2024-04-06,2024,622663,7,6.8210983
745522,2024-04-06,2024,663559,1,3.1031344
746498,2024-04-06,2024,621112,4,4.961781
746731,2024-04-06,2024,670990,3,1.8848706
745522,2024-04-06,2024,669330,3,5.24407
746575,2024-04-06,2024,641302,4,4.9427705
746575,2024-04-06,2024,606965,2,2.6638522
746574,2024-04-07,2024,641712,4,4.268285
745523,2024-04-07,2024,594835,4,3.4892135
746493,2024-04-07,2024,671212,6,3.93962
746003,2024-04-07,2024,676106,6,4.354136
746003,2024-04-07,2024,642048,4,1.3868184
746003,2024-04-07,2024,607067,3,4.403116
746895,2024-04-07,2024,694813,5,2.473196
746574,2024-04-07,2024,686752,11,6.3498106
746003,2024-04-07,2024,600986,5,3.1495528
746895,2024-04-07,2024,694037,2,2.2851686
745362,2024-04-07,2024,657277,3,5.0365
746493,2024-04-07,2024,656427,5,5.11615
746895,2024-04-07,2024,684007,3,4.0789876
746251,2024-04-07,2024,656557,7,6.859216
746251,2024-04-07,2024,660761,3,3.4557204
746251,2024-04-07,2024,681217,7,5.666971
746895,2024-04-07,2024,642232,3,2.5869684
745362,2024-04-07,2024,663362,5,4.896882
746251,2024-04-07,2024,502624,1,3.147694
745523,2024-04-07,2024,665152,6,5.53435
744871,2024-04-07,2024,669022,6,6.642803
744871,2024-04-07,2024,650911,1,5.7198606
745198,2024-04-07,2024,676974,3,5.655981
746330,2024-04-07,2024,679525,3,4.23329
746330,2024-04-07,2024,676979,5,5.844895
747141,2024-04-07,2024,519242,6,6.868589
745198,2024-04-07,2024,502043,5,3.4429474
745198,2024-04-07,2024,681676,1,1.7982395
746734,2024-04-07,2024,640455,6,4.3889866
746734,2024-04-07,2024,671096,4,4.8217387
745765,2024-04-07,2024,670102,5,4.7001324
745032,2024-04-07,2024,641540,7,5.2094913
745032,2024-04-07,2024,669854,4,3.964387
745765,2024-04-07,2024,661563,8,6.396424
747141,2024-04-07,2024,669194,7,8.2199545
745194,2024-04-08,2024,605513,6,4.510122
745925,2024-04-08,2024,641927,7,3.546529
745925,2024-04-08,2024,572020,4,3.751019
746252,2024-04-08,2024,621107,5,5.367769
746735,2024-04-08,2024,668933,6,5.530733
746252,2024-04-08,2024,542881,3,4.4790616
745034,2024-04-08,2024,668874,0,1.6811998
746569,2024-04-08,2024,668678,10,7.809912
744956,2024-04-08,2024,622491,6,6.1831
744956,2024-04-08,2024,621244,6,7.3235126
747142,2024-04-08,2024,450203,4,6.7183824
747142,2024-04-08,2024,527054,3,3.1124978
745034,2024-04-08,2024,570632,4,2.5497272
746569,2024-04-08,2024,607536,2,4.5991187
745034,2024-04-08,2024,571760,2,4.4494605
746252,2024-04-08,2024,621097,2,3.0527775
746735,2024-04-08,2024,676879,2,5.3098288
745194,2024-04-08,2024,571945,3,4.966271
745761,2024-04-08,2024,666200,4,5.16427
745520,2024-04-08,2024,656605,9,5.8315406
745520,2024-04-08,2024,681857,3,5.1001544
745432,2024-04-08,2024,665871,7,4.522168
745432,2024-04-08,2024,658648,4,4.1174517
745432,2024-04-08,2024,506433,4,3.3897638
745363,2024-04-08,2024,678906,2,3.003537
745363,2024-04-08,2024,605483,5,3.9502747
745363,2024-04-08,2024,592866,2,3.4116263
746654,2024-04-08,2024,694363,2,2.8380418
745761,2024-04-08,2024,641482,6,4.902587
746654,2024-04-08,2024,621383,5,2.4243262
746654,2024-04-08,2024,663474,2,4.304031
745762,2024-04-09,2024,607074,6,5.092422
744957,2024-04-09,2024,669923,3,5.6421037
746326,2024-04-09,2024,664299,4,3.7947428
744957,2024-04-09,2024,605135,8,7.351448
746326,2024-04-09,2024,666142,5,6.871115
745433,2024-04-09,2024,605397,5,6.4484386
745030,2024-04-09,2024,622072,2,2.4709876
745030,2024-04-09,2024,543135,8,5.3543024
745433,2024-04-09,2024,663568,4,3.2596922
746571,2024-04-09,2024,518876,4,5.8452187
745433,2024-04-09,2024,676962,5,4.8518214
747138,2024-04-09,2024,625643,6,5.519792
745517,2024-04-09,2024,527048,7,3.894155
746732,2024-04-09,2024,593423,4,6.65578
746732,2024-04-09,2024,605452,7,5.5590167
745195,2024-04-09,2024,554430,5,6.5553393
745195,2024-04-09,2024,543243,5,3.6431966
746732,2024-04-09,2024,686730,1,4.245121
747138,2024-04-09,2024,605288,1,4.1651754
745517,2024-04-09,2024,663554,2,5.857119
746571,2024-04-09,2024,615698,6,3.550386
745924,2024-04-09,2024,607192,14,6.265788
746981,2024-04-09,2024,670174,4,2.2336442
745762,2024-04-09,2024,640462,2,5.099136
746250,2024-04-09,2024,650644,4,4.52071
746250,2024-04-09,2024,663776,6,6.354381
745924,2024-04-09,2024,686973,6,6.321128
746653,2024-04-09,2024,671106,4,3.6121323
746653,2024-04-09,2024,647336,4,3.740738
746981,2024-04-09,2024,669203,6,7.4682965
745357,2024-04-09,2024,690986,8,5.1831307
746981,2024-04-09,2024,678394,3,4.553848
745357,2024-04-09,2024,672851,2,2.6800969
746980,2024-04-10,2024,676710,6,3.8636122
746980,2024-04-10,2024,608344,4,3.0846992
746323,2024-04-10,2024,656786,0,2.46705
746323,2024-04-10,2024,681293,3,4.2519236
745763,2024-04-10,2024,677960,1,6.2193294
746573,2024-04-10,2024,674072,6,4.4909196
745024,2024-04-10,2024,548389,5,3.0582309
745196,2024-04-10,2024,668868,6,2.4706185
745196,2024-04-10,2024,605400,3,4.741271
745196,2024-04-10,2024,458681,6,4.2690883
745355,2024-04-10,2024,571578,2,2.6630769
745763,2024-04-10,2024,573186,7,5.4493947
745355,2024-04-10,2024,663855,2,5.2539296
745024,2024-04-10,2024,674003,7,4.4917684
746323,2024-04-10,2024,656232,2,3.0012462
746323,2024-04-10,2024,607625,2,5.6620145
746573,2024-04-10,2024,596295,4,4.998446
746247,2024-04-10,2024,667755,6,4.3921423
746247,2024-04-10,2024,641793,4,6.2239585
745923,2024-04-10,2024,676272,4,4.501919
746655,2024-04-10,2024,607200,3,4.6764846
746655,2024-04-10,2024,676440,2,5.369454
745923,2024-04-10,2024,663978,5,5.714885
746728,2024-04-10,2024,489119,0,2.3957245
746573,2024-04-10,2024,686826,3,3.085783
744950,2024-04-10,2024,669302,8,5.3176446
746728,2024-04-10,2024,668881,9,9.796034
746728,2024-04-10,2024,669060,1,1.3056784
745429,2024-04-10,2024,543294,2,4.552164
745429,2024-04-10,2024,656302,7,6.923725
745429,2024-04-10,2024,694037,3,2.5396512
744950,2024-04-10,2024,579328,9,5.969315
746977,2024-04-11,2024,676477,4,4.946462
745601,2024-04-11,2024,683003,8,6.2889657
746322,2024-04-11,2024,663903,4,4.684867
745601,2024-04-11,2024,624133,8,4.6480727
746977,2024-04-11,2024,680570,5,5.812764
747137,2024-04-11,2024,500779,4,5.5662103
746322,2024-04-11,2024,686613,0,2.686267
746322,2024-04-11,2024,669422,2,2.279694
747137,2024-04-11,2024,642216,1,3.2581162
745029,2024-04-11,2024,592351,9,5.5053635
745029,2024-04-11,2024,676664,5,4.7977805
745112,2024-04-12,2024,676775,6,6.410187
746408,2024-04-12,2024,641540,3,3.3555696
746408,2024-04-12,2024,641585,3,4.61879
745112,2024-04-12,2024,621097,4,2.9477384
746084,2024-04-12,2024,669432,5,4.207556
746408,2024-04-12,2024,669270,1,2.3535109
746162,2024-04-12,2024,650633,4,4.7791767
746162,2024-04-12,2024,808967,6,6.2654057
745679,2024-04-12,2024,663623,5,3.2231224
747055,2024-04-12,2024,669330,3,5.5451655
747055,2024-04-12,2024,642547,11,5.7069774
747217,2024-04-12,2024,571927,2,3.888278
745679,2024-04-12,2024,621112,4,4.0963874
746812,2024-04-12,2024,694363,2,2.9485788
746812,2024-04-12,2024,671096,3,5.514422
746812,2024-04-12,2024,623167,2,4.5482883
745596,2024-04-12,2024,650911,6,4.738538
745596,2024-04-12,2024,663559,3,3.9554682
746084,2024-04-12,2024,608331,4,4.460166
744954,2024-04-12,2024,592332,4,5.680726
747055,2024-04-12,2024,669169,2,3.6164346
747217,2024-04-12,2024,694297,4,6.9032097
744954,2024-04-12,2024,502179,2,2.3999991
744954,2024-04-12,2024,669952,2,2.2656004
746978,2024-04-12,2024,656557,2,5.7931542
745274,2024-04-12,2024,682243,4,7.149404
746978,2024-04-12,2024,672282,7,5.4612746
745274,2024-04-12,2024,696136,6,5.425399
745838,2024-04-12,2024,608379,4,4.1922097
744954,2024-04-12,2024,663372,4,5.7939925
746491,2024-04-12,2024,543859,5,2.4134493
745838,2024-04-12,2024,622663,4,5.175203
746491,2024-04-12,2024,641154,7,5.740597
746491,2024-04-12,2024,669373,5,6.879933
745676,2024-04-13,2024,669022,11,7.004848
747054,2024-04-13,2024,669084,4,3.2286968
746490,2024-04-13,2024,666159,7,5.899807
747054,2024-04-13,2024,665152,3,4.280808
746489,2024-04-13,2024,657746,12,6.5403595
745676,2024-04-13,2024,671212,5,6.991718
745676,2024-04-13,2024,666205,5,1.589256
745839,2024-04-13,2024,642121,2,3.3201468
746490,2024-04-13,2024,680573,5,4.7184014
746489,2024-04-13,2024,628317,5,7.7051854
746811,2024-04-13,2024,676979,10,5.3630176
746811,2024-04-13,2024,666157,10,7.1900196
746979,2024-04-13,2024,656288,6,3.315542
744953,2024-04-13,2024,670102,3,3.2655792
744953,2024-04-13,2024,684320,6,4.512067
746811,2024-04-13,2024,608718,2,1.9229758
746979,2024-04-13,2024,608334,5,4.290829
746490,2024-04-13,2024,666214,4,2.4062355
746979,2024-04-13,2024,681867,4,5.569253
746405,2024-04-13,2024,571760,1,3.5223768
746082,2024-04-13,2024,676974,7,4.142245
745839,2024-04-13,2024,679525,2,4.7346897
744953,2024-04-13,2024,641712,5,3.9713013
745272,2024-04-13,2024,684007,4,6.0742197
745272,2024-04-13,2024,676106,4,3.2804549
745110,2024-04-13,2024,606965,2,3.9128408
745110,2024-04-13,2024,657277,4,4.5710487
746656,2024-04-13,2024,471911,2,4.77234
746656,2024-04-13,2024,657376,7,4.653152
746658,2024-04-13,2024,547001,4,3.538945
746658,2024-04-13,2024,663474,1,3.6290646
745110,2024-04-13,2024,686752,6,4.699967
747215,2024-04-13,2024,669194,4,4.727893
747215,2024-04-13,2024,502043,2,3.8017623
745594,2024-04-13,2024,594835,5,4.0317626
745594,2024-04-13,2024,605513,3,5.8486657
746405,2024-04-13,2024,669854,5,3.513507
746161,2024-04-13,2024,663362,4,5.835435
746161,2024-04-13,2024,694813,4,3.7155175
746082,2024-04-13,2024,519242,7,7.3308053
745839,2024-04-13,2024,640455,4,4.4793224
746404,2024-04-14,2024,664299,5,4.972495
746079,2024-04-14,2024,450203,8,5.4023376
746079,2024-04-14,2024,666200,4,6.7482686
746404,2024-04-14,2024,543135,3,4.482558
746810,2024-04-14,2024,621383,2,2.241119
746810,2024-04-14,2024,668933,8,4.862752
745681,2024-04-14,2024,592866,7,3.412708
745681,2024-04-14,2024,622072,4,4.5977206
745841,2024-04-14,2024,666142,8,6.7506633
747216,2024-04-14,2024,571945,3,3.4165647
745113,2024-04-14,2024,641302,4,3.165551
745113,2024-04-14,2024,605483,4,4.239442
747216,2024-04-14,2024,668678,7,5.9725122
747216,2024-04-14,2024,681676,2,1.8345699
745271,2024-04-14,2024,665871,6,4.381044
745271,2024-04-14,2024,622491,9,6.5199966
746975,2024-04-14,2024,542881,4,3.8572266
746975,2024-04-14,2024,660761,3,2.0880923
746810,2024-04-14,2024,647336,4,4.291851
745841,2024-04-14,2024,676130,9,4.4950476
746975,2024-04-14,2024,678394,8,6.1444693
745595,2024-04-14,2024,656605,4,5.9826007
744952,2024-04-14,2024,607536,3,4.2175703
746164,2024-04-14,2024,572020,1,6.0354853
745595,2024-04-14,2024,620982,1,1.8106614
747056,2024-04-14,2024,607067,6,4.3549657
747056,2024-04-14,2024,669203,5,8.394611
746164,2024-04-14,2024,506433,2,5.622131
744952,2024-04-14,2024,621244,7,6.237113
745595,2024-04-14,2024,554430,10,6.763824
746648,2024-04-14,2024,641482,6,4.2982078
746648,2024-04-14,2024,671106,4,3.7152438
746492,2024-04-14,2024,656427,8,7.055711
746492,2024-04-14,2024,641927,3,4.3622737
746813,2024-04-15,2024,680897,5,2.4864964
744951,2024-04-15,2024,661563,6,5.3526373
747053,2024-04-15,2024,608344,4,4.6794014
747053,2024-04-15,2024,621199,2,2.1673968
745677,2024-04-15,2024,543243,6,3.7643147
746406,2024-04-15,2024,670241,4,4.2610188
746158,2024-04-15,2024,607192,5,6.9253936
746002,2024-04-15,2024,605397,3,5.553013
745106,2024-04-15,2024,663776,3,5.0531826
745106,2024-04-15,2024,621107,5,4.767802
746813,2024-04-15,2024,607625,4,5.541368
746002,2024-04-15,2024,605452,4,4.1966286
745840,2024-04-15,2024,605288,5,5.087414
745840,2024-04-15,2024,527048,1,2.9672694
746158,2024-04-15,2024,680730,4,5.156587
747053,2024-04-15,2024,686973,6,5.729459
745677,2024-04-15,2024,548389,4,5.929638
746406,2024-04-15,2024,681293,5,7.2593985
747213,2024-04-15,2024,518876,5,6.3349423
746488,2024-04-15,2024,681857,8,6.054804
746488,2024-04-15,2024,547179,4,3.8170128
746974,2024-04-15,2024,676710,6,5.37798
746080,2024-04-15,2024,665795,10,5.845513
746080,2024-04-15,2024,690986,2,5.065099
746974,2024-04-15,2024,675540,3,4.326114
747213,2024-04-15,2024,686826,2,1.958313
747213,2024-04-15,2024,676962,4,5.372928
744951,2024-04-15,2024,605135,5,5.424736
746002,2024-04-15,2024,600986,2,1.8420671
745597,2024-04-15,2024,615698,1,3.9429064
745268,2024-04-15,2024,571656,3,1.4917407
745268,2024-04-15,2024,593423,1,3.2224097
745268,2024-04-15,2024,607259,3,2.4661644
745268,2024-04-15,2024,669923,6,6.2883573
745597,2024-04-15,2024,605400,9,6.355552
746976,2024-04-16,2024,676477,1,3.4618568
744944,2024-04-16,2024,579328,9,7.073779
744944,2024-04-16,2024,607074,5,7.031818
746004,2024-04-16,2024,656302,7,9.000373
746486,2024-04-16,2024,663554,6,5.8442984
746486,2024-04-16,2024,592351,7,5.056396
745270,2024-04-16,2024,668881,8,6.891021
745837,2024-04-16,2024,500779,4,3.9013064
745837,2024-04-16,2024,683003,7,6.2709827
746004,2024-04-16,2024,489119,2,3.6237988
745270,2024-04-16,2024,669302,6,6.7212305
746157,2024-04-16,2024,642232,3,2.4889495
745108,2024-04-16,2024,667755,6,5.440687
745108,2024-04-16,2024,650644,8,5.367953
746081,2024-04-16,2024,663855,5,5.4527926
747214,2024-04-16,2024,543294,3,3.542262
747051,2024-04-16,2024,663978,2,4.188603
747214,2024-04-16,2024,674072,3,2.3302133
746081,2024-04-16,2024,677960,10,6.0200906
746400,2024-04-16,2024,625643,7,5.486727
746400,2024-04-16,2024,681869,2,2.2202978
747051,2024-04-16,2024,680570,6,5.4700537
745674,2024-04-16,2024,458681,1,6.213534
745674,2024-04-16,2024,676664,2,4.2777057
745593,2024-04-16,2024,624133,8,6.5313735
746157,2024-04-16,2024,571578,5,4.091833
745593,2024-04-16,2024,596295,4,3.066666
746976,2024-04-16,2024,676440,3,7.0509
746400,2024-04-16,2024,686613,3,4.934244
746076,2024-04-17,2024,676775,4,3.591512
746487,2024-04-17,2024,669373,6,6.9460545
746973,2024-04-17,2024,656557,9,6.562336
746973,2024-04-17,2024,594902,7,3.8088844
745836,2024-04-17,2024,622663,4,5.715538
746401,2024-04-17,2024,641585,4,4.7933784
745836,2024-04-17,2024,663559,4,3.178376
747212,2024-04-17,2024,696136,5,4.220304
745267,2024-04-17,2024,671096,6,5.2021675
746807,2024-04-17,2024,663903,5,4.736602
745591,2024-04-17,2024,650911,10,6.111699
745591,2024-04-17,2024,663372,8,5.340709
745671,2024-04-17,2024,621112,7,5.2467923
745671,2024-04-17,2024,571927,4,5.1822753
746005,2024-04-17,2024,650633,10,6.785426
746005,2024-04-17,2024,669060,2,3.6905098
747212,2024-04-17,2024,694297,6,5.716162
744948,2024-04-17,2024,592332,6,7.3944
747212,2024-04-17,2024,669713,2,2.7516062
746809,2024-04-17,2024,608379,4,5.3324475
746809,2024-04-17,2024,607200,5,5.3054934
746807,2024-04-17,2024,686563,3,4.4233446
745267,2024-04-17,2024,682243,7,5.8817377
744948,2024-04-17,2024,573186,2,5.759499
746076,2024-04-17,2024,669432,6,5.1813793
746401,2024-04-17,2024,608331,2,5.0896583
746487,2024-04-17,2024,641540,5,5.884627
746159,2024-04-17,2024,689017,4,4.536171
747049,2024-04-17,2024,641154,7,5.864782
747049,2024-04-17,2024,544150,4,4.8289523
745105,2024-04-17,2024,641793,7,7.170749
745105,2024-04-17,2024,672282,4,5.639183
746159,2024-04-17,2024,663623,6,4.4648895
745356,2024-04-18,2024,657277,5,6.268049
745104,2024-04-18,2024,656288,4,4.878539
745104,2024-04-18,2024,686752,7,6.129729
746485,2024-04-18,2024,570632,1,0.8986821
746970,2024-04-18,2024,471911,5,4.1653333
746485,2024-04-18,2024,683004,3,5.2488384
746485,2024-04-18,2024,628317,2,3.6823852
745356,2024-04-18,2024,663531,3,3.5352447
746970,2024-04-18,2024,681867,0,2.2472038
746650,2024-04-19,2024,671212,3,3.6810129
745758,2024-04-19,2024,641302,4,3.4066496
746325,2024-04-19,2024,679525,6,4.8115993
745922,2024-04-19,2024,657746,6,5.909291
745922,2024-04-19,2024,656427,10,6.195664
744872,2024-04-19,2024,669022,4,6.9636354
744872,2024-04-19,2024,434378,4,3.9678311
747136,2024-04-19,2024,519242,7,7.873933
745518,2024-04-19,2024,682990,2,4.0753083
746650,2024-04-19,2024,663474,6,4.3155265
745189,2024-04-19,2024,502043,3,2.8693929
745189,2024-04-19,2024,642547,7,6.3323035
746729,2024-04-19,2024,542881,2,4.506682
747136,2024-04-19,2024,571760,5,5.7043304
746729,2024-04-19,2024,666157,6,5.050289
745518,2024-04-19,2024,678394,7,5.613871
746325,2024-04-19,2024,665152,3,5.1293073
745352,2024-04-19,2024,605483,3,4.367101
745592,2024-04-19,2024,605513,6,5.0313854
745352,2024-04-19,2024,656756,3,4.721451
745430,2024-04-19,2024,684320,7,5.975535
745430,2024-04-19,2024,663362,2,4.824298
746160,2024-04-19,2024,808967,9,8.143928
746160,2024-04-19,2024,640455,3,3.2782078
745592,2024-04-19,2024,623167,4,2.9141622
746892,2024-04-19,2024,640462,4,4.0052433
746892,2024-04-19,2024,592791,4,4.229287
745758,2024-04-19,2024,657376,7,7.44339
745592,2024-04-19,2024,676979,3,4.114094
746893,2024-04-20,2024,665871,3,3.7575996
746570,2024-04-20,2024,622491,9,7.6559896
746570,2024-04-20,2024,641712,1,4.5995493
744865,2024-04-20,2024,669854,6,6.1627297
746891,2024-04-20,2024,684007,5,6.595643
746893,2024-04-20,2024,666200,6,5.5842495
746156,2024-04-20,2024,676130,6,4.748798
746570,2024-04-20,2024,683627,2,2.1282604
745190,2024-04-20,2024,669084,3,3.6816843
745190,2024-04-20,2024,669467,0,2.1464057
745921,2024-04-20,2024,641927,6,5.3724704
746156,2024-04-20,2024,694813,1,3.4390717
745760,2024-04-20,2024,621107,6,3.9238389
745760,2024-04-20,2024,641482,9,4.08495
745921,2024-04-20,2024,681857,4,6.8117185
745590,2024-04-20,2024,554430,8,7.9795074
745590,2024-04-20,2024,647336,2,5.497097
745190,2024-04-20,2024,571945,5,4.8089705
744865,2024-04-20,2024,592866,4,2.8447058
746891,2024-04-20,2024,682610,7,3.9812346
746324,2024-04-20,2024,666142,4,3.9651487
746726,2024-04-20,2024,607259,2,2.3872437
746726,2024-04-20,2024,663776,6,4.6912932
746726,2024-04-20,2024,668933,4,2.6998682
745515,2024-04-20,2024,682847,2,1.5996735
745431,2024-04-20,2024,681190,3,5.4166646
745354,2024-04-20,2024,668678,6,5.4195905
745515,2024-04-20,2024,676710,6,6.7754865
746651,2024-04-20,2024,671106,4,3.9213946
747135,2024-04-20,2024,543135,6,7.0014367
745431,2024-04-20,2024,621244,6,5.704377
747135,2024-04-20,2024,450203,4,5.22093
746324,2024-04-20,2024,669203,4,7.770904
746651,2024-04-20,2024,622072,4,3.412516
745354,2024-04-20,2024,690986,5,3.3290956
745515,2024-04-20,2024,656605,4,4.2987566
746727,2024-04-21,2024,608718,2,1.7550703
745192,2024-04-21,2024,607067,3,3.726723
745434,2024-04-21,2024,605397,3,6.073568
745434,2024-04-21,2024,605135,4,5.121344
745514,2024-04-21,2024,670174,1,1.3348274
745514,2024-04-21,2024,527048,7,4.7127028
745514,2024-04-21,2024,656924,2,2.35842
745353,2024-04-21,2024,677944,3,3.0123727
746154,2024-04-21,2024,701643,1,1.9047459
745353,2024-04-21,2024,663855,0,6.1561017
746572,2024-04-21,2024,676106,4,4.9022374
746572,2024-04-21,2024,663567,5,3.0821497
746568,2024-04-21,2024,615698,4,4.3026724
746572,2024-04-21,2024,663562,2,1.1691827
746568,2024-04-21,2024,669923,7,6.1526093
745759,2024-04-21,2024,661563,9,6.265296
746894,2024-04-21,2024,665795,7,4.5309267
746894,2024-04-21,2024,543294,5,2.8985925
745759,2024-04-21,2024,650644,5,6.737624
746154,2024-04-21,2024,607192,10,7.505061
745192,2024-04-21,2024,543243,12,6.077968
744866,2024-04-21,2024,686613,6,3.99497
746316,2024-04-21,2024,608344,2,3.0872834
746316,2024-04-21,2024,607625,1,6.221347
746727,2024-04-21,2024,667755,7,6.0998635
747133,2024-04-21,2024,670241,2,4.895646
745588,2024-04-21,2024,680897,3,3.8233795
745588,2024-04-21,2024,605400,7,5.1559253
747133,2024-04-21,2024,547179,7,5.9455123
746154,2024-04-21,2024,605288,3,3.008179
746652,2024-04-21,2024,676440,8,5.524719
745920,2024-04-21,2024,663554,4,5.5431366
744866,2024-04-21,2024,680730,8,3.5635896
746652,2024-04-21,2024,548389,4,4.537224
745920,2024-04-21,2024,686973,2,3.2805054
747134,2024-04-22,2024,677960,1,6.223228
747134,2024-04-22,2024,693821,4,3.9399683
745757,2024-04-22,2024,676664,7,5.008962
746723,2024-04-22,2024,624133,5,3.5569847
745916,2024-04-22,2024,663978,10,4.110077
745351,2024-04-22,2024,676775,6,5.077611
746319,2024-04-22,2024,579328,4,4.554268
746319,2024-04-22,2024,663903,5,6.576139
745351,2024-04-22,2024,500779,4,3.741683
746565,2024-04-22,2024,656302,8,7.554972
746565,2024-04-22,2024,596295,2,4.291164
745107,2024-04-22,2024,669373,9,5.443661
745916,2024-04-22,2024,678692,2,2.124163
745191,2024-04-22,2024,694297,4,4.9055347
746242,2024-04-22,2024,672282,4,5.6453424
746242,2024-04-22,2024,544150,5,4.6864243
745519,2024-04-22,2024,605452,4,4.0911546
745757,2024-04-22,2024,607074,4,6.0131574
745191,2024-04-22,2024,458681,7,3.7984047
745916,2024-04-22,2024,686563,5,4.184175
746723,2024-04-22,2024,668881,6,7.802421
745107,2024-04-22,2024,641793,7,5.9996076
745519,2024-04-22,2024,683003,7,5.660507
745348,2024-04-23,2024,622663,5,6.6180596
745348,2024-04-23,2024,657277,4,7.031004
745754,2024-04-23,2024,621112,5,4.670338
745917,2024-04-23,2024,607200,11,4.098791
745917,2024-04-23,2024,543351,4,2.4389408
746888,2024-04-23,2024,641585,6,6.0013385
746647,2024-04-23,2024,594902,7,5.5445447
745193,2024-04-23,2024,571927,4,4.8284597
745193,2024-04-23,2024,674072,6,4.9660544
745193,2024-04-23,2024,668868,5,4.0746655
746647,2024-04-23,2024,656557,4,6.938751
746888,2024-04-23,2024,696136,4,5.893948
746888,2024-04-23,2024,661527,3,2.043356
745917,2024-04-23,2024,641154,6,3.8474917
746566,2024-04-23,2024,663372,4,4.8491917
745516,2024-04-23,2024,668964,4,5.3361425
745102,2024-04-23,2024,686752,4,4.8289547
746321,2024-04-23,2024,608379,4,4.105365
746246,2024-04-23,2024,656288,4,3.9221501
746321,2024-04-23,2024,592332,2,7.8698254
745026,2024-04-23,2024,641540,7,5.087215
747130,2024-04-23,2024,608331,6,5.6706758
745102,2024-04-23,2024,628317,5,5.511453
746566,2024-04-23,2024,650633,5,3.7207127
745516,2024-04-23,2024,663559,8,3.6985548
745754,2024-04-23,2024,573186,9,6.144934
745026,2024-04-23,2024,669302,6,6.0659914
744863,2024-04-23,2024,572020,1,4.1080346
746246,2024-04-23,2024,680570,7,5.297331
744863,2024-04-23,2024,571578,3,3.5457766
746722,2024-04-23,2024,671096,3,3.6300251
746722,2024-04-23,2024,650911,3,4.7247877
747130,2024-04-23,2024,669432,4,4.1695356
745188,2024-04-24,2024,502043,6,3.5912051
745919,2024-04-24,2024,657746,8,6.693643
745919,2024-04-24,2024,676979,6,6.437065
744864,2024-04-24,2024,663623,3,6.396695
745188,2024-04-24,2024,656756,4,5.2876325
745753,2024-04-24,2024,671212,6,6.1745286
746649,2024-04-24,2024,681867,3,3.4412138
746649,2024-04-24,2024,471911,4,4.7827644
746649,2024-04-24,2024,658648,2,2.5359757
745028,2024-04-24,2024,592351,7,6.5707774
746317,2024-04-24,2024,684320,2,4.1929755
746317,2024-04-24,2024,679525,1,4.019718
746317,2024-04-24,2024,672582,3,2.459941
746244,2024-04-24,2024,542881,7,5.0737543
746725,2024-04-24,2024,666157,4,7.4410253
746725,2024-04-24,2024,605513,8,4.205102
745513,2024-04-24,2024,682847,4,2.1396263
745513,2024-04-24,2024,669060,3,3.7932842
746244,2024-04-24,2024,665152,10,5.536312
744864,2024-04-24,2024,689017,5,5.81951
745028,2024-04-24,2024,682243,5,5.051325
745346,2024-04-24,2024,640455,6,5.4009748
747132,2024-04-24,2024,664350,3,3.558822
745753,2024-04-24,2024,657376,6,6.884831
746889,2024-04-24,2024,592791,4,4.8062277
745099,2024-04-24,2024,641302,4,2.8841288
745099,2024-04-24,2024,656427,6,6.342838
746567,2024-04-24,2024,663362,5,5.1058965
746889,2024-04-24,2024,681293,7,6.245067
747132,2024-04-24,2024,625643,6,5.0615745
746567,2024-04-24,2024,621389,0,2.9328196
746567,2024-04-24,2024,683627,0,1.5129875
746887,2024-04-25,2024,434378,7,5.8746495
744867,2024-04-25,2024,808967,7,8.331162
746320,2024-04-25,2024,666142,4,4.022796
744867,2024-04-25,2024,669022,4,7.9191318
746724,2024-04-25,2024,607259,3,4.2737556
746320,2024-04-25,2024,621244,1,3.4044642
746564,2024-04-25,2024,641712,4,2.3693752
745918,2024-04-25,2024,647336,1,2.3694954
746887,2024-04-25,2024,665871,5,4.230205
746724,2024-04-25,2024,554430,8,6.0803466
745512,2024-04-25,2024,656605,7,5.646304
745512,2024-04-25,2024,642547,5,5.251929
746646,2024-04-25,2024,663474,7,3.9582117
746646,2024-04-25,2024,502624,0,2.8593636
745027,2024-04-25,2024,622491,6,6.1664395
745755,2024-04-25,2024,622072,5,5.572956
745755,2024-04-25,2024,641482,4,5.5722218
745027,2024-04-25,2024,571760,7,4.3442574
746564,2024-04-25,2024,681190,2,5.021051
745918,2024-04-25,2024,680573,6,5.8259687
745347,2024-04-26,2024,690986,7,5.4852552
746243,2024-04-26,2024,663776,4,5.4718113
746078,2024-04-26,2024,592866,1,3.6198547
745835,2024-04-26,2024,571945,5,5.1880407
745835,2024-04-26,2024,676130,4,4.7420425
746972,2024-04-26,2024,684007,7,7.68992
746972,2024-04-26,2024,676710,4,4.9670615
745347,2024-04-26,2024,682990,6,4.1516614
746243,2024-04-26,2024,641927,8,5.3187933
746482,2024-04-26,2024,607625,9,5.9915066
744949,2024-04-26,2024,694813,2,5.195563
745424,2024-04-26,2024,605400,10,7.3712416
745424,2024-04-26,2024,605397,4,5.2309837
745269,2024-04-26,2024,668678,3,2.4841616
745269,2024-04-26,2024,676106,4,4.6829257
747050,2024-04-26,2024,548389,3,5.89935
747129,2024-04-26,2024,671106,5,3.7397623
747129,2024-04-26,2024,519242,6,6.971382
746000,2024-04-26,2024,607067,4,3.2175035
744949,2024-04-26,2024,605135,4,4.5067825
745025,2024-04-26,2024,668933,3,5.0472
746808,2024-04-26,2024,623167,2,3.7193918
747050,2024-04-26,2024,669203,6,8.272383
746808,2024-04-26,2024,541640,3,1.91496
746000,2024-04-26,2024,661563,6,5.8716574
747050,2024-04-26,2024,687765,2,3.7963705
745025,2024-04-26,2024,543135,8,5.68404
746808,2024-04-26,2024,621107,4,4.51064
746482,2024-04-26,2024,681857,8,6.4882054
746075,2024-04-27,2024,680730,2,5.5220494
745020,2024-04-27,2024,547179,3,6.105249
745020,2024-04-27,2024,570632,3,2.7533627
745425,2024-04-27,2024,670970,5,2.7189972
747052,2024-04-27,2024,676664,8,5.794509
745020,2024-04-27,2024,668881,6,7.85307
745350,2024-04-27,2024,663855,9,6.548086
745425,2024-04-27,2024,656302,5,5.568285
747052,2024-04-27,2024,608344,5,4.654495
745350,2024-04-27,2024,527048,4,4.007316
745425,2024-04-27,2024,624133,8,5.472175
746245,2024-04-27,2024,667755,1,3.8266914
746484,2024-04-27,2024,663903,6,5.6756186
746560,2024-04-27,2024,669854,8,4.9466834
746560,2024-04-27,2024,615698,2,3.7033458
746971,2024-04-27,2024,605155,1,2.220125
746971,2024-04-27,2024,670174,1,1.7674094
746484,2024-04-27,2024,663554,2,5.9964147
746971,2024-04-27,2024,676962,4,3.1299696
746803,2024-04-27,2024,686563,5,5.982771
747131,2024-04-27,2024,450203,6,4.6092825
746803,2024-04-27,2024,650644,3,4.40721
745998,2024-04-27,2024,607074,8,4.7720246
745833,2024-04-27,2024,605288,2,4.2305207
745998,2024-04-27,2024,600986,1,1.1476865
745998,2024-04-27,2024,605452,5,4.0976887
746075,2024-04-27,2024,665795,4,3.3422954
747131,2024-04-27,2024,676440,9,7.335025
746245,2024-04-27,2024,608334,2,2.780298
746245,2024-04-27,2024,660761,1,2.4709845
745266,2024-04-27,2024,669923,12,6.4176974
744946,2024-04-27,2024,607192,9,7.5792603
744946,2024-04-27,2024,579328,3,5.3986635
745266,2024-04-27,2024,677944,8,4.673875
746245,2024-04-27,2024,663978,2,4.775592
746075,2024-04-27,2024,592288,2,1.172862
745833,2024-04-27,2024,543243,9,6.441273
746483,2024-04-28,2024,608379,3,4.169164
744947,2024-04-28,2024,642232,2,2.493286
747125,2024-04-28,2024,693821,2,3.2799528
746561,2024-04-28,2024,664285,6,4.6863947
747045,2024-04-28,2024,666205,2,2.7464209
747045,2024-04-28,2024,621112,5,4.0468903
746483,2024-04-28,2024,669373,6,5.8106594
747125,2024-04-28,2024,594902,5,4.3388133
744947,2024-04-28,2024,592332,5,6.27968
746237,2024-04-28,2024,672282,3,5.2993884
746237,2024-04-28,2024,641154,8,7.108359
745265,2024-04-28,2024,669302,9,7.180269
746561,2024-04-28,2024,596295,2,2.4406161
746001,2024-04-28,2024,676083,0,2.7211676
745834,2024-04-28,2024,669461,0,4.3066125
746001,2024-04-28,2024,573186,4,4.773093
745428,2024-04-28,2024,592836,4,4.8029737
746077,2024-04-28,2024,571578,4,5.31578
746077,2024-04-28,2024,677960,3,5.6275406
745349,2024-04-28,2024,676775,5,5.0746226
745349,2024-04-28,2024,683003,3,5.795122
745428,2024-04-28,2024,650633,6,5.9019175
747045,2024-04-28,2024,544150,6,5.6100726
745022,2024-04-28,2024,641540,10,4.009898
746001,2024-04-28,2024,668964,5,3.1456642
746805,2024-04-28,2024,607200,9,6.1813946
745022,2024-04-28,2024,671096,7,4.5788593
746967,2024-04-28,2024,669713,3,4.330216
746967,2024-04-28,2024,656557,9,6.528133
745834,2024-04-28,2024,458681,3,4.685403
745834,2024-04-28,2024,500779,3,4.772228
746805,2024-04-28,2024,641793,6,5.756524
745265,2024-04-28,2024,694297,11,6.187398
747211,2024-04-29,2024,663531,0,2.4975924
745832,2024-04-29,2024,592791,1,3.6985035
745832,2024-04-29,2024,622663,5,6.11713
747211,2024-04-29,2024,674072,0,2.9885454
745263,2024-04-29,2024,608331,7,6.15543
747211,2024-04-29,2024,572020,4,4.593291
745263,2024-04-29,2024,682243,10,5.7788186
744945,2024-04-29,2024,680742,3,3.8275664
744945,2024-04-29,2024,684320,1,5.135608
745427,2024-04-29,2024,663362,4,5.474867
746236,2024-04-29,2024,650911,1,3.4322982
746804,2024-04-29,2024,676979,7,6.1867437
746236,2024-04-29,2024,656288,1,4.206695
746804,2024-04-29,2024,657746,3,7.586861
745999,2024-04-29,2024,669060,6,4.670295
745672,2024-04-29,2024,663559,5,3.516498
746074,2024-04-29,2024,669432,3,5.3636208
746074,2024-04-29,2024,663623,3,5.0311904
745999,2024-04-29,2024,686752,7,5.921521
745672,2024-04-29,2024,672710,3,2.252413
745427,2024-04-29,2024,666157,11,7.256918
747046,2024-04-29,2024,657376,5,4.5048795
747046,2024-04-29,2024,680570,3,5.5525727
745672,2024-04-29,2024,671212,4,4.47192
745997,2024-04-30,2024,682052,1,2.757456
745426,2024-04-30,2024,506433,3,3.795099
745018,2024-04-30,2024,669022,7,6.1147685
745997,2024-04-30,2024,642547,7,4.1142564
746481,2024-04-30,2024,571927,1,2.8923128
746073,2024-04-30,2024,663372,3,4.72143
746477,2024-04-30,2024,502043,9,5.81608
746477,2024-04-30,2024,656427,14,6.2355886
746481,2024-04-30,2024,656412,3,2.2484312
745018,2024-04-30,2024,592351,3,5.718473
744942,2024-04-30,2024,621244,3,5.1453
744942,2024-04-30,2024,666142,9,7.1823897
746481,2024-04-30,2024,666159,7,7.988412
745426,2024-04-30,2024,607259,3,3.8139126
746073,2024-04-30,2024,664350,3,3.9528213
747210,2024-04-30,2024,686826,4,1.3424201
746239,2024-04-30,2024,605513,6,6.544693
747210,2024-04-30,2024,689017,2,3.4313521
747047,2024-04-30,2024,665152,4,4.1925406
746398,2024-04-30,2024,471911,3,4.332349
747047,2024-04-30,2024,641482,5,3.99722
745260,2024-04-30,2024,625643,7,4.791684
745260,2024-04-30,2024,622491,7,6.4978757
746239,2024-04-30,2024,542881,6,4.63368
746968,2024-04-30,2024,657277,4,4.685868
746968,2024-04-30,2024,681867,4,4.3407
746968,2024-04-30,2024,694738,4,3.0376058
745673,2024-04-30,2024,622072,4,5.862427
745673,2024-04-30,2024,656605,7,5.3513813
745831,2024-04-30,2024,640455,3,4.4947643
745831,2024-04-30,2024,665871,1,3.8857331
746806,2024-04-30,2024,647336,3,3.74849
746806,2024-04-30,2024,680573,2,4.430793
746398,2024-04-30,2024,686613,7,5.463537
745997,2024-04-30,2024,641302,3,4.498889
745261,2024-05-01,2024,519242,9,7.113001
746238,2024-05-01,2024,554430,6,8.307798
746238,2024-05-01,2024,663776,10,5.585848
745829,2024-05-01,2024,676130,6,4.6904273
746399,2024-05-01,2024,663474,6,4.835828
745423,2024-05-01,2024,668933,4,3.4991527
745423,2024-05-01,2024,605397,9,5.4356728
745670,2024-05-01,2024,682990,3,4.687932
746800,2024-05-01,2024,623167,4,4.112408
746800,2024-05-01,2024,641927,3,4.3095737
746966,2024-05-01,2024,676710,6,4.350196
746399,2024-05-01,2024,434378,2,4.446338
747207,2024-05-01,2024,656756,1,2.0324013
745670,2024-05-01,2024,548389,2,3.6152613
747207,2024-05-01,2024,808967,5,6.345861
745829,2024-05-01,2024,684007,7,6.795589
746072,2024-05-01,2024,682610,7,5.465662
744939,2024-05-01,2024,607625,8,5.688451
744939,2024-05-01,2024,605135,4,5.29553
746072,2024-05-01,2024,641712,2,3.4220054
745023,2024-05-01,2024,571760,4,4.6068316
747207,2024-05-01,2024,686796,5,4.2552648
747048,2024-05-01,2024,669203,6,7.6425037
745996,2024-05-01,2024,541640,1,1.4274848
745023,2024-05-01,2024,592866,3,2.4573987
745996,2024-05-01,2024,621107,6,5.3855753
747048,2024-05-01,2024,661563,5,5.7371755
746478,2024-05-01,2024,571945,4,6.105892
746478,2024-05-01,2024,628317,5,5.4461465
745261,2024-05-01,2024,676106,4,3.91418
745996,2024-05-01,2024,607067,5,5.808257
746966,2024-05-01,2024,641726,3,1.3411497
746070,2024-05-02,2024,663567,3,3.478145
746070,2024-05-02,2024,665795,9,6.3181977
746070,2024-05-02,2024,621389,2,1.7283562
747044,2024-05-02,2024,680694,5,5.9852214
745830,2024-05-02,2024,676962,5,6.369802
746969,2024-05-02,2024,670174,0,2.4367726
745830,2024-05-02,2024,605288,2,3.4456522
746969,2024-05-02,2024,690986,7,4.5344157
746403,2024-05-02,2024,681293,6,4.4895663
745021,2024-05-02,2024,680730,5,5.5537505
745021,2024-05-02,2024,543135,8,5.2503514
747044,2024-05-02,2024,607074,6,5.987548
746403,2024-05-02,2024,671106,5,5.511048
746152,2024-05-03,2024,450203,5,5.6655583
745510,2024-05-03,2024,527048,4,3.9441895
745510,2024-05-03,2024,615698,9,5.0260596
744868,2024-05-03,2024,579328,7,9.1466465
745187,2024-05-03,2024,694363,2,2.2436554
745665,2024-05-03,2024,676664,6,5.3768086
746152,2024-05-03,2024,694813,5,4.899017
745665,2024-05-03,2024,677960,5,6.547939
746645,2024-05-03,2024,660761,3,2.9948356
746645,2024-05-03,2024,667755,3,4.767124
746645,2024-05-03,2024,676440,4,7.252967
745101,2024-05-03,2024,500779,2,3.7550685
746318,2024-05-03,2024,663903,8,6.340726
745187,2024-05-03,2024,641745,5,6.5837493
745101,2024-05-03,2024,650644,5,6.071526
746318,2024-05-03,2024,547179,3,5.6993766
746721,2024-05-03,2024,608344,4,1.8462564
746721,2024-05-03,2024,668881,5,9.894217
745589,2024-05-03,2024,605400,4,5.2378244
745756,2024-05-03,2024,573186,3,5.6626883
745187,2024-05-03,2024,543243,6,6.0739346
745589,2024-05-03,2024,663855,3,5.1095266
745914,2024-05-03,2024,683822,2,1.881148
745914,2024-05-03,2024,663978,6,4.279834
745914,2024-05-03,2024,656557,5,6.785622
746402,2024-05-03,2024,669854,6,5.542106
746890,2024-05-03,2024,669713,8,5.465899
746402,2024-05-03,2024,669923,3,4.7904644
745756,2024-05-03,2024,681857,5,4.9997973
747208,2024-05-03,2024,679885,4,3.0499148
744868,2024-05-03,2024,571578,3,4.843465
747208,2024-05-03,2024,677944,4,4.7495465
746890,2024-05-03,2024,605452,4,4.329941
747208,2024-05-03,2024,656302,8,7.544667
746311,2024-05-04,2024,681882,0,1.9187486
744862,2024-05-04,2024,592332,8,7.9513187
746311,2024-05-04,2024,608379,3,3.885973
744862,2024-05-04,2024,663623,4,5.5452867
745750,2024-05-04,2024,663554,6,6.116169
745750,2024-05-04,2024,657376,7,5.7569637
746644,2024-05-04,2024,672282,7,4.642002
746644,2024-05-04,2024,594902,5,4.068359
746884,2024-05-04,2024,668964,2,3.3818126
746311,2024-05-04,2024,641540,4,3.5501904
745100,2024-05-04,2024,681035,6,5.977627
746884,2024-05-04,2024,592791,7,7.427988
745100,2024-05-04,2024,641793,7,5.27103
745511,2024-05-04,2024,683003,10,7.2917953
745183,2024-05-04,2024,607200,2,4.5270057
745911,2024-05-04,2024,641154,8,7.044484
745183,2024-05-04,2024,458681,4,5.1835914
746720,2024-05-04,2024,671096,8,5.669809
746394,2024-05-04,2024,669302,6,6.164979
745511,2024-05-04,2024,596295,3,2.7755582
746394,2024-05-04,2024,664285,3,7.301122
746720,2024-05-04,2024,607644,8,4.288582
745583,2024-05-04,2024,669952,0,2.6801164
746155,2024-05-04,2024,607192,10,5.5649157
747209,2024-05-04,2024,650633,3,4.2905593
745666,2024-05-04,2024,621112,3,5.9708195
745666,2024-05-04,2024,669432,1,3.7581306
745666,2024-05-04,2024,670766,2,2.3304427
746155,2024-05-04,2024,693821,4,2.0123572
747209,2024-05-04,2024,694297,4,5.5057793
745583,2024-05-04,2024,678495,2,2.2983055
745583,2024-05-04,2024,624133,6,5.208287
745913,2024-05-05,2024,681892,2,2.8785157
744861,2024-05-05,2024,666201,6,4.936842
745504,2024-05-05,2024,663372,3,4.5958385
747206,2024-05-05,2024,669194,3,6.804691
745587,2024-05-05,2024,657277,6,5.5260262
745504,2024-05-05,2024,663559,3,4.1748986
746153,2024-05-05,2024,608331,7,7.316331
745913,2024-05-05,2024,657746,5,6.2205443
746153,2024-05-05,2024,572020,3,5.0266395
746314,2024-05-05,2024,592351,7,5.7196307
747206,2024-05-05,2024,666745,0,1.5184093
745751,2024-05-05,2024,669373,12,6.2158165
745751,2024-05-05,2024,641482,9,6.056441
746719,2024-05-05,2024,666157,6,6.3830166
746719,2024-05-05,2024,665152,6,5.0915165
744861,2024-05-05,2024,669022,4,5.8065777
747206,2024-05-05,2024,663362,2,3.2611592
745913,2024-05-05,2024,681867,5,5.932315
746883,2024-05-05,2024,665871,4,4.5794196
745587,2024-05-05,2024,592836,7,5.094408
746883,2024-05-05,2024,642547,5,4.717378
745185,2024-05-05,2024,676979,6,5.881663
745667,2024-05-05,2024,687765,5,5.390686
745667,2024-05-05,2024,664350,2,2.6324358
746643,2024-05-05,2024,656288,5,4.7383375
746643,2024-05-05,2024,471911,3,4.4948416
746395,2024-05-05,2024,686613,5,6.0621924
746314,2024-05-05,2024,663738,6,4.1804953
745103,2024-05-05,2024,686752,3,2.3953662
746395,2024-05-05,2024,682243,3,6.753086
745185,2024-05-05,2024,669461,5,1.5591311
745103,2024-05-05,2024,622663,6,6.1210847
745912,2024-05-06,2024,680573,8,3.5236204
745912,2024-05-06,2024,622491,7,6.8109565
745585,2024-05-06,2024,696131,4,4.5186887
746639,2024-05-06,2024,663474,6,4.619361
745182,2024-05-06,2024,640455,1,4.420899
746313,2024-05-06,2024,669060,6,4.9103684
746639,2024-05-06,2024,656427,6,7.452296
745509,2024-05-06,2024,656605,5,6.656139
745182,2024-05-06,2024,502043,4,3.6167507
745098,2024-05-06,2024,694363,0,2.3369317
745585,2024-05-06,2024,554430,11,7.4065456
745509,2024-05-06,2024,542881,5,3.9993348
746149,2024-05-06,2024,682610,5,6.269268
746149,2024-05-06,2024,621111,4,3.6783075
745669,2024-05-06,2024,622072,3,4.3622847
746313,2024-05-06,2024,666142,8,6.716985
745669,2024-05-06,2024,571760,5,5.990739
745098,2024-05-06,2024,605182,0,1.854002
746886,2024-05-06,2024,506433,5,5.807128
746886,2024-05-06,2024,657006,2,3.7756765
745098,2024-05-06,2024,641302,7,4.5523148
746147,2024-05-07,2024,665795,1,2.9466186
746559,2024-05-07,2024,690986,2,2.745765
746559,2024-05-07,2024,621389,2,1.631517
745095,2024-05-07,2024,647336,4,6.1328707
746315,2024-05-07,2024,607067,2,3.1828127
746559,2024-05-07,2024,641712,2,5.684384
746638,2024-05-07,2024,671106,2,4.206264
745095,2024-05-07,2024,621107,3,3.8251317
745668,2024-05-07,2024,570632,2,5.6737556
745668,2024-05-07,2024,548389,2,2.37278
745915,2024-05-07,2024,676106,0,3.3895144
745508,2024-05-07,2024,682990,1,2.6687527
745586,2024-05-07,2024,621244,7,5.298571
745586,2024-05-07,2024,650911,5,5.133322
745186,2024-05-07,2024,571945,3,2.4413004
745915,2024-05-07,2024,660896,1,2.862193
744859,2024-05-07,2024,669203,6,6.60583
744859,2024-05-07,2024,592866,8,3.076583
745508,2024-05-07,2024,672710,3,2.701322
745508,2024-05-07,2024,663776,7,7.00856
746718,2024-05-07,2024,668678,6,4.1322823
746718,2024-05-07,2024,593423,7,6.018993
745915,2024-05-07,2024,641927,7,5.3933234
745095,2024-05-07,2024,641745,0,2.938301
745186,2024-05-07,2024,676130,3,4.31803
745668,2024-05-07,2024,642546,1,2.1570923
745752,2024-05-07,2024,434378,2,6.391989
745752,2024-05-07,2024,661563,5,7.027717
746147,2024-05-07,2024,666277,3,2.4206266
746147,2024-05-07,2024,808967,5,5.5758815
745668,2024-05-07,2024,621053,3,2.8676677
746885,2024-05-07,2024,681190,6,6.1179037
746885,2024-05-07,2024,684007,8,8.983034
747126,2024-05-07,2024,625643,5,5.1216063
745668,2024-05-07,2024,666720,3,4.0411797
746638,2024-05-07,2024,628317,1,3.4668438
746638,2024-05-07,2024,658648,4,2.7988877
745668,2024-05-07,2024,663687,5,6.319617
747126,2024-05-07,2024,676710,6,6.373117
746315,2024-05-07,2024,607625,5,4.911696
746312,2024-05-08,2024,605452,2,3.0474617
746312,2024-05-08,2024,663903,4,4.252294
746717,2024-05-08,2024,656756,2,4.6844215
746879,2024-05-08,2024,656302,12,9.492524
745906,2024-05-08,2024,669923,4,3.2538245
745906,2024-05-08,2024,663978,10,5.7041883
744858,2024-05-08,2024,680694,9,5.103265
744858,2024-05-08,2024,680730,3,4.54044
745584,2024-05-08,2024,605400,7,5.87427
745584,2024-05-08,2024,605135,6,6.583158
745659,2024-05-08,2024,666205,2,2.7294207
745659,2024-05-08,2024,674370,4,2.9809377
745659,2024-05-08,2024,683004,3,2.9577625
745664,2024-05-08,2024,547179,6,4.9364643
745664,2024-05-08,2024,676664,3,3.7664192
745507,2024-05-08,2024,667755,6,4.027999
746640,2024-05-08,2024,681857,4,6.2322702
746640,2024-05-08,2024,676440,5,6.180988
746717,2024-05-08,2024,668933,2,4.371025
745507,2024-05-08,2024,527048,5,2.6868408
746879,2024-05-08,2024,669713,3,5.4097166
745097,2024-05-08,2024,650644,4,5.801345
745097,2024-05-08,2024,623167,8,5.950788
746562,2024-05-08,2024,663567,2,3.1358395
746562,2024-05-08,2024,663855,5,6.6502676
746562,2024-05-08,2024,683627,3,2.5302806
745749,2024-05-08,2024,681293,4,5.0091147
745749,2024-05-08,2024,607074,7,7.4534855
747127,2024-05-08,2024,519242,10,7.711318
746151,2024-05-08,2024,677960,3,6.102561
746151,2024-05-08,2024,694813,4,5.0448813
747127,2024-05-08,2024,601713,1,3.787072
746241,2024-05-09,2024,608379,6,6.3234544
745748,2024-05-09,2024,669854,5,5.2914615
746241,2024-05-09,2024,660761,6,4.029738
746241,2024-05-09,2024,672282,5,5.517907
745748,2024-05-09,2024,573186,5,5.7828503
746563,2024-05-09,2024,676775,1,3.1842308
746802,2024-05-09,2024,607200,3,5.097166
746715,2024-05-09,2024,607259,2,3.113311
746715,2024-05-09,2024,668881,6,4.9277573
746715,2024-05-09,2024,677944,2,3.981482
745910,2024-05-09,2024,641154,10,5.936152
745910,2024-05-09,2024,669302,4,5.913587
745995,2024-05-09,2024,668964,6,4.5629673
745995,2024-05-09,2024,543243,6,5.3877654
746563,2024-05-09,2024,615698,5,3.9023056
746563,2024-05-09,2024,678495,4,2.155435
746802,2024-05-09,2024,594902,2,6.1106405
745094,2024-05-10,2024,671737,7,6.56443
745264,2024-05-10,2024,621112,5,4.124384
746479,2024-05-10,2024,663554,2,4.7620554
746553,2024-05-10,2024,596295,5,3.6107538
746553,2024-05-10,2024,592351,7,6.141971
745993,2024-05-10,2024,643361,0,1.8642182
745993,2024-05-10,2024,458681,5,4.4670243
746479,2024-05-10,2024,664285,4,6.276626
745094,2024-05-10,2024,657376,6,5.084647
745506,2024-05-10,2024,665871,4,4.711044
745993,2024-05-10,2024,688107,4,5.0124817
746964,2024-05-10,2024,571578,4,3.7823136
746071,2024-05-10,2024,624133,9,4.5867662
746071,2024-05-10,2024,669432,3,4.4135003
746801,2024-05-10,2024,676979,11,7.391639
745506,2024-05-10,2024,683003,4,6.2594557
745340,2024-05-10,2024,657277,6,5.8676844
745340,2024-05-10,2024,671096,2,4.474088
746801,2024-05-10,2024,471911,5,3.2177405
745421,2024-05-10,2024,650633,11,7.19076
745421,2024-05-10,2024,607192,10,8.350808
745993,2024-05-10,2024,681517,2,1.860042
746964,2024-05-10,2024,656557,4,7.915104
745264,2024-05-10,2024,693433,3,4.320038
746240,2024-05-10,2024,679525,7,4.448326
744940,2024-05-10,2024,657746,7,6.286147
744940,2024-05-10,2024,579328,3,7.960853
747043,2024-05-10,2024,608344,6,5.6115294
745827,2024-05-10,2024,500779,3,3.788071
747043,2024-05-10,2024,694297,0,4.0223985
746240,2024-05-10,2024,656288,3,4.8832083
745827,2024-05-10,2024,450203,7,5.9424562
745994,2024-05-11,2024,642547,8,6.4266095
746554,2024-05-11,2024,663372,4,4.860396
746232,2024-05-11,2024,666142,3,7.966161
746232,2024-05-11,2024,542881,4,3.7263987
745344,2024-05-11,2024,666157,6,7.0315194
745262,2024-05-11,2024,682243,9,6.754361
746480,2024-05-11,2024,686613,7,4.8338294
746480,2024-05-11,2024,669373,7,6.7357244
746480,2024-05-11,2024,664299,0,1.2935927
747041,2024-05-11,2024,669194,3,4.797759
747041,2024-05-11,2024,607644,3,4.2535806
745262,2024-05-11,2024,683155,5,2.9320283
745096,2024-05-11,2024,641793,3,3.5569026
745096,2024-05-11,2024,641482,5,4.3464055
746554,2024-05-11,2024,571760,8,3.7889721
745422,2024-05-11,2024,572020,4,5.9326873
745828,2024-05-11,2024,608331,5,6.670618
745422,2024-05-11,2024,663362,6,6.120152
745422,2024-05-11,2024,666745,2,2.1313539
746069,2024-05-11,2024,666200,8,5.93473
745994,2024-05-11,2024,502043,7,6.0341973
746069,2024-05-11,2024,592836,4,4.1241665
745828,2024-05-11,2024,681035,8,5.430119
745344,2024-05-11,2024,696131,2,4.6354504
745505,2024-05-11,2024,657006,3,5.63625
746963,2024-05-11,2024,663623,6,6.731886
744943,2024-05-11,2024,592332,6,6.0460815
744943,2024-05-11,2024,680573,2,5.518771
746797,2024-05-11,2024,605182,5,3.7524076
745505,2024-05-11,2024,694973,7,7.171562
746963,2024-05-11,2024,681867,9,4.788666
746797,2024-05-11,2024,663474,5,6.844807
745499,2024-05-12,2024,543294,5,4.3947926
746234,2024-05-12,2024,663776,3,5.843077
746476,2024-05-12,2024,661527,2,2.6904821
746798,2024-05-12,2024,647336,4,3.2858028
746476,2024-05-12,2024,656427,7,6.170831
746476,2024-05-12,2024,434378,8,6.771907
746798,2024-05-12,2024,671106,3,3.4009495
745825,2024-05-12,2024,693821,6,3.0815299
745990,2024-05-12,2024,669060,1,3.49963
745092,2024-05-12,2024,641302,3,2.4984462
745825,2024-05-12,2024,622663,4,5.5834045
747042,2024-05-12,2024,665152,10,5.8257656
747042,2024-05-12,2024,544150,3,1.7626075
746068,2024-05-12,2024,666129,8,3.8503902
746068,2024-05-12,2024,554430,2,4.5479717
746965,2024-05-12,2024,669022,9,9.22047
745092,2024-05-12,2024,661563,3,4.852535
745499,2024-05-12,2024,663559,1,1.7689629
746965,2024-05-12,2024,678394,1,1.8582381
747042,2024-05-12,2024,668678,4,4.230416
745255,2024-05-12,2024,666205,5,2.936188
746798,2024-05-12,2024,641745,3,2.2025914
745419,2024-05-12,2024,506433,7,5.562306
745419,2024-05-12,2024,621111,2,3.7703636
745255,2024-05-12,2024,622491,8,5.2558746
746555,2024-05-12,2024,570632,3,6.274715
744941,2024-05-12,2024,641927,10,6.3866663
745345,2024-05-12,2024,593423,3,3.1600242
745345,2024-05-12,2024,690986,5,6.329134
745255,2024-05-12,2024,622072,1,2.3376129
744941,2024-05-12,2024,666201,6,3.967433
746234,2024-05-12,2024,607625,12,7.296742
745990,2024-05-12,2024,571945,3,4.7600703
746555,2024-05-12,2024,621389,2,2.4753063
746961,2024-05-13,2024,621107,2,5.4292865
746393,2024-05-13,2024,548389,1,1.1516302
745343,2024-05-13,2024,663855,4,6.1019087
746961,2024-05-13,2024,676710,6,5.5922904
745343,2024-05-13,2024,808967,6,5.262043
745826,2024-05-13,2024,650911,5,6.4577246
745826,2024-05-13,2024,640455,6,4.8118134
745019,2024-05-13,2024,547179,4,5.3669024
747040,2024-05-13,2024,669203,2,7.3305526
746961,2024-05-13,2024,669711,2,2.8329113
747040,2024-05-13,2024,621244,4,6.0786114
746233,2024-05-13,2024,667755,6,5.0965347
747128,2024-05-13,2024,625643,4,5.135623
746233,2024-05-13,2024,660761,2,2.94644
745256,2024-05-13,2024,663903,6,7.788604
745256,2024-05-13,2024,669923,6,7.037971
745420,2024-05-13,2024,641712,3,3.6882122
745420,2024-05-13,2024,670970,3,2.006319
746233,2024-05-13,2024,669461,1,2.5888948
747204,2024-05-13,2024,668933,3,4.8278394
745019,2024-05-13,2024,676440,4,6.001259
746393,2024-05-13,2024,681293,5,4.8349075
745991,2024-05-13,2024,656605,7,7.106907
747128,2024-05-13,2024,669713,2,3.080123
745420,2024-05-13,2024,681190,0,3.365707
747128,2024-05-13,2024,684007,8,8.060551
747204,2024-05-13,2024,656756,7,5.248052
746471,2024-05-13,2024,666159,5,5.087305
746471,2024-05-13,2024,664350,2,3.9679348
745991,2024-05-13,2024,607067,5,5.3705277
745991,2024-05-13,2024,676596,1,1.3530002
745418,2024-05-14,2024,656302,8,7.2294307
746796,2024-05-14,2024,623167,5,3.3652532
746396,2024-05-14,2024,669854,4,2.8317275
745909,2024-05-14,2024,663978,4,5.3110332
745821,2024-05-14,2024,605400,8,7.645983
746796,2024-05-14,2024,592866,2,3.752431
745909,2024-05-14,2024,607074,6,6.175894
746799,2024-05-14,2024,680730,3,4.813955
745418,2024-05-14,2024,615698,5,3.4217849
746799,2024-05-14,2024,607200,6,5.226881
746396,2024-05-14,2024,676664,2,5.2498384
745821,2024-05-14,2024,676130,4,5.6915293
745014,2024-05-14,2024,594902,5,4.5179496
745342,2024-05-14,2024,678495,5,2.1948063
746962,2024-05-14,2024,650644,6,4.4122114
746962,2024-05-14,2024,601713,8,6.996656
746235,2024-05-14,2024,672282,7,6.1890388
746235,2024-05-14,2024,543243,9,5.470365
747205,2024-05-14,2024,663531,2,2.9930289
747205,2024-05-14,2024,668881,5,8.135475
747205,2024-05-14,2024,677944,3,4.809299
745989,2024-05-14,2024,682990,5,4.2006593
745989,2024-05-14,2024,605452,6,5.4765472
745257,2024-05-14,2024,608379,7,5.1391068
745342,2024-05-14,2024,694813,2,4.560319
746473,2024-05-14,2024,681857,6,5.9541187
746473,2024-05-14,2024,677960,4,7.0389347
745257,2024-05-14,2024,669302,7,8.177089
745014,2024-05-14,2024,666720,0,1.3317312
745014,2024-05-14,2024,683004,1,3.6126065
745342,2024-05-14,2024,676775,4,4.3080196
747124,2024-05-14,2024,519242,9,6.0173583
747124,2024-05-14,2024,592791,2,4.478063
746231,2024-05-15,2024,656288,5,5.6346574
746960,2024-05-15,2024,671737,6,4.3842707
746960,2024-05-15,2024,656557,7,8.929526
745908,2024-05-15,2024,641154,3,6.955888
746397,2024-05-15,2024,605156,5,4.9137635
745341,2024-05-15,2024,674285,3,2.7279673
745341,2024-05-15,2024,657277,5,5.9922624
745341,2024-05-15,2024,622694,3,4.347426
746795,2024-05-15,2024,571578,0,3.5484138
747038,2024-05-15,2024,680694,3,6.240636
746231,2024-05-15,2024,458681,5,6.919102
745992,2024-05-15,2024,527048,4,4.048597
745992,2024-05-15,2024,682847,5,2.6066215
745992,2024-05-15,2024,688107,2,4.4224505
747038,2024-05-15,2024,579328,9,5.0200915
745015,2024-05-15,2024,592351,3,5.558699
745015,2024-05-15,2024,471911,3,2.74791
745259,2024-05-15,2024,679525,7,6.683345
745259,2024-05-15,2024,693433,5,4.4423614
746795,2024-05-15,2024,676979,6,7.152444
745908,2024-05-15,2024,573186,2,5.839057
746397,2024-05-15,2024,664285,8,8.220289
745417,2024-05-15,2024,596295,5,3.6763666
745417,2024-05-15,2024,650633,7,5.0779037
747203,2024-05-15,2024,694297,9,5.426513
747203,2024-05-15,2024,671096,4,5.248729
747123,2024-05-15,2024,450203,4,3.7349427
746472,2024-05-15,2024,663554,6,7.0843477
746472,2024-05-15,2024,669432,6,4.791251
745582,2024-05-15,2024,605288,1,1.8388667
745582,2024-05-15,2024,605513,0,3.4224946
745582,2024-05-15,2024,624133,3,4.718573
745582,2024-05-15,2024,664192,2,2.405038
747123,2024-05-15,2024,665871,7,3.446565
745580,2024-05-16,2024,500779,4,3.397942
746391,2024-05-16,2024,683155,4,4.799413
746391,2024-05-16,2024,664299,8,4.4809523
746150,2024-05-16,2024,607259,4,3.0516806
746150,2024-05-16,2024,607192,8,6.468757
746150,2024-05-16,2024,598286,1,0.9085752
746881,2024-05-16,2024,657006,7,5.254127
745580,2024-05-16,2024,592836,1,3.1561854
746391,2024-05-16,2024,663687,3,3.5908155
746881,2024-05-16,2024,683003,7,7.103538
745907,2024-05-16,2024,657746,5,5.224758
746959,2024-05-16,2024,641793,3,4.886502
746959,2024-05-16,2024,681867,3,4.556815
745907,2024-05-16,2024,657376,8,4.9052777
746388,2024-05-17,2024,686613,5,5.8958135
747201,2024-05-17,2024,669373,6,5.164382
745579,2024-05-17,2024,554430,6,7.958518
745579,2024-05-17,2024,663623,2,4.554632
747201,2024-05-17,2024,669194,4,4.645149
745178,2024-05-17,2024,502624,1,3.4335842
747201,2024-05-17,2024,621199,3,3.0279353
745747,2024-05-17,2024,605182,5,2.4989338
745747,2024-05-17,2024,641482,6,5.475523
747037,2024-05-17,2024,607644,4,4.50031
747037,2024-05-17,2024,682243,1,5.5043254
745178,2024-05-17,2024,678394,4,5.915043
746388,2024-05-17,2024,642547,6,5.4306564
746065,2024-05-17,2024,681035,3,4.5975847
746065,2024-05-17,2024,677020,2,2.1423273
746310,2024-05-17,2024,666142,7,6.2515955
744934,2024-05-17,2024,605135,5,5.334752
744934,2024-05-17,2024,641302,4,4.7398224
746148,2024-05-17,2024,572020,2,4.4854717
746148,2024-05-17,2024,593423,1,7.306458
745016,2024-05-17,2024,542881,4,3.6763256
745016,2024-05-17,2024,571760,5,4.979901
746065,2024-05-17,2024,666200,7,5.99006
746310,2024-05-17,2024,687765,4,5.2216635
746878,2024-05-17,2024,694973,11,8.577686
746878,2024-05-17,2024,669387,1,3.174944
746878,2024-05-17,2024,543294,4,3.6745605
746641,2024-05-17,2024,663474,5,3.8130708
745335,2024-05-17,2024,663372,2,3.973658
745335,2024-05-17,2024,696131,2,2.836864
746641,2024-05-17,2024,680573,2,4.325797
746310,2024-05-17,2024,656232,1,1.2122025
745016,2024-05-17,2024,641312,3,2.790721
745178,2024-05-17,2024,502043,3,3.5590785
747122,2024-05-17,2024,608331,2,5.273072
747122,2024-05-17,2024,663362,10,6.1771064
745744,2024-05-18,2024,661563,14,7.3370285
745744,2024-05-18,2024,647336,7,5.819804
745744,2024-05-18,2024,641745,4,4.2737794
747202,2024-05-18,2024,656427,9,6.456449
744938,2024-05-18,2024,592332,6,7.6823783
744938,2024-05-18,2024,621107,3,3.0282962
745339,2024-05-18,2024,621389,3,2.9336
745339,2024-05-18,2024,683232,1,1.4950982
745339,2024-05-18,2024,690986,4,3.1745636
746642,2024-05-18,2024,641927,4,5.7480483
745177,2024-05-18,2024,676710,5,6.3452535
746642,2024-05-18,2024,658648,2,1.7903608
746642,2024-05-18,2024,671106,7,4.7114
746389,2024-05-18,2024,669060,3,2.225634
746389,2024-05-18,2024,434378,3,5.6396046
747036,2024-05-18,2024,680570,7,5.158486
747036,2024-05-18,2024,622491,2,4.01859
746142,2024-05-18,2024,668933,5,6.702812
746142,2024-05-18,2024,621111,7,4.292197
747202,2024-05-18,2024,668678,10,6.0479155
745177,2024-05-18,2024,571945,4,3.2605026
745013,2024-05-18,2024,570632,3,6.319659
746308,2024-05-18,2024,548389,2,4.343586
745581,2024-05-18,2024,650911,8,6.7058935
745013,2024-05-18,2024,663776,5,6.8990083
746067,2024-05-18,2024,622663,3,5.380355
746067,2024-05-18,2024,666129,5,6.0288677
745581,2024-05-18,2024,669022,3,6.241446
746882,2024-05-18,2024,684007,7,5.9715366
746308,2024-05-18,2024,607625,10,6.156089
746882,2024-05-18,2024,663559,2,4.764509
745336,2024-05-19,2024,663855,1,3.4645467
746636,2024-05-19,2024,663978,6,5.1114144
746636,2024-05-19,2024,676440,8,5.2737427
746880,2024-05-19,2024,676962,3,2.3824975
746880,2024-05-19,2024,656605,3,5.2196584
746880,2024-05-19,2024,592791,4,5.507736
746144,2024-05-19,2024,668881,8,8.624105
746306,2024-05-19,2024,663903,9,4.9344587
746064,2024-05-19,2024,664350,2,4.529097
747120,2024-05-19,2024,693821,3,3.582271
746064,2024-05-19,2024,640455,4,4.7540927
745012,2024-05-19,2024,667755,5,4.386864
747198,2024-05-19,2024,666159,1,5.3247437
744937,2024-05-19,2024,666201,7,5.5974455
744937,2024-05-19,2024,650644,3,5.701433
745336,2024-05-19,2024,641712,3,3.8920052
746306,2024-05-19,2024,676664,4,1.8480383
746144,2024-05-19,2024,689017,5,3.4369936
747198,2024-05-19,2024,656756,3,6.9571557
745012,2024-05-19,2024,547179,6,6.2259707
747120,2024-05-19,2024,506433,9,6.318255
745745,2024-05-19,2024,543859,2,2.200223
745577,2024-05-19,2024,605400,5,5.717921
745577,2024-05-19,2024,592866,3,4.387649
745745,2024-05-19,2024,607074,6,6.921318
746392,2024-05-19,2024,681293,6,5.728817
746392,2024-05-19,2024,669952,2,2.873596
746392,2024-05-19,2024,607067,5,5.4349875
745179,2024-05-19,2024,687798,3,2.3043642
747120,2024-05-19,2024,678061,4,4.2200603
745179,2024-05-19,2024,669461,3,4.239748
747035,2024-05-19,2024,669923,3,5.7392354
747035,2024-05-19,2024,669203,11,8.06007
745179,2024-05-19,2024,601713,8,5.2626824
745745,2024-05-19,2024,623167,4,4.1471934
745746,2024-05-20,2024,573186,6,6.3594913
744857,2024-05-20,2024,641154,5,4.490722
747121,2024-05-20,2024,519242,9,8.21343
746307,2024-05-20,2024,608379,3,4.6359572
746307,2024-05-20,2024,681857,2,3.377304
746066,2024-05-20,2024,657649,0,2.2237835
747119,2024-05-20,2024,656302,5,5.9282446
747119,2024-05-20,2024,670810,2,2.594221
744935,2024-05-20,2024,621244,6,7.0789423
744935,2024-05-20,2024,607200,2,4.6197867
746146,2024-05-20,2024,808967,8,5.7500186
747119,2024-05-20,2024,625643,4,5.384474
746637,2024-05-20,2024,594902,7,4.4816694
746066,2024-05-20,2024,677960,8,6.221559
746390,2024-05-20,2024,664285,3,5.9209704
746390,2024-05-20,2024,672282,3,3.5067294
746146,2024-05-20,2024,677944,2,3.2162373
746637,2024-05-20,2024,656731,7,5.679094
744857,2024-05-20,2024,680730,7,5.648172
745181,2024-05-20,2024,543243,6,5.766084
745746,2024-05-20,2024,669302,1,4.7243857
745093,2024-05-20,2024,656557,5,5.6197095
745093,2024-05-20,2024,671737,10,6.1969852
747121,2024-05-20,2024,681190,2,6.2827096
745181,2024-05-20,2024,665152,2,4.488708
746145,2024-05-21,2024,694297,7,6.2103133
746145,2024-05-21,2024,694813,5,4.2686734
746385,2024-05-21,2024,664299,1,3.7411988
746633,2024-05-21,2024,675540,2,3.9335043
745503,2024-05-21,2024,527048,4,5.438743
745503,2024-05-21,2024,657277,6,7.728297
745503,2024-05-21,2024,682847,0,2.3087647
745180,2024-05-21,2024,680694,6,5.082154
745180,2024-05-21,2024,458681,5,4.7588797
744860,2024-05-21,2024,657746,6,6.670662
745090,2024-05-21,2024,681867,6,5.461349
745090,2024-05-21,2024,641793,7,4.0336633
746633,2024-05-21,2024,605288,4,2.480777
746875,2024-05-21,2024,665871,4,3.5324624
746309,2024-05-21,2024,663554,2,3.3946779
744860,2024-05-21,2024,571578,3,3.6252594
745742,2024-05-21,2024,693433,7,5.7853026
745578,2024-05-21,2024,592351,4,3.727257
745578,2024-05-21,2024,624133,10,6.6761923
746875,2024-05-21,2024,450203,8,6.333839
744936,2024-05-21,2024,676979,4,8.0195
744936,2024-05-21,2024,579328,6,6.4916954
745742,2024-05-21,2024,657376,6,7.275018
746058,2024-05-21,2024,688107,0,3.2510095
745662,2024-05-21,2024,615698,8,4.677613
746716,2024-05-21,2024,671096,2,4.6967397
746716,2024-05-21,2024,605397,3,4.3185053
746385,2024-05-21,2024,656288,2,5.4257126
746309,2024-05-21,2024,679525,5,4.65215
746058,2024-05-21,2024,669432,4,5.047991
745662,2024-05-21,2024,605156,3,3.263847
746712,2024-05-22,2024,650633,6,4.570512
746712,2024-05-22,2024,607259,2,3.3969626
744933,2024-05-22,2024,647336,3,3.0830855
744933,2024-05-22,2024,605135,4,5.357865
745173,2024-05-22,2024,608344,2,2.6405172
746143,2024-05-22,2024,607192,6,7.092424
745173,2024-05-22,2024,607644,1,1.9458256
744933,2024-05-22,2024,680897,0,3.7387075
746143,2024-05-22,2024,669194,5,4.293867
746063,2024-05-22,2024,666200,4,6.7744427
745743,2024-05-22,2024,682243,4,4.493924
746634,2024-05-22,2024,663474,5,5.713378
746634,2024-05-22,2024,500779,4,2.8494966
745173,2024-05-22,2024,502043,3,4.099314
746304,2024-05-22,2024,666142,12,9.26118
746304,2024-05-22,2024,669373,6,5.9046683
745502,2024-05-22,2024,683003,5,6.958578
745502,2024-05-22,2024,605483,5,4.7930317
746063,2024-05-22,2024,642547,7,4.8168044
745743,2024-05-22,2024,641482,6,5.251247
745089,2024-05-22,2024,686752,3,4.8661013
745576,2024-05-22,2024,592836,5,3.5290031
744856,2024-05-22,2024,680573,1,3.8336298
746876,2024-05-22,2024,657006,5,4.6211786
746876,2024-05-22,2024,621016,2,3.4778144
746876,2024-05-22,2024,608331,9,7.0080814
744856,2024-05-22,2024,663623,6,5.8110166
745576,2024-05-22,2024,666720,2,2.429505
745661,2024-05-22,2024,687765,4,4.7100253
745661,2024-05-22,2024,596295,6,3.2525067
746386,2024-05-22,2024,686613,3,5.0420885
746386,2024-05-22,2024,542881,4,2.7404974
745576,2024-05-22,2024,642546,4,2.514394
745089,2024-05-22,2024,678394,6,4.717805
745576,2024-05-22,2024,641540,4,3.6982913
745741,2024-05-23,2024,661563,8,5.955689
745660,2024-05-23,2024,663372,6,5.2624493
745660,2024-05-23,2024,683155,6,7.072465
746792,2024-05-23,2024,605182,5,5.208836
745500,2024-05-23,2024,694973,3,6.9398885
745500,2024-05-23,2024,696131,2,2.739742
746874,2024-05-23,2024,700363,4,5.763905
745573,2024-05-23,2024,554430,5,6.161573
745573,2024-05-23,2024,571760,1,4.5843353
745741,2024-05-23,2024,622491,3,5.1251063
746792,2024-05-23,2024,680570,7,6.2384253
746874,2024-05-23,2024,676962,6,3.322544
746474,2024-05-23,2024,656427,9,6.3304553
746474,2024-05-23,2024,592332,10,5.2520347
746792,2024-05-23,2024,694363,1,1.1206764
746714,2024-05-23,2024,663362,7,5.492212
746714,2024-05-23,2024,593423,3,6.4765277
746558,2024-05-24,2024,621389,2,2.7114904
746956,2024-05-24,2024,676710,4,5.966562
746956,2024-05-24,2024,669060,7,3.7123897
746956,2024-05-24,2024,502624,2,3.594016
745822,2024-05-24,2024,681035,4,5.8599315
747200,2024-05-24,2024,668678,5,5.852481
746713,2024-05-24,2024,668933,3,4.3455
745087,2024-05-24,2024,641302,4,2.5617976
747200,2024-05-24,2024,666129,6,4.043611
746793,2024-05-24,2024,623167,2,3.5268188
745415,2024-05-24,2024,506433,5,3.7625892
745087,2024-05-24,2024,607625,3,7.2154374
744853,2024-05-24,2024,669022,8,7.706171
744853,2024-05-24,2024,669923,3,5.4960513
746793,2024-05-24,2024,669203,6,7.1150446
746558,2024-05-24,2024,650911,2,4.92343
745663,2024-05-24,2024,666205,1,2.1421044
745905,2024-05-24,2024,641927,5,5.4141107
745822,2024-05-24,2024,690986,6,6.822438
745501,2024-05-24,2024,663559,4,5.7793345
746227,2024-05-24,2024,663776,4,4.795581
746475,2024-05-24,2024,628317,1,3.1798687
746475,2024-05-24,2024,666201,4,5.061327
745501,2024-05-24,2024,670241,2,3.655145
745501,2024-05-24,2024,678061,6,3.4682825
746475,2024-05-24,2024,689225,2,2.5638757
746227,2024-05-24,2024,660761,2,3.1898909
746713,2024-05-24,2024,572020,4,5.1359315
745663,2024-05-24,2024,434378,9,6.3402896
745415,2024-05-24,2024,607074,2,6.7230043
746227,2024-05-24,2024,671106,7,5.484929
745663,2024-05-24,2024,548389,3,2.631677
745905,2024-05-24,2024,570632,6,4.933775
745411,2024-05-25,2024,656302,9,9.020511
745658,2024-05-25,2024,681293,7,5.394932
745823,2024-05-25,2024,622663,6,6.8476243
747199,2024-05-25,2024,664350,2,3.960353
747199,2024-05-25,2024,656756,4,4.5309296
746470,2024-05-25,2024,621244,5,4.4317136
745823,2024-05-25,2024,663855,8,6.5477676
746794,2024-05-25,2024,669211,2,2.676976
746794,2024-05-25,2024,607200,6,5.67223
745176,2024-05-25,2024,592791,3,6.031321
746794,2024-05-25,2024,544150,3,4.7034316
745176,2024-05-25,2024,571945,6,4.6598005
745658,2024-05-25,2024,676664,1,3.2430818
746470,2024-05-25,2024,681857,4,4.877442
745086,2024-05-25,2024,663903,3,4.877726
746958,2024-05-25,2024,607067,2,2.545831
745411,2024-05-25,2024,573186,5,5.097374
744851,2024-05-25,2024,592866,8,4.095605
745901,2024-05-25,2024,547179,4,4.655279
746556,2024-05-25,2024,641712,2,3.6629138
746556,2024-05-25,2024,605400,5,7.384539
746710,2024-05-25,2024,668881,5,8.198257
745493,2024-05-25,2024,625643,3,3.1963496
746710,2024-05-25,2024,621111,4,5.937082
745493,2024-05-25,2024,656605,4,5.457867
746958,2024-05-25,2024,677161,2,2.8015492
744851,2024-05-25,2024,669302,4,6.5269165
745086,2024-05-25,2024,650644,5,4.7338147
746958,2024-05-25,2024,601713,3,5.4642773
745411,2024-05-25,2024,596133,1,2.0761406
746226,2024-05-25,2024,676440,6,5.645
746226,2024-05-25,2024,667755,8,4.9105797
745901,2024-05-25,2024,663978,3,3.4341676
744855,2024-05-26,2024,693433,1,3.410751
746789,2024-05-26,2024,647336,5,4.076849
745498,2024-05-26,2024,519242,8,6.95206
745498,2024-05-26,2024,527048,2,1.8070958
746789,2024-05-26,2024,680694,11,6.5163507
745902,2024-05-26,2024,641154,6,5.3909674
746789,2024-05-26,2024,676979,11,5.4235935
745902,2024-05-26,2024,642520,2,4.3337574
745172,2024-05-26,2024,665871,8,3.119755
745413,2024-05-26,2024,657376,6,5.255547
745824,2024-05-26,2024,657277,8,6.315908
744855,2024-05-26,2024,571578,4,5.251461
746957,2024-05-26,2024,656557,7,5.980279
745172,2024-05-26,2024,543243,8,4.3365626
746711,2024-05-26,2024,607259,3,3.599258
746557,2024-05-26,2024,615698,5,4.559763
746557,2024-05-26,2024,624133,9,5.688456
746711,2024-05-26,2024,686730,3,2.345832
746711,2024-05-26,2024,808967,8,7.5110693
745088,2024-05-26,2024,608379,7,5.7732196
746230,2024-05-26,2024,672282,8,5.944359
746230,2024-05-26,2024,594902,5,4.5436964
746469,2024-05-26,2024,579328,0,2.3742793
745088,2024-05-26,2024,671737,6,5.294456
746469,2024-05-26,2024,663554,0,6.0183067
745824,2024-05-26,2024,640455,6,5.221755
745824,2024-05-26,2024,605288,2,1.8303169
746957,2024-05-26,2024,668964,4,2.2517452
747197,2024-05-26,2024,686796,4,2.6819665
745653,2024-05-26,2024,672552,2,1.7980231
745653,2024-05-26,2024,605156,1,3.7505028
745653,2024-05-26,2024,669854,6,6.29201
747197,2024-05-26,2024,677960,7,6.6274276
745413,2024-05-26,2024,605397,5,5.648708
747118,2024-05-27,2024,450203,7,7.355086
745338,2024-05-27,2024,605483,7,6.1458054
746788,2024-05-27,2024,605135,7,4.18979
745254,2024-05-27,2024,682243,6,7.0168014
745254,2024-05-27,2024,664285,4,5.472858
746549,2024-05-27,2024,683627,0,1.6745833
746549,2024-05-27,2024,642028,2,3.2630837
746788,2024-05-27,2024,680897,5,3.460409
747118,2024-05-27,2024,680730,6,6.6556883
746549,2024-05-27,2024,675540,3,3.9138913
745416,2024-05-27,2024,669432,3,3.9550467
745904,2024-05-27,2024,657746,9,6.330436
747034,2024-05-27,2024,681867,2,3.1776922
745904,2024-05-27,2024,679525,7,6.573444
747034,2024-05-27,2024,641745,2,4.1919208
747034,2024-05-27,2024,608344,6,4.9415555
746708,2024-05-27,2024,666157,3,6.582054
745986,2024-05-27,2024,657006,8,4.0590773
746708,2024-05-27,2024,458681,5,3.553021
745338,2024-05-27,2024,592836,4,5.20288
745986,2024-05-27,2024,688107,7,3.6736867
745416,2024-05-27,2024,650633,7,4.8288727
746229,2024-05-28,2024,641482,4,4.920013
745987,2024-05-28,2024,642547,11,6.9556274
745818,2024-05-28,2024,607192,8,5.0036607
745816,2024-05-28,2024,694813,7,4.7576237
747115,2024-05-28,2024,608331,6,6.2162766
747115,2024-05-28,2024,663623,10,5.5483627
745816,2024-05-28,2024,500779,3,3.8420827
745818,2024-05-28,2024,656731,9,5.564573
746229,2024-05-28,2024,656288,5,4.145882
745337,2024-05-28,2024,675921,4,2.5535548
747033,2024-05-28,2024,678394,7,5.1689143
745091,2024-05-28,2024,687765,4,6.4861674
745091,2024-05-28,2024,641793,9,4.3984284
745017,2024-05-28,2024,571760,1,1.9430696
746552,2024-05-28,2024,663372,1,4.002014
746552,2024-05-28,2024,663474,9,4.9040494
746791,2024-05-28,2024,663765,4,4.8319917
747033,2024-05-28,2024,680570,10,6.7920647
746791,2024-05-28,2024,592332,3,4.265856
745017,2024-05-28,2024,694297,5,5.5877247
746709,2024-05-28,2024,671096,3,4.767835
746709,2024-05-28,2024,502043,6,5.271127
745903,2024-05-28,2024,680573,4,5.820705
745903,2024-05-28,2024,666142,7,6.3037634
745412,2024-05-28,2024,663362,8,4.5867176
745412,2024-05-28,2024,666200,4,6.156933
745258,2024-05-28,2024,686613,9,4.5754175
745258,2024-05-28,2024,622491,6,5.046185
745337,2024-05-28,2024,554430,9,7.918924
745987,2024-05-28,2024,676962,10,7.3799186
745817,2024-05-29,2024,656849,3,4.9520555
745988,2024-05-29,2024,543294,1,1.7059736
745988,2024-05-29,2024,669060,1,3.6265264
745084,2024-05-29,2024,686752,7,6.186365
745084,2024-05-29,2024,683155,5,6.796531
747117,2024-05-29,2024,680885,5,7.239173
747117,2024-05-29,2024,669022,10,6.9233217
746468,2024-05-29,2024,694973,9,7.416407
746468,2024-05-29,2024,672456,5,6.1160383
746468,2024-05-29,2024,666214,3,2.7673504
745250,2024-05-29,2024,669923,8,6.5161777
746467,2024-05-29,2024,669373,8,6.5025387
746467,2024-05-29,2024,682847,3,2.6890578
746790,2024-05-29,2024,623167,6,3.9094846
745988,2024-05-29,2024,684007,1,5.492423
745333,2024-05-29,2024,690986,5,5.772692
745333,2024-05-29,2024,650911,7,6.537244
746706,2024-05-29,2024,669467,4,4.4763336
746706,2024-05-29,2024,593423,5,7.5724874
745250,2024-05-29,2024,434378,9,5.519102
745900,2024-05-29,2024,607625,5,6.52285
745414,2024-05-29,2024,666745,2,3.2005682
745414,2024-05-29,2024,666129,2,3.6491876
745414,2024-05-29,2024,506433,2,3.01665
746551,2024-05-29,2024,621389,5,3.9463477
746467,2024-05-29,2024,683003,2,4.7339263
745011,2024-05-29,2024,641540,6,4.688147
746228,2024-05-29,2024,661563,9,5.5542397
746228,2024-05-29,2024,542881,4,4.227503
745900,2024-05-29,2024,641927,4,4.12484
746551,2024-05-29,2024,671106,1,2.9039888
745817,2024-05-29,2024,572020,3,2.441956
747031,2024-05-29,2024,676710,5,6.7378006
747031,2024-05-29,2024,669203,5,8.472291
745011,2024-05-29,2024,669194,3,5.622888
745898,2024-05-30,2024,663978,4,4.8295994
747114,2024-05-30,2024,678061,7,3.7272768
745819,2024-05-30,2024,681035,4,6.519033
746225,2024-05-30,2024,663776,7,5.3141303
745985,2024-05-30,2024,592791,4,5.0264134
745985,2024-05-30,2024,607067,5,4.2417316
745081,2024-05-30,2024,641302,7,2.899131
745081,2024-05-30,2024,663687,7,6.44482
745081,2024-05-30,2024,695243,4,1.4963169
745249,2024-05-30,2024,681293,8,5.162829
745249,2024-05-30,2024,669302,5,6.8500657
745898,2024-05-30,2024,663738,2,2.9823751
746225,2024-05-30,2024,607074,5,5.7497087
747114,2024-05-30,2024,592866,4,3.8563614
746954,2024-05-30,2024,601713,9,7.1131005
746954,2024-05-30,2024,656427,9,7.7825413
746059,2024-05-31,2024,642546,3,1.2144299
746059,2024-05-31,2024,570632,1,2.2826579
744928,2024-05-31,2024,663559,5,4.576811
746059,2024-05-31,2024,664350,0,1.6562332
746140,2024-05-31,2024,641712,3,5.20352
744928,2024-05-31,2024,669387,3,2.3811529
746635,2024-05-31,2024,571578,5,3.754524
746635,2024-05-31,2024,676440,7,4.884791
746140,2024-05-31,2024,621111,7,4.8064914
744928,2024-05-31,2024,621244,5,5.421696
745574,2024-05-31,2024,571945,5,4.933236
745983,2024-05-31,2024,607200,8,5.887873
747116,2024-05-31,2024,676664,5,4.520373
746303,2024-05-31,2024,656302,5,7.2382503
746955,2024-05-31,2024,656557,6,8.070954
746955,2024-05-31,2024,628317,6,4.4486794
745253,2024-05-31,2024,667755,3,5.3466005
745253,2024-05-31,2024,693433,2,3.814164
745574,2024-05-31,2024,605400,6,5.9403906
747032,2024-05-31,2024,544150,5,6.7878695
747032,2024-05-31,2024,650644,3,5.719431
746303,2024-05-31,2024,608379,2,3.8540745
746877,2024-05-31,2024,668933,4,4.124409
745331,2024-05-31,2024,573186,2,4.3404636
745331,2024-05-31,2024,663855,4,5.594115
746387,2024-05-31,2024,641154,6,6.270671
746387,2024-05-31,2024,669854,6,5.4268975
745820,2024-05-31,2024,663531,2,3.5594175
745820,2024-05-31,2024,656756,4,3.3557222
745820,2024-05-31,2024,622663,4,5.7532554
745983,2024-05-31,2024,668964,4,3.6440632
747116,2024-05-31,2024,625643,8,5.4803967
746877,2024-05-31,2024,665871,7,4.868046
745812,2024-06-01,2024,676714,0,2.2869086
745812,2024-06-01,2024,677020,2,2.985131
746062,2024-06-01,2024,623211,3,1.5843949
746062,2024-06-01,2024,547179,7,5.1342754
744932,2024-06-01,2024,579328,4,5.9778895
746062,2024-06-01,2024,677960,11,6.396656
744932,2024-06-01,2024,656605,8,5.4822316
745812,2024-06-01,2024,677944,4,4.3427553
745812,2024-06-01,2024,640455,10,5.1484575
746138,2024-06-01,2024,808967,7,6.8828025
745980,2024-06-01,2024,676979,8,6.8201156
746870,2024-06-01,2024,657006,5,5.454038
746870,2024-06-01,2024,668881,5,7.1079793
746629,2024-06-01,2024,680730,5,5.8309717
746629,2024-06-01,2024,594902,4,5.874136
746952,2024-06-01,2024,681857,5,6.549266
746952,2024-06-01,2024,681867,5,5.2190723
745251,2024-06-01,2024,682243,9,5.0570664
745251,2024-06-01,2024,672282,3,5.5504785
745251,2024-06-01,2024,608334,2,2.0416913
745980,2024-06-01,2024,688107,3,2.483802
747029,2024-06-01,2024,606965,2,3.101641
745332,2024-06-01,2024,657277,6,6.49725
747029,2024-06-01,2024,671737,3,4.4949303
745332,2024-06-01,2024,547001,6,3.3618557
747111,2024-06-01,2024,605156,1,3.6727016
745575,2024-06-01,2024,543243,10,5.1959414
745575,2024-06-01,2024,605513,6,2.8005428
747111,2024-06-01,2024,519242,4,4.003729
746305,2024-06-01,2024,679525,3,4.320676
746305,2024-06-01,2024,681190,5,3.7494545
746384,2024-06-01,2024,664285,4,4.7440076
747029,2024-06-01,2024,680694,6,4.67964
746138,2024-06-01,2024,615698,1,4.388258
746384,2024-06-01,2024,657746,4,5.604188
746301,2024-06-02,2024,650633,4,6.89402
746632,2024-06-02,2024,663623,6,6.265472
746632,2024-06-02,2024,471911,5,3.4537323
746383,2024-06-02,2024,680573,6,4.0467205
744929,2024-06-02,2024,682990,3,4.0629053
746061,2024-06-02,2024,571760,7,5.2152443
746061,2024-06-02,2024,669432,3,3.0693135
746301,2024-06-02,2024,666142,6,5.6815166
745572,2024-06-02,2024,592836,5,4.169047
746383,2024-06-02,2024,686613,7,6.1532617
745572,2024-06-02,2024,458681,4,4.510227
745330,2024-06-02,2024,641482,7,5.701558
745330,2024-06-02,2024,605483,7,5.496515
744929,2024-06-02,2024,605135,7,6.033017
745984,2024-06-02,2024,642547,7,7.3870206
745984,2024-06-02,2024,680897,1,4.5751987
745813,2024-06-02,2024,500779,4,4.3884606
745813,2024-06-02,2024,694297,8,5.8157644
747110,2024-06-02,2024,665622,6,5.3310103
747110,2024-06-02,2024,450203,6,6.949771
747030,2024-06-02,2024,641793,2,5.42327
747030,2024-06-02,2024,608344,1,4.6418443
746141,2024-06-02,2024,596295,2,3.719246
746141,2024-06-02,2024,663567,3,4.2295065
746953,2024-06-02,2024,678394,5,5.1975794
746141,2024-06-02,2024,694813,6,4.3056035
746871,2024-06-02,2024,543294,3,1.3439512
746953,2024-06-02,2024,663554,4,5.189758
745252,2024-06-02,2024,622491,6,5.146468
745252,2024-06-02,2024,656288,4,4.378329
746871,2024-06-02,2024,666157,3,6.4558015
746871,2024-06-02,2024,676962,6,4.4668818
745569,2024-06-03,2024,554430,6,8.720609
746382,2024-06-03,2024,434378,4,5.86645
746382,2024-06-03,2024,502043,8,4.7688665
747194,2024-06-03,2024,669194,1,1.9607923
746548,2024-06-03,2024,671096,6,5.2095613
744854,2024-06-03,2024,656731,4,3.4300346
744854,2024-06-03,2024,669022,2,7.0239725
746548,2024-06-03,2024,663372,3,3.8156414
744854,2024-06-03,2024,605288,0,1.1584038
745009,2024-06-03,2024,689225,4,3.2816317
745569,2024-06-03,2024,669060,1,3.7310553
747194,2024-06-03,2024,675921,3,3.05724
745009,2024-06-03,2024,669373,6,6.5870895
744930,2024-06-03,2024,592332,3,6.031401
745009,2024-06-03,2024,543135,7,6.4097514
746224,2024-06-03,2024,542881,2,4.2621474
744930,2024-06-03,2024,680570,4,5.5226707
746224,2024-06-03,2024,663362,4,4.598263
746630,2024-06-04,2024,607625,5,6.636825
745010,2024-06-04,2024,656427,4,3.6330428
745497,2024-06-04,2024,607192,9,7.427395
746060,2024-06-04,2024,623211,3,2.6660988
746060,2024-06-04,2024,666200,2,5.033906
746060,2024-06-04,2024,686752,8,5.67782
746222,2024-06-04,2024,663776,7,6.8476286
745497,2024-06-04,2024,683003,6,8.018807
746222,2024-06-04,2024,800049,2,3.5866048
745568,2024-06-04,2024,650911,3,4.9273534
745568,2024-06-04,2024,607067,2,3.2654097
747196,2024-06-04,2024,686796,2,4.1090927
746949,2024-06-04,2024,676710,5,5.2888594
746949,2024-06-04,2024,608331,13,6.1854334
746949,2024-06-04,2024,502624,1,2.159501
747196,2024-06-04,2024,690986,5,5.5086246
746872,2024-06-04,2024,684007,6,3.3105638
746872,2024-06-04,2024,623167,4,3.6685612
744931,2024-06-04,2024,670102,2,3.9065564
745010,2024-06-04,2024,641540,4,4.7820663
744931,2024-06-04,2024,670950,4,3.5178459
745739,2024-06-04,2024,661563,6,5.3047185
746630,2024-06-04,2024,663474,7,3.8345354
745656,2024-06-04,2024,687765,3,4.6723657
746380,2024-06-04,2024,681293,4,3.6743388
746380,2024-06-04,2024,669467,1,3.5843747
745656,2024-06-04,2024,669923,9,6.1220174
745010,2024-06-04,2024,656412,2,3.3684185
744931,2024-06-04,2024,669203,5,8.566315
744850,2024-06-04,2024,656849,2,2.7357187
744850,2024-06-04,2024,687792,3,3.7924783
745739,2024-06-04,2024,641927,2,5.0147724
746550,2024-06-04,2024,621389,2,4.2459416
746550,2024-06-04,2024,593423,9,6.345892
744852,2024-06-05,2024,622663,4,3.9065242
747195,2024-06-05,2024,676714,1,2.1344504
746056,2024-06-05,2024,621107,3,2.9564369
747195,2024-06-05,2024,663531,5,5.1781564
746544,2024-06-05,2024,668933,2,3.0974886
746544,2024-06-05,2024,641712,4,2.4347868
745740,2024-06-05,2024,663978,7,5.2169266
745740,2024-06-05,2024,607074,9,8.910039
747195,2024-06-05,2024,656756,1,2.4324863
745494,2024-06-05,2024,572020,2,3.0052235
745494,2024-06-05,2024,642232,2,1.2007434
745494,2024-06-05,2024,694973,8,7.58769
746056,2024-06-05,2024,666129,3,1.6991445
747195,2024-06-05,2024,663855,7,5.568774
744852,2024-06-05,2024,571578,3,3.5471997
746379,2024-06-05,2024,571945,3,3.0788982
746873,2024-06-05,2024,592791,6,4.2153645
746379,2024-06-05,2024,669854,2,6.061368
745654,2024-06-05,2024,683155,5,5.0290227
745654,2024-06-05,2024,669302,5,5.1472754
745007,2024-06-05,2024,570632,6,4.41449
745007,2024-06-05,2024,666214,2,2.9002547
744927,2024-06-05,2024,621244,2,5.232269
745007,2024-06-05,2024,669438,1,1.8351166
744927,2024-06-05,2024,544150,4,4.5115533
746221,2024-06-05,2024,667755,1,4.0506597
745570,2024-06-05,2024,676879,3,5.8000045
745570,2024-06-05,2024,605400,5,6.8546705
746950,2024-06-05,2024,680885,4,6.8934097
746950,2024-06-05,2024,678061,2,3.1106002
746950,2024-06-05,2024,601713,9,5.9857025
746873,2024-06-05,2024,607200,7,4.5599947
746221,2024-06-05,2024,656302,6,7.9100585
744844,2024-06-06,2024,625643,7,5.869316
745408,2024-06-06,2024,677944,3,4.8049936
745174,2024-06-06,2024,543243,5,4.7740903
746707,2024-06-06,2024,665871,7,3.592901
745408,2024-06-06,2024,681190,3,4.5691156
745495,2024-06-06,2024,621111,3,3.908122
746707,2024-06-06,2024,668881,8,8.1256895
746631,2024-06-06,2024,676440,7,6.0694017
746784,2024-06-06,2024,663765,3,4.4119716
745738,2024-06-06,2024,641154,4,5.753958
746631,2024-06-06,2024,663903,2,2.7908568
745657,2024-06-06,2024,676664,8,6.0407686
745495,2024-06-06,2024,663559,6,3.729145
745495,2024-06-06,2024,693312,3,2.1328058
745657,2024-06-06,2024,693433,6,5.5644994
745174,2024-06-06,2024,615698,1,2.9489257
744923,2024-06-06,2024,700249,2,4.3203635
744923,2024-06-06,2024,579328,6,6.403202
745738,2024-06-06,2024,573186,2,4.7256584
744844,2024-06-06,2024,680730,2,3.2113104
746784,2024-06-06,2024,656557,9,6.1611786
745169,2024-06-07,2024,458681,6,6.662268
745406,2024-06-07,2024,528748,1,2.4882536
745169,2024-06-07,2024,596295,4,4.7193837
745169,2024-06-07,2024,683627,1,2.3243506
746704,2024-06-07,2024,666157,7,8.495706
745406,2024-06-07,2024,694297,5,5.255109
745406,2024-06-07,2024,650633,5,6.0587163
746785,2024-06-07,2024,676979,10,7.217219
746785,2024-06-07,2024,681867,2,4.995463
746785,2024-06-07,2024,686563,4,3.3701153
745083,2024-06-07,2024,608344,6,3.5723624
745083,2024-06-07,2024,650644,8,6.0572085
746220,2024-06-07,2024,656288,2,2.5347805
746220,2024-06-07,2024,664285,8,7.595085
746704,2024-06-07,2024,657006,7,4.5923786
745008,2024-06-07,2024,657277,6,6.0921397
745737,2024-06-07,2024,808967,7,6.873153
745496,2024-06-07,2024,657746,8,6.4551425
746302,2024-06-07,2024,663738,4,4.0825024
745008,2024-06-07,2024,547179,1,4.9609876
746302,2024-06-07,2024,608717,3,2.296181
745496,2024-06-07,2024,656605,8,6.738464
746053,2024-06-07,2024,677960,3,2.679066
745737,2024-06-07,2024,547001,1,4.746282
746466,2024-06-07,2024,681857,6,5.2581835
746466,2024-06-07,2024,668964,5,5.101582
744845,2024-06-07,2024,663623,4,5.158995
744845,2024-06-07,2024,519242,10,6.125807
746053,2024-06-07,2024,671106,3,4.714442
746466,2024-06-07,2024,689225,2,3.4543567
745655,2024-06-07,2024,605135,7,6.4228673
745655,2024-06-07,2024,663687,3,4.9178395
746302,2024-06-07,2024,682243,1,6.615042
746057,2024-06-08,2024,594902,1,3.3811069
745735,2024-06-08,2024,641482,4,3.7468154
746300,2024-06-08,2024,679525,8,6.771626
746057,2024-06-08,2024,623211,0,3.4811375
745082,2024-06-08,2024,671737,7,6.7613707
746786,2024-06-08,2024,502624,1,1.7089769
746786,2024-06-08,2024,678394,2,5.7929096
746786,2024-06-08,2024,680897,5,4.9619093
746300,2024-06-08,2024,622491,4,4.67065
745082,2024-06-08,2024,680694,9,6.365384
746057,2024-06-08,2024,682610,3,5.1030045
746461,2024-06-08,2024,663554,1,5.099845
745001,2024-06-08,2024,675921,2,3.8437345
745001,2024-06-08,2024,571760,5,5.6389866
746057,2024-06-08,2024,658648,6,2.8036613
745492,2024-06-08,2024,682847,3,3.1661115
745492,2024-06-08,2024,680573,6,5.760441
746223,2024-06-08,2024,686613,7,4.1925488
746703,2024-06-08,2024,676962,3,4.2294807
745166,2024-06-08,2024,502043,7,4.931104
746223,2024-06-08,2024,542881,3,4.547261
745814,2024-06-08,2024,640455,3,4.1415462
746703,2024-06-08,2024,696136,2,2.1651947
745735,2024-06-08,2024,694813,6,4.8353634
746703,2024-06-08,2024,671096,5,4.773789
745814,2024-06-08,2024,624133,6,4.025504
745652,2024-06-08,2024,592332,10,6.2198787
745410,2024-06-08,2024,669194,1,5.304514
745410,2024-06-08,2024,663531,1,1.8692659
745410,2024-06-08,2024,663362,4,5.4461675
744848,2024-06-08,2024,450203,3,4.895535
745652,2024-06-08,2024,665622,1,4.5947165
745652,2024-06-08,2024,672552,1,2.1786277
746461,2024-06-08,2024,642547,3,5.4656305
744848,2024-06-08,2024,669022,7,6.8653355
745166,2024-06-08,2024,663372,7,5.6079535
746463,2024-06-09,2024,669373,10,5.6648536
746463,2024-06-09,2024,669060,4,4.5571895
746216,2024-06-09,2024,434378,3,4.878109
745167,2024-06-09,2024,621389,3,2.7181547
745571,2024-06-09,2024,500779,1,4.2548356
745571,2024-06-09,2024,592836,6,3.5851233
745167,2024-06-09,2024,669467,6,4.2981324
745651,2024-06-09,2024,687765,3,6.7296767
745651,2024-06-09,2024,670102,3,3.0008247
745003,2024-06-09,2024,676775,7,3.3068507
745003,2024-06-09,2024,543135,5,7.06632
746216,2024-06-09,2024,663776,4,6.2016053
746297,2024-06-09,2024,666142,9,10.239637
746297,2024-06-09,2024,669923,4,5.880292
746054,2024-06-09,2024,572143,2,2.7369623
745407,2024-06-09,2024,800049,2,3.3920004
745491,2024-06-09,2024,621294,2,3.1452186
746705,2024-06-09,2024,593423,2,3.0034869
746705,2024-06-09,2024,684007,7,6.914478
745491,2024-06-09,2024,641927,5,5.068256
745491,2024-06-09,2024,683003,3,5.418706
744849,2024-06-09,2024,694462,1,3.6895912
744849,2024-06-09,2024,687792,5,4.4081054
745736,2024-06-09,2024,661563,5,5.7453284
745407,2024-06-09,2024,674072,1,1.8720162
745407,2024-06-09,2024,666745,3,2.1453493
746054,2024-06-09,2024,471911,3,2.5732024
746054,2024-06-09,2024,669432,5,2.9378946
746787,2024-06-09,2024,623167,3,3.9492948
746705,2024-06-09,2024,686730,7,4.874445
745736,2024-06-09,2024,607192,12,8.121251
745085,2024-06-09,2024,641793,3,6.075762
746787,2024-06-09,2024,657514,2,2.1216543
745085,2024-06-09,2024,680570,6,8.849473
745897,2024-06-10,2024,663978,6,4.874885
746295,2024-06-10,2024,607625,4,6.588661
746295,2024-06-10,2024,607074,3,7.641375
745409,2024-06-10,2024,683155,3,6.3422313
745409,2024-06-10,2024,656302,8,8.198815
745982,2024-06-10,2024,607067,4,5.115243
745334,2024-06-10,2024,681293,6,6.1558967
745080,2024-06-10,2024,669203,6,6.5440555
745982,2024-06-10,2024,621244,4,6.415611
745248,2024-06-10,2024,607200,4,4.698896
745248,2024-06-10,2024,669302,8,7.416441
745897,2024-06-10,2024,641712,1,2.8905492
745080,2024-06-10,2024,686752,9,5.4323072
745334,2024-06-10,2024,690986,3,4.0076523
747190,2024-06-11,2024,656756,3,4.1435285
745981,2024-06-11,2024,692230,4,3.4434958
747190,2024-06-11,2024,660761,3,3.5616527
745981,2024-06-11,2024,579328,5,6.2027397
747190,2024-06-11,2024,608334,2,3.4858394
746296,2024-06-11,2024,676760,3,2.9037209
746139,2024-06-11,2024,572020,2,3.9831798
746139,2024-06-11,2024,641540,2,4.637594
746296,2024-06-11,2024,663903,6,4.26678
747027,2024-06-11,2024,608331,3,5.016573
747027,2024-06-11,2024,544150,4,6.0302706
746951,2024-06-11,2024,676710,8,5.7092676
746951,2024-06-11,2024,554430,4,6.924238
746464,2024-06-11,2024,628317,5,3.5782661
746464,2024-06-11,2024,680730,1,3.258145
746296,2024-06-11,2024,573186,1,4.803936
746702,2024-06-11,2024,663474,4,2.7894204
747190,2024-06-11,2024,686826,1,1.5523349
745327,2024-06-11,2024,663855,5,4.8417516
745815,2024-06-11,2024,666200,4,6.830694
745815,2024-06-11,2024,656731,8,5.005395
745170,2024-06-11,2024,571945,6,4.1024556
745077,2024-06-11,2024,592791,5,4.8554487
745404,2024-06-11,2024,676664,1,3.5155046
745404,2024-06-11,2024,681190,5,5.097097
745170,2024-06-11,2024,694973,8,8.088025
745899,2024-06-11,2024,615698,5,5.6055355
745899,2024-06-11,2024,686973,3,3.3767889
745077,2024-06-11,2024,621107,3,3.3247552
745327,2024-06-11,2024,669854,8,4.537258
745244,2024-06-11,2024,646242,4,3.8578632
745244,2024-06-11,2024,689672,4,6.725805
745079,2024-06-12,2024,650644,6,4.7417912
745079,2024-06-12,2024,665871,4,3.6332092
746294,2024-06-12,2024,547001,2,4.4447002
745328,2024-06-12,2024,657277,5,4.9854517
746294,2024-06-12,2024,663738,3,3.5448277
745978,2024-06-12,2024,668964,4,3.2238836
745978,2024-06-12,2024,605135,5,6.4794164
746462,2024-06-12,2024,681857,3,5.3319054
746462,2024-06-12,2024,663623,5,5.3514805
745328,2024-06-12,2024,664285,1,3.0026426
745896,2024-06-12,2024,641154,5,4.7977533
747193,2024-06-12,2024,677944,4,4.406379
745246,2024-06-12,2024,682243,8,6.633929
747193,2024-06-12,2024,667755,5,4.0060835
747193,2024-06-12,2024,600986,1,2.2920516
747193,2024-06-12,2024,543518,2,1.8390311
746137,2024-06-12,2024,621111,2,4.408035
746137,2024-06-12,2024,592351,3,3.244269
746948,2024-06-12,2024,601713,4,6.261882
746948,2024-06-12,2024,650911,2,2.7658286
746701,2024-06-12,2024,666157,6,5.8599944
746701,2024-06-12,2024,676440,11,6.4619174
745405,2024-06-12,2024,663687,5,4.4120393
745405,2024-06-12,2024,650633,12,5.8939924
745811,2024-06-12,2024,656849,1,4.9648485
745811,2024-06-12,2024,666129,4,3.4760551
745896,2024-06-12,2024,596295,2,3.5288236
745171,2024-06-12,2024,543243,9,5.527037
745246,2024-06-12,2024,686563,7,6.29487
747028,2024-06-12,2024,700249,6,4.337173
747028,2024-06-12,2024,680885,3,7.1957035
745171,2024-06-12,2024,663559,5,5.060796
745245,2024-06-13,2024,676979,13,8.342613
746299,2024-06-13,2024,679525,7,6.0106583
745245,2024-06-13,2024,676106,1,3.2341993
747026,2024-06-13,2024,625643,8,4.047405
746944,2024-06-13,2024,656557,5,6.854858
746944,2024-06-13,2024,641745,3,1.416308
746944,2024-06-13,2024,605400,2,3.979579
746465,2024-06-13,2024,663554,4,5.536533
746465,2024-06-13,2024,571578,4,5.3573875
746136,2024-06-13,2024,547179,2,4.976363
746299,2024-06-13,2024,641482,2,4.6116977
745075,2024-06-13,2024,671737,11,6.7790117
746136,2024-06-13,2024,642232,3,3.4970171
745075,2024-06-13,2024,657006,5,6.8415766
747192,2024-06-13,2024,694297,8,6.006285
745894,2024-06-13,2024,665622,3,6.430571
745168,2024-06-13,2024,656605,4,6.815519
745168,2024-06-13,2024,458681,5,5.1350074
747192,2024-06-13,2024,656288,3,4.758613
745894,2024-06-13,2024,657746,5,6.0541687
747026,2024-06-13,2024,608344,8,5.712902
745809,2024-06-13,2024,622663,2,6.0569916
745809,2024-06-13,2024,682610,5,4.3137836
745892,2024-06-14,2024,687765,3,4.7606554
746134,2024-06-14,2024,666142,4,6.574571
744924,2024-06-14,2024,671106,3,4.043545
746134,2024-06-14,2024,694813,3,4.984796
745892,2024-06-14,2024,680573,4,4.8610435
745326,2024-06-14,2024,675921,1,2.5536442
744924,2024-06-14,2024,592332,6,6.745475
745326,2024-06-14,2024,678495,1,2.6849666
747191,2024-06-14,2024,623167,2,4.032901
746947,2024-06-14,2024,502624,3,2.0943286
746947,2024-06-14,2024,661563,6,7.5808563
746545,2024-06-14,2024,682847,3,2.6059577
746545,2024-06-14,2024,663372,8,5.1168246
745326,2024-06-14,2024,542881,5,4.960628
746947,2024-06-14,2024,678394,5,6.008429
745247,2024-06-14,2024,622491,7,6.4111395
745810,2024-06-14,2024,640455,7,5.1720386
746378,2024-06-14,2024,669373,2,5.89287
747191,2024-06-14,2024,669194,8,5.9199944
746869,2024-06-14,2024,502043,6,3.334811
746378,2024-06-14,2024,686613,9,5.5302114
747112,2024-06-14,2024,641793,2,3.9006746
747112,2024-06-14,2024,519242,7,7.275913
744847,2024-06-14,2024,669022,10,7.386406
746869,2024-06-14,2024,543294,1,2.4396026
747191,2024-06-14,2024,647336,4,2.4205534
747025,2024-06-14,2024,624133,6,3.324035
747025,2024-06-14,2024,680694,4,3.7020967
744847,2024-06-14,2024,623211,1,2.252439
745979,2024-06-14,2024,642547,6,6.344506
745979,2024-06-14,2024,668881,5,7.8591447
745247,2024-06-14,2024,571760,4,4.6308975
745247,2024-06-14,2024,570632,2,2.8196092
745810,2024-06-14,2024,663362,2,6.0629096
746381,2024-06-15,2024,669438,2,2.9620426
746381,2024-06-15,2024,681293,2,2.7214642
746381,2024-06-15,2024,681869,0,2.5477767
744846,2024-06-15,2024,669432,3,4.398037
747113,2024-06-15,2024,686752,4,4.9606857
746865,2024-06-15,2024,669467,4,3.6163807
746865,2024-06-15,2024,684007,6,8.707502
747113,2024-06-15,2024,450203,8,6.5918207
745241,2024-06-15,2024,543135,6,4.842401
747187,2024-06-15,2024,600986,3,2.077832
747187,2024-06-15,2024,607200,6,5.5041757
747187,2024-06-15,2024,674072,3,3.1440651
745241,2024-06-15,2024,669923,6,5.5213647
746135,2024-06-15,2024,607625,4,5.844184
744846,2024-06-15,2024,687792,13,5.2796335
746547,2024-06-15,2024,683003,6,6.769642
745976,2024-06-15,2024,669060,6,3.4948506
745976,2024-06-15,2024,671096,3,5.690646
746946,2024-06-15,2024,686580,3,2.3794365
746946,2024-06-15,2024,681867,6,5.0019383
745805,2024-06-15,2024,500779,6,3.4412317
747024,2024-06-15,2024,592836,4,3.0028646
746946,2024-06-15,2024,676760,3,2.8391097
746946,2024-06-15,2024,607074,7,7.6019287
744925,2024-06-15,2024,471911,2,4.470949
744925,2024-06-15,2024,670102,2,4.7857637
746381,2024-06-15,2024,656427,6,3.7866614
747024,2024-06-15,2024,680570,6,6.4974337
746381,2024-06-15,2024,663321,5,3.10413
746547,2024-06-15,2024,621389,5,2.4841802
745805,2024-06-15,2024,800049,4,4.2294397
745329,2024-06-15,2024,663776,5,5.013653
745329,2024-06-15,2024,676775,6,5.4680715
744926,2024-06-16,2024,621244,1,4.9485335
746377,2024-06-16,2024,628317,1,5.5699487
746377,2024-06-16,2024,669854,8,5.6142874
747109,2024-06-16,2024,621107,7,4.8030457
744839,2024-06-16,2024,680730,4,6.3204255
744839,2024-06-16,2024,666200,2,3.9359713
744926,2024-06-16,2024,594902,4,5.8220344
746866,2024-06-16,2024,571945,5,5.028771
747189,2024-06-16,2024,656756,7,3.948217
747189,2024-06-16,2024,641771,3,2.0247924
746945,2024-06-16,2024,676710,9,4.984885
746945,2024-06-16,2024,573186,3,5.6040535
746130,2024-06-16,2024,607192,9,6.317916
746130,2024-06-16,2024,663903,4,4.92033
745807,2024-06-16,2024,656731,5,6.7024145
745807,2024-06-16,2024,656302,5,5.7145476
745242,2024-06-16,2024,641540,8,4.93572
745242,2024-06-16,2024,669302,9,7.61097
746866,2024-06-16,2024,592791,3,3.925341
747109,2024-06-16,2024,694462,2,3.2359483
747023,2024-06-16,2024,554430,4,6.6853337
747189,2024-06-16,2024,689672,0,1.8542893
745891,2024-06-16,2024,686973,4,2.591756
745321,2024-06-16,2024,690829,3,2.7328603
745895,2024-06-16,2024,676664,1,4.142188
745895,2024-06-16,2024,641927,8,5.7988825
746546,2024-06-16,2024,641712,5,5.6628113
745977,2024-06-16,2024,607067,6,4.769254
745977,2024-06-16,2024,593423,5,5.8225884
745891,2024-06-16,2024,683155,2,4.571658
746546,2024-06-16,2024,676596,2,1.95156
747023,2024-06-16,2024,669203,7,7.2471175
745891,2024-06-16,2024,663978,0,2.542491
744918,2024-06-17,2024,601713,4,5.6385403
746868,2024-06-17,2024,663855,4,5.4159417
746543,2024-06-17,2024,664875,2,2.7844687
746543,2024-06-17,2024,615698,3,4.7483277
746543,2024-06-17,2024,572020,8,4.931062
744918,2024-06-17,2024,579328,7,5.753405
746215,2024-06-17,2024,668676,1,3.1691954
746215,2024-06-17,2024,692230,3,4.563055
745005,2024-06-17,2024,668390,1,2.211334
746055,2024-06-17,2024,666129,6,3.835025
746055,2024-06-17,2024,543243,4,3.490421
746868,2024-06-17,2024,665871,7,3.6478086
745005,2024-06-17,2024,656849,6,6.165585
745005,2024-06-17,2024,642546,4,3.9607239
745005,2024-06-17,2024,592351,2,3.3240647
745567,2024-06-17,2024,650911,5,5.961032
745567,2024-06-17,2024,681190,2,5.525887
747108,2024-06-17,2024,681857,8,7.004229
747108,2024-06-17,2024,608331,6,6.108318
745490,2024-06-17,2024,694973,7,7.6644816
745490,2024-06-17,2024,686730,5,6.0801826
745893,2024-06-18,2024,650644,5,5.419319
745893,2024-06-18,2024,641154,3,3.0786471
746867,2024-06-18,2024,657006,8,4.6937613
745650,2024-06-18,2024,663687,3,6.8165736
746542,2024-06-18,2024,621111,2,3.3258944
746049,2024-06-18,2024,682610,3,4.0881634
744917,2024-06-18,2024,656557,5,8.260947
746542,2024-06-18,2024,596295,3,4.74348
745563,2024-06-18,2024,605400,6,5.8496985
745563,2024-06-18,2024,650633,6,6.0493393
747107,2024-06-18,2024,680885,7,5.8908205
747107,2024-06-18,2024,663554,3,5.371069
745004,2024-06-18,2024,547179,3,4.710248
745004,2024-06-18,2024,622663,1,3.9061465
745650,2024-06-18,2024,679525,4,3.8981283
746049,2024-06-18,2024,458681,5,5.729362
744917,2024-06-18,2024,605135,6,6.9244432
746867,2024-06-18,2024,657277,5,6.631039
745488,2024-06-18,2024,666157,8,6.196117
746783,2024-06-18,2024,686563,4,6.6721325
746217,2024-06-18,2024,656288,4,4.419658
746217,2024-06-18,2024,668964,6,5.154345
745733,2024-06-18,2024,544150,3,6.0172744
746783,2024-06-18,2024,664285,5,5.3796554
745733,2024-06-18,2024,641482,6,5.3228846
746627,2024-06-18,2024,663474,0,2.0682013
746217,2024-06-18,2024,672710,4,2.5573084
744843,2024-06-18,2024,677944,6,4.7299237
746627,2024-06-18,2024,682243,2,4.832383
745488,2024-06-18,2024,663559,3,4.9304833
744843,2024-06-18,2024,663623,2,4.6269407
746538,2024-06-19,2024,676272,2,5.011382
745887,2024-06-19,2024,671737,3,5.7577085
746538,2024-06-19,2024,663372,6,5.1332684
745887,2024-06-19,2024,657746,5,5.8913445
747106,2024-06-19,2024,669438,3,2.804563
746219,2024-06-19,2024,542881,5,4.9709992
746219,2024-06-19,2024,642547,8,6.351928
745489,2024-06-19,2024,656605,7,4.1012144
747106,2024-06-19,2024,625643,6,4.9067793
746050,2024-06-19,2024,669461,1,1.8280565
746050,2024-06-19,2024,630023,6,5.5777535
745561,2024-06-19,2024,663362,6,6.351028
747106,2024-06-19,2024,669373,7,5.088069
745561,2024-06-19,2024,624133,4,5.6832085
745646,2024-06-19,2024,666142,7,7.535266
746864,2024-06-19,2024,702352,1,2.4449065
744842,2024-06-19,2024,571578,7,3.7997239
744842,2024-06-19,2024,694297,0,6.2725477
744920,2024-06-19,2024,592332,4,5.8359327
744920,2024-06-19,2024,678394,6,3.6957963
746625,2024-06-19,2024,693433,1,4.275541
746625,2024-06-19,2024,676440,12,5.5006714
745002,2024-06-19,2024,571760,9,4.688512
745646,2024-06-19,2024,665622,3,4.951599
746781,2024-06-19,2024,686613,6,5.2323546
745732,2024-06-19,2024,543037,5,3.727854
746864,2024-06-19,2024,543294,8,3.049363
745002,2024-06-19,2024,640455,6,5.309258
745489,2024-06-19,2024,668881,9,8.847712
746781,2024-06-19,2024,676979,8,5.915055
745732,2024-06-19,2024,700249,1,4.3654385
745164,2024-06-20,2024,676775,2,2.014776
745889,2024-06-20,2024,641793,5,4.8612385
745164,2024-06-20,2024,669467,5,5.59342
745734,2024-06-20,2024,608344,2,4.077016
745401,2024-06-20,2024,800049,3,3.9437618
745889,2024-06-20,2024,680573,6,5.605848
745401,2024-06-20,2024,669060,5,4.0954247
744841,2024-06-20,2024,669022,7,9.063276
745734,2024-06-20,2024,661563,1,1.6178035
746782,2024-06-20,2024,681293,2,4.1551576
746782,2024-06-20,2024,623167,6,5.624967
746539,2024-06-20,2024,694813,7,4.189486
745645,2024-06-20,2024,687765,7,5.318708
746539,2024-06-20,2024,683627,1,2.934591
745645,2024-06-20,2024,607625,8,5.7214546
746626,2024-06-20,2024,671106,2,4.2042484
746539,2024-06-20,2024,621389,2,2.0716946
744841,2024-06-20,2024,669194,2,1.9550043
746626,2024-06-20,2024,622491,4,5.160266
745006,2024-06-21,2024,543135,6,5.818092
746624,2024-06-21,2024,684320,1,3.949787
745006,2024-06-21,2024,663903,4,4.2366595
745403,2024-06-21,2024,607067,0,3.8799698
745729,2024-06-21,2024,672782,5,3.8948622
745729,2024-06-21,2024,607074,3,6.431748
746624,2024-06-21,2024,670102,4,4.570667
746624,2024-06-21,2024,658648,3,2.1860566
746624,2024-06-21,2024,471911,7,5.35195
746131,2024-06-21,2024,689017,2,3.1774123
746131,2024-06-21,2024,642232,2,2.2643201
745562,2024-06-21,2024,605513,2,2.0235553
745562,2024-06-21,2024,656756,5,3.844367
745562,2024-06-21,2024,592836,3,2.7860634
746698,2024-06-21,2024,671096,10,4.902491
746698,2024-06-21,2024,676710,7,4.3522506
745483,2024-06-21,2024,686752,3,4.4398336
745483,2024-06-21,2024,682847,3,4.500398
746460,2024-06-21,2024,656427,8,7.2180514
745649,2024-06-21,2024,663978,3,3.732333
746540,2024-06-21,2024,687792,5,3.4747157
746375,2024-06-21,2024,663321,2,2.2806752
746375,2024-06-21,2024,680570,8,7.612927
746375,2024-06-21,2024,814005,2,5.1991563
745483,2024-06-21,2024,669387,0,2.4628313
745483,2024-06-21,2024,641726,1,2.927878
745403,2024-06-21,2024,663568,1,2.1565797
745403,2024-06-21,2024,656302,10,7.4177113
745729,2024-06-21,2024,519242,8,6.7832623
746460,2024-06-21,2024,607200,3,4.821593
746540,2024-06-21,2024,641712,0,3.6105897
745649,2024-06-21,2024,683155,1,4.3417997
746052,2024-06-21,2024,669923,5,4.109969
746052,2024-06-21,2024,669432,5,5.5929284
746861,2024-06-21,2024,684007,3,3.5161378
746861,2024-06-21,2024,687863,5,2.9683845
746861,2024-06-21,2024,669713,2,2.295425
746861,2024-06-21,2024,500779,8,6.4479136
746861,2024-06-21,2024,493603,3,1.1385266
744997,2024-06-22,2024,592351,3,4.750507
745486,2024-06-22,2024,683003,8,5.363563
746622,2024-06-22,2024,594902,4,4.2824535
746541,2024-06-22,2024,680730,8,6.9255753
746541,2024-06-22,2024,615698,5,4.722742
744997,2024-06-22,2024,608379,5,4.81993
745564,2024-06-22,2024,543518,0,1.2547617
745564,2024-06-22,2024,554430,8,6.886011
745402,2024-06-22,2024,681190,3,6.789889
745402,2024-06-22,2024,692230,2,3.383928
745564,2024-06-22,2024,674072,2,2.80065
746459,2024-06-22,2024,689672,5,4.9849644
745163,2024-06-22,2024,663855,1,4.528847
745163,2024-06-22,2024,571945,3,4.372922
746459,2024-06-22,2024,628317,5,6.9778
746048,2024-06-22,2024,641312,3,3.7723713
746048,2024-06-22,2024,669302,6,6.8961215
746048,2024-06-22,2024,686539,4,2.334427
746700,2024-06-22,2024,601713,5,6.5759377
746700,2024-06-22,2024,593423,4,4.007437
746132,2024-06-22,2024,668676,1,2.8518808
746132,2024-06-22,2024,607192,10,5.154756
745486,2024-06-22,2024,621107,6,5.7280374
745644,2024-06-22,2024,641927,10,4.9447927
746622,2024-06-22,2024,621244,3,4.3738203
745644,2024-06-22,2024,676664,1,1.6021703
746376,2024-06-22,2024,669854,4,5.088459
746376,2024-06-22,2024,669203,5,6.1476164
745731,2024-06-22,2024,573186,6,4.0794964
745731,2024-06-22,2024,450203,4,7.0669746
746863,2024-06-22,2024,656731,6,4.5174766
745644,2024-06-22,2024,674370,6,6.520433
746863,2024-06-22,2024,592791,10,4.7193108
746863,2024-06-22,2024,605288,2,2.2167373
746621,2024-06-23,2024,579328,3,4.317895
745566,2024-06-23,2024,677944,2,2.2347631
745165,2024-06-23,2024,543243,8,5.1588335
745648,2024-06-23,2024,663687,2,3.7100654
746373,2024-06-23,2024,544150,3,4.2764134
746373,2024-06-23,2024,664285,7,7.844195
745000,2024-06-23,2024,679525,4,5.650673
745000,2024-06-23,2024,570632,1,1.9960378
745566,2024-06-23,2024,650911,4,4.2293563
746699,2024-06-23,2024,666157,3,4.485534
746051,2024-06-23,2024,667725,2,2.7164822
746051,2024-06-23,2024,682243,3,3.2214687
745000,2024-06-23,2024,453286,4,2.7945244
745485,2024-06-23,2024,694973,8,8.148097
746457,2024-06-23,2024,694363,3,3.0975466
746457,2024-06-23,2024,686563,1,1.8298903
746457,2024-06-23,2024,681857,3,5.5033326
745485,2024-06-23,2024,650644,3,3.6957355
746862,2024-06-23,2024,622663,10,6.06951
745165,2024-06-23,2024,657277,8,7.207826
745648,2024-06-23,2024,641154,14,7.830085
746621,2024-06-23,2024,663474,6,3.834754
746621,2024-06-23,2024,670766,0,1.931286
745396,2024-06-23,2024,668964,3,4.055068
746457,2024-06-23,2024,641771,7,4.810224
745396,2024-06-23,2024,650633,8,4.88515
746862,2024-06-23,2024,624522,2,2.6161318
746536,2024-06-23,2024,663623,10,5.51674
746536,2024-06-23,2024,607536,4,4.049078
746862,2024-06-23,2024,665871,0,4.437442
745727,2024-06-23,2024,641482,7,5.488934
745727,2024-06-23,2024,608331,4,4.7344427
745323,2024-06-24,2024,702352,3,3.2769794
745323,2024-06-24,2024,657006,9,6.8642054
746218,2024-06-24,2024,665622,4,4.452793
746218,2024-06-24,2024,605156,2,2.9618104
746298,2024-06-24,2024,682610,4,5.6505675
745974,2024-06-24,2024,642547,6,6.553976
746780,2024-06-24,2024,676979,6,6.6662865
746780,2024-06-24,2024,572020,6,4.8975654
745078,2024-06-24,2024,671737,8,7.1104794
746941,2024-06-24,2024,605135,2,5.8742046
745974,2024-06-24,2024,642546,1,2.400735
745974,2024-06-24,2024,547179,5,5.865604
746218,2024-06-24,2024,656288,5,5.6613955
745078,2024-06-24,2024,693433,3,5.0026474
745323,2024-06-24,2024,675921,8,3.8935797
746458,2024-06-24,2024,605400,6,5.5324883
746458,2024-06-24,2024,663554,10,7.3824773
746941,2024-06-24,2024,656557,7,7.3370547
746298,2024-06-24,2024,666142,11,9.162087
745160,2024-06-24,2024,458681,5,4.6115184
745078,2024-06-24,2024,606965,0,3.2805479
745397,2024-06-24,2024,571578,5,5.118498
745397,2024-06-24,2024,663362,8,6.253239
746696,2024-06-24,2024,686730,5,4.139123
746696,2024-06-24,2024,663559,2,4.5503163
745160,2024-06-24,2024,680885,6,6.1317
747021,2024-06-24,2024,700249,5,3.6947968
747021,2024-06-24,2024,676440,7,6.955119
746372,2024-06-25,2024,686613,7,5.4464364
746372,2024-06-25,2024,596295,4,4.5871906
745806,2024-06-25,2024,656849,8,6.494277
745806,2024-06-25,2024,543037,0,4.361187
745973,2024-06-25,2024,571760,4,6.791888
745973,2024-06-25,2024,669060,4,3.4252572
746775,2024-06-25,2024,676272,1,3.7164383
746775,2024-06-25,2024,623167,3,4.859864
745399,2024-06-25,2024,669022,1,6.010831
745399,2024-06-25,2024,800049,0,2.643613
745076,2024-06-25,2024,622491,4,6.727654
746293,2024-06-25,2024,630023,5,2.9222836
746293,2024-06-25,2024,607625,8,5.073241
747188,2024-06-25,2024,657746,5,5.306935
746943,2024-06-25,2024,678394,2,2.2902155
746943,2024-06-25,2024,670174,8,4.265601
746943,2024-06-25,2024,592332,5,6.7917457
746213,2024-06-25,2024,542881,2,5.665709
746213,2024-06-25,2024,687765,6,5.674676
747022,2024-06-25,2024,608344,1,1.7480791
746697,2024-06-25,2024,691172,4,1.8272073
747188,2024-06-25,2024,694297,2,4.6284456
746697,2024-06-25,2024,656605,6,7.528792
745322,2024-06-25,2024,543294,4,4.6539364
745322,2024-06-25,2024,678495,5,4.1912827
746697,2024-06-25,2024,668881,5,6.091377
745076,2024-06-25,2024,641793,6,5.0327387
746454,2024-06-25,2024,624133,4,5.098409
746454,2024-06-25,2024,669373,7,5.47455
747022,2024-06-25,2024,671106,5,2.709324
745400,2024-06-26,2024,656302,9,7.171839
745975,2024-06-26,2024,572971,4,2.2819443
745158,2024-06-26,2024,693821,4,4.15961
745808,2024-06-26,2024,661563,2,5.6015487
745158,2024-06-26,2024,669461,8,4.7152925
745808,2024-06-26,2024,672782,1,3.3689458
745400,2024-06-26,2024,687792,1,3.5306695
746777,2024-06-26,2024,607200,5,5.1685185
745975,2024-06-26,2024,543135,4,7.4503603
746777,2024-06-26,2024,647336,7,3.9719498
746777,2024-06-26,2024,694813,7,6.5310755
747184,2024-06-26,2024,669194,3,4.9113183
746942,2024-06-26,2024,642232,4,1.8160611
747184,2024-06-26,2024,680573,4,5.259827
746291,2024-06-26,2024,678368,2,3.1977162
747019,2024-06-26,2024,471911,3,5.736888
747019,2024-06-26,2024,675540,1,2.4381278
747019,2024-06-26,2024,680570,4,5.442493
745808,2024-06-26,2024,640455,3,4.1340337
746291,2024-06-26,2024,663903,5,5.8905387
746212,2024-06-26,2024,683155,8,5.05651
745157,2024-06-26,2024,681517,1,2.8703222
746212,2024-06-26,2024,672710,2,3.2215807
745157,2024-06-26,2024,625643,5,5.8000607
746374,2024-06-26,2024,663372,2,4.518768
745325,2024-06-26,2024,806185,5,5.648517
745325,2024-06-26,2024,669713,7,4.6545954
746942,2024-06-26,2024,601713,10,5.7448535
746374,2024-06-26,2024,681293,10,6.0083475
746456,2024-06-26,2024,672456,6,6.4822545
746695,2024-06-26,2024,682847,7,4.6599445
745157,2024-06-26,2024,502043,4,4.7698827
745073,2024-06-26,2024,686752,8,5.0573483
745073,2024-06-26,2024,669923,7,4.835626
746695,2024-06-26,2024,668933,3,3.721063
745808,2024-06-26,2024,605288,3,1.8400254
744919,2024-06-27,2024,607074,8,7.8851743
746210,2024-06-27,2024,669721,8,6.0204835
746816,2024-06-27,2024,641771,3,2.624177
746288,2024-06-27,2024,594902,5,3.482622
746288,2024-06-27,2024,608379,6,5.4181347
746210,2024-06-27,2024,656427,7,6.6387296
746816,2024-06-27,2024,519242,11,7.619386
745324,2024-06-27,2024,663855,7,5.3926783
747185,2024-06-27,2024,656756,1,4.1738496
745162,2024-06-27,2024,571945,1,4.836552
747185,2024-06-27,2024,686826,0,1.9129655
747185,2024-06-27,2024,701581,2,4.6140075
745565,2024-06-27,2024,554430,5,11.252657
745565,2024-06-27,2024,669432,4,5.958263
747020,2024-06-27,2024,669203,5,5.40007
747020,2024-06-27,2024,642546,2,2.6494467
747020,2024-06-27,2024,592351,1,3.2285228
745162,2024-06-27,2024,671096,2,6.7682176
747185,2024-06-27,2024,543518,2,2.966686
744919,2024-06-27,2024,621244,8,4.2668657
745324,2024-06-27,2024,684007,3,5.0851893
745319,2024-06-28,2024,689017,7,3.9881904
746214,2024-06-28,2024,668676,3,1.9004705
746214,2024-06-28,2024,628317,4,5.3570704
745070,2024-06-28,2024,621107,6,5.591537
746776,2024-06-28,2024,689672,4,5.242457
746776,2024-06-28,2024,641712,3,2.9734244
745070,2024-06-28,2024,680730,5,5.0069847
747183,2024-06-28,2024,676664,6,4.773453
747183,2024-06-28,2024,677944,7,5.1433406
745319,2024-06-28,2024,657277,6,5.711042
745161,2024-06-28,2024,593423,5,5.029975
745238,2024-06-28,2024,669302,3,5.5293765
745238,2024-06-28,2024,641927,9,5.349445
745970,2024-06-28,2024,607067,8,5.524483
745804,2024-06-28,2024,500779,7,5.52081
745804,2024-06-28,2024,669854,5,5.575967
747105,2024-06-28,2024,527048,4,4.6359787
747105,2024-06-28,2024,450203,7,7.164056
746292,2024-06-28,2024,679525,5,4.980287
746292,2024-06-28,2024,670766,1,4.691587
746292,2024-06-28,2024,663474,3,1.8298341
746939,2024-06-28,2024,502624,2,3.4042113
746939,2024-06-28,2024,601713,4,5.0033875
745161,2024-06-28,2024,669467,5,4.0487776
747017,2024-06-28,2024,453286,4,4.2081537
747105,2024-06-28,2024,641726,3,2.6392574
747017,2024-06-28,2024,544150,2,3.5363898
745970,2024-06-28,2024,592791,5,5.564438
745560,2024-06-28,2024,650911,9,7.908879
744922,2024-06-28,2024,573186,3,4.9016304
744922,2024-06-28,2024,579328,7,4.938258
745560,2024-06-28,2024,667725,4,5.142807
746939,2024-06-28,2024,681190,1,3.535629
747104,2024-06-29,2024,694973,9,7.214922
747104,2024-06-29,2024,608331,4,6.0604773
745972,2024-06-29,2024,668964,6,4.3580656
745317,2024-06-29,2024,663546,1,2.2871728
745159,2024-06-29,2024,700669,4,3.1256177
747018,2024-06-29,2024,547179,3,3.6592584
745159,2024-06-29,2024,543243,6,5.474999
746778,2024-06-29,2024,686563,3,3.949295
745317,2024-06-29,2024,675921,0,3.2342346
745972,2024-06-29,2024,657006,5,4.4428134
746778,2024-06-29,2024,615698,8,4.7105827
747018,2024-06-29,2024,700249,3,3.6880198
747018,2024-06-29,2024,641540,1,2.48305
745159,2024-06-29,2024,686730,4,4.1157923
744921,2024-06-29,2024,605135,8,6.2904105
745071,2024-06-29,2024,650644,2,7.064301
745317,2024-06-29,2024,607192,1,4.3651023
746211,2024-06-29,2024,656288,4,5.566227
746940,2024-06-29,2024,650633,6,5.2758956
745559,2024-06-29,2024,682610,4,4.5902433
745801,2024-06-29,2024,664285,5,6.3706355
745559,2024-06-29,2024,605400,9,6.771941
745239,2024-06-29,2024,641154,9,8.005043
746289,2024-06-29,2024,666142,6,6.242551
746211,2024-06-29,2024,681857,9,5.9410677
746940,2024-06-29,2024,690544,2,3.1354718
747186,2024-06-29,2024,663687,3,4.2831807
744921,2024-06-29,2024,641482,5,4.075378
747186,2024-06-29,2024,668678,7,4.847555
745071,2024-06-29,2024,663623,5,5.271628
746940,2024-06-29,2024,656557,4,5.7198563
747186,2024-06-29,2024,674370,2,1.8941237
745801,2024-06-29,2024,656731,6,7.760236
745239,2024-06-29,2024,682243,6,5.8517165
746289,2024-06-29,2024,676440,3,6.793522
746938,2024-06-30,2024,670174,1,2.7949808
745320,2024-06-30,2024,702352,3,2.1487842
747101,2024-06-30,2024,680885,7,4.4167433
746209,2024-06-30,2024,542881,2,4.2511
746938,2024-06-30,2024,663362,3,3.709554
745154,2024-06-30,2024,458681,6,3.0932221
745154,2024-06-30,2024,668881,6,7.1934896
746209,2024-06-30,2024,663554,2,5.218728
747101,2024-06-30,2024,663559,5,3.8887591
745243,2024-06-30,2024,622491,3,4.84445
745555,2024-06-30,2024,630023,4,4.4822774
744916,2024-06-30,2024,543037,6,5.864857
744916,2024-06-30,2024,592332,7,8.668274
745072,2024-06-30,2024,571578,5,5.705442
745555,2024-06-30,2024,624133,0,4.3205724
747182,2024-06-30,2024,665622,5,6.856992
747182,2024-06-30,2024,694297,8,3.4304206
745971,2024-06-30,2024,642547,8,7.0061693
745802,2024-06-30,2024,622663,3,2.1831782
745072,2024-06-30,2024,671737,11,6.7423477
747016,2024-06-30,2024,571760,10,5.6236997
745320,2024-06-30,2024,572020,4,5.214425
745971,2024-06-30,2024,543294,3,1.9998161
745320,2024-06-30,2024,694738,3,3.5794756
746779,2024-06-30,2024,607536,3,2.4350471
746779,2024-06-30,2024,647336,6,3.5370817
746779,2024-06-30,2024,676979,11,5.817923
745802,2024-06-30,2024,681869,2,3.449937
746290,2024-06-30,2024,671106,3,3.3315902
746290,2024-06-30,2024,607625,10,4.4892364
747016,2024-06-30,2024,608344,2,3.892487
745243,2024-06-30,2024,657746,10,7.5401692
746535,2024-07-01,2024,596295,3,3.828076
746535,2024-07-01,2024,669060,3,3.3425875
744914,2024-07-01,2024,684320,6,5.133277
744840,2024-07-01,2024,669022,8,7.20699
744840,2024-07-01,2024,656849,2,5.048893
744914,2024-07-01,2024,686613,5,6.941641
745240,2024-07-02,2024,680570,8,6.9604216
745240,2024-07-02,2024,669923,5,5.863823
746047,2024-07-02,2024,676710,7,4.7906337
745730,2024-07-02,2024,668933,3,4.49137
745647,2024-07-02,2024,687765,5,5.025852
746047,2024-07-02,2024,678368,8,5.58788
746133,2024-07-02,2024,676272,4,5.3547935
746133,2024-07-02,2024,669194,3,3.8504126
744838,2024-07-02,2024,687792,10,6.092001
744838,2024-07-02,2024,640455,5,4.903113
744999,2024-07-02,2024,656302,5,5.96368
744999,2024-07-02,2024,543135,6,5.999082
745730,2024-07-02,2024,661563,3,5.349761
745647,2024-07-02,2024,667755,4,2.6451194
746623,2024-07-02,2024,471911,7,3.7637768
745482,2024-07-02,2024,656605,5,5.9942384
746537,2024-07-02,2024,663372,3,3.518034
747102,2024-07-02,2024,806185,5,5.909288
745886,2024-07-02,2024,680573,4,5.7163453
745886,2024-07-02,2024,669373,7,7.1605535
746860,2024-07-02,2024,669713,7,5.7388973
746623,2024-07-02,2024,623167,3,4.768018
746537,2024-07-02,2024,572971,5,1.5608916
744913,2024-07-02,2024,681293,5,6.3401155
744913,2024-07-02,2024,621244,1,1.2080783
747102,2024-07-02,2024,625643,6,7.23739
746860,2024-07-02,2024,675650,4,4.8504887
745482,2024-07-02,2024,502043,8,3.733742
746282,2024-07-02,2024,641793,4,3.5802596
746282,2024-07-02,2024,663903,4,4.879423
744998,2024-07-03,2024,641540,3,3.253775
744998,2024-07-03,2024,592351,2,4.4478135
746858,2024-07-03,2024,684007,8,4.984792
746858,2024-07-03,2024,554430,7,7.521272
744998,2024-07-03,2024,800049,4,3.3362067
745487,2024-07-03,2024,683003,5,5.3572364
746283,2024-07-03,2024,608379,8,4.7640285
745643,2024-07-03,2024,669721,3,3.8917754
745643,2024-07-03,2024,683155,4,5.4791636
746283,2024-07-03,2024,686752,0,5.633259
745888,2024-07-03,2024,672456,4,5.056519
746534,2024-07-03,2024,663567,2,1.9281301
745728,2024-07-03,2024,671096,2,5.6376505
746534,2024-07-03,2024,641712,4,3.280778
746534,2024-07-03,2024,607067,4,6.12881
745728,2024-07-03,2024,607074,8,5.980496
745487,2024-07-03,2024,571945,4,4.7212276
745888,2024-07-03,2024,701581,6,4.730322
744837,2024-07-03,2024,680730,5,4.6959133
746045,2024-07-03,2024,669432,6,5.553641
744915,2024-07-03,2024,670102,2,2.0539358
746045,2024-07-03,2024,678394,7,4.4177494
746128,2024-07-03,2024,642232,3,1.3729724
746617,2024-07-03,2024,668909,2,4.408621
746617,2024-07-03,2024,607200,3,4.0563674
744915,2024-07-03,2024,579328,5,6.3267536
746128,2024-07-03,2024,694813,3,4.731328
746128,2024-07-03,2024,686826,1,1.622087
745234,2024-07-03,2024,669302,6,6.459737
745234,2024-07-03,2024,665152,8,4.413454
747100,2024-07-03,2024,663855,6,5.822003
747100,2024-07-03,2024,519242,9,7.3584294
744837,2024-07-03,2024,681035,2,6.555169
746128,2024-07-03,2024,691441,2,3.692513
744915,2024-07-03,2024,669854,4,5.578677
746126,2024-07-04,2024,668678,4,5.2930975
746126,2024-07-04,2024,598286,1,1.2615772
746619,2024-07-04,2024,594902,6,4.8206086
746619,2024-07-04,2024,641771,1,4.4239335
746285,2024-07-04,2024,621107,3,5.4186344
746857,2024-07-04,2024,592791,7,5.152168
745890,2024-07-04,2024,666214,1,3.1312432
745890,2024-07-04,2024,641927,8,6.408628
746619,2024-07-04,2024,694363,2,2.1298509
746126,2024-07-04,2024,679885,5,2.404676
744912,2024-07-04,2024,605135,3,6.5766916
745890,2024-07-04,2024,628317,3,6.1818266
744912,2024-07-04,2024,664285,4,5.965745
746532,2024-07-04,2024,668964,5,6.8610654
746532,2024-07-04,2024,615698,2,5.4427094
745726,2024-07-04,2024,573186,6,5.6501656
745726,2024-07-04,2024,593423,4,4.2090693
746043,2024-07-04,2024,667725,3,2.470047
746043,2024-07-04,2024,601713,10,5.108688
745236,2024-07-04,2024,682243,6,6.5280666
745236,2024-07-04,2024,669203,6,8.539014
746285,2024-07-04,2024,679525,1,3.6648476
746285,2024-07-04,2024,672582,2,2.4489117
746126,2024-07-04,2024,689017,6,4.4398384
746857,2024-07-04,2024,650911,3,3.391827
746285,2024-07-04,2024,672578,1,1.7994798
745641,2024-07-04,2024,676664,6,4.5755277
744996,2024-07-04,2024,453286,3,5.754015
744996,2024-07-04,2024,650633,5,5.181953
745484,2024-07-04,2024,527048,2,4.0805206
744834,2024-07-04,2024,663623,8,6.7047987
747103,2024-07-04,2024,656550,4,3.0210233
745484,2024-07-04,2024,669467,5,5.3647966
747103,2024-07-04,2024,657277,6,5.998396
744834,2024-07-04,2024,500779,1,4.061866
745641,2024-07-04,2024,672710,1,2.4573216
747103,2024-07-04,2024,450203,5,5.729776
745884,2024-07-05,2024,664351,2,2.4376202
746533,2024-07-05,2024,666142,8,7.365913
745884,2024-07-05,2024,641154,6,6.454551
746046,2024-07-05,2024,689672,5,6.0380425
746533,2024-07-05,2024,607536,5,3.8844101
746046,2024-07-05,2024,682610,2,4.716186
746859,2024-07-05,2024,657006,7,2.1193984
746046,2024-07-05,2024,663773,4,1.995849
745398,2024-07-05,2024,677944,2,4.873836
744836,2024-07-05,2024,571578,3,4.651337
745725,2024-07-05,2024,641482,8,6.283152
745725,2024-07-05,2024,656557,1,5.3199806
744992,2024-07-05,2024,547179,4,4.8516803
744992,2024-07-05,2024,669358,6,4.12753
745237,2024-07-05,2024,592332,10,7.875489
744836,2024-07-05,2024,543243,6,5.666193
745398,2024-07-05,2024,681190,6,6.7021284
745884,2024-07-05,2024,681869,2,2.3312714
745884,2024-07-05,2024,680739,2,2.7592187
746127,2024-07-05,2024,607192,7,7.546611
746859,2024-07-05,2024,656288,4,4.561508
747097,2024-07-05,2024,608331,4,6.2560616
747097,2024-07-05,2024,605400,8,6.9876175
745639,2024-07-05,2024,544150,6,4.506503
745639,2024-07-05,2024,663687,4,6.00595
746127,2024-07-05,2024,650644,8,6.515164
745479,2024-07-05,2024,694973,8,6.9154534
745479,2024-07-05,2024,686654,1,2.2943866
745479,2024-07-05,2024,622663,3,3.5479763
746620,2024-07-05,2024,676440,6,5.3679543
745237,2024-07-05,2024,622491,8,6.71691
746693,2024-07-05,2024,686730,3,3.7996888
746693,2024-07-05,2024,681857,8,5.1742597
746693,2024-07-05,2024,608718,4,2.3505187
746620,2024-07-05,2024,702352,2,2.5548759
744835,2024-07-06,2024,458681,2,4.2305865
747099,2024-07-06,2024,680885,6,4.9658737
745395,2024-07-06,2024,663362,6,6.1062474
745642,2024-07-06,2024,665622,3,7.153831
744835,2024-07-06,2024,606149,1,1.8187895
744835,2024-07-06,2024,669022,5,4.6114264
745235,2024-07-06,2024,676106,4,5.0552754
744835,2024-07-06,2024,669461,2,3.6456826
745642,2024-07-06,2024,672552,3,2.981046
747099,2024-07-06,2024,624133,7,3.9921303
745642,2024-07-06,2024,700249,1,1.4073614
745235,2024-07-06,2024,684320,6,3.882944
746044,2024-07-06,2024,630023,5,4.4988785
745395,2024-07-06,2024,694297,6,3.6394904
746129,2024-07-06,2024,572020,3,3.7121255
745642,2024-07-06,2024,622253,1,2.4233694
746856,2024-07-06,2024,543294,1,1.0301774
745724,2024-07-06,2024,670174,4,2.772137
745724,2024-07-06,2024,543037,8,6.444792
745724,2024-07-06,2024,502624,3,3.306859
745642,2024-07-06,2024,608344,4,2.9343371
746856,2024-07-06,2024,542881,10,4.334897
746694,2024-07-06,2024,689225,5,1.9527854
746694,2024-07-06,2024,668881,7,6.9622936
746129,2024-07-06,2024,669060,1,2.299594
746129,2024-07-06,2024,642547,4,6.480788
746044,2024-07-06,2024,647336,4,3.0688658
746044,2024-07-06,2024,676979,5,8.425049
744995,2024-07-06,2024,571760,7,5.3015223
745885,2024-07-06,2024,657746,8,6.7625175
746615,2024-07-06,2024,690986,2,3.2657526
745476,2024-07-06,2024,656849,5,5.4374123
746529,2024-07-06,2024,607625,5,6.4556665
746615,2024-07-06,2024,671106,9,5.4757543
745476,2024-07-06,2024,663559,2,2.2849958
746529,2024-07-06,2024,596295,3,5.604993
745885,2024-07-06,2024,686613,6,5.024359
744995,2024-07-06,2024,671737,5,4.02853
746530,2024-07-07,2024,685299,4,3.5979762
746616,2024-07-07,2024,471911,4,4.133841
745637,2024-07-07,2024,687765,5,4.26396
744832,2024-07-07,2024,502043,8,4.6974235
745637,2024-07-07,2024,680570,8,5.4269624
745723,2024-07-07,2024,676710,4,3.741654
747098,2024-07-07,2024,675650,1,2.6567245
746530,2024-07-07,2024,663903,7,4.8119655
744832,2024-07-07,2024,687792,4,6.2885957
747098,2024-07-07,2024,625643,6,5.3214545
746122,2024-07-07,2024,572971,0,3.9155643
745233,2024-07-07,2024,669923,8,5.3889985
746616,2024-07-07,2024,806185,5,5.14351
745477,2024-07-07,2024,682847,5,5.3688507
747098,2024-07-07,2024,663969,7,4.1503696
745723,2024-07-07,2024,661563,9,6.504601
745233,2024-07-07,2024,621244,10,5.6032014
746855,2024-07-07,2024,669713,2,5.222989
744993,2024-07-07,2024,641793,5,4.4464846
745391,2024-07-07,2024,656302,8,6.7612767
745391,2024-07-07,2024,669194,5,5.917865
746855,2024-07-07,2024,667755,3,2.8453305
746039,2024-07-07,2024,665795,4,4.0867257
746122,2024-07-07,2024,680736,4,5.1947527
746691,2024-07-07,2024,669373,13,7.2213297
746122,2024-07-07,2024,642232,3,2.0749037
744993,2024-07-07,2024,543135,5,5.848244
746039,2024-07-07,2024,686563,3,3.4000373
746122,2024-07-07,2024,596001,3,2.842091
745883,2024-07-07,2024,680573,4,4.6033716
745883,2024-07-07,2024,681293,6,6.30186
745477,2024-07-07,2024,640455,6,5.497321
745477,2024-07-07,2024,547973,2,2.7274287
746691,2024-07-07,2024,668933,2,3.466866
747181,2024-07-08,2024,700270,5,4.806898
746455,2024-07-08,2024,668909,5,5.1445184
746455,2024-07-08,2024,672456,4,4.468442
747181,2024-07-08,2024,693821,1,2.3229027
746692,2024-07-08,2024,671096,8,6.849241
746692,2024-07-08,2024,663372,6,5.8104024
746208,2024-07-08,2024,592351,2,3.959972
746771,2024-07-08,2024,623167,4,4.6862545
746771,2024-07-08,2024,663978,3,3.373191
746208,2024-07-08,2024,608334,5,2.337164
746208,2024-07-08,2024,669721,3,3.4507258
744833,2024-07-08,2024,571945,3,4.23524
745480,2024-07-08,2024,681035,3,5.136974
745480,2024-07-08,2024,656605,6,5.97989
744833,2024-07-08,2024,680730,6,5.096158
745968,2024-07-09,2024,607067,3,2.8754723
747014,2024-07-09,2024,669211,4,3.285798
746690,2024-07-09,2024,664875,1,3.183821
746690,2024-07-09,2024,666157,4,4.1085176
745316,2024-07-09,2024,579328,13,7.362819
746368,2024-07-09,2024,669854,7,4.392619
746368,2024-07-09,2024,669432,5,6.0851083
745393,2024-07-09,2024,669302,7,5.2785954
746937,2024-07-09,2024,683155,1,3.2783124
746937,2024-07-09,2024,678394,11,6.639319
747180,2024-07-09,2024,519242,9,7.7836833
747014,2024-07-09,2024,665152,3,4.556215
746206,2024-07-09,2024,672710,1,1.9649043
746206,2024-07-09,2024,453286,6,5.4258575
745074,2024-07-09,2024,607074,5,6.5204587
745074,2024-07-09,2024,686752,7,6.0382066
745968,2024-07-09,2024,682990,8,5.6174493
745393,2024-07-09,2024,800049,6,3.8246913
747014,2024-07-09,2024,592791,7,4.6681848
746690,2024-07-09,2024,615698,4,2.3021626
746937,2024-07-09,2024,671305,4,3.0872474
745557,2024-07-09,2024,554430,7,5.0044827
746937,2024-07-09,2024,621053,2,2.0725913
746451,2024-07-09,2024,666214,3,3.8650773
745803,2024-07-09,2024,500779,5,6.171672
745557,2024-07-09,2024,676272,2,4.084288
746690,2024-07-09,2024,663567,2,3.1043308
746451,2024-07-09,2024,628317,2,2.5877712
746451,2024-07-09,2024,594902,4,4.1208673
745316,2024-07-09,2024,605483,3,3.5627618
747180,2024-07-09,2024,668678,4,6.4755635
745803,2024-07-09,2024,663623,2,5.147484
745155,2024-07-10,2024,679525,8,4.8140244
746773,2024-07-10,2024,641154,5,6.511274
745969,2024-07-10,2024,668964,6,6.4858265
745969,2024-07-10,2024,641703,1,3.2160194
745969,2024-07-10,2024,527048,5,5.5878186
746772,2024-07-10,2024,641927,6,4.797712
745155,2024-07-10,2024,669467,5,5.7081537
745556,2024-07-10,2024,650911,5,5.969551
745156,2024-07-10,2024,669461,0,2.7436223
747179,2024-07-10,2024,450203,5,7.2903657
747179,2024-07-10,2024,677944,3,4.165819
745796,2024-07-10,2024,622663,4,4.375442
746934,2024-07-10,2024,676664,8,6.0596623
746934,2024-07-10,2024,601713,10,5.304134
746689,2024-07-10,2024,593423,7,6.6579957
746205,2024-07-10,2024,656288,3,4.082195
746689,2024-07-10,2024,607536,9,6.6352882
745156,2024-07-10,2024,608379,3,5.490372
745796,2024-07-10,2024,571578,5,3.7518368
746205,2024-07-10,2024,547179,3,4.1341133
745394,2024-07-10,2024,650633,9,6.0058374
745318,2024-07-10,2024,657277,4,5.1292753
746772,2024-07-10,2024,607200,5,4.7445726
745394,2024-07-10,2024,682243,1,5.308689
745069,2024-07-10,2024,621107,6,7.2063036
746453,2024-07-10,2024,676440,8,7.1300116
746453,2024-07-10,2024,681857,3,5.705586
745318,2024-07-10,2024,605135,6,5.413892
745556,2024-07-10,2024,694813,3,3.5976543
747015,2024-07-10,2024,684007,6,6.2713647
747015,2024-07-10,2024,669203,5,8.605003
746366,2024-07-10,2024,686539,5,2.5627038
746366,2024-07-10,2024,664285,10,7.6113243
746366,2024-07-10,2024,663773,1,2.6071913
746773,2024-07-10,2024,689672,1,5.5785923
745069,2024-07-10,2024,573186,2,3.670729
746688,2024-07-11,2024,596295,5,6.2348733
745313,2024-07-11,2024,592332,3,6.359361
745558,2024-07-11,2024,689017,5,4.3195887
746935,2024-07-11,2024,665622,7,5.5610785
745558,2024-07-11,2024,605400,9,6.3698835
745313,2024-07-11,2024,663855,1,4.5947146
746367,2024-07-11,2024,814005,4,4.6080894
746367,2024-07-11,2024,682610,2,5.0580473
745799,2024-07-11,2024,656849,5,6.6918097
746935,2024-07-11,2024,656557,6,8.715613
746688,2024-07-11,2024,668881,10,6.449983
745065,2024-07-11,2024,669358,5,3.6777823
745799,2024-07-11,2024,669022,4,5.987952
746204,2024-07-11,2024,686799,1,4.2241683
747178,2024-07-11,2024,608331,7,7.270403
747178,2024-07-11,2024,694297,4,6.508541
747011,2024-07-11,2024,608344,1,1.7374926
745967,2024-07-11,2024,694973,11,7.0968423
745065,2024-07-11,2024,641482,4,5.0949078
745967,2024-07-11,2024,650644,6,6.6439667
747011,2024-07-11,2024,544150,4,5.802003
746452,2024-07-11,2024,675921,4,3.35991
746452,2024-07-11,2024,658648,2,1.915233
747011,2024-07-11,2024,657006,4,3.5578253
746204,2024-07-11,2024,670046,4,4.7579103
746452,2024-07-11,2024,656427,4,4.402299
746204,2024-07-11,2024,622491,5,5.34332
746371,2024-07-12,2024,571760,5,5.5157332
745312,2024-07-12,2024,657746,6,7.2366643
746685,2024-07-12,2024,630023,1,4.3374095
747175,2024-07-12,2024,669194,5,6.6403456
745312,2024-07-12,2024,690986,3,4.126512
746450,2024-07-12,2024,669373,8,7.517361
745064,2024-07-12,2024,471911,3,4.138235
745064,2024-07-12,2024,671737,8,6.119204
745390,2024-07-12,2024,680885,3,5.3677683
746371,2024-07-12,2024,686613,5,5.0815268
746685,2024-07-12,2024,686730,9,4.364416
746774,2024-07-12,2024,686563,4,5.3650064
745390,2024-07-12,2024,663362,1,2.6337676
746774,2024-07-12,2024,594835,4,3.5204952
747175,2024-07-12,2024,684320,7,3.951231
745965,2024-07-12,2024,671131,6,5.3757086
746207,2024-07-12,2024,542881,4,3.9372413
746207,2024-07-12,2024,693433,1,4.0984664
745965,2024-07-12,2024,642547,6,5.5153637
746450,2024-07-12,2024,572020,1,4.4378586
745800,2024-07-12,2024,663567,4,2.9023592
745800,2024-07-12,2024,640455,9,6.3019643
746936,2024-07-12,2024,666142,7,6.6028476
746936,2024-07-12,2024,681867,1,5.51731
745153,2024-07-12,2024,543243,6,6.5817475
745800,2024-07-12,2024,685299,3,3.8812203
745552,2024-07-12,2024,663687,0,3.0204074
745552,2024-07-12,2024,674370,2,2.7013838
747012,2024-07-12,2024,543037,7,7.548141
745153,2024-07-12,2024,543294,3,3.9136918
747012,2024-07-12,2024,700249,6,4.1631904
745552,2024-07-12,2024,624133,6,4.2777705
746447,2024-07-13,2024,672456,4,4.839668
747013,2024-07-13,2024,680570,7,7.279633
745311,2024-07-13,2024,806185,3,3.798088
745311,2024-07-13,2024,680573,7,5.6335163
746930,2024-07-13,2024,676710,4,6.683412
746930,2024-07-13,2024,607625,6,4.209664
746766,2024-07-13,2024,682847,5,5.7417526
747177,2024-07-13,2024,670102,1,1.9877005
745067,2024-07-13,2024,641793,3,3.3264663
746687,2024-07-13,2024,665795,7,3.4241033
745549,2024-07-13,2024,663969,5,3.8841484
746766,2024-07-13,2024,623167,4,1.7709247
745549,2024-07-13,2024,687765,6,5.5898333
745392,2024-07-13,2024,625643,2,4.8209214
745392,2024-07-13,2024,656302,11,9.500102
747177,2024-07-13,2024,700270,2,4.5207486
747177,2024-07-13,2024,621244,0,4.9241595
746687,2024-07-13,2024,671096,4,4.6283574
745067,2024-07-13,2024,668909,2,4.6756945
746447,2024-07-13,2024,680736,4,5.082033
747013,2024-07-13,2024,661563,7,5.9937277
746369,2024-07-13,2024,681293,7,5.291973
746369,2024-07-13,2024,543135,7,5.084375
745963,2024-07-13,2024,680730,2,1.7778885
745963,2024-07-13,2024,572971,2,3.0891287
745798,2024-07-13,2024,681035,5,3.962155
745798,2024-07-13,2024,676130,5,3.392122
745798,2024-07-13,2024,663372,7,4.6189713
745152,2024-07-13,2024,458681,6,6.7240424
745175,2024-07-13,2024,502043,3,5.3928556
745175,2024-07-13,2024,665871,0,1.7971524
745152,2024-07-13,2024,669713,4,5.4340672
746202,2024-07-13,2024,669923,7,5.613175
746202,2024-07-13,2024,667755,5,3.6262364
746370,2024-07-14,2024,453286,6,4.7700567
745151,2024-07-14,2024,592791,3,4.373894
746686,2024-07-14,2024,669432,4,5.254405
745151,2024-07-14,2024,571945,2,3.4948118
745797,2024-07-14,2024,500779,8,4.5353613
745797,2024-07-14,2024,608566,3,3.5306442
746686,2024-07-14,2024,666157,4,5.632643
746370,2024-07-14,2024,669854,5,5.29406
745314,2024-07-14,2024,605483,8,4.105448
745066,2024-07-14,2024,594902,7,3.8361964
746449,2024-07-14,2024,642232,0,1.8674767
745385,2024-07-14,2024,681190,5,3.4503121
745314,2024-07-14,2024,663978,6,5.2962236
746201,2024-07-14,2024,608334,7,4.3471775
746201,2024-07-14,2024,669302,9,6.0954986
745551,2024-07-14,2024,683155,5,7.3044496
745551,2024-07-14,2024,675650,2,5.524527
747009,2024-07-14,2024,665152,4,3.8840911
747009,2024-07-14,2024,607074,7,8.0924225
746932,2024-07-14,2024,678394,3,4.655198
746932,2024-07-14,2024,663903,3,2.7171495
745962,2024-07-14,2024,607067,7,4.4501743
745962,2024-07-14,2024,663623,3,4.87237
745066,2024-07-14,2024,686752,4,5.2509985
745385,2024-07-14,2024,519242,4,5.486645
746449,2024-07-14,2024,628317,5,3.176227
746769,2024-07-14,2024,641771,4,3.7304137
746769,2024-07-14,2024,656605,3,3.6651692
747176,2024-07-14,2024,668678,1,3.3668313
747176,2024-07-14,2024,579328,6,4.2305326
745228,2024-07-19,2024,686613,5,6.38104
745640,2024-07-19,2024,676664,4,3.7563283
746618,2024-07-19,2024,663362,5,5.935061
746618,2024-07-19,2024,676440,3,6.7987223
746531,2024-07-19,2024,690986,6,4.274957
746531,2024-07-19,2024,615698,5,6.1674542
745228,2024-07-19,2024,622491,3,4.064837
744911,2024-07-19,2024,605135,6,5.5422773
746123,2024-07-19,2024,694813,3,3.5382917
745721,2024-07-19,2024,543037,8,6.2038836
744911,2024-07-19,2024,656427,8,7.2266254
746854,2024-07-19,2024,657006,6,5.371874
746854,2024-07-19,2024,669194,9,5.8088446
746040,2024-07-19,2024,640455,1,4.2776923
746123,2024-07-19,2024,601713,8,6.559736
745721,2024-07-19,2024,621107,5,5.2889066
745640,2024-07-19,2024,656288,3,2.7708411
746284,2024-07-19,2024,623167,4,4.512658
745481,2024-07-19,2024,693312,3,2.3674407
746040,2024-07-19,2024,665795,1,3.796553
744990,2024-07-19,2024,669203,6,8.647961
744990,2024-07-19,2024,543135,2,4.570953
746284,2024-07-19,2024,641771,2,2.1051188
745481,2024-07-19,2024,527048,4,3.6487548
744829,2024-07-19,2024,571578,6,5.650623
745481,2024-07-19,2024,605400,4,4.991385
746284,2024-07-19,2024,608379,7,4.690308
744829,2024-07-19,2024,593423,3,4.9019704
746527,2024-07-20,2024,657277,4,4.9073997
746527,2024-07-20,2024,607536,4,5.19224
746286,2024-07-20,2024,663903,7,5.48728
744910,2024-07-20,2024,579328,8,7.048233
744910,2024-07-20,2024,628317,1,3.2267563
744994,2024-07-20,2024,453286,1,2.8388913
744994,2024-07-20,2024,570632,4,3.2136934
744994,2024-07-20,2024,642016,2,2.6094005
744994,2024-07-20,2024,680570,8,8.164636
747093,2024-07-20,2024,450203,4,6.24658
745229,2024-07-20,2024,669923,6,5.842176
745478,2024-07-20,2024,650911,2,5.142956
746286,2024-07-20,2024,686563,4,4.089267
746852,2024-07-20,2024,668678,4,4.914879
746852,2024-07-20,2024,543294,2,4.2504716
746041,2024-07-20,2024,682610,5,3.2462838
746041,2024-07-20,2024,622663,7,4.009046
744830,2024-07-20,2024,669022,2,4.0808253
746613,2024-07-20,2024,675921,2,3.1076164
746613,2024-07-20,2024,668909,5,4.9074774
746613,2024-07-20,2024,656302,10,9.966227
745720,2024-07-20,2024,641482,1,5.4894853
745720,2024-07-20,2024,656671,2,1.7851862
745720,2024-07-20,2024,671737,5,6.353794
745229,2024-07-20,2024,664285,6,7.378538
744830,2024-07-20,2024,666157,8,7.6966825
745478,2024-07-20,2024,682847,2,6.1114817
745880,2024-07-20,2024,642547,8,6.2984085
747093,2024-07-20,2024,502043,6,5.577704
745880,2024-07-20,2024,641154,7,8.971357
747096,2024-07-20,2024,656550,2,3.375511
747096,2024-07-20,2024,693821,9,4.6900268
745638,2024-07-20,2024,670046,3,4.154964
747096,2024-07-20,2024,543243,10,3.9726949
746121,2024-07-20,2024,680736,5,4.7235765
745638,2024-07-20,2024,686799,4,3.465962
745638,2024-07-20,2024,687765,3,3.892521
746121,2024-07-20,2024,678394,7,4.688599
745230,2024-07-21,2024,669854,5,5.837334
745722,2024-07-21,2024,573186,5,4.9009132
745882,2024-07-21,2024,650644,4,4.3497877
745882,2024-07-21,2024,657746,6,5.7617087
745722,2024-07-21,2024,669358,1,4.511244
746287,2024-07-21,2024,689672,5,5.491363
746528,2024-07-21,2024,663372,6,4.2636914
746042,2024-07-21,2024,681035,4,4.5625644
746610,2024-07-21,2024,594902,2,5.2950764
746287,2024-07-21,2024,607625,6,7.301887
744991,2024-07-21,2024,571760,4,5.622715
745230,2024-07-21,2024,693433,5,4.788561
746042,2024-07-21,2024,669432,5,6.375882
745470,2024-07-21,2024,594835,4,3.4993398
745470,2024-07-21,2024,663969,3,5.180996
745470,2024-07-21,2024,676596,0,1.6752373
745633,2024-07-21,2024,683155,4,6.126847
745633,2024-07-21,2024,608334,3,3.8593237
746610,2024-07-21,2024,650633,6,4.4084105
744991,2024-07-21,2024,665152,2,4.558981
744831,2024-07-21,2024,663623,7,5.8567853
744831,2024-07-21,2024,671096,1,7.289061
746528,2024-07-21,2024,806185,12,6.592527
747094,2024-07-21,2024,571945,3,4.159242
746125,2024-07-21,2024,676710,2,5.172128
746853,2024-07-21,2024,694297,7,5.4412313
744909,2024-07-21,2024,592332,5,5.610529
746125,2024-07-21,2024,572020,7,6.259139
746853,2024-07-21,2024,684007,10,4.7324095
747094,2024-07-21,2024,680885,8,7.350623
744909,2024-07-21,2024,672456,3,4.819796
746280,2024-07-22,2024,700270,0,4.177389
746280,2024-07-22,2024,666142,5,6.893337
747095,2024-07-22,2024,625643,5,4.1337256
746612,2024-07-22,2024,669373,6,5.8180513
746280,2024-07-22,2024,528748,3,1.4428641
747095,2024-07-22,2024,668881,7,8.818601
746612,2024-07-22,2024,471911,6,5.274934
745881,2024-07-22,2024,624133,4,3.5955603
745881,2024-07-22,2024,641927,4,4.1980166
746850,2024-07-22,2024,668964,6,4.665786
745717,2024-07-22,2024,607074,10,6.3791065
744988,2024-07-22,2024,607200,5,5.3281717
745635,2024-07-22,2024,663687,7,4.1970406
745635,2024-07-22,2024,681293,3,6.464108
746850,2024-07-22,2024,665871,2,3.2295308
746034,2024-07-22,2024,656849,4,4.72829
746526,2024-07-22,2024,596295,5,7.4125004
746526,2024-07-22,2024,656557,2,4.739687
745473,2024-07-22,2024,669467,3,4.11268
745232,2024-07-22,2024,542881,8,5.0729475
745232,2024-07-22,2024,682243,5,6.322843
746124,2024-07-22,2024,689981,2,3.069793
746034,2024-07-22,2024,630023,4,4.154753
745717,2024-07-22,2024,641793,6,5.8966966
744988,2024-07-22,2024,547179,8,5.574528
746124,2024-07-22,2024,605483,4,4.884867
745473,2024-07-22,2024,656605,3,5.3795466
745632,2024-07-23,2024,674370,6,3.1446548
745475,2024-07-23,2024,694973,8,8.551734
745632,2024-07-23,2024,814005,5,3.769845
745475,2024-07-23,2024,458681,2,4.157395
745878,2024-07-23,2024,554430,7,7.8550844
744985,2024-07-23,2024,592351,5,4.985188
744904,2024-07-23,2024,621244,5,5.91132
744828,2024-07-23,2024,681190,1,4.1235056
744828,2024-07-23,2024,687792,4,4.476427
744985,2024-07-23,2024,676979,7,5.8260555
746281,2024-07-23,2024,679525,6,4.762196
746281,2024-07-23,2024,656756,2,3.8659058
746848,2024-07-23,2024,607067,8,4.5060325
744904,2024-07-23,2024,641302,4,2.0883853
746848,2024-07-23,2024,592791,3,4.3705974
746036,2024-07-23,2024,544150,3,2.7749097
746118,2024-07-23,2024,663855,7,5.792872
746524,2024-07-23,2024,683627,2,3.4591835
745227,2024-07-23,2024,667755,5,3.8123593
746036,2024-07-23,2024,667725,5,5.6209564
746524,2024-07-23,2024,681867,4,4.4767966
746524,2024-07-23,2024,663562,3,2.2087018
746614,2024-07-23,2024,675540,1,2.7610672
746524,2024-07-23,2024,621389,1,2.3081796
745227,2024-07-23,2024,669302,8,6.491144
745878,2024-07-23,2024,680573,5,4.7821093
745715,2024-07-23,2024,500779,6,5.2780266
745715,2024-07-23,2024,661563,6,4.6837964
746614,2024-07-23,2024,666214,3,1.6330358
746118,2024-07-23,2024,689017,6,5.325222
747091,2024-07-24,2024,593423,6,5.7312765
746525,2024-07-24,2024,615698,3,4.937282
746525,2024-07-24,2024,601713,6,5.6388845
745716,2024-07-24,2024,640455,4,5.6896725
746525,2024-07-24,2024,502624,2,1.9331014
745716,2024-07-24,2024,543037,4,7.822104
747091,2024-07-24,2024,656550,5,3.6418712
744905,2024-07-24,2024,621107,4,4.770325
744824,2024-07-24,2024,680730,5,4.2907577
745472,2024-07-24,2024,527048,2,4.462286
745472,2024-07-24,2024,669461,3,4.027282
745472,2024-07-24,2024,688297,2,1.9095314
746035,2024-07-24,2024,665795,6,5.0830526
744905,2024-07-24,2024,684320,6,3.7272103
745634,2024-07-24,2024,666205,3,2.1105375
747091,2024-07-24,2024,642216,3,2.5111
745231,2024-07-24,2024,622491,7,7.886466
745231,2024-07-24,2024,656288,6,5.7785826
746119,2024-07-24,2024,607192,4,6.700738
746611,2024-07-24,2024,676440,4,3.3833952
746611,2024-07-24,2024,656427,6,5.0869803
746035,2024-07-24,2024,694646,3,5.3689275
745634,2024-07-24,2024,686613,8,4.000087
746851,2024-07-24,2024,596001,1,2.4822946
746851,2024-07-24,2024,657006,4,4.133986
746851,2024-07-24,2024,669060,3,2.0605412
744824,2024-07-24,2024,663362,4,3.862848
745877,2024-07-24,2024,701581,7,3.71018
744989,2024-07-24,2024,623167,3,4.6216817
744989,2024-07-24,2024,543135,10,6.9108543
745877,2024-07-24,2024,605400,6,6.636625
745634,2024-07-24,2024,676664,3,4.1530943
746279,2024-07-24,2024,669194,2,5.8025875
746279,2024-07-24,2024,608379,1,4.85308
746119,2024-07-24,2024,592662,8,5.2367325
746199,2024-07-25,2024,548389,3,2.3127887
746609,2024-07-25,2024,668909,9,7.446148
745794,2024-07-25,2024,622663,6,4.6965446
745794,2024-07-25,2024,676130,4,1.8669364
745794,2024-07-25,2024,519242,9,7.358843
746199,2024-07-25,2024,670046,1,3.8468275
746037,2024-07-25,2024,669203,5,9.669978
746037,2024-07-25,2024,682610,3,5.5294957
746117,2024-07-25,2024,657277,4,5.392474
744827,2024-07-25,2024,656302,9,9.506423
744827,2024-07-25,2024,571578,7,7.0694633
744907,2024-07-25,2024,671737,7,5.322335
744984,2024-07-25,2024,686563,1,5.137115
744984,2024-07-25,2024,453286,9,4.8761144
746117,2024-07-25,2024,477132,6,3.1986742
744907,2024-07-25,2024,605135,6,5.5449524
746933,2024-07-26,2024,641482,5,2.8269322
746767,2024-07-26,2024,669923,7,3.9358773
746767,2024-07-26,2024,671111,3,1.9056762
746767,2024-07-26,2024,694363,3,2.7524068
745964,2024-07-26,2024,669432,1,4.555267
747010,2024-07-26,2024,680570,2,5.5541677
745792,2024-07-26,2024,673540,9,5.4859347
745792,2024-07-26,2024,450203,2,3.2264416
744906,2024-07-26,2024,579328,5,6.409988
745068,2024-07-26,2024,669358,7,4.607778
745068,2024-07-26,2024,666157,5,6.319648
747174,2024-07-26,2024,682847,4,5.440377
745146,2024-07-26,2024,669022,3,5.244979
745146,2024-07-26,2024,543243,7,5.9632773
744906,2024-07-26,2024,571760,4,4.6158223
746448,2024-07-26,2024,666214,3,3.1764505
746448,2024-07-26,2024,672456,5,5.215298
745964,2024-07-26,2024,642547,4,5.0137973
746200,2024-07-26,2024,608334,3,3.7927995
745315,2024-07-26,2024,607536,8,4.8293023
745315,2024-07-26,2024,690986,11,5.6580615
746448,2024-07-26,2024,641154,7,5.731934
745554,2024-07-26,2024,650911,2,5.009153
745554,2024-07-26,2024,594902,6,4.788903
746277,2024-07-26,2024,663903,5,5.523602
746277,2024-07-26,2024,543294,4,4.0368233
746933,2024-07-26,2024,678394,4,3.5869641
746361,2024-07-26,2024,664285,10,9.385107
746200,2024-07-26,2024,621112,2,2.739285
746361,2024-07-26,2024,694813,3,4.7844963
747174,2024-07-26,2024,668678,6,7.4752517
746203,2024-07-27,2024,542881,10,5.7036815
745966,2024-07-27,2024,676974,3,5.3676305
745966,2024-07-27,2024,663773,3,3.1022592
745793,2024-07-27,2024,656731,4,5.5155926
746768,2024-07-27,2024,607200,4,4.206623
745793,2024-07-27,2024,680885,11,5.447849
745150,2024-07-27,2024,606149,4,2.0785053
745150,2024-07-27,2024,663623,5,5.214602
745966,2024-07-27,2024,650644,3,6.3255734
745150,2024-07-27,2024,502043,0,5.297623
744908,2024-07-27,2024,547179,1,1.6230805
744908,2024-07-27,2024,592332,8,8.49327
744908,2024-07-27,2024,570632,2,3.4951773
747171,2024-07-27,2024,594835,1,2.0390007
747171,2024-07-27,2024,682990,2,3.311031
747171,2024-07-27,2024,694297,4,5.1581726
746768,2024-07-27,2024,693433,3,4.8294845
745059,2024-07-27,2024,671096,2,4.527897
745059,2024-07-27,2024,641793,5,4.962591
746931,2024-07-27,2024,676710,5,4.7062364
744908,2024-07-27,2024,641540,2,2.699706
746203,2024-07-27,2024,687765,3,6.725165
746768,2024-07-27,2024,663436,3,4.592065
745307,2024-07-27,2024,663372,6,5.011232
746931,2024-07-27,2024,573186,0,2.9044657
745307,2024-07-27,2024,605483,15,7.5341797
747006,2024-07-27,2024,608344,0,2.730146
747006,2024-07-27,2024,650633,9,5.8734345
747006,2024-07-27,2024,665152,7,6.9981155
746446,2024-07-27,2024,669373,8,5.7565994
746362,2024-07-27,2024,669854,9,5.814092
746362,2024-07-27,2024,680736,2,6.056933
745310,2024-07-27,2024,685299,5,3.7624493
745310,2024-07-27,2024,806185,8,8.859449
746446,2024-07-27,2024,657746,8,5.072638
746278,2024-07-27,2024,607625,2,4.8401227
746278,2024-07-27,2024,684007,3,6.020588
745553,2024-07-27,2024,663969,4,6.6520905
745553,2024-07-27,2024,471911,5,5.459673
746929,2024-07-28,2024,669711,2,1.5469806
747173,2024-07-28,2024,656605,6,6.3674846
745305,2024-07-28,2024,596295,6,4.484776
745305,2024-07-28,2024,663562,3,2.8581805
745305,2024-07-28,2024,678495,3,1.8319917
747173,2024-07-28,2024,700270,7,3.8129568
745063,2024-07-28,2024,668881,5,7.768455
745961,2024-07-28,2024,668964,5,4.3538775
744902,2024-07-28,2024,547179,1,2.4289482
744902,2024-07-28,2024,621244,5,6.118183
745550,2024-07-28,2024,663465,1,2.4160073
745145,2024-07-28,2024,687792,8,4.6924014
745145,2024-07-28,2024,571945,3,4.1544704
747008,2024-07-28,2024,544150,2,4.671847
747008,2024-07-28,2024,660853,4,1.6614064
747008,2024-07-28,2024,681190,2,3.2751338
746445,2024-07-28,2024,628317,4,7.2815704
746445,2024-07-28,2024,641927,11,6.5241055
746929,2024-07-28,2024,656557,2,7.3879275
746274,2024-07-28,2024,665871,5,2.9130106
746195,2024-07-28,2024,674370,6,3.522575
746274,2024-07-28,2024,666142,7,6.0522137
746195,2024-07-28,2024,667755,2,4.368832
745550,2024-07-28,2024,676282,3,2.9679964
745795,2024-07-28,2024,625643,2,3.138966
745961,2024-07-28,2024,667725,5,3.758658
745795,2024-07-28,2024,656849,7,4.366068
745961,2024-07-28,2024,642629,3,3.73657
746364,2024-07-28,2024,689981,8,5.144943
746364,2024-07-28,2024,681293,8,5.913413
746770,2024-07-28,2024,641771,4,3.8009822
746929,2024-07-28,2024,607074,7,9.082146
746770,2024-07-28,2024,676979,3,4.582677
746770,2024-07-28,2024,682243,6,5.9126716
747039,2024-07-29,2024,608344,5,2.498144
747007,2024-07-29,2024,621107,7,5.5984898
747007,2024-07-29,2024,684320,1,1.4521875
747007,2024-07-29,2024,685126,0,2.3830948
745959,2024-07-29,2024,607067,6,4.832335
745959,2024-07-29,2024,656550,8,3.3582406
746444,2024-07-29,2024,676440,2,5.6353674
746360,2024-07-29,2024,694973,6,7.905809
745147,2024-07-29,2024,543135,2,5.4005914
746765,2024-07-29,2024,623167,2,4.8147964
746765,2024-07-29,2024,679525,3,3.7044473
747172,2024-07-29,2024,680730,3,2.9168139
747172,2024-07-29,2024,656756,1,3.4864092
747172,2024-07-29,2024,612434,0,1.6239926
745547,2024-07-29,2024,661563,8,5.6101513
746444,2024-07-29,2024,676614,5,5.471599
745147,2024-07-29,2024,669467,5,5.771816
745547,2024-07-29,2024,554430,6,7.4654055
746928,2024-07-29,2024,663423,1,3.3966236
747039,2024-07-29,2024,670102,2,4.778997
747039,2024-07-29,2024,700249,1,4.176696
746684,2024-07-29,2024,686730,4,3.1760666
746684,2024-07-29,2024,592791,4,4.7222757
746928,2024-07-29,2024,601713,10,6.9009867
746928,2024-07-29,2024,669302,4,5.0203457
745791,2024-07-29,2024,680573,2,4.740192
745791,2024-07-29,2024,500779,5,5.780995
745791,2024-07-29,2024,676130,2,1.5652784
745149,2024-07-30,2024,674003,2,2.7864473
745787,2024-07-30,2024,640455,11,6.0488796
745787,2024-07-30,2024,701581,6,4.0677133
746365,2024-07-30,2024,686613,8,4.9107013
746365,2024-07-30,2024,663559,3,3.8247054
746683,2024-07-30,2024,657006,7,5.6933
746926,2024-07-30,2024,622491,4,8.058712
745149,2024-07-30,2024,458681,3,3.921094
745309,2024-07-30,2024,592662,4,6.8491883
745309,2024-07-30,2024,676664,9,5.2162433
746763,2024-07-30,2024,608379,5,4.8428907
746763,2024-07-30,2024,686563,2,4.831118
746197,2024-07-30,2024,656288,6,5.797883
746683,2024-07-30,2024,607259,3,2.8316767
745958,2024-07-30,2024,693821,7,4.383311
745958,2024-07-30,2024,669060,3,2.1110094
747005,2024-07-30,2024,669203,7,6.8792834
746926,2024-07-30,2024,572020,5,3.6320882
747167,2024-07-30,2024,674285,0,1.0878937
747167,2024-07-30,2024,669194,9,6.2178445
745149,2024-07-30,2024,453286,5,3.6492398
746441,2024-07-30,2024,668909,8,7.2394314
746197,2024-07-30,2024,615698,4,4.1590962
747005,2024-07-30,2024,605135,3,4.489925
745546,2024-07-30,2024,701542,6,4.844242
747167,2024-07-30,2024,571578,3,3.1206045
745060,2024-07-30,2024,685116,2,2.807276
745060,2024-07-30,2024,665795,7,4.9113297
745389,2024-07-30,2024,663362,6,5.1029673
745389,2024-07-30,2024,607192,8,6.6152062
745958,2024-07-30,2024,605452,4,5.974982
745060,2024-07-30,2024,605488,3,4.752024
745546,2024-07-30,2024,605400,4,5.9796963
745960,2024-07-31,2024,642547,7,5.6449604
745960,2024-07-31,2024,519242,6,8.793425
746363,2024-07-31,2024,664285,10,5.690945
747003,2024-07-31,2024,502179,1,3.1736555
747170,2024-07-31,2024,668678,6,6.9940853
746198,2024-07-31,2024,669721,5,3.9354267
746198,2024-07-31,2024,607536,6,4.992519
745543,2024-07-31,2024,650911,7,5.1502757
746678,2024-07-31,2024,543294,4,1.9835311
745386,2024-07-31,2024,656302,6,7.961152
745148,2024-07-31,2024,700241,3,6.625338
746925,2024-07-31,2024,669923,2,5.85868
745061,2024-07-31,2024,682610,7,4.6113105
745061,2024-07-31,2024,671737,6,4.8834505
745061,2024-07-31,2024,670955,5,2.8311515
745543,2024-07-31,2024,641482,6,5.771459
745386,2024-07-31,2024,641703,2,2.7049384
745789,2024-07-31,2024,622663,2,2.993211
745789,2024-07-31,2024,641154,7,6.9366946
746925,2024-07-31,2024,678394,7,5.4822016
745306,2024-07-31,2024,657277,6,5.3700557
745386,2024-07-31,2024,477132,0,4.948727
746363,2024-07-31,2024,663765,3,3.2804325
746764,2024-07-31,2024,663903,4,3.8752043
746764,2024-07-31,2024,689672,0,4.521644
746678,2024-07-31,2024,666157,6,7.5740743
747003,2024-07-31,2024,680570,8,6.096298
745306,2024-07-31,2024,548389,0,2.362294
745148,2024-07-31,2024,571760,2,5.1556807
747170,2024-07-31,2024,669022,1,7.2275214
747092,2024-08-01,2024,676974,7,5.3429613
746196,2024-08-01,2024,608334,8,2.8994422
746607,2024-08-01,2024,544150,1,2.687937
746607,2024-08-01,2024,594902,4,3.5304677
746607,2024-08-01,2024,669432,3,6.205421
746196,2024-08-01,2024,663372,3,4.2582006
747092,2024-08-01,2024,450203,6,5.8961225
746442,2024-08-01,2024,672456,3,5.117728
746442,2024-08-01,2024,607625,3,5.5036225
746849,2024-08-01,2024,543243,9,6.012343
746849,2024-08-01,2024,684007,7,5.4840174
745631,2024-08-02,2024,683155,6,3.8909965
745224,2024-08-02,2024,693433,6,5.22322
746845,2024-08-02,2024,607200,4,5.155283
746443,2024-08-02,2024,666142,6,7.1401105
744986,2024-08-02,2024,676710,5,6.0865917
744986,2024-08-02,2024,656641,0,2.742776
746845,2024-08-02,2024,665871,3,5.2246814
746443,2024-08-02,2024,669373,8,6.2210875
745875,2024-08-02,2024,657746,7,7.3220987
745875,2024-08-02,2024,663436,5,3.641353
745387,2024-08-02,2024,681190,4,4.928938
744825,2024-08-02,2024,663623,4,7.9648304
745387,2024-08-02,2024,596295,6,4.7855644
746605,2024-08-02,2024,665152,2,5.3997216
746605,2024-08-02,2024,471911,5,4.3266244
744825,2024-08-02,2024,593423,5,5.5351086
744986,2024-08-02,2024,570632,2,3.0094802
746193,2024-08-02,2024,542881,3,5.464227
745719,2024-08-02,2024,592332,2,4.9137745
745224,2024-08-02,2024,663969,1,3.5483158
746193,2024-08-02,2024,621112,6,4.0142016
746354,2024-08-02,2024,579328,11,6.9907684
746354,2024-08-02,2024,669358,5,4.359584
745631,2024-08-02,2024,694813,5,4.373305
745471,2024-08-02,2024,694297,3,6.60908
745471,2024-08-02,2024,682847,2,4.6754155
747089,2024-08-02,2024,680885,10,6.593115
747089,2024-08-02,2024,678368,5,3.138707
746679,2024-08-02,2024,605483,11,10.436837
745719,2024-08-02,2024,573186,3,2.907488
746679,2024-08-02,2024,671096,8,5.0794783
744823,2024-08-03,2024,687792,6,4.65688
746846,2024-08-03,2024,502043,7,4.9520526
746358,2024-08-03,2024,669854,7,4.527361
746846,2024-08-03,2024,592791,4,4.1737456
745388,2024-08-03,2024,685299,4,4.463341
746608,2024-08-03,2024,621107,3,4.7246075
746608,2024-08-03,2024,675540,2,2.2189612
745388,2024-08-03,2024,527048,7,5.022392
746194,2024-08-03,2024,667755,6,4.7186375
745714,2024-08-03,2024,607074,8,7.310745
745714,2024-08-03,2024,621244,6,5.2247095
746194,2024-08-03,2024,656849,4,3.6323133
745636,2024-08-03,2024,687765,6,6.1638517
746608,2024-08-03,2024,676282,4,4.0154114
745636,2024-08-03,2024,656427,7,6.4056854
745225,2024-08-03,2024,663465,4,3.2558064
744987,2024-08-03,2024,674003,5,3.157146
747087,2024-08-03,2024,445926,3,1.7650654
747087,2024-08-03,2024,656550,4,4.4178805
747087,2024-08-03,2024,667725,2,2.9233499
746440,2024-08-03,2024,547179,5,4.90542
746440,2024-08-03,2024,628317,4,4.8967905
744987,2024-08-03,2024,656557,7,8.341874
744823,2024-08-03,2024,650644,3,4.964576
746681,2024-08-03,2024,668881,11,7.4506636
745225,2024-08-03,2024,682243,4,5.61278
746681,2024-08-03,2024,690986,4,1.6979449
745474,2024-08-03,2024,656605,4,3.8079302
745474,2024-08-03,2024,656756,3,2.9176743
745876,2024-08-03,2024,657053,3,4.236392
745876,2024-08-03,2024,676979,2,6.3547235
746358,2024-08-03,2024,641793,3,4.1300564
745474,2024-08-03,2024,677944,3,3.6668336
745876,2024-08-03,2024,641927,7,4.7481933
745384,2024-08-04,2024,663362,7,4.4373274
747088,2024-08-04,2024,665795,8,7.5101357
746680,2024-08-04,2024,592662,9,5.240378
745468,2024-08-04,2024,669194,7,5.5482435
745468,2024-08-04,2024,694973,4,7.168779
747088,2024-08-04,2024,608331,6,4.0687814
746439,2024-08-04,2024,608379,2,5.2036014
746356,2024-08-04,2024,681293,12,6.833852
745627,2024-08-04,2024,674370,6,5.9969797
744979,2024-08-04,2024,543135,7,7.480276
746844,2024-08-04,2024,571945,3,5.1194057
744979,2024-08-04,2024,601713,5,3.5530965
746191,2024-08-04,2024,656288,8,4.017367
746844,2024-08-04,2024,657006,6,4.122688
745384,2024-08-04,2024,615698,2,4.71322
746356,2024-08-04,2024,641302,5,2.806503
746191,2024-08-04,2024,500779,4,4.479492
746680,2024-08-04,2024,686730,5,4.1695137
745718,2024-08-04,2024,543037,4,7.155677
746606,2024-08-04,2024,687362,3,3.173082
745718,2024-08-04,2024,684320,4,4.2213182
746606,2024-08-04,2024,668909,8,5.675183
745222,2024-08-04,2024,669302,7,7.321262
745222,2024-08-04,2024,554430,9,6.826803
745879,2024-08-04,2024,680573,6,3.9759226
746606,2024-08-04,2024,669203,4,5.601559
744826,2024-08-04,2024,668964,2,2.6435077
745879,2024-08-04,2024,671111,4,1.3022423
747088,2024-08-04,2024,592426,5,2.1503253
745627,2024-08-04,2024,689981,4,4.541302
745879,2024-08-04,2024,623167,3,3.5153656
744826,2024-08-04,2024,680730,3,3.9869177
745628,2024-08-05,2024,681066,3,4.342238
746600,2024-08-05,2024,671106,2,3.7661622
746600,2024-08-05,2024,668678,4,5.5964985
744821,2024-08-05,2024,657277,4,6.249422
746116,2024-08-05,2024,607192,9,6.1701636
744982,2024-08-05,2024,571760,4,3.1060216
746276,2024-08-05,2024,572020,4,4.8636994
745628,2024-08-05,2024,676664,5,3.9910028
746116,2024-08-05,2024,605400,4,6.3736315
744821,2024-08-05,2024,571578,6,4.6094584
744982,2024-08-05,2024,686613,4,4.778576
746276,2024-08-05,2024,663903,6,5.8963614
746038,2024-08-05,2024,607259,5,2.9573314
745184,2024-08-05,2024,640455,10,6.9194317
746038,2024-08-05,2024,682610,2,4.2727966
746847,2024-08-05,2024,701581,9,3.869851
746847,2024-08-05,2024,543294,5,4.0890293
746038,2024-08-05,2024,641312,2,2.9965878
746038,2024-08-05,2024,596001,1,2.0514252
745184,2024-08-05,2024,669467,2,5.24917
745221,2024-08-06,2024,622491,9,5.0513287
744817,2024-08-06,2024,806185,1,4.716546
747086,2024-08-06,2024,445926,1,2.1026914
744817,2024-08-06,2024,678495,3,3.7172596
745629,2024-08-06,2024,686563,5,4.9301004
746273,2024-08-06,2024,678394,6,5.235239
746840,2024-08-06,2024,684007,10,6.2856493
746840,2024-08-06,2024,677976,1,1.5350329
745141,2024-08-06,2024,543243,6,6.8574963
747086,2024-08-06,2024,607067,9,5.539163
746033,2024-08-06,2024,666157,7,6.8284564
744817,2024-08-06,2024,663546,3,2.5616643
744983,2024-08-06,2024,664285,5,9.47065
747086,2024-08-06,2024,693821,6,3.7065732
746033,2024-08-06,2024,670766,3,2.669261
746033,2024-08-06,2024,676974,2,3.0022724
744983,2024-08-06,2024,641816,2,4.66978
744983,2024-08-06,2024,641540,2,2.1270318
746840,2024-08-06,2024,641154,2,5.266517
744817,2024-08-06,2024,669022,6,6.155568
745221,2024-08-06,2024,672456,8,4.5203724
746120,2024-08-06,2024,650911,2,6.014962
746120,2024-08-06,2024,641703,1,3.1487942
745467,2024-08-06,2024,663765,1,1.9560543
746120,2024-08-06,2024,477132,5,5.352404
745141,2024-08-06,2024,605488,3,4.2666793
745467,2024-08-06,2024,663773,3,3.9443505
746519,2024-08-06,2024,622663,5,6.1661944
745467,2024-08-06,2024,693312,1,1.8292762
746519,2024-08-06,2024,607536,7,4.473182
746273,2024-08-06,2024,607625,4,6.4901094
744901,2024-08-06,2024,544150,6,3.9977021
744901,2024-08-06,2024,605135,9,5.8869214
745629,2024-08-06,2024,548389,2,4.314684
744822,2024-08-07,2024,663623,4,5.0039525
746272,2024-08-07,2024,676710,3,6.027298
747085,2024-08-07,2024,519242,10,6.9795246
745630,2024-08-07,2024,683155,4,7.966729
746842,2024-08-07,2024,680739,3,1.6558331
746842,2024-08-07,2024,670950,0,2.354864
745630,2024-08-07,2024,663436,4,5.001601
746115,2024-08-07,2024,663969,3,4.965572
746115,2024-08-07,2024,694813,2,4.316236
746842,2024-08-07,2024,665871,1,4.0880327
744981,2024-08-07,2024,570632,0,1.8637693
746272,2024-08-07,2024,666142,7,6.7097306
746031,2024-08-07,2024,678368,4,4.9401917
746031,2024-08-07,2024,671096,7,7.3022428
744981,2024-08-07,2024,579328,8,6.9880934
744822,2024-08-07,2024,605483,8,5.995969
747085,2024-08-07,2024,642547,6,6.280727
746521,2024-08-07,2024,621112,6,4.779391
746521,2024-08-07,2024,663562,3,2.7160962
745142,2024-08-07,2024,671737,3,5.3014507
745142,2024-08-07,2024,607200,6,5.2502613
745469,2024-08-07,2024,650633,7,4.5075054
745469,2024-08-07,2024,594835,3,3.9295719
745709,2024-08-07,2024,661563,6,7.4523435
745709,2024-08-07,2024,669721,4,4.405998
744903,2024-08-07,2024,670102,7,5.854766
745223,2024-08-07,2024,669923,7,5.9104486
745223,2024-08-07,2024,669373,9,7.4741616
746604,2024-08-07,2024,694297,6,5.6920595
746602,2024-08-07,2024,471911,5,3.2476473
746602,2024-08-07,2024,593958,1,2.1572642
746604,2024-08-07,2024,594902,2,3.983345
744903,2024-08-07,2024,669432,2,4.822921
745713,2024-08-07,2024,608334,1,5.8851347
745713,2024-08-07,2024,701542,6,5.747669
745466,2024-08-08,2024,682847,3,4.572278
746522,2024-08-08,2024,663567,3,2.263645
746522,2024-08-08,2024,683627,2,3.2857053
745466,2024-08-08,2024,681190,3,4.5857196
746522,2024-08-08,2024,596295,1,2.287277
745710,2024-08-08,2024,641482,2,5.230131
745143,2024-08-08,2024,502043,6,4.727486
746522,2024-08-08,2024,656849,5,4.524243
745226,2024-08-08,2024,676614,4,2.458211
745226,2024-08-08,2024,693433,7,5.436102
744819,2024-08-08,2024,687792,4,3.3707786
744819,2024-08-08,2024,690986,3,1.5486526
745710,2024-08-08,2024,542881,7,4.0120993
745143,2024-08-08,2024,669358,2,5.9095488
747169,2024-08-08,2024,656756,4,5.6051917
747081,2024-08-08,2024,450203,3,5.005711
747169,2024-08-08,2024,663465,3,3.0848258
746030,2024-08-08,2024,668881,5,9.699077
744899,2024-08-08,2024,665152,6,5.3340783
746030,2024-08-08,2024,667725,3,3.8876128
747081,2024-08-08,2024,669060,3,1.8564413
747081,2024-08-08,2024,593423,7,5.312819
747081,2024-08-08,2024,592426,1,1.7469693
744899,2024-08-08,2024,592332,2,5.690884
747169,2024-08-08,2024,677944,2,2.7606888
747081,2024-08-08,2024,670161,3,2.6701806
745308,2024-08-09,2024,592662,7,6.5581994
746032,2024-08-09,2024,527048,6,5.3170633
746032,2024-08-09,2024,665795,4,6.564868
747168,2024-08-09,2024,669194,9,6.290996
746760,2024-08-09,2024,676979,5,3.2509525
746927,2024-08-09,2024,656557,1,5.7851634
745308,2024-08-09,2024,628317,2,4.2070665
745957,2024-08-09,2024,650644,5,6.205726
746760,2024-08-09,2024,657053,6,3.6927276
745871,2024-08-09,2024,502171,1,4.826437
745871,2024-08-09,2024,686973,4,5.241517
746927,2024-08-09,2024,669854,5,4.950105
747168,2024-08-09,2024,554430,8,6.8115883
746760,2024-08-09,2024,592791,4,4.6955
744900,2024-08-09,2024,621244,8,6.2501907
746113,2024-08-09,2024,656605,5,5.9550915
744900,2024-08-09,2024,687765,2,3.9492831
745062,2024-08-09,2024,621107,7,5.2314634
744818,2024-08-09,2024,680730,5,5.775719
744818,2024-08-09,2024,667755,7,3.4986427
746275,2024-08-09,2024,547179,3,5.296035
745220,2024-08-09,2024,682243,6,6.577475
745220,2024-08-09,2024,500779,8,6.1499324
745957,2024-08-09,2024,686730,7,5.3967185
745062,2024-08-09,2024,641793,5,4.4501734
745927,2024-08-09,2024,641927,9,8.243124
746275,2024-08-09,2024,571945,3,4.664386
745927,2024-08-09,2024,676282,2,4.4028444
746113,2024-08-09,2024,656427,10,8.637221
746523,2024-08-09,2024,656550,8,6.9823675
746113,2024-08-09,2024,593334,3,5.9206104
745308,2024-08-09,2024,689225,5,3.474712
746523,2024-08-09,2024,685299,7,4.284319
745219,2024-08-10,2024,669302,6,6.8348804
747164,2024-08-10,2024,668678,3,5.899826
746112,2024-08-10,2024,621294,4,1.6629335
744820,2024-08-10,2024,571578,2,5.2981477
746112,2024-08-10,2024,689981,4,3.6699755
746112,2024-08-10,2024,694973,8,7.1006837
745219,2024-08-10,2024,640455,3,4.92175
746520,2024-08-10,2024,608331,9,4.7161713
744820,2024-08-10,2024,656288,0,4.8882647
746520,2024-08-10,2024,641712,1,3.0768752
747164,2024-08-10,2024,605400,4,4.0365896
745955,2024-08-10,2024,607259,7,4.67231
746761,2024-08-10,2024,657006,8,7.026092
746922,2024-08-10,2024,681293,13,5.084696
746922,2024-08-10,2024,641745,6,3.7188225
745304,2024-08-10,2024,676428,5,4.7635765
745304,2024-08-10,2024,657277,8,6.74513
744897,2024-08-10,2024,674370,5,5.2360096
746026,2024-08-10,2024,682610,3,4.7338624
746026,2024-08-10,2024,663362,5,3.9338017
745873,2024-08-10,2024,668909,3,4.576136
746520,2024-08-10,2024,663562,1,2.771057
745056,2024-08-10,2024,641302,3,3.542268
745056,2024-08-10,2024,669203,5,7.6182656
745873,2024-08-10,2024,680573,7,5.621951
745708,2024-08-10,2024,543037,10,6.806252
746761,2024-08-10,2024,623167,1,2.0782437
745712,2024-08-10,2024,681982,3,2.2773397
745712,2024-08-10,2024,656271,2,4.060708
745712,2024-08-10,2024,607074,6,8.201526
745955,2024-08-10,2024,668964,9,5.773879
745712,2024-08-10,2024,543135,4,4.7393637
744897,2024-08-10,2024,684320,5,4.615325
746269,2024-08-10,2024,608379,6,5.599037
745708,2024-08-10,2024,674003,7,4.838983
746269,2024-08-10,2024,669467,4,6.03562
745872,2024-08-11,2024,677976,3,3.4765794
746025,2024-08-11,2024,676974,4,5.2118616
745872,2024-08-11,2024,676440,5,4.798575
745872,2024-08-11,2024,701581,3,3.480145
746923,2024-08-11,2024,686613,9,5.7671094
746517,2024-08-11,2024,680885,7,6.9105964
746517,2024-08-11,2024,607536,1,2.8618963
745057,2024-08-11,2024,544150,5,6.8509426
747166,2024-08-11,2024,650911,4,7.0938907
745303,2024-08-11,2024,672456,2,4.67949
745711,2024-08-11,2024,605280,2,3.875689
747166,2024-08-11,2024,518876,2,5.386163
745956,2024-08-11,2024,605452,3,3.3475428
745956,2024-08-11,2024,666157,4,4.1892643
745711,2024-08-11,2024,573186,1,4.8366704
744895,2024-08-11,2024,642232,1,2.4955652
745956,2024-08-11,2024,669084,9,7.094845
745711,2024-08-11,2024,571760,4,4.2025914
745216,2024-08-11,2024,622491,9,5.693059
745216,2024-08-11,2024,622663,8,6.7062154
746114,2024-08-11,2024,607192,4,5.538998
744895,2024-08-11,2024,676664,4,5.324238
746025,2024-08-11,2024,656302,5,6.2437177
744816,2024-08-11,2024,686799,2,3.5960171
745057,2024-08-11,2024,605488,8,3.9133737
744816,2024-08-11,2024,669022,2,4.589069
745303,2024-08-11,2024,806185,5,5.2402644
744895,2024-08-11,2024,605135,5,3.468359
746114,2024-08-11,2024,663559,2,5.3454604
745383,2024-08-12,2024,605397,1,3.610434
746921,2024-08-12,2024,678394,5,6.4893045
745383,2024-08-12,2024,663765,2,3.0059712
746603,2024-08-12,2024,594902,1,3.616384
745953,2024-08-12,2024,477132,6,4.8703904
746603,2024-08-12,2024,684007,3,4.92273
746192,2024-08-12,2024,670102,8,4.3568106
745953,2024-08-12,2024,642547,4,5.630572
746192,2024-08-12,2024,669721,5,4.690281
745300,2024-08-12,2024,605483,11,9.818733
746921,2024-08-12,2024,641816,7,5.7783446
746682,2024-08-12,2024,671096,6,5.0704603
746762,2024-08-12,2024,660853,1,3.0978913
747165,2024-08-12,2024,687134,4,4.924565
746762,2024-08-12,2024,661563,3,7.449446
745874,2024-08-12,2024,663903,9,5.0392056
746762,2024-08-12,2024,681066,2,3.822292
745058,2024-08-12,2024,671737,6,6.4984126
746682,2024-08-12,2024,543243,9,4.689465
747165,2024-08-12,2024,694297,11,5.883486
745300,2024-08-12,2024,519242,12,8.811461
745874,2024-08-12,2024,641154,5,7.3131056
745058,2024-08-12,2024,664285,9,9.022017
745954,2024-08-13,2024,607067,4,4.7050095
745954,2024-08-13,2024,689017,2,3.239741
746435,2024-08-13,2024,669923,5,3.8106
745867,2024-08-13,2024,607625,4,4.3867884
747004,2024-08-13,2024,669432,2,3.4118035
745867,2024-08-13,2024,805673,5,3.558713
747160,2024-08-13,2024,593958,5,4.404115
747004,2024-08-13,2024,663623,3,6.354483
746187,2024-08-13,2024,592332,5,7.9361057
746187,2024-08-13,2024,608334,3,3.5729506
745954,2024-08-13,2024,694813,6,4.957385
746187,2024-08-13,2024,670046,4,3.3285215
747160,2024-08-13,2024,596295,4,3.4355721
746435,2024-08-13,2024,669373,9,6.1183805
746673,2024-08-13,2024,607200,2,5.9237328
746757,2024-08-13,2024,641482,9,6.5405626
746924,2024-08-13,2024,676710,4,3.8814774
746924,2024-08-13,2024,570632,3,4.3917537
745548,2024-08-13,2024,592836,5,2.9685996
745548,2024-08-13,2024,678368,4,4.6341314
745055,2024-08-13,2024,579328,5,7.1494126
745055,2024-08-13,2024,669358,6,5.803961
746673,2024-08-13,2024,668881,8,8.354688
746601,2024-08-13,2024,571510,6,5.0725703
746435,2024-08-13,2024,663423,0,3.2643275
745302,2024-08-13,2024,690986,6,4.729917
746601,2024-08-13,2024,665871,2,2.9268725
745302,2024-08-13,2024,450203,8,5.395146
745788,2024-08-13,2024,676130,3,1.9650842
745382,2024-08-13,2024,650633,10,4.432358
746757,2024-08-13,2024,686563,4,4.685177
745788,2024-08-13,2024,621112,4,3.4275815
745788,2024-08-13,2024,671212,6,6.5626035
745382,2024-08-13,2024,682847,3,4.4585805
746759,2024-08-14,2024,543859,2,1.9858228
746919,2024-08-14,2024,641540,3,3.2555485
746598,2024-08-14,2024,502171,3,5.2510896
746919,2024-08-14,2024,656557,3,6.5387335
746759,2024-08-14,2024,663436,5,4.064679
745544,2024-08-14,2024,663969,4,4.604043
745951,2024-08-14,2024,621111,3,4.27739
745951,2024-08-14,2024,593423,6,6.9051757
746759,2024-08-14,2024,701542,5,6.042423
746598,2024-08-14,2024,592791,6,4.5678353
745544,2024-08-14,2024,665795,2,4.415174
745053,2024-08-14,2024,641793,3,4.248964
745790,2024-08-14,2024,656849,4,4.2737226
747163,2024-08-14,2024,656756,8,7.912363
747163,2024-08-14,2024,663567,1,2.5716126
747163,2024-08-14,2024,685299,0,2.6231992
747000,2024-08-14,2024,687792,5,4.758834
745053,2024-08-14,2024,669854,4,3.2787583
746677,2024-08-14,2024,686730,4,3.0547664
746677,2024-08-14,2024,502043,6,5.0867233
745301,2024-08-14,2024,656550,6,6.0213127
745790,2024-08-14,2024,683155,3,3.7125282
746188,2024-08-14,2024,621244,5,5.1138535
745381,2024-08-14,2024,527048,8,5.0879903
745381,2024-08-14,2024,656605,2,4.2912846
746436,2024-08-14,2024,693433,6,4.6428347
746188,2024-08-14,2024,542881,8,5.569236
745869,2024-08-14,2024,686973,3,6.260657
746436,2024-08-14,2024,676614,4,2.9049504
747000,2024-08-14,2024,665152,3,5.5202713
745869,2024-08-14,2024,666142,8,6.5162907
745783,2024-08-15,2024,621053,2,2.4999723
746437,2024-08-15,2024,628317,5,5.5114903
745545,2024-08-15,2024,680730,6,4.7778077
747002,2024-08-15,2024,601713,6,6.6996837
747002,2024-08-15,2024,621107,8,3.7582648
745545,2024-08-15,2024,554430,6,5.856065
747002,2024-08-15,2024,663767,2,2.4825537
745783,2024-08-15,2024,500779,1,4.2180924
745950,2024-08-15,2024,668964,1,4.7306437
745298,2024-08-15,2024,657277,7,6.641907
744980,2024-08-15,2024,674003,2,5.966508
744980,2024-08-15,2024,641927,3,4.7657247
745950,2024-08-15,2024,656427,7,5.542964
745783,2024-08-15,2024,687765,1,5.453794
745298,2024-08-15,2024,608331,5,6.7604623
746437,2024-08-15,2024,682243,9,6.1768007
745949,2024-08-16,2024,650644,4,4.72919
746843,2024-08-16,2024,684320,5,4.256294
745949,2024-08-16,2024,668909,5,5.4249187
745144,2024-08-16,2024,571945,7,6.1398306
745144,2024-08-16,2024,680736,3,4.6885924
746843,2024-08-16,2024,543294,2,1.9733534
746189,2024-08-16,2024,667755,5,4.09891
744974,2024-08-16,2024,571760,8,6.235197
745542,2024-08-16,2024,605400,4,7.7065287
745542,2024-08-16,2024,571578,2,5.8705497
745054,2024-08-16,2024,686752,5,4.87364
744974,2024-08-16,2024,680573,1,4.063331
746518,2024-08-16,2024,663362,6,5.6860385
746518,2024-08-16,2024,615698,5,5.0270867
746438,2024-08-16,2024,676428,5,4.0379615
747001,2024-08-16,2024,681867,1,4.2882934
747001,2024-08-16,2024,669203,7,6.865692
745054,2024-08-16,2024,669194,6,6.261863
745462,2024-08-16,2024,694973,6,6.043014
746189,2024-08-16,2024,680885,8,6.946056
745784,2024-08-16,2024,666277,2,3.1202734
745784,2024-08-16,2024,682610,5,5.0281777
746357,2024-08-16,2024,657053,3,3.8847468
746357,2024-08-16,2024,676979,9,3.5770729
746357,2024-08-16,2024,681293,5,5.904247
746674,2024-08-16,2024,547179,3,4.4901667
746438,2024-08-16,2024,543037,8,7.0138664
746674,2024-08-16,2024,607259,4,2.427683
745784,2024-08-16,2024,640455,4,7.88677
745462,2024-08-16,2024,669302,6,6.4114475
745140,2024-08-17,2024,641703,0,1.7414445
746434,2024-08-17,2024,607074,5,4.8905606
745537,2024-08-17,2024,650911,4,6.2226815
745140,2024-08-17,2024,669467,5,4.9803433
746515,2024-08-17,2024,663567,0,2.2712498
746434,2024-08-17,2024,672456,5,4.9656844
745537,2024-08-17,2024,669022,6,7.4533124
746515,2024-08-17,2024,656302,5,6.22773
746190,2024-08-17,2024,656288,3,5.1979823
746190,2024-08-17,2024,519242,10,6.736777
745785,2024-08-17,2024,622663,8,8.890565
745785,2024-08-17,2024,676974,3,5.943996
745952,2024-08-17,2024,676440,7,5.387899
746675,2024-08-17,2024,608379,9,4.4120603
745140,2024-08-17,2024,676272,1,4.6866155
746434,2024-08-17,2024,663947,2,2.8411646
746675,2024-08-17,2024,666157,2,4.468899
745049,2024-08-17,2024,605488,7,3.8605127
745626,2024-08-17,2024,674370,6,6.1963778
746355,2024-08-17,2024,686613,6,5.895477
746515,2024-08-17,2024,607536,3,5.1871367
746355,2024-08-17,2024,694363,2,2.5402677
745463,2024-08-17,2024,663559,8,5.184739
745463,2024-08-17,2024,622491,6,6.8343472
746355,2024-08-17,2024,623167,1,3.415607
746841,2024-08-17,2024,605135,5,2.6249583
745626,2024-08-17,2024,806185,5,4.891719
746997,2024-08-17,2024,678394,6,6.143121
746997,2024-08-17,2024,700249,6,4.1617155
744977,2024-08-17,2024,543135,6,7.711727
744977,2024-08-17,2024,701581,6,4.18061
745952,2024-08-17,2024,642547,3,3.04155
745049,2024-08-17,2024,668678,3,6.374658
745786,2024-08-18,2024,621112,4,5.0015163
746838,2024-08-18,2024,681799,2,2.3684442
746838,2024-08-18,2024,670102,7,6.375781
745464,2024-08-18,2024,669923,5,5.9585185
745786,2024-08-18,2024,678368,4,3.3168452
745464,2024-08-18,2024,663765,4,4.6057625
746186,2024-08-18,2024,686799,0,3.7206664
746838,2024-08-18,2024,684007,6,5.961338
745464,2024-08-18,2024,656924,1,2.9760096
745539,2024-08-18,2024,663623,5,6.253242
745139,2024-08-18,2024,477132,2,3.0546708
745139,2024-08-18,2024,543243,6,5.8037415
745948,2024-08-18,2024,594902,5,4.1462507
745948,2024-08-18,2024,607067,5,3.2567785
746431,2024-08-18,2024,573186,5,5.8099
746431,2024-08-18,2024,669373,5,7.6890626
746186,2024-08-18,2024,450203,7,5.6595597
746999,2024-08-18,2024,544150,6,7.2777195
746676,2024-08-18,2024,671096,4,4.994951
746516,2024-08-18,2024,687134,2,3.9491043
745621,2024-08-18,2024,676664,9,5.750337
746676,2024-08-18,2024,663903,6,5.073228
746516,2024-08-18,2024,605397,6,4.8966956
745621,2024-08-18,2024,605483,10,8.048015
744975,2024-08-18,2024,642520,3,1.7084628
744975,2024-08-18,2024,641816,1,3.941942
745051,2024-08-18,2024,518876,4,6.3456516
745051,2024-08-18,2024,641302,5,3.2924335
746999,2024-08-18,2024,676710,4,4.962544
745539,2024-08-18,2024,592836,3,5.9152207
746359,2024-08-18,2024,664285,9,7.2052712
746359,2024-08-18,2024,681066,5,3.5568342
744975,2024-08-18,2024,641154,3,9.041414
744976,2024-08-19,2024,570632,3,2.6234605
744976,2024-08-19,2024,641540,4,2.890682
746027,2024-08-19,2024,694297,4,6.5481853
746027,2024-08-19,2024,670124,2,4.01244
745780,2024-08-19,2024,656849,8,5.2347155
745780,2024-08-19,2024,669432,5,4.890346
744976,2024-08-19,2024,682847,7,4.7529516
745380,2024-08-19,2024,805673,1,4.4024544
745380,2024-08-19,2024,650633,6,4.0067782
745620,2024-08-19,2024,671737,2,4.6521435
744898,2024-08-19,2024,687924,2,2.514213
744898,2024-08-19,2024,592332,5,6.813711
746270,2024-08-19,2024,607625,8,5.2087975
746270,2024-08-19,2024,608334,4,3.7755556
746351,2024-08-19,2024,579328,7,5.680811
746351,2024-08-19,2024,656557,8,6.5158286
745294,2024-08-19,2024,690986,5,5.737344
746109,2024-08-19,2024,694813,10,6.129826
746270,2024-08-19,2024,682989,3,2.454505
746109,2024-08-19,2024,693433,5,5.7445483
745294,2024-08-19,2024,686563,4,4.6728835
745620,2024-08-19,2024,671212,6,8.204715
746029,2024-08-20,2024,593958,5,5.79024
746029,2024-08-20,2024,665795,3,4.9365053
746349,2024-08-20,2024,669854,6,5.118779
746349,2024-08-20,2024,601713,2,5.467678
746107,2024-08-20,2024,682243,5,6.2746196
746839,2024-08-20,2024,665871,7,5.459636
745624,2024-08-20,2024,683155,5,4.745606
745295,2024-08-20,2024,592662,9,6.8136873
744896,2024-08-20,2024,621244,7,4.261693
745136,2024-08-20,2024,607200,2,4.991068
745136,2024-08-20,2024,593423,3,6.0982246
744896,2024-08-20,2024,686730,3,1.7598054
746107,2024-08-20,2024,621111,1,4.9988866
747083,2024-08-20,2024,554430,8,5.8954577
745782,2024-08-20,2024,665152,7,5.494731
746266,2024-08-20,2024,666142,9,6.556488
746266,2024-08-20,2024,542881,2,5.27585
745782,2024-08-20,2024,500779,3,4.046669
744978,2024-08-20,2024,674003,8,3.8481953
744978,2024-08-20,2024,656605,9,5.8818803
745374,2024-08-20,2024,527048,2,2.8497064
745374,2024-08-20,2024,641927,5,5.0239363
747083,2024-08-20,2024,625643,10,5.5658026
745707,2024-08-20,2024,661563,3,3.1364784
746839,2024-08-20,2024,676614,2,3.8609684
744814,2024-08-20,2024,596295,5,4.4492297
745624,2024-08-20,2024,669358,4,4.7267013
744814,2024-08-20,2024,687792,7,5.749307
745295,2024-08-20,2024,663436,5,5.0902085
745295,2024-08-20,2024,657053,3,1.9753617
745707,2024-08-20,2024,571510,2,3.5650387
746267,2024-08-21,2024,547179,5,6.37791
746837,2024-08-21,2024,676428,4,3.3260994
746837,2024-08-21,2024,592791,5,4.9065523
746267,2024-08-21,2024,456501,1,3.109636
744893,2024-08-21,2024,684320,6,3.9186287
744893,2024-08-21,2024,607259,3,4.0638385
745297,2024-08-21,2024,657277,6,4.666306
744812,2024-08-21,2024,685299,2,3.537772
745297,2024-08-21,2024,676979,4,3.3325253
744973,2024-08-21,2024,571760,8,4.8453593
746110,2024-08-21,2024,669302,7,6.7054515
746110,2024-08-21,2024,656427,5,5.1354585
746350,2024-08-21,2024,434378,6,4.058027
746350,2024-08-21,2024,681867,4,3.3610072
745375,2024-08-21,2024,663362,3,6.1101575
745375,2024-08-21,2024,669308,4,2.43174
745375,2024-08-21,2024,680573,7,6.155799
745622,2024-08-21,2024,686752,5,5.325962
745622,2024-08-21,2024,687765,10,7.1128826
746028,2024-08-21,2024,656756,4,4.3233724
746028,2024-08-21,2024,682610,3,2.4387147
744973,2024-08-21,2024,593334,4,5.5915556
744812,2024-08-21,2024,680730,6,4.8475275
745781,2024-08-21,2024,608344,2,4.1601334
745781,2024-08-21,2024,640455,9,5.091178
745138,2024-08-21,2024,502043,5,3.7686827
745704,2024-08-21,2024,641482,4,5.358194
747084,2024-08-21,2024,605400,5,5.981293
745704,2024-08-21,2024,676282,5,4.1983776
745138,2024-08-21,2024,668964,5,5.099819
747084,2024-08-21,2024,608331,4,3.9125457
745705,2024-08-22,2024,543037,2,5.102805
747082,2024-08-22,2024,680885,9,6.958003
745465,2024-08-22,2024,596001,3,2.3691957
745623,2024-08-22,2024,605488,3,4.33384
745623,2024-08-22,2024,674370,6,5.591908
745705,2024-08-22,2024,668909,5,6.552579
745379,2024-08-22,2024,656302,7,8.672665
745465,2024-08-22,2024,666157,9,6.214431
746836,2024-08-22,2024,657006,10,6.388078
746836,2024-08-22,2024,628317,5,5.740582
746998,2024-08-22,2024,669203,2,8.214478
746998,2024-08-22,2024,681293,6,7.0406427
745379,2024-08-22,2024,622663,5,6.7708287
744815,2024-08-22,2024,571578,8,4.7457557
745137,2024-08-22,2024,642547,2,4.9397006
745137,2024-08-22,2024,571945,3,4.313657
744894,2024-08-22,2024,656288,6,3.994697
747082,2024-08-22,2024,650911,8,6.5117316
744815,2024-08-22,2024,615698,4,5.084616
745465,2024-08-22,2024,694973,9,5.7319407
744894,2024-08-22,2024,642232,4,3.2250745
744815,2024-08-22,2024,663567,2,3.1814265
745705,2024-08-22,2024,687362,3,3.1819248
744889,2024-08-23,2024,686799,1,2.0077915
746920,2024-08-23,2024,669194,7,5.947413
746920,2024-08-23,2024,670174,3,2.2791424
746920,2024-08-23,2024,678394,2,5.332745
745217,2024-08-23,2024,806185,5,4.638852
745625,2024-08-23,2024,650644,3,3.9496026
745625,2024-08-23,2024,548389,4,3.4561768
745217,2024-08-23,2024,622491,9,6.4947658
745702,2024-08-23,2024,607536,3,6.3435783
745702,2024-08-23,2024,607074,5,7.6141734
745625,2024-08-23,2024,676664,3,4.216266
744889,2024-08-23,2024,605135,6,5.8629875
746758,2024-08-23,2024,623167,5,2.9793475
746268,2024-08-23,2024,656457,1,2.3861842
746024,2024-08-23,2024,676974,2,5.6776443
746758,2024-08-23,2024,672456,4,4.2354827
746597,2024-08-23,2024,543135,5,6.564645
745378,2024-08-23,2024,493603,1,2.4377117
745378,2024-08-23,2024,605397,9,5.1093373
745378,2024-08-23,2024,621112,1,3.232805
746024,2024-08-23,2024,543294,0,2.6993248
746268,2024-08-23,2024,592836,2,4.542752
746268,2024-08-23,2024,608379,5,5.961416
747080,2024-08-23,2024,519242,4,5.6146975
747080,2024-08-23,2024,669022,4,4.737955
745870,2024-08-23,2024,669467,5,5.5782
745870,2024-08-23,2024,670950,1,1.9856261
745870,2024-08-23,2024,701581,5,3.222209
746111,2024-08-23,2024,676272,9,5.702215
746597,2024-08-23,2024,676440,6,6.176657
745460,2024-08-23,2024,663559,4,3.9143927
746995,2024-08-23,2024,686613,6,6.069081
746995,2024-08-23,2024,700249,3,3.9528189
746111,2024-08-23,2024,641302,1,3.0723746
746022,2024-08-24,2024,684007,3,6.444313
746022,2024-08-24,2024,678368,1,2.573867
746996,2024-08-24,2024,544150,3,4.944208
746108,2024-08-24,2024,671737,5,6.457681
746108,2024-08-24,2024,477132,5,5.443279
746996,2024-08-24,2024,664285,8,8.142701
745457,2024-08-24,2024,687924,4,5.4763465
746022,2024-08-24,2024,642629,2,3.6435256
745218,2024-08-24,2024,669923,3,5.7423005
745617,2024-08-24,2024,671305,3,3.502651
745617,2024-08-24,2024,607067,5,6.361327
745617,2024-08-24,2024,671212,8,8.159324
746599,2024-08-24,2024,681982,2,2.9453225
745377,2024-08-24,2024,650633,7,4.5935583
745377,2024-08-24,2024,656849,2,3.7585545
745868,2024-08-24,2024,543243,7,6.5685344
745868,2024-08-24,2024,641154,9,7.3158817
746756,2024-08-24,2024,669373,8,5.535669
746756,2024-08-24,2024,681066,1,2.4609919
746917,2024-08-24,2024,676710,3,4.8288817
746917,2024-08-24,2024,668678,9,5.8423505
745218,2024-08-24,2024,605483,5,4.0733724
745703,2024-08-24,2024,687134,5,6.0382757
745457,2024-08-24,2024,663765,3,3.0622633
746599,2024-08-24,2024,594902,4,5.675673
745703,2024-08-24,2024,701542,6,5.3882594
746599,2024-08-24,2024,679156,3,3.0172956
747077,2024-08-24,2024,663623,3,4.3653493
746599,2024-08-24,2024,592351,1,3.4002979
747077,2024-08-24,2024,450203,6,6.2451816
746271,2024-08-24,2024,624133,6,3.7547402
746271,2024-08-24,2024,663903,5,4.938165
744890,2024-08-24,2024,670102,12,8.991565
744890,2024-08-24,2024,608334,8,3.8700957
746754,2024-08-25,2024,676614,3,0.9784742
746263,2024-08-25,2024,607625,3,4.347837
745618,2024-08-25,2024,593423,7,7.557347
746994,2024-08-25,2024,665152,5,5.4889584
745706,2024-08-25,2024,573186,5,5.1226
746106,2024-08-25,2024,682052,6,3.219866
745376,2024-08-25,2024,500779,0,3.748224
745376,2024-08-25,2024,527048,1,3.133235
745706,2024-08-25,2024,596295,4,4.814938
746263,2024-08-25,2024,663465,5,3.8425632
747078,2024-08-25,2024,687792,8,5.105311
747078,2024-08-25,2024,625643,7,4.2040987
746918,2024-08-25,2024,518876,5,5.7742853
744892,2024-08-25,2024,592332,10,6.348244
746918,2024-08-25,2024,656557,2,6.5368543
745863,2024-08-25,2024,607200,7,4.49693
745863,2024-08-25,2024,805673,7,4.279874
746994,2024-08-25,2024,579328,4,7.4851794
746754,2024-08-25,2024,686563,4,3.9599712
746754,2024-08-25,2024,657053,3,2.9375472
745459,2024-08-25,2024,686730,1,2.5041068
745618,2024-08-25,2024,683155,5,4.7947106
746106,2024-08-25,2024,694813,7,3.9943407
746023,2024-08-25,2024,670124,6,4.5298495
745212,2024-08-25,2024,693433,7,5.5817504
744892,2024-08-25,2024,542881,3,5.9333844
745212,2024-08-25,2024,663546,1,2.4967659
746023,2024-08-25,2024,665871,3,2.961518
746595,2024-08-25,2024,571510,4,3.5881085
746595,2024-08-25,2024,674003,3,2.9363365
745459,2024-08-25,2024,682847,5,5.101836
745459,2024-08-25,2024,607259,1,2.4247367
745212,2024-08-25,2024,592662,4,3.5253658
746753,2024-08-26,2024,663436,4,4.846293
746753,2024-08-26,2024,680744,2,4.690301
746753,2024-08-26,2024,694363,3,2.6238837
744813,2024-08-26,2024,680730,5,5.036031
745133,2024-08-26,2024,502043,2,3.8492656
745458,2024-08-26,2024,621399,0,1.7062613
746513,2024-08-26,2024,665795,8,6.6643925
744813,2024-08-26,2024,686747,1,0.2996361
746513,2024-08-26,2024,663372,2,4.6486797
746628,2024-08-26,2024,666142,4,4.6507435
746915,2024-08-26,2024,677161,4,3.6296952
744813,2024-08-26,2024,641482,5,4.200544
745458,2024-08-26,2024,656605,4,5.9626045
746915,2024-08-26,2024,621244,6,3.94062
746915,2024-08-26,2024,641745,2,4.4534097
745538,2024-08-26,2024,669854,5,5.4057813
745865,2024-08-26,2024,641927,2,3.9585001
745865,2024-08-26,2024,608331,7,4.621039
745458,2024-08-26,2024,593334,3,5.1039624
745458,2024-08-26,2024,592791,3,4.5146265
745133,2024-08-26,2024,681190,2,5.865772
745538,2024-08-26,2024,554430,6,7.624079
746596,2024-08-26,2024,679525,2,4.7036285
746596,2024-08-26,2024,671106,1,2.4109502
745215,2024-08-26,2024,682243,10,5.1112766
745215,2024-08-26,2024,686752,6,5.266124
746916,2024-08-27,2024,681867,0,4.244114
746916,2024-08-27,2024,684320,3,3.5569203
745213,2024-08-27,2024,669302,10,7.1773367
744811,2024-08-27,2024,571578,6,5.189928
745132,2024-08-27,2024,656302,4,5.8940225
744811,2024-08-27,2024,543037,7,5.683122
745213,2024-08-27,2024,605488,9,4.257723
745946,2024-08-27,2024,657277,4,6.0114603
745132,2024-08-27,2024,571945,3,4.6253786
745540,2024-08-27,2024,605400,6,7.0540586
745540,2024-08-27,2024,434378,3,5.17192
746510,2024-08-27,2024,615698,2,3.8743322
746510,2024-08-27,2024,642834,3,1.4432058
746105,2024-08-27,2024,656427,5,5.8566823
746105,2024-08-27,2024,608344,3,3.6387212
746510,2024-08-27,2024,682610,0,0.93567383
745461,2024-08-27,2024,683003,4,5.9120555
747162,2024-08-27,2024,694297,6,6.6340895
747162,2024-08-27,2024,656756,2,4.484513
747162,2024-08-27,2024,640455,11,6.016455
746429,2024-08-27,2024,456501,5,3.2913473
746755,2024-08-27,2024,623167,4,3.7075386
745864,2024-08-27,2024,680573,3,4.7174764
745461,2024-08-27,2024,657006,6,4.3928246
746755,2024-08-27,2024,571760,2,3.572158
746671,2024-08-27,2024,687765,3,4.8872395
745946,2024-08-27,2024,668964,4,5.0128613
746671,2024-08-27,2024,596001,3,2.4287739
745864,2024-08-27,2024,680885,8,8.99534
746594,2024-08-27,2024,672578,2,3.2697694
746429,2024-08-27,2024,676428,4,5.2888503
746594,2024-08-27,2024,668909,6,5.2402253
746512,2024-08-28,2024,676974,6,5.4994454
746512,2024-08-28,2024,607536,5,5.5697937
746589,2024-08-28,2024,676440,6,6.672638
746752,2024-08-28,2024,570632,2,2.7410192
745452,2024-08-28,2024,543294,2,3.1532066
746752,2024-08-28,2024,671111,2,1.2992053
746752,2024-08-28,2024,683004,4,6.638481
746589,2024-08-28,2024,608379,7,4.88673
746672,2024-08-28,2024,518585,6,2.5058286
745541,2024-08-28,2024,592836,0,3.927261
745541,2024-08-28,2024,681293,11,6.1495357
746672,2024-08-28,2024,543391,2,1.7655307
745452,2024-08-28,2024,694973,6,5.3786626
746430,2024-08-28,2024,656288,4,4.9353404
746672,2024-08-28,2024,674370,5,5.05962
747161,2024-08-28,2024,593958,5,4.972338
747161,2024-08-28,2024,622663,9,6.582552
746430,2024-08-28,2024,628317,5,8.276671
745943,2024-08-28,2024,642547,8,8.066372
745943,2024-08-28,2024,690986,7,5.28038
746103,2024-08-28,2024,621111,4,7.09444
745866,2024-08-28,2024,701581,7,4.5689993
744809,2024-08-28,2024,607074,8,7.1962514
746103,2024-08-28,2024,669203,4,8.940405
745134,2024-08-28,2024,669467,3,6.186207
745211,2024-08-28,2024,622491,4,6.798245
745211,2024-08-28,2024,641302,4,4.01642
745134,2024-08-28,2024,605397,3,6.9595466
746913,2024-08-28,2024,605135,9,6.3923936
746913,2024-08-28,2024,678394,9,6.193901
744809,2024-08-28,2024,669022,6,5.992493
745866,2024-08-28,2024,519242,6,8.583571
746670,2024-08-29,2024,669372,4,3.121902
745135,2024-08-29,2024,543243,4,5.161919
745135,2024-08-29,2024,650633,3,6.370228
745945,2024-08-29,2024,694738,4,2.8149195
745945,2024-08-29,2024,650644,7,5.2880945
746670,2024-08-29,2024,687924,1,3.3143187
746914,2024-08-29,2024,676710,3,4.091214
745945,2024-08-29,2024,806185,6,6.1218605
746514,2024-08-29,2024,687134,3,3.2671735
747159,2024-08-29,2024,669194,4,5.9050064
747159,2024-08-29,2024,656849,4,4.1730824
746514,2024-08-29,2024,678368,4,3.4077888
746102,2024-08-29,2024,700249,3,4.66569
745531,2024-08-29,2024,450203,7,7.4547677
745531,2024-08-29,2024,650911,8,6.957964
746352,2024-08-29,2024,663903,6,6.4156685
746352,2024-08-29,2024,686613,4,6.337329
746432,2024-08-29,2024,686799,4,3.5169914
746432,2024-08-29,2024,672456,5,4.4735074
746102,2024-08-29,2024,621199,2,1.5773367
746102,2024-08-29,2024,676272,3,4.483801
746914,2024-08-29,2024,670102,5,4.1946135
746748,2024-08-29,2024,680897,3,6.772929
746748,2024-08-29,2024,543135,10,7.745603
745862,2024-08-30,2024,592332,4,7.664792
745533,2024-08-30,2024,625643,6,5.8951774
746665,2024-08-30,2024,695076,6,3.5408497
746665,2024-08-30,2024,691172,3,1.7258738
746665,2024-08-30,2024,669084,5,5.057388
745052,2024-08-30,2024,527048,4,4.8894596
745052,2024-08-30,2024,541640,4,2.862599
745052,2024-08-30,2024,669308,5,2.3394356
745052,2024-08-30,2024,671737,2,4.8722734
746433,2024-08-30,2024,663554,4,4.4350214
746749,2024-08-30,2024,686563,3,4.918885
746511,2024-08-30,2024,544150,4,5.835696
746511,2024-08-30,2024,596295,4,4.774803
747156,2024-08-30,2024,523260,1,2.3820367
744969,2024-08-30,2024,592351,5,3.7402034
744969,2024-08-30,2024,641540,0,3.042771
744969,2024-08-30,2024,676664,4,4.36717
747156,2024-08-30,2024,668678,7,6.929332
746593,2024-08-30,2024,663559,2,2.2634041
746593,2024-08-30,2024,594902,3,4.6037655
746593,2024-08-30,2024,593334,4,3.0555096
745862,2024-08-30,2024,641154,3,8.308421
746433,2024-08-30,2024,656557,6,6.004613
745533,2024-08-30,2024,624133,6,5.0243506
746730,2024-08-30,2024,607067,5,5.3702445
745299,2024-08-30,2024,605483,8,8.617134
746730,2024-08-30,2024,607259,3,3.3662932
746184,2024-08-30,2024,669923,2,4.5346193
745299,2024-08-30,2024,670124,8,4.239347
746353,2024-08-30,2024,607625,9,5.4999704
745299,2024-08-30,2024,657508,2,2.0823734
746749,2024-08-30,2024,656731,6,5.9250083
746749,2024-08-30,2024,657053,3,2.9272425
746353,2024-08-30,2024,664285,7,7.822256
746184,2024-08-30,2024,691951,3,2.4734914
744810,2024-08-30,2024,684007,8,7.697943
745700,2024-08-30,2024,607200,8,4.3927555
745700,2024-08-30,2024,573186,5,6.5684915
744810,2024-08-30,2024,663623,6,6.351225
747158,2024-08-31,2024,518876,1,5.1040263
747158,2024-08-31,2024,694813,4,3.8322873
745296,2024-08-31,2024,665795,3,5.193045
744808,2024-08-31,2024,687792,5,6.1586614
744808,2024-08-31,2024,665871,4,3.8308845
746348,2024-08-31,2024,579328,12,7.994239
745296,2024-08-31,2024,696131,6,4.1300135
744971,2024-08-31,2024,683155,7,4.7360854
746751,2024-08-31,2024,663436,6,5.880071
746348,2024-08-31,2024,666142,10,5.8054566
746182,2024-08-31,2024,693433,3,4.4461627
746507,2024-08-31,2024,663372,6,4.8584538
745699,2024-08-31,2024,701542,3,4.8365326
745050,2024-08-31,2024,689690,1,3.329197
745050,2024-08-31,2024,681190,3,5.6087885
745050,2024-08-31,2024,669358,5,4.7456903
745859,2024-08-31,2024,805673,5,3.468101
745532,2024-08-31,2024,554430,7,6.6206107
745532,2024-08-31,2024,608331,4,6.236373
746590,2024-08-31,2024,571510,8,5.9994464
745859,2024-08-31,2024,656240,3,2.4791925
745859,2024-08-31,2024,621244,5,1.5786505
746424,2024-08-31,2024,601713,6,6.395112
746424,2024-08-31,2024,669373,8,6.0151815
746182,2024-08-31,2024,542881,3,3.5373976
746507,2024-08-31,2024,665152,3,2.8231568
746590,2024-08-31,2024,682847,5,5.243486
745699,2024-08-31,2024,502043,6,3.3036928
746751,2024-08-31,2024,500779,6,4.5001817
744971,2024-08-31,2024,674003,8,4.6196375
746667,2024-08-31,2024,593423,4,4.6784997
746667,2024-08-31,2024,518585,5,2.2383873
746667,2024-08-31,2024,571527,1,3.1806128
744970,2024-09-01,2024,687765,5,6.1235895
746750,2024-09-01,2024,640455,5,5.5763164
746505,2024-09-01,2024,621389,1,2.5301774
746505,2024-09-01,2024,621107,9,4.7475276
745861,2024-09-01,2024,684320,3,3.0942702
746347,2024-09-01,2024,679525,5,3.1707566
745048,2024-09-01,2024,686752,4,6.1945105
745048,2024-09-01,2024,656302,4,4.7812943
745048,2024-09-01,2024,642121,1,2.6837
745861,2024-09-01,2024,641927,8,5.3615375
745292,2024-09-01,2024,670766,2,2.8457353
744806,2024-09-01,2024,680730,8,5.5253716
745536,2024-09-01,2024,605400,9,7.796802
745536,2024-09-01,2024,680885,2,6.1028924
746183,2024-09-01,2024,682243,4,5.3008738
746426,2024-09-01,2024,681867,5,2.2592628
746426,2024-09-01,2024,676428,5,4.1454806
746183,2024-09-01,2024,702674,4,5.6160145
746669,2024-09-01,2024,596001,1,3.1618204
746669,2024-09-01,2024,668964,7,5.6968503
746669,2024-09-01,2024,669060,2,1.690054
746669,2024-09-01,2024,682227,5,3.0025847
745292,2024-09-01,2024,657277,4,5.624604
744806,2024-09-01,2024,696136,0,4.4427195
746347,2024-09-01,2024,669854,3,5.169873
746592,2024-09-01,2024,502171,6,5.708088
745701,2024-09-01,2024,571945,5,4.3720694
744970,2024-09-01,2024,570632,2,2.466545
747157,2024-09-01,2024,680736,2,4.8378196
745701,2024-09-01,2024,641482,2,4.093675
747157,2024-09-01,2024,694297,10,6.965508
746592,2024-09-01,2024,656605,7,3.8517938
746750,2024-09-01,2024,676979,8,3.3537152
746992,2024-09-02,2024,623167,5,4.5637054
747155,2024-09-02,2024,677944,0,3.8567219
746992,2024-09-02,2024,608344,2,1.1929908
746668,2024-09-02,2024,434378,3,5.4360805
746833,2024-09-02,2024,592791,3,4.6076646
746833,2024-09-02,2024,683003,4,5.9969954
746668,2024-09-02,2024,686730,2,3.2811236
746668,2024-09-02,2024,687924,2,2.5650198
744972,2024-09-02,2024,683004,2,5.14072
744972,2024-09-02,2024,543037,9,5.8195953
744972,2024-09-02,2024,502624,5,4.60693
745373,2024-09-02,2024,605397,8,5.8875546
745373,2024-09-02,2024,680744,1,2.7079184
745046,2024-09-02,2024,680573,2,3.2926304
745046,2024-09-02,2024,641793,2,4.7094035
745619,2024-09-02,2024,674370,4,5.580404
745619,2024-09-02,2024,669302,9,7.852005
745779,2024-09-02,2024,622663,5,5.959275
745779,2024-09-02,2024,670174,4,2.5352821
745947,2024-09-02,2024,669467,3,5.5891614
747155,2024-09-02,2024,656756,1,2.1991603
745779,2024-09-02,2024,678394,4,5.0987577
747155,2024-09-02,2024,656427,7,3.8132942
746265,2024-09-02,2024,608379,3,4.406901
746265,2024-09-02,2024,668909,6,7.0970974
746992,2024-09-02,2024,669203,4,5.00723
745947,2024-09-02,2024,642547,3,6.5013494
746992,2024-09-02,2024,657053,3,3.8262036
747155,2024-09-02,2024,593958,1,4.866026
745615,2024-09-03,2024,669372,7,3.854236
745778,2024-09-03,2024,656849,11,5.4704843
745778,2024-09-03,2024,676710,8,5.9853535
744891,2024-09-03,2024,605135,7,6.324142
746991,2024-09-03,2024,680897,2,2.5378692
746185,2024-09-03,2024,621111,6,4.112842
746991,2024-09-03,2024,694363,5,2.6927316
744968,2024-09-03,2024,571760,8,4.513447
746991,2024-09-03,2024,700249,10,4.963845
745047,2024-09-03,2024,701581,7,5.8601184
745293,2024-09-03,2024,690986,3,2.9062767
746020,2024-09-03,2024,676974,5,4.605996
746020,2024-09-03,2024,571578,8,4.794453
745615,2024-09-03,2024,622491,5,6.9290195
746834,2024-09-03,2024,694973,6,8.672636
744891,2024-09-03,2024,592836,0,2.68893
746264,2024-09-03,2024,676440,6,6.1206055
745944,2024-09-03,2024,650644,7,5.5293927
746185,2024-09-03,2024,672282,10,7.0775847
746834,2024-09-03,2024,543294,5,3.3876092
745944,2024-09-03,2024,571927,7,4.626696
745293,2024-09-03,2024,663941,4,3.2730086
745293,2024-09-03,2024,669194,9,5.5344796
747079,2024-09-03,2024,676105,1,3.1760416
745047,2024-09-03,2024,605488,4,4.2715273
746264,2024-09-03,2024,663903,3,4.5420136
747079,2024-09-03,2024,519242,9,6.7573833
747079,2024-09-03,2024,607536,5,3.0995722
744968,2024-09-03,2024,607074,11,7.3835225
747075,2024-09-04,2024,450203,8,5.3812404
746262,2024-09-04,2024,607625,4,6.868299
745938,2024-09-04,2024,607067,4,2.7267394
744887,2024-09-04,2024,670102,6,6.36319
745290,2024-09-04,2024,702352,3,2.4441378
744887,2024-09-04,2024,650911,7,5.648638
747075,2024-09-04,2024,687134,2,5.201287
745776,2024-09-04,2024,656731,3,4.4334364
745776,2024-09-04,2024,656557,7,6.249026
745614,2024-09-04,2024,676664,5,4.682065
745614,2024-09-04,2024,669923,9,5.1223273
746262,2024-09-04,2024,594902,3,3.2821937
745938,2024-09-04,2024,669084,6,3.05857
745290,2024-09-04,2024,668678,8,7.7771354
746835,2024-09-04,2024,593334,3,3.6587155
745290,2024-09-04,2024,806185,4,3.485117
745614,2024-09-04,2024,548389,1,3.4567149
744964,2024-09-04,2024,573186,3,4.495426
744964,2024-09-04,2024,543135,6,7.428236
745938,2024-09-04,2024,543243,7,5.693295
746666,2024-09-04,2024,605463,1,4.069527
746666,2024-09-04,2024,607259,7,6.238628
746666,2024-09-04,2024,608718,6,1.7853822
745370,2024-09-04,2024,506433,4,3.887193
746990,2024-09-04,2024,686563,4,4.697372
746666,2024-09-04,2024,666215,2,2.0682485
746178,2024-09-04,2024,656288,7,5.467271
745370,2024-09-04,2024,672456,2,4.139867
746835,2024-09-04,2024,684007,7,6.0841484
746019,2024-09-04,2024,669022,9,7.097469
746019,2024-09-04,2024,678368,1,4.057153
746178,2024-09-04,2024,676272,8,5.761372
745045,2024-09-04,2024,686973,1,3.7591324
745045,2024-09-04,2024,656240,3,3.238875
746990,2024-09-04,2024,544150,2,2.8629074
745045,2024-09-04,2024,641302,2,2.4860945
746021,2024-09-05,2024,670124,6,4.2850904
746021,2024-09-05,2024,624133,4,3.4866502
747073,2024-09-05,2024,596295,6,4.2970963
745369,2024-09-05,2024,527048,5,3.3212018
745369,2024-09-05,2024,663554,2,4.9035993
745451,2024-09-05,2024,663623,4,4.4562263
745289,2024-09-05,2024,518876,8,5.5102005
745289,2024-09-05,2024,605483,2,2.638254
745289,2024-09-05,2024,694738,5,2.9326193
747073,2024-09-05,2024,625643,11,6.015435
745451,2024-09-05,2024,663559,3,5.1378946
745612,2024-09-05,2024,693433,6,5.6061797
744966,2024-09-05,2024,686799,0,4.9820538
745612,2024-09-05,2024,683155,3,5.691517
745042,2024-09-05,2024,641154,9,7.1634703
745042,2024-09-05,2024,671737,10,6.598081
744966,2024-09-05,2024,674003,4,4.7770085
746664,2024-09-05,2024,686613,6,5.317578
746664,2024-09-05,2024,695076,3,3.8478246
747074,2024-09-06,2024,592332,5,6.614556
744967,2024-09-06,2024,642520,1,2.4513218
746016,2024-09-06,2024,554430,7,6.519501
746016,2024-09-06,2024,656793,3,2.1676302
746016,2024-09-06,2024,685116,1,3.2168465
745131,2024-09-06,2024,682243,4,6.3171053
746104,2024-09-06,2024,689017,8,6.798945
747074,2024-09-06,2024,608331,8,7.983026
745941,2024-09-06,2024,593423,10,5.198942
746104,2024-09-06,2024,571510,6,5.0155735
744967,2024-09-06,2024,570632,3,3.76116
746912,2024-09-06,2024,663436,3,3.8713257
745777,2024-09-06,2024,682227,1,1.5391657
745777,2024-09-06,2024,640455,9,5.3129506
744967,2024-09-06,2024,691951,7,4.938422
746257,2024-09-06,2024,666142,7,5.636127
746257,2024-09-06,2024,805673,4,5.271701
745941,2024-09-06,2024,663372,6,4.6256375
746912,2024-09-06,2024,601713,6,7.546358
745611,2024-09-06,2024,669373,7,5.9720964
745371,2024-09-06,2024,696131,6,5.7401366
745371,2024-09-06,2024,650633,8,5.812685
746343,2024-09-06,2024,664285,7,7.151177
745131,2024-09-06,2024,607200,1,4.531767
746343,2024-09-06,2024,656756,3,3.746605
746832,2024-09-06,2024,661563,7,5.533833
746993,2024-09-06,2024,669358,5,7.093866
746993,2024-09-06,2024,665152,7,4.695605
746832,2024-09-06,2024,696136,4,5.417809
746343,2024-09-06,2024,694297,5,5.772469
745611,2024-09-06,2024,687765,6,5.770602
746344,2024-09-07,2024,579328,6,5.813179
746986,2024-09-07,2024,621107,4,6.0514264
746344,2024-09-07,2024,593958,1,4.1947064
746344,2024-09-07,2024,669854,5,2.1848545
746829,2024-09-07,2024,641482,3,1.9763496
746259,2024-09-07,2024,641927,7,5.3849874
746018,2024-09-07,2024,670766,4,4.1968956
746259,2024-09-07,2024,679525,5,4.209353
746829,2024-09-07,2024,665871,5,4.148402
746829,2024-09-07,2024,657376,2,4.3282857
747076,2024-09-07,2024,621244,5,4.8768606
747076,2024-09-07,2024,680885,3,3.911418
746986,2024-09-07,2024,686752,4,5.4457765
746018,2024-09-07,2024,605400,5,7.4160585
745372,2024-09-07,2024,656302,4,7.8902116
745372,2024-09-07,2024,657277,3,5.072822
746911,2024-09-07,2024,681867,0,4.1590495
746911,2024-09-07,2024,676979,3,2.2815318
746911,2024-09-07,2024,663767,2,2.3910117
745775,2024-09-07,2024,686730,4,3.8544388
745775,2024-09-07,2024,596001,5,4.0161953
745942,2024-09-07,2024,668964,11,5.6307087
745942,2024-09-07,2024,621389,1,2.792751
745775,2024-09-07,2024,500779,6,4.855837
745613,2024-09-07,2024,676428,3,4.9426208
744963,2024-09-07,2024,542881,7,5.364754
744963,2024-09-07,2024,683004,6,4.7533016
745613,2024-09-07,2024,674370,3,3.0339167
745125,2024-09-07,2024,502043,9,6.2678094
745125,2024-09-07,2024,669302,10,5.487407
745613,2024-09-07,2024,669620,6,3.527573
745455,2024-09-07,2024,682847,2,5.5653095
745455,2024-09-07,2024,687792,5,5.0197687
745456,2024-09-07,2024,656605,8,6.2681594
745456,2024-09-07,2024,680730,5,4.1129293
746099,2024-09-07,2024,680736,2,1.9498435
746098,2024-09-08,2024,676440,4,6.2960033
746017,2024-09-08,2024,686751,0,4.0432878
746827,2024-09-08,2024,592791,6,5.4507732
746910,2024-09-08,2024,690916,2,4.041231
746910,2024-09-08,2024,623167,6,4.461401
745940,2024-09-08,2024,642547,4,4.446745
745940,2024-09-08,2024,607536,4,4.000762
744965,2024-09-08,2024,571760,8,6.2165537
744965,2024-09-08,2024,702674,1,2.5418901
745453,2024-09-08,2024,571578,5,5.61654
746098,2024-09-08,2024,656427,6,3.553557
745453,2024-09-08,2024,683003,9,7.3435125
745616,2024-09-08,2024,669372,5,3.466613
746989,2024-09-08,2024,641793,4,4.85848
746989,2024-09-08,2024,669203,3,8.493472
745368,2024-09-08,2024,702352,3,3.0703394
745368,2024-09-08,2024,689690,4,2.7739046
745368,2024-09-08,2024,605397,7,4.366726
746827,2024-09-08,2024,543037,7,5.3880277
746017,2024-09-08,2024,665795,6,6.431501
745616,2024-09-08,2024,680744,7,5.6275578
745128,2024-09-08,2024,571945,3,2.7906117
746345,2024-09-08,2024,669194,4,5.9787726
745128,2024-09-08,2024,571927,4,3.5016594
745128,2024-09-08,2024,622491,3,2.589906
746345,2024-09-08,2024,434378,0,3.4042306
747072,2024-09-08,2024,684320,6,3.716822
746258,2024-09-08,2024,680573,2,3.5502563
746258,2024-09-08,2024,608379,7,5.603753
747072,2024-09-08,2024,519242,7,8.326265
745774,2024-09-08,2024,687924,2,4.3960967
745774,2024-09-08,2024,622663,8,6.971004
746746,2024-09-09,2024,676282,10,5.861024
746746,2024-09-09,2024,680897,2,4.299659
746909,2024-09-09,2024,700249,5,2.9373567
745534,2024-09-09,2024,650911,4,6.9402676
745534,2024-09-09,2024,641302,1,2.7598634
745860,2024-09-09,2024,660761,4,2.0330331
745860,2024-09-09,2024,672282,8,5.4234114
745860,2024-09-09,2024,701581,4,3.7479327
746909,2024-09-09,2024,678394,5,5.318331
746746,2024-09-09,2024,694363,5,2.238097
746101,2024-09-09,2024,543294,2,4.550541
745454,2024-09-09,2024,694973,9,7.43226
745454,2024-09-09,2024,678368,2,2.76968
744888,2024-09-09,2024,656731,9,5.2390184
744888,2024-09-09,2024,642232,2,2.42785
746909,2024-09-09,2024,670174,3,2.1793628
746101,2024-09-09,2024,621111,4,4.99792
745698,2024-09-09,2024,607074,9,7.6481075
745698,2024-09-09,2024,663903,3,4.8767934
747090,2024-09-09,2024,450203,7,8.500537
747090,2024-09-09,2024,607259,5,5.0884433
745291,2024-09-10,2024,650644,2,4.039258
746346,2024-09-10,2024,676664,1,3.974642
745210,2024-09-10,2024,506433,5,3.3266184
746428,2024-09-10,2024,672456,5,3.99502
744807,2024-09-10,2024,605154,2,2.4097857
744807,2024-09-10,2024,669022,3,4.0188985
747152,2024-09-10,2024,543135,6,5.363435
747152,2024-09-10,2024,668678,7,7.8018026
746907,2024-09-10,2024,544150,8,6.1814756
745694,2024-09-10,2024,573186,4,5.881616
745446,2024-09-10,2024,670124,2,4.5081787
745446,2024-09-10,2024,666277,4,2.494641
745446,2024-09-10,2024,666214,3,3.6688533
746747,2024-09-10,2024,686563,4,4.80698
746747,2024-09-10,2024,680732,3,2.890949
745694,2024-09-10,2024,607625,10,6.325727
744886,2024-09-10,2024,656849,2,4.105535
744886,2024-09-10,2024,605135,8,6.3561425
746346,2024-09-10,2024,681293,7,7.2156434
746428,2024-09-10,2024,683627,2,1.5470248
745210,2024-09-10,2024,669923,4,6.2353644
746907,2024-09-10,2024,676710,6,4.30895
745856,2024-09-10,2024,656288,4,6.6536403
745856,2024-09-10,2024,641154,10,7.4046016
746097,2024-09-10,2024,684007,4,5.9552493
746428,2024-09-10,2024,687134,4,3.4660978
746097,2024-09-10,2024,808967,8,4.9049797
745535,2024-09-10,2024,671737,6,5.866385
745535,2024-09-10,2024,624133,2,3.3817737
745291,2024-09-10,2024,694738,3,4.7620077
745126,2024-09-10,2024,695076,3,3.9621542
745126,2024-09-10,2024,669467,6,4.7541637
746908,2024-09-11,2024,601713,9,5.587814
745450,2024-09-11,2024,642834,0,1.6444288
746425,2024-09-11,2024,663554,7,2.6604335
746745,2024-09-11,2024,571510,9,6.699065
745450,2024-09-11,2024,675540,3,2.722273
746100,2024-09-11,2024,696136,2,3.6999915
745214,2024-09-11,2024,693433,5,6.8378005
746745,2024-09-11,2024,663436,4,3.174044
745214,2024-09-11,2024,650633,6,5.432876
744881,2024-09-11,2024,670102,1,5.9196773
744881,2024-09-11,2024,640455,8,5.511775
745697,2024-09-11,2024,661563,5,6.3214436
745697,2024-09-11,2024,666142,7,7.1431293
745285,2024-09-11,2024,605483,8,5.687665
745285,2024-09-11,2024,607067,1,3.0434735
746100,2024-09-11,2024,676272,2,4.2459707
745857,2024-09-11,2024,686799,3,2.3542693
745450,2024-09-11,2024,663559,5,3.0858428
745857,2024-09-11,2024,805673,5,2.533851
746908,2024-09-11,2024,665152,7,6.836967
745525,2024-09-11,2024,554430,9,6.409854
745525,2024-09-11,2024,669358,4,4.401776
744804,2024-09-11,2024,608331,6,6.3636456
744804,2024-09-11,2024,663623,5,3.9120283
744804,2024-09-11,2024,678226,3,3.1728482
747154,2024-09-11,2024,518876,3,3.87059
745127,2024-09-11,2024,458681,7,5.8329687
745127,2024-09-11,2024,682227,5,3.6887426
747154,2024-09-11,2024,674003,4,2.1237907
746425,2024-09-11,2024,685299,1,3.515815
747154,2024-09-11,2024,502624,2,2.6016448
746342,2024-09-11,2024,683155,2,4.251267
746342,2024-09-11,2024,686613,7,5.0592985
746591,2024-09-12,2024,668909,5,4.4036565
745288,2024-09-12,2024,806185,4,3.6710536
745288,2024-09-12,2024,593423,8,7.4247875
745129,2024-09-12,2024,686730,4,3.7217555
745695,2024-09-12,2024,681867,4,4.9528737
745129,2024-09-12,2024,596001,3,3.4535017
746427,2024-09-12,2024,669373,6,5.9024644
746427,2024-09-12,2024,663372,6,5.093134
746337,2024-09-12,2024,687765,2,4.6309724
746337,2024-09-12,2024,664285,6,8.797787
745208,2024-09-12,2024,682243,7,4.742848
744805,2024-09-12,2024,670766,1,3.4477413
745208,2024-09-12,2024,677958,7,4.666107
745695,2024-09-12,2024,641482,9,5.030926
744805,2024-09-12,2024,680730,5,3.22399
745129,2024-09-12,2024,543243,9,5.928892
746591,2024-09-12,2024,642121,4,2.0250456
747153,2024-09-13,2024,642547,5,6.41584
747153,2024-09-13,2024,593958,7,5.066435
745447,2024-09-13,2024,682847,5,5.8340955
746744,2024-09-13,2024,676979,4,2.838276
746509,2024-09-13,2024,665871,5,3.4929886
745696,2024-09-13,2024,690916,2,6.8259544
745696,2024-09-13,2024,657376,5,5.595587
745855,2024-09-13,2024,641927,6,5.969277
745855,2024-09-13,2024,687924,4,4.0861387
746586,2024-09-13,2024,641793,5,6.048411
746586,2024-09-13,2024,676440,9,4.73168
746423,2024-09-13,2024,676428,8,3.2902606
746423,2024-09-13,2024,621107,3,3.9139183
745529,2024-09-13,2024,676661,1,2.2791553
745529,2024-09-13,2024,605400,7,5.617266
745207,2024-09-13,2024,594798,4,4.562791
745529,2024-09-13,2024,500779,4,5.23699
746744,2024-09-13,2024,669620,2,3.8901575
745207,2024-09-13,2024,676106,5,4.878717
746509,2024-09-13,2024,596295,4,4.78518
745286,2024-09-13,2024,663941,4,2.1709914
747069,2024-09-13,2024,680885,6,5.7853575
747069,2024-09-13,2024,689017,2,3.9171102
746181,2024-09-13,2024,579328,6,5.4257493
745286,2024-09-13,2024,656302,10,7.427374
744882,2024-09-13,2024,592332,3,7.155452
745286,2024-09-13,2024,657277,4,4.2352443
746181,2024-09-13,2024,660761,5,4.3166733
744882,2024-09-13,2024,607200,3,5.5227795
746181,2024-09-13,2024,691951,0,1.7811615
744882,2024-09-13,2024,669461,3,1.9558989
744800,2024-09-13,2024,687792,5,4.1366787
744800,2024-09-13,2024,665795,9,6.586993
745447,2024-09-13,2024,679525,11,5.5186996
746584,2024-09-14,2024,641302,2,2.2881002
746584,2024-09-14,2024,676282,6,3.6578548
745209,2024-09-14,2024,683004,6,5.3444657
745689,2024-09-14,2024,641835,2,1.9043652
745284,2024-09-14,2024,605397,8,6.656024
745689,2024-09-14,2024,543037,2,3.9919767
745284,2024-09-14,2024,696131,2,3.8986351
745528,2024-09-14,2024,663465,3,2.6866097
745448,2024-09-14,2024,656605,6,5.9825478
745448,2024-09-14,2024,608379,8,5.0960307
746740,2024-09-14,2024,669372,3,3.1254642
745209,2024-09-14,2024,453286,2,3.8146288
745209,2024-09-14,2024,669302,7,7.302032
745689,2024-09-14,2024,678394,2,5.8636384
746740,2024-09-14,2024,623167,8,6.118296
745528,2024-09-14,2024,622663,5,4.958538
746508,2024-09-14,2024,592791,6,4.0842056
747148,2024-09-14,2024,571670,1,1.1838192
746177,2024-09-14,2024,434378,2,4.4654593
747148,2024-09-14,2024,700270,2,4.513115
746508,2024-09-14,2024,607536,3,4.0587916
744884,2024-09-14,2024,676617,3,2.337454
744884,2024-09-14,2024,621244,4,4.578969
746422,2024-09-14,2024,628317,2,3.3736799
744884,2024-09-14,2024,502043,1,4.561093
746177,2024-09-14,2024,542881,4,5.1253805
746422,2024-09-14,2024,669203,7,6.7112694
746422,2024-09-14,2024,680744,2,3.0981817
745858,2024-09-14,2024,680573,3,3.5861561
745858,2024-09-14,2024,656240,1,1.8605956
745858,2024-09-14,2024,608718,2,2.604755
744803,2024-09-14,2024,678368,4,3.4314122
745858,2024-09-14,2024,607259,6,3.7060435
744803,2024-09-14,2024,571578,6,4.611207
747070,2024-09-14,2024,519242,6,5.64255
747070,2024-09-14,2024,656427,4,4.544817
747148,2024-09-14,2024,694297,0,3.0430427
747148,2024-09-14,2024,668964,3,4.435873
746180,2024-09-15,2024,669854,5,4.3647246
746180,2024-09-15,2024,702674,3,2.2624276
746741,2024-09-15,2024,676664,4,4.126297
746741,2024-09-15,2024,680732,5,5.9597216
747071,2024-09-15,2024,621111,5,6.5566926
745449,2024-09-15,2024,683003,5,7.788957
746419,2024-09-15,2024,672456,1,3.3217673
746419,2024-09-15,2024,700249,8,5.117769
745530,2024-09-15,2024,650911,7,5.858072
745530,2024-09-15,2024,656849,6,7.1352057
746585,2024-09-15,2024,671737,6,7.1666875
746585,2024-09-15,2024,594902,2,2.4849002
745852,2024-09-15,2024,701581,4,3.6290963
745693,2024-09-15,2024,607074,5,6.0385222
745693,2024-09-15,2024,676710,7,4.8953085
745852,2024-09-15,2024,695076,5,3.7727811
746506,2024-09-15,2024,543294,7,4.042078
746506,2024-09-15,2024,615698,2,2.9583094
745449,2024-09-15,2024,663903,6,4.284792
746506,2024-09-15,2024,676105,6,2.2054694
747071,2024-09-15,2024,450203,6,4.183247
745206,2024-09-15,2024,571760,3,4.687829
747151,2024-09-15,2024,668678,7,6.9688926
747151,2024-09-15,2024,605452,4,2.2697477
744883,2024-09-15,2024,684320,2,3.3782058
745206,2024-09-15,2024,642520,2,3.4602966
745206,2024-09-15,2024,669923,3,5.4613066
744883,2024-09-15,2024,571945,4,4.417154
744801,2024-09-15,2024,670124,2,3.3052583
744801,2024-09-15,2024,669022,5,5.3755093
747151,2024-09-15,2024,669084,4,4.6547337
745287,2024-09-15,2024,527048,2,2.396102
745287,2024-09-15,2024,694738,4,4.429437
746828,2024-09-16,2024,684007,11,7.026312
745130,2024-09-16,2024,669467,9,6.234413
745130,2024-09-16,2024,694973,7,6.98699
746260,2024-09-16,2024,681857,3,3.5719914
745367,2024-09-16,2024,506433,3,4.109962
746502,2024-09-16,2024,518876,5,4.4996037
746502,2024-09-16,2024,622608,2,2.9004536
745939,2024-09-16,2024,624133,5,4.8829594
746588,2024-09-16,2024,571510,5,2.8573985
746588,2024-09-16,2024,641154,4,5.8219304
745939,2024-09-16,2024,650644,6,4.1698947
746828,2024-09-16,2024,683155,1,3.4149284
745773,2024-09-16,2024,663623,5,5.0357413
745367,2024-09-16,2024,681293,3,6.9434757
746260,2024-09-16,2024,607625,4,5.296338
746179,2024-09-16,2024,672282,6,4.4458756
746179,2024-09-16,2024,686563,7,5.9667635
747067,2024-09-16,2024,608331,7,5.218278
747067,2024-09-16,2024,808967,3,4.47771
746828,2024-09-16,2024,656232,1,2.4582672
746828,2024-09-16,2024,663687,3,2.8756418
745773,2024-09-16,2024,640455,6,6.0429626
746987,2024-09-17,2024,605483,12,7.5213065
746503,2024-09-17,2024,686796,4,1.7040724
746987,2024-09-17,2024,544150,3,4.3542247
746503,2024-09-17,2024,663372,2,4.0065536
745044,2024-09-17,2024,601713,6,6.0980396
746503,2024-09-17,2024,656756,4,4.548875
745366,2024-09-17,2024,650633,7,4.0922422
746015,2024-09-17,2024,670766,4,2.757102
744961,2024-09-17,2024,666818,3,1.8840932
745935,2024-09-17,2024,593423,10,6.3911867
744961,2024-09-17,2024,605135,2,4.1621823
744961,2024-09-17,2024,543135,4,5.6239715
745044,2024-09-17,2024,669358,6,6.6013794
746015,2024-09-17,2024,676272,2,3.259374
746176,2024-09-17,2024,656288,6,4.2556458
746176,2024-09-17,2024,663436,4,4.6977696
746176,2024-09-17,2024,671109,1,1.897899
745935,2024-09-17,2024,554430,6,5.900153
745044,2024-09-17,2024,670174,4,2.5064952
746261,2024-09-17,2024,666142,6,8.358946
745122,2024-09-17,2024,663559,3,4.8734984
746830,2024-09-17,2024,696136,4,4.6767173
746261,2024-09-17,2024,663554,3,5.8266954
746587,2024-09-17,2024,668909,7,5.0364165
746587,2024-09-17,2024,805673,5,3.1597846
745205,2024-09-17,2024,573186,3,2.966454
745205,2024-09-17,2024,646242,1,1.3629498
745205,2024-09-17,2024,661563,5,5.7448187
745122,2024-09-17,2024,458681,5,4.8268795
745205,2024-09-17,2024,693433,7,5.0222397
746659,2024-09-17,2024,518585,4,2.868416
746659,2024-09-17,2024,656550,2,5.316133
745366,2024-09-17,2024,686613,3,4.4251976
746659,2024-09-17,2024,682227,1,2.6899147
746659,2024-09-17,2024,686730,0,2.3216724
745772,2024-09-17,2024,656731,4,5.6760926
745772,2024-09-17,2024,680730,1,4.381957
746830,2024-09-17,2024,687765,6,6.3445115
746014,2024-09-18,2024,677960,5,4.2407026
746662,2024-09-18,2024,596001,6,4.268482
744959,2024-09-18,2024,674003,6,4.923059
746172,2024-09-18,2024,686799,5,3.294719
746662,2024-09-18,2024,680885,5,5.8530793
746831,2024-09-18,2024,669620,5,4.931618
746831,2024-09-18,2024,657006,1,3.7738132
746014,2024-09-18,2024,689017,7,6.074884
745365,2024-09-18,2024,664285,6,7.1642323
745199,2024-09-18,2024,641482,6,5.693708
746988,2024-09-18,2024,665152,7,4.8329115
745771,2024-09-18,2024,687792,5,4.4684286
745771,2024-09-18,2024,500779,4,3.2149448
745365,2024-09-18,2024,656302,5,6.915619
745121,2024-09-18,2024,543243,8,5.009837
745121,2024-09-18,2024,663765,5,4.3777437
746988,2024-09-18,2024,806185,3,5.366623
746582,2024-09-18,2024,641927,12,6.4851427
746500,2024-09-18,2024,676105,3,2.1896775
746500,2024-09-18,2024,596295,1,2.1946127
746500,2024-09-18,2024,593958,11,4.030158
746254,2024-09-18,2024,679525,5,3.4527397
746254,2024-09-18,2024,669373,7,6.3206077
745040,2024-09-18,2024,686752,12,5.287042
745040,2024-09-18,2024,656557,4,4.3487635
746254,2024-09-18,2024,663738,4,2.880491
746582,2024-09-18,2024,676440,5,5.3002925
745933,2024-09-18,2024,605400,9,3.7682827
745933,2024-09-18,2024,642547,9,4.869316
745199,2024-09-18,2024,682243,8,7.2732224
744959,2024-09-18,2024,670102,6,5.3950853
745120,2024-09-19,2024,682847,7,4.9825845
746011,2024-09-19,2024,665795,3,4.470364
745937,2024-09-19,2024,694297,12,6.9663224
745120,2024-09-19,2024,607200,3,4.8274035
745204,2024-09-19,2024,669302,9,7.7685895
745204,2024-09-19,2024,657376,7,7.372028
744962,2024-09-19,2024,592332,6,3.055276
744962,2024-09-19,2024,677958,5,3.3902783
744962,2024-09-19,2024,679156,3,2.4470239
745041,2024-09-19,2024,641793,7,3.2026699
745041,2024-09-19,2024,678394,7,5.9631433
745769,2024-09-19,2024,592836,2,2.7548897
745769,2024-09-19,2024,622663,7,6.880859
746011,2024-09-19,2024,666277,0,3.2520921
745937,2024-09-19,2024,668964,5,4.6847157
746011,2024-09-19,2024,656427,5,5.206218
746823,2024-09-19,2024,665871,5,4.0419703
746341,2024-09-19,2024,660761,5,6.849092
746823,2024-09-19,2024,571578,4,4.250989
746663,2024-09-19,2024,592426,4,2.4551935
746663,2024-09-19,2024,605335,5,4.6715555
746663,2024-09-19,2024,519242,6,6.6506205
746985,2024-09-19,2024,621107,5,4.699242
746663,2024-09-19,2024,687924,4,2.875219
746579,2024-09-19,2024,676282,6,6.0136685
746579,2024-09-19,2024,680573,6,2.982359
746985,2024-09-19,2024,657277,8,4.9466343
746341,2024-09-19,2024,579328,9,7.7811894
746905,2024-09-20,2024,690916,3,5.1231103
746013,2024-09-20,2024,678368,3,3.3076525
746013,2024-09-20,2024,450203,3,8.504237
744960,2024-09-20,2024,669923,4,5.486839
744960,2024-09-20,2024,683004,5,5.918236
745934,2024-09-20,2024,668678,5,7.172812
744960,2024-09-20,2024,594798,5,4.080528
745123,2024-09-20,2024,594902,2,3.1845791
746094,2024-09-20,2024,607536,2,4.471944
746824,2024-09-20,2024,592791,4,4.271667
746824,2024-09-20,2024,592866,7,3.239996
745123,2024-09-20,2024,571927,1,2.3074534
745123,2024-09-20,2024,502043,2,1.9850446
745043,2024-09-20,2024,621244,6,5.780986
745043,2024-09-20,2024,641302,6,3.2127063
746984,2024-09-20,2024,672456,7,3.8578155
746984,2024-09-20,2024,669203,8,8.167048
745934,2024-09-20,2024,607067,4,4.232238
745364,2024-09-20,2024,605397,9,7.7409096
746905,2024-09-20,2024,701581,6,7.3843307
745606,2024-09-20,2024,543037,7,5.6137133
745364,2024-09-20,2024,676979,8,3.5830448
746256,2024-09-20,2024,696131,4,4.874567
746256,2024-09-20,2024,608379,5,5.2824345
745770,2024-09-20,2024,656849,4,3.3551977
745770,2024-09-20,2024,650911,7,6.2502513
745606,2024-09-20,2024,669372,4,2.962962
746340,2024-09-20,2024,434378,4,4.355771
746661,2024-09-20,2024,656605,1,3.4590514
746661,2024-09-20,2024,666214,3,1.7718253
746340,2024-09-20,2024,672710,2,2.9588385
746340,2024-09-20,2024,542881,4,3.3791525
746661,2024-09-20,2024,607259,9,4.7881594
746096,2024-09-21,2024,621111,9,4.53944
745124,2024-09-21,2024,571510,6,4.545441
745936,2024-09-21,2024,518876,6,4.026691
746338,2024-09-21,2024,672282,3,2.85214
746338,2024-09-21,2024,608334,1,3.1538277
745038,2024-09-21,2024,671737,4,8.666945
745038,2024-09-21,2024,684320,3,4.733671
745768,2024-09-21,2024,640455,6,5.425446
745768,2024-09-21,2024,624133,4,5.060309
746255,2024-09-21,2024,663903,6,4.17134
746255,2024-09-21,2024,694738,3,6.473922
746983,2024-09-21,2024,700249,7,5.7320905
746338,2024-09-21,2024,669854,9,5.2525544
746096,2024-09-21,2024,615698,5,4.0627413
745936,2024-09-21,2024,650644,2,5.1190567
745124,2024-09-21,2024,571945,4,4.7156954
745610,2024-09-21,2024,607074,4,5.481446
745610,2024-09-21,2024,656232,1,2.0341725
745610,2024-09-21,2024,663687,1,2.4191046
745610,2024-09-21,2024,676664,6,5.2346544
745360,2024-09-21,2024,623167,3,4.1653337
745360,2024-09-21,2024,527048,6,3.5092862
746983,2024-09-21,2024,681857,3,3.523184
746826,2024-09-21,2024,669022,9,7.141626
746826,2024-09-21,2024,543294,2,3.6803648
746660,2024-09-21,2024,683003,5,4.670884
746660,2024-09-21,2024,695076,4,4.281257
746983,2024-09-21,2024,676428,0,2.742246
746012,2024-09-21,2024,670124,7,4.302449
746012,2024-09-21,2024,608331,6,6.340603
744958,2024-09-21,2024,600917,2,2.612316
744958,2024-09-21,2024,641540,5,4.2146187
744958,2024-09-21,2024,676106,3,3.1138766
746903,2024-09-22,2024,641154,3,4.8924794
746903,2024-09-22,2024,687396,5,3.9791355
746982,2024-09-22,2024,680744,3,2.3592505
746906,2024-09-22,2024,676710,7,5.944756
746906,2024-09-22,2024,805673,6,5.3447056
745767,2024-09-22,2024,656731,6,4.6794534
746982,2024-09-22,2024,544150,6,6.0102777
746825,2024-09-22,2024,684007,4,7.3944488
746825,2024-09-22,2024,663623,3,3.9561334
745118,2024-09-22,2024,669467,4,4.333981
745929,2024-09-22,2024,593423,4,3.8003616
746253,2024-09-22,2024,607625,5,5.323916
746253,2024-09-22,2024,605483,9,5.752637
746339,2024-09-22,2024,656288,3,5.462512
746339,2024-09-22,2024,681293,6,4.6388626
745608,2024-09-22,2024,661563,5,4.9808955
745608,2024-09-22,2024,683155,1,4.4544435
746092,2024-09-22,2024,808967,4,5.1325135
746092,2024-09-22,2024,676508,5,5.504409
746092,2024-09-22,2024,622608,2,3.1705117
745118,2024-09-22,2024,668909,3,4.6926885
745358,2024-09-22,2024,680732,8,6.6737247
744955,2024-09-22,2024,693433,4,4.8802977
746010,2024-09-22,2024,670766,5,3.8259494
746010,2024-09-22,2024,656550,5,3.9244728
745358,2024-09-22,2024,506433,9,5.0419827
745767,2024-09-22,2024,554430,8,5.6795907
746657,2024-09-22,2024,694973,9,4.081707
746657,2024-09-22,2024,668881,4,1.1704415
745036,2024-09-22,2024,642232,5,1.988187
745036,2024-09-22,2024,669358,6,5.1817317
745929,2024-09-22,2024,656756,6,5.0397353
744955,2024-09-22,2024,571760,4,6.2241926
746903,2024-09-22,2024,601713,4,6.609531
745527,2024-09-23,2024,668873,3,3.5353882
745527,2024-09-23,2024,605400,7,7.337634
747150,2024-09-23,2024,806185,6,5.4232764
747150,2024-09-23,2024,593958,8,5.648318
746334,2024-09-23,2024,682243,5,6.8287644
746334,2024-09-23,2024,686613,8,6.5027566
744885,2024-09-23,2024,605135,2,5.2189784
744885,2024-09-23,2024,656557,0,3.0451603
746581,2024-09-24,2024,686730,2,3.1363635
744876,2024-09-24,2024,670102,4,3.8007126
746743,2024-09-24,2024,686563,7,4.1878905
745441,2024-09-24,2024,663559,5,5.2389636
747068,2024-09-24,2024,622663,5,5.863548
744802,2024-09-24,2024,680730,5,5.6235085
745605,2024-09-24,2024,687765,2,5.487812
747068,2024-09-24,2024,680885,4,7.6072774
744802,2024-09-24,2024,666142,6,5.188614
744876,2024-09-24,2024,678394,4,3.528742
746336,2024-09-24,2024,669302,6,7.116368
746336,2024-09-24,2024,664285,4,6.372793
745441,2024-09-24,2024,668964,2,2.2456493
745526,2024-09-24,2024,663465,5,3.3354323
745526,2024-09-24,2024,657006,3,2.9953177
745526,2024-09-24,2024,592836,1,2.9267077
745605,2024-09-24,2024,543135,7,5.8997927
746581,2024-09-24,2024,676440,7,3.7176394
746743,2024-09-24,2024,686799,4,3.507004
745688,2024-09-24,2024,657376,7,6.038442
747149,2024-09-24,2024,686796,1,1.8480313
746421,2024-09-24,2024,686752,6,7.0979476
745851,2024-09-24,2024,677960,2,4.34235
745851,2024-09-24,2024,641927,7,5.5603123
746421,2024-09-24,2024,669373,7,7.717945
745688,2024-09-24,2024,665152,3,5.1252837
747149,2024-09-24,2024,694297,4,3.772866
747149,2024-09-24,2024,700270,1,1.9371128
746504,2024-09-24,2024,663372,6,4.108168
746504,2024-09-24,2024,700241,5,5.3038335
746093,2024-09-24,2024,650633,3,6.1860137
746093,2024-09-24,2024,689017,4,3.8707795
747149,2024-09-24,2024,657277,3,5.3610888
745442,2024-09-25,2024,642547,7,6.2495713
745442,2024-09-25,2024,682847,5,5.397451
744877,2024-09-25,2024,670174,3,2.6308696
744795,2024-09-25,2024,663738,2,2.9636118
744795,2024-09-25,2024,687792,3,4.4464755
747144,2024-09-25,2024,696131,3,4.0486894
747144,2024-09-25,2024,668678,11,7.449008
746742,2024-09-25,2024,663436,4,5.784888
744877,2024-09-25,2024,690916,2,4.9441
744877,2024-09-25,2024,592332,3,4.962362
746742,2024-09-25,2024,660761,5,4.1406336
746331,2024-09-25,2024,669923,6,6.595571
746095,2024-09-25,2024,656302,4,7.428776
745690,2024-09-25,2024,573186,1,2.9398313
745690,2024-09-25,2024,547001,3,2.4906218
746420,2024-09-25,2024,672456,2,2.4700081
746583,2024-09-25,2024,596001,3,3.731611
746095,2024-09-25,2024,656427,5,5.5277667
745854,2024-09-25,2024,686973,4,1.7363002
745854,2024-09-25,2024,665795,5,5.797209
745690,2024-09-25,2024,621107,1,4.2801404
746420,2024-09-25,2024,641793,7,4.0817137
745521,2024-09-25,2024,665871,3,4.0806346
746501,2024-09-25,2024,607200,10,4.435304
745607,2024-09-25,2024,671212,5,3.9875326
745607,2024-09-25,2024,669620,3,1.3795444
746331,2024-09-25,2024,579328,8,6.9422507
746501,2024-09-25,2024,596295,3,3.2422578
745607,2024-09-25,2024,674003,4,4.8479204
745521,2024-09-25,2024,650911,4,5.933694
746088,2024-09-26,2024,621111,1,3.4990115
745691,2024-09-26,2024,669203,9,5.305975
745853,2024-09-26,2024,622786,1,2.8079724
746495,2024-09-26,2024,607536,4,4.8361025
746738,2024-09-26,2024,623167,7,4.3818603
745853,2024-09-26,2024,678368,2,3.1746433
745853,2024-09-26,2024,656240,3,1.9312801
746495,2024-09-26,2024,502043,5,3.9560633
745853,2024-09-26,2024,701581,5,3.7277753
746738,2024-09-26,2024,670046,4,2.1071408
746738,2024-09-26,2024,542881,2,3.0627792
745691,2024-09-26,2024,543037,5,6.9724183
745443,2024-09-26,2024,656605,6,5.3961277
745443,2024-09-26,2024,650644,5,4.451813
746415,2024-09-26,2024,681857,3,4.126377
745609,2024-09-26,2024,669372,2,1.9660374
744796,2024-09-26,2024,608379,2,5.7279162
744796,2024-09-26,2024,571578,3,4.170721
746415,2024-09-26,2024,641302,6,3.9680374
746088,2024-09-26,2024,605397,6,6.136166
745609,2024-09-26,2024,677958,2,2.3518684
745609,2024-09-26,2024,683004,1,1.8266081
745847,2024-09-27,2024,700249,2,4.2977376
747145,2024-09-27,2024,506433,4,5.315715
747145,2024-09-27,2024,518876,8,8.166811
746173,2024-09-27,2024,672282,12,5.59126
747065,2024-09-27,2024,608331,9,5.5554757
744879,2024-09-27,2024,670124,3,4.0078897
746417,2024-09-27,2024,676979,6,4.251369
744879,2024-09-27,2024,621244,4,2.557457
745930,2024-09-27,2024,593423,6,5.8065486
745930,2024-09-27,2024,640455,1,4.8298335
747065,2024-09-27,2024,663903,5,5.447056
746494,2024-09-27,2024,676508,7,6.2548294
746494,2024-09-27,2024,615698,0,2.3240716
746417,2024-09-27,2024,676428,1,3.3944628
746417,2024-09-27,2024,694363,4,2.3919
746173,2024-09-27,2024,594798,5,4.368513
745847,2024-09-27,2024,681892,1,2.6985967
744879,2024-09-27,2024,687922,1,2.3249645
744797,2024-09-27,2024,592866,5,3.0385265
746904,2024-09-27,2024,601713,6,6.0957036
746904,2024-09-27,2024,671737,7,4.7203393
745692,2024-09-27,2024,683003,7,6.1756067
746822,2024-09-27,2024,607259,3,4.521322
746580,2024-09-27,2024,676282,7,3.794063
746580,2024-09-27,2024,669854,3,4.287019
746822,2024-09-27,2024,592791,2,4.464304
745202,2024-09-27,2024,676664,4,5.457278
746580,2024-09-27,2024,681293,4,3.591155
745280,2024-09-27,2024,694738,4,5.9403925
745280,2024-09-27,2024,571945,4,5.0751696
745692,2024-09-27,2024,607074,5,5.870525
745847,2024-09-27,2024,641154,8,8.380489
745202,2024-09-27,2024,693433,8,4.5077543
744797,2024-09-27,2024,624133,2,3.5713127
745281,2024-09-28,2024,663941,3,3.5253134
745281,2024-09-28,2024,669467,4,4.0287256
745931,2024-09-28,2024,500779,9,4.8146367
744878,2024-09-28,2024,675540,1,3.397346
744878,2024-09-28,2024,684320,5,4.7212424
746414,2024-09-28,2024,680732,6,4.7345543
745685,2024-09-28,2024,681347,2,3.6452525
745685,2024-09-28,2024,661563,5,5.1714897
747146,2024-09-28,2024,681190,4,4.7005687
747146,2024-09-28,2024,593958,3,3.665668
744878,2024-09-28,2024,670766,4,2.6588044
746819,2024-09-28,2024,543294,2,3.0971987
746819,2024-09-28,2024,695076,1,4.4652367
745931,2024-09-28,2024,668964,5,2.9425087
745849,2024-09-28,2024,656353,1,3.9690466
745849,2024-09-28,2024,805673,5,4.3587193
746578,2024-09-28,2024,434378,5,5.3372736
744799,2024-09-28,2024,669022,9,6.0439444
744799,2024-09-28,2024,554430,11,6.1396837
745203,2024-09-28,2024,676106,3,4.246925
745203,2024-09-28,2024,683155,2,5.1534047
746578,2024-09-28,2024,594902,4,4.7220464
746499,2024-09-28,2024,808967,6,4.3881993
746499,2024-09-28,2024,680736,4,2.5599666
746499,2024-09-28,2024,622608,3,3.0370054
747066,2024-09-28,2024,625643,9,6.458965
746414,2024-09-28,2024,680744,2,2.6357057
746171,2024-09-28,2024,656288,4,4.7926645
746902,2024-09-28,2024,676710,6,4.132003
746902,2024-09-28,2024,669358,7,6.8487835
746414,2024-09-28,2024,647336,5,2.5893993
746171,2024-09-28,2024,571760,3,4.723149
746174,2024-09-29,2024,543135,5,5.452984
744798,2024-09-29,2024,663623,3,3.4525003
744798,2024-09-29,2024,605400,7,6.5926113
746174,2024-09-29,2024,686799,1,2.998073
746496,2024-09-29,2024,663372,3,4.1960354
744880,2024-09-29,2024,677960,6,6.2920866
746901,2024-09-29,2024,682990,2,5.6942534
746901,2024-09-29,2024,686752,5,3.522756
745201,2024-09-29,2024,687765,5,4.8848853
745201,2024-09-29,2024,669302,7,6.4378943
744880,2024-09-29,2024,642232,3,2.2224696
746820,2024-09-29,2024,668881,3,3.228797
745686,2024-09-29,2024,663559,0,2.1212664
745846,2024-09-29,2024,544150,4,3.690313
745846,2024-09-29,2024,641927,4,4.4159017
747061,2024-09-29,2024,450203,3,5.4224634
745282,2024-09-29,2024,700241,6,4.8219743
746496,2024-09-29,2024,689017,4,4.1186156
745686,2024-09-29,2024,657376,5,4.7331777
746820,2024-09-29,2024,668873,4,5.4168544
745932,2024-09-29,2024,607067,5,4.2864194
745932,2024-09-29,2024,656849,8,5.166625
747147,2024-09-29,2024,694297,9,4.4242883
746416,2024-09-29,2024,686563,3,3.9829113
746416,2024-09-29,2024,672456,2,2.760548
746416,2024-09-29,2024,628317,5,5.715373
747147,2024-09-29,2024,663362,3,4.968926
747147,2024-09-29,2024,527048,3,2.8590455
747061,2024-09-29,2024,679525,2,4.4334893
745282,2024-09-29,2024,806185,11,6.4468975
747139,2024-09-30,2024,621242,2,2.205306
747139,2024-09-30,2024,680885,5,7.413435
747064,2024-09-30,2024,656550,7,3.4271245
747064,2024-09-30,2024,664192,5,5.572079
747139,2024-09-30,2024,656731,8,7.209243
775345,2024-10-01,2024,669373,6,5.887923
775333,2024-10-01,2024,650633,12,6.159901
775340,2024-10-01,2024,622663,3,7.8686123
775340,2024-10-01,2024,642547,5,3.4994311
775343,2024-10-01,2024,666142,8,6.067565
775343,2024-10-01,2024,669203,3,5.1396575
775345,2024-10-01,2024,664285,3,5.0474834
775345,2024-10-01,2024,669854,4,2.4334009
